{"window":{"start":"2023-10-25T09:03:00.000Z","end":"2023-10-25T09:04:00.000Z"},"country":"EIRE","OPM":1,"total_sales_volume":81.38999849557877,"rate_of_return":0.0}
{"window":{"start":"2023-10-27T18:44:00.000Z","end":"2023-10-27T18:45:00.000Z"},"country":"United Kingdom","OPM":12,"total_sales_volume":531.0899932980537,"rate_of_return":0.0}
{"window":{"start":"2023-10-26T04:56:00.000Z","end":"2023-10-26T04:57:00.000Z"},"country":"Portugal","OPM":1,"total_sales_volume":2.4600000381469727,"rate_of_return":0.0}
{"window":{"start":"2023-10-27T01:07:00.000Z","end":"2023-10-27T01:08:00.000Z"},"country":"Austria","OPM":1,"total_sales_volume":141.57000207901,"rate_of_return":0.0}
{"window":{"start":"2023-10-27T03:51:00.000Z","end":"2023-10-27T03:52:00.000Z"},"country":"Germany","OPM":1,"total_sales_volume":35.29999899864197,"rate_of_return":0.0}
{"window":{"start":"2023-10-24T00:32:00.000Z","end":"2023-10-24T00:33:00.000Z"},"country":"United Kingdom","OPM":10,"total_sales_volume":702.9399923086166,"rate_of_return":0.1}
{"window":{"start":"2023-10-26T16:06:00.000Z","end":"2023-10-26T16:07:00.000Z"},"country":"United Kingdom","OPM":6,"total_sales_volume":506.44000962376595,"rate_of_return":0.16666666666666666}
{"window":{"start":"2023-10-24T23:34:00.000Z","end":"2023-10-24T23:35:00.000Z"},"country":"United Kingdom","OPM":12,"total_sales_volume":633.2600004374981,"rate_of_return":0.16666666666666666}
{"window":{"start":"2023-10-27T23:07:00.000Z","end":"2023-10-27T23:08:00.000Z"},"country":"United Kingdom","OPM":8,"total_sales_volume":635.189993917942,"rate_of_return":0.0}
{"window":{"start":"2023-10-25T05:09:00.000Z","end":"2023-10-25T05:10:00.000Z"},"country":"United Kingdom","OPM":13,"total_sales_volume":378.20999920368195,"rate_of_return":0.07692307692307693}
{"window":{"start":"2023-10-25T16:48:00.000Z","end":"2023-10-25T16:49:00.000Z"},"country":"United Kingdom","OPM":3,"total_sales_volume":257.33999943733215,"rate_of_return":0.0}
{"window":{"start":"2023-10-24T00:12:00.000Z","end":"2023-10-24T00:13:00.000Z"},"country":"United Kingdom","OPM":15,"total_sales_volume":514.3200036585331,"rate_of_return":0.06666666666666667}
{"window":{"start":"2023-10-24T21:04:00.000Z","end":"2023-10-24T21:05:00.000Z"},"country":"United Kingdom","OPM":10,"total_sales_volume":667.7299921810627,"rate_of_return":0.1}
{"window":{"start":"2023-10-24T04:25:00.000Z","end":"2023-10-24T04:26:00.000Z"},"country":"Poland","OPM":1,"total_sales_volume":9.359999656677246,"rate_of_return":0.0}
{"window":{"start":"2023-10-26T12:20:00.000Z","end":"2023-10-26T12:21:00.000Z"},"country":"United Kingdom","OPM":11,"total_sales_volume":603.1200001835823,"rate_of_return":0.0}
{"window":{"start":"2023-10-25T14:08:00.000Z","end":"2023-10-25T14:09:00.000Z"},"country":"Spain","OPM":1,"total_sales_volume":17.539999932050705,"rate_of_return":0.0}
{"window":{"start":"2023-10-27T07:08:00.000Z","end":"2023-10-27T07:09:00.000Z"},"country":"United Kingdom","OPM":12,"total_sales_volume":903.8999946266413,"rate_of_return":0.0}
{"window":{"start":"2023-10-24T23:01:00.000Z","end":"2023-10-24T23:02:00.000Z"},"country":"Finland","OPM":1,"total_sales_volume":53.80000114440918,"rate_of_return":0.0}
{"window":{"start":"2023-10-24T10:19:00.000Z","end":"2023-10-24T10:20:00.000Z"},"country":"EIRE","OPM":1,"total_sales_volume":14.649999856948853,"rate_of_return":0.0}
{"window":{"start":"2023-10-26T05:30:00.000Z","end":"2023-10-26T05:31:00.000Z"},"country":"United Kingdom","OPM":9,"total_sales_volume":473.3099965751171,"rate_of_return":0.0}
{"window":{"start":"2023-10-26T23:49:00.000Z","end":"2023-10-26T23:50:00.000Z"},"country":"United Kingdom","OPM":11,"total_sales_volume":712.0800021588802,"rate_of_return":0.0}
{"window":{"start":"2023-10-27T02:03:00.000Z","end":"2023-10-27T02:04:00.000Z"},"country":"United Kingdom","OPM":9,"total_sales_volume":427.7400015294552,"rate_of_return":0.1111111111111111}
{"window":{"start":"2023-10-24T09:51:00.000Z","end":"2023-10-24T09:52:00.000Z"},"country":"United Kingdom","OPM":10,"total_sales_volume":732.7399937212467,"rate_of_return":0.0}
{"window":{"start":"2023-10-25T02:41:00.000Z","end":"2023-10-25T02:42:00.000Z"},"country":"United Kingdom","OPM":14,"total_sales_volume":1034.8100077807903,"rate_of_return":0.0}
{"window":{"start":"2023-10-24T21:18:00.000Z","end":"2023-10-24T21:19:00.000Z"},"country":"Cyprus","OPM":1,"total_sales_volume":-100.03999924659729,"rate_of_return":1.0}
{"window":{"start":"2023-10-24T14:49:00.000Z","end":"2023-10-24T14:50:00.000Z"},"country":"United Kingdom","OPM":13,"total_sales_volume":1662.359998613596,"rate_of_return":0.0}
{"window":{"start":"2023-10-27T17:10:00.000Z","end":"2023-10-27T17:11:00.000Z"},"country":"United Kingdom","OPM":15,"total_sales_volume":1418.9000060260296,"rate_of_return":0.0}
{"window":{"start":"2023-10-27T22:04:00.000Z","end":"2023-10-27T22:05:00.000Z"},"country":"France","OPM":1,"total_sales_volume":55.710001304745674,"rate_of_return":0.0}
{"window":{"start":"2023-10-26T09:53:00.000Z","end":"2023-10-26T09:54:00.000Z"},"country":"Germany","OPM":1,"total_sales_volume":10.200000286102295,"rate_of_return":0.0}
{"window":{"start":"2023-10-24T03:39:00.000Z","end":"2023-10-24T03:40:00.000Z"},"country":"United Kingdom","OPM":14,"total_sales_volume":1191.890008121729,"rate_of_return":0.0}
{"window":{"start":"2023-10-27T07:47:00.000Z","end":"2023-10-27T07:48:00.000Z"},"country":"United Kingdom","OPM":7,"total_sales_volume":415.8999998867512,"rate_of_return":0.0}
{"window":{"start":"2023-10-24T14:42:00.000Z","end":"2023-10-24T14:43:00.000Z"},"country":"Australia","OPM":1,"total_sales_volume":42.810001373291016,"rate_of_return":0.0}
{"window":{"start":"2023-10-26T01:28:00.000Z","end":"2023-10-26T01:29:00.000Z"},"country":"Germany","OPM":1,"total_sales_volume":145.04999735951424,"rate_of_return":0.0}
{"window":{"start":"2023-10-27T01:36:00.000Z","end":"2023-10-27T01:37:00.000Z"},"country":"Singapore","OPM":1,"total_sales_volume":52.1500004529953,"rate_of_return":0.0}
{"window":{"start":"2023-10-24T03:52:00.000Z","end":"2023-10-24T03:53:00.000Z"},"country":"Norway","OPM":1,"total_sales_volume":19.799999713897705,"rate_of_return":0.0}
{"window":{"start":"2023-10-26T12:05:00.000Z","end":"2023-10-26T12:06:00.000Z"},"country":"United Kingdom","OPM":4,"total_sales_volume":143.90999674797058,"rate_of_return":0.0}
{"window":{"start":"2023-10-28T00:35:00.000Z","end":"2023-10-28T00:36:00.000Z"},"country":"United Kingdom","OPM":3,"total_sales_volume":140.78999918699265,"rate_of_return":0.0}
{"window":{"start":"2023-10-23T16:14:00.000Z","end":"2023-10-23T16:15:00.000Z"},"country":"France","OPM":1,"total_sales_volume":58.430000364780426,"rate_of_return":0.0}
{"window":{"start":"2023-10-27T03:01:00.000Z","end":"2023-10-27T03:02:00.000Z"},"country":"United Kingdom","OPM":11,"total_sales_volume":524.7999956309795,"rate_of_return":0.09090909090909091}
{"window":{"start":"2023-10-27T03:33:00.000Z","end":"2023-10-27T03:34:00.000Z"},"country":"United Kingdom","OPM":2,"total_sales_volume":21.03999972343445,"rate_of_return":0.0}
{"window":{"start":"2023-10-27T21:39:00.000Z","end":"2023-10-27T21:40:00.000Z"},"country":"United Kingdom","OPM":15,"total_sales_volume":571.7000002563,"rate_of_return":0.0}
{"window":{"start":"2023-10-27T02:08:00.000Z","end":"2023-10-27T02:09:00.000Z"},"country":"Germany","OPM":1,"total_sales_volume":408.00000953674316,"rate_of_return":0.0}
{"window":{"start":"2023-10-23T19:43:00.000Z","end":"2023-10-23T19:44:00.000Z"},"country":"United Kingdom","OPM":14,"total_sales_volume":757.9000032544136,"rate_of_return":0.14285714285714285}
{"window":{"start":"2023-10-24T13:37:00.000Z","end":"2023-10-24T13:38:00.000Z"},"country":"United Kingdom","OPM":15,"total_sales_volume":639.9099999070168,"rate_of_return":0.13333333333333333}
{"window":{"start":"2023-10-25T18:00:00.000Z","end":"2023-10-25T18:01:00.000Z"},"country":"United Kingdom","OPM":12,"total_sales_volume":533.9999976754189,"rate_of_return":0.08333333333333333}
{"window":{"start":"2023-10-28T00:21:00.000Z","end":"2023-10-28T00:22:00.000Z"},"country":"France","OPM":2,"total_sales_volume":73.06999897956848,"rate_of_return":0.0}
{"window":{"start":"2023-10-26T13:24:00.000Z","end":"2023-10-26T13:25:00.000Z"},"country":"United Kingdom","OPM":16,"total_sales_volume":4594.390104085207,"rate_of_return":0.125}
{"window":{"start":"2023-10-25T14:49:00.000Z","end":"2023-10-25T14:50:00.000Z"},"country":"United Kingdom","OPM":5,"total_sales_volume":70.85999828577042,"rate_of_return":0.2}
{"window":{"start":"2023-10-26T14:54:00.000Z","end":"2023-10-26T14:55:00.000Z"},"country":"Poland","OPM":1,"total_sales_volume":32.700000286102295,"rate_of_return":0.0}
{"window":{"start":"2023-10-25T08:38:00.000Z","end":"2023-10-25T08:39:00.000Z"},"country":"United Kingdom","OPM":4,"total_sales_volume":496.50999239087105,"rate_of_return":0.0}
{"window":{"start":"2023-10-26T19:38:00.000Z","end":"2023-10-26T19:39:00.000Z"},"country":"Denmark","OPM":1,"total_sales_volume":25.75000011920929,"rate_of_return":0.0}
{"window":{"start":"2023-10-27T04:08:00.000Z","end":"2023-10-27T04:09:00.000Z"},"country":"United Kingdom","OPM":12,"total_sales_volume":1208.5700052976608,"rate_of_return":0.0}
{"window":{"start":"2023-10-25T17:38:00.000Z","end":"2023-10-25T17:39:00.000Z"},"country":"United Kingdom","OPM":8,"total_sales_volume":757.5300034880638,"rate_of_return":0.0}
{"window":{"start":"2023-10-23T17:52:00.000Z","end":"2023-10-23T17:53:00.000Z"},"country":"United Kingdom","OPM":9,"total_sales_volume":489.5400028824806,"rate_of_return":0.0}
{"window":{"start":"2023-10-25T08:09:00.000Z","end":"2023-10-25T08:10:00.000Z"},"country":"United Kingdom","OPM":8,"total_sales_volume":4897.630126237869,"rate_of_return":0.0}
{"window":{"start":"2023-10-26T00:19:00.000Z","end":"2023-10-26T00:20:00.000Z"},"country":"France","OPM":2,"total_sales_volume":110.8000009059906,"rate_of_return":0.0}
{"window":{"start":"2023-10-25T20:31:00.000Z","end":"2023-10-25T20:32:00.000Z"},"country":"EIRE","OPM":1,"total_sales_volume":32.450000524520874,"rate_of_return":0.0}
{"window":{"start":"2023-10-24T13:59:00.000Z","end":"2023-10-24T14:00:00.000Z"},"country":"United Kingdom","OPM":9,"total_sales_volume":799.3600136041641,"rate_of_return":0.1111111111111111}
{"window":{"start":"2023-10-27T13:44:00.000Z","end":"2023-10-27T13:45:00.000Z"},"country":"Portugal","OPM":1,"total_sales_volume":19.799999713897705,"rate_of_return":0.0}
{"window":{"start":"2023-10-24T02:36:00.000Z","end":"2023-10-24T02:37:00.000Z"},"country":"United Kingdom","OPM":6,"total_sales_volume":515.379998087883,"rate_of_return":0.0}
{"window":{"start":"2023-10-24T12:13:00.000Z","end":"2023-10-24T12:14:00.000Z"},"country":"United Kingdom","OPM":5,"total_sales_volume":26.31999969482422,"rate_of_return":0.2}
{"window":{"start":"2023-10-24T00:01:00.000Z","end":"2023-10-24T00:02:00.000Z"},"country":"United Kingdom","OPM":9,"total_sales_volume":248.3800002336502,"rate_of_return":0.0}
{"window":{"start":"2023-10-25T01:34:00.000Z","end":"2023-10-25T01:35:00.000Z"},"country":"United Kingdom","OPM":14,"total_sales_volume":452.25999650359154,"rate_of_return":0.0}
{"window":{"start":"2023-10-26T11:10:00.000Z","end":"2023-10-26T11:11:00.000Z"},"country":"Portugal","OPM":1,"total_sales_volume":5.7200000286102295,"rate_of_return":0.0}
{"window":{"start":"2023-10-26T15:14:00.000Z","end":"2023-10-26T15:15:00.000Z"},"country":"Switzerland","OPM":1,"total_sales_volume":1.649999976158142,"rate_of_return":0.0}
{"window":{"start":"2023-10-24T13:52:00.000Z","end":"2023-10-24T13:53:00.000Z"},"country":"Germany","OPM":1,"total_sales_volume":149.59000086784363,"rate_of_return":0.0}
