{"window":{"start":"2023-10-25T15:00:00.000Z","end":"2023-10-25T15:01:00.000Z"},"country":"United Kingdom","OPM":14,"total_sales_volume":1196.1800088882446,"rate_of_return":0.07142857142857142}
{"window":{"start":"2023-10-24T13:12:00.000Z","end":"2023-10-24T13:13:00.000Z"},"country":"United Kingdom","OPM":13,"total_sales_volume":508.84999807178974,"rate_of_return":0.07692307692307693}
{"window":{"start":"2023-10-26T17:52:00.000Z","end":"2023-10-26T17:53:00.000Z"},"country":"Germany","OPM":1,"total_sales_volume":79.19999885559082,"rate_of_return":0.0}
{"window":{"start":"2023-10-25T22:12:00.000Z","end":"2023-10-25T22:13:00.000Z"},"country":"Channel Islands","OPM":1,"total_sales_volume":6.779999792575836,"rate_of_return":0.0}
{"window":{"start":"2023-10-28T04:35:00.000Z","end":"2023-10-28T04:36:00.000Z"},"country":"United Kingdom","OPM":17,"total_sales_volume":714.3199967443943,"rate_of_return":0.0}
{"window":{"start":"2023-10-25T09:25:00.000Z","end":"2023-10-25T09:26:00.000Z"},"country":"United Kingdom","OPM":4,"total_sales_volume":77.36999931931496,"rate_of_return":0.0}
{"window":{"start":"2023-10-27T11:55:00.000Z","end":"2023-10-27T11:56:00.000Z"},"country":"United Kingdom","OPM":10,"total_sales_volume":-447.33001843094826,"rate_of_return":0.2}
{"window":{"start":"2023-10-25T08:08:00.000Z","end":"2023-10-25T08:09:00.000Z"},"country":"United Kingdom","OPM":11,"total_sales_volume":243.5099989771843,"rate_of_return":0.0}
{"window":{"start":"2023-10-26T08:19:00.000Z","end":"2023-10-26T08:20:00.000Z"},"country":"Germany","OPM":1,"total_sales_volume":106.60000038146973,"rate_of_return":0.0}
{"window":{"start":"2023-10-23T16:55:00.000Z","end":"2023-10-23T16:56:00.000Z"},"country":"Finland","OPM":1,"total_sales_volume":34.099999725818634,"rate_of_return":0.0}
{"window":{"start":"2023-10-24T21:01:00.000Z","end":"2023-10-24T21:02:00.000Z"},"country":"United Kingdom","OPM":9,"total_sales_volume":621.5399988889694,"rate_of_return":0.0}
{"window":{"start":"2023-10-27T20:46:00.000Z","end":"2023-10-27T20:47:00.000Z"},"country":"United Kingdom","OPM":14,"total_sales_volume":360.2099951207638,"rate_of_return":0.14285714285714285}
{"window":{"start":"2023-10-24T22:10:00.000Z","end":"2023-10-24T22:11:00.000Z"},"country":"United Kingdom","OPM":16,"total_sales_volume":908.2799975574017,"rate_of_return":0.0}
{"window":{"start":"2023-10-26T22:09:00.000Z","end":"2023-10-26T22:10:00.000Z"},"country":"United Kingdom","OPM":9,"total_sales_volume":317.32000079751015,"rate_of_return":0.1111111111111111}
{"window":{"start":"2023-10-26T16:11:00.000Z","end":"2023-10-26T16:12:00.000Z"},"country":"United Kingdom","OPM":6,"total_sales_volume":286.1599994301796,"rate_of_return":0.0}
{"window":{"start":"2023-10-25T07:37:00.000Z","end":"2023-10-25T07:38:00.000Z"},"country":"EIRE","OPM":1,"total_sales_volume":28.07999897003174,"rate_of_return":0.0}
{"window":{"start":"2023-10-24T15:45:00.000Z","end":"2023-10-24T15:46:00.000Z"},"country":"France","OPM":1,"total_sales_volume":77.41999998688698,"rate_of_return":0.0}
{"window":{"start":"2023-10-25T11:31:00.000Z","end":"2023-10-25T11:32:00.000Z"},"country":"United Kingdom","OPM":12,"total_sales_volume":692.779987514019,"rate_of_return":0.08333333333333333}
{"window":{"start":"2023-10-25T10:36:00.000Z","end":"2023-10-25T10:37:00.000Z"},"country":"Italy","OPM":1,"total_sales_volume":12.300000190734863,"rate_of_return":0.0}
{"window":{"start":"2023-10-26T00:18:00.000Z","end":"2023-10-26T00:19:00.000Z"},"country":"Switzerland","OPM":1,"total_sales_volume":35.06999829411507,"rate_of_return":0.0}
{"window":{"start":"2023-10-27T17:39:00.000Z","end":"2023-10-27T17:40:00.000Z"},"country":"Netherlands","OPM":1,"total_sales_volume":69.74999964237213,"rate_of_return":0.0}
{"window":{"start":"2023-10-24T01:14:00.000Z","end":"2023-10-24T01:15:00.000Z"},"country":"Norway","OPM":1,"total_sales_volume":71.35999870300293,"rate_of_return":0.0}
{"window":{"start":"2023-10-28T03:43:00.000Z","end":"2023-10-28T03:44:00.000Z"},"country":"Germany","OPM":1,"total_sales_volume":215.83999994397163,"rate_of_return":0.0}
{"window":{"start":"2023-10-27T12:19:00.000Z","end":"2023-10-27T12:20:00.000Z"},"country":"United Kingdom","OPM":5,"total_sales_volume":295.37000077962875,"rate_of_return":0.0}
{"window":{"start":"2023-10-24T16:35:00.000Z","end":"2023-10-24T16:36:00.000Z"},"country":"Germany","OPM":1,"total_sales_volume":44.72999992966652,"rate_of_return":0.0}
{"window":{"start":"2023-10-26T01:10:00.000Z","end":"2023-10-26T01:11:00.000Z"},"country":"EIRE","OPM":1,"total_sales_volume":18.44999948143959,"rate_of_return":0.0}
{"window":{"start":"2023-10-27T05:14:00.000Z","end":"2023-10-27T05:15:00.000Z"},"country":"Germany","OPM":1,"total_sales_volume":23.99999976158142,"rate_of_return":0.0}
{"window":{"start":"2023-10-23T19:55:00.000Z","end":"2023-10-23T19:56:00.000Z"},"country":"Germany","OPM":1,"total_sales_volume":4.920000076293945,"rate_of_return":0.0}
{"window":{"start":"2023-10-26T00:43:00.000Z","end":"2023-10-26T00:44:00.000Z"},"country":"United Kingdom","OPM":12,"total_sales_volume":509.68999871611595,"rate_of_return":0.0}
{"window":{"start":"2023-10-24T08:50:00.000Z","end":"2023-10-24T08:51:00.000Z"},"country":"Germany","OPM":1,"total_sales_volume":19.819999784231186,"rate_of_return":0.0}
{"window":{"start":"2023-10-23T12:26:00.000Z","end":"2023-10-23T12:27:00.000Z"},"country":"EIRE","OPM":1,"total_sales_volume":7.519999742507935,"rate_of_return":0.0}
{"window":{"start":"2023-10-25T03:59:00.000Z","end":"2023-10-25T04:00:00.000Z"},"country":"Germany","OPM":1,"total_sales_volume":65.23999881744385,"rate_of_return":0.0}
{"window":{"start":"2023-10-27T16:31:00.000Z","end":"2023-10-27T16:32:00.000Z"},"country":"United Kingdom","OPM":10,"total_sales_volume":658.7799964547157,"rate_of_return":0.0}
{"window":{"start":"2023-10-26T09:55:00.000Z","end":"2023-10-26T09:56:00.000Z"},"country":"United Kingdom","OPM":14,"total_sales_volume":321.30999860167503,"rate_of_return":0.14285714285714285}
{"window":{"start":"2023-10-23T21:11:00.000Z","end":"2023-10-23T21:12:00.000Z"},"country":"United Kingdom","OPM":8,"total_sales_volume":1077.8700021505356,"rate_of_return":0.0}
{"window":{"start":"2023-10-24T19:14:00.000Z","end":"2023-10-24T19:15:00.000Z"},"country":"Switzerland","OPM":1,"total_sales_volume":28.230000019073486,"rate_of_return":0.0}
{"window":{"start":"2023-10-25T08:21:00.000Z","end":"2023-10-25T08:22:00.000Z"},"country":"United Kingdom","OPM":7,"total_sales_volume":421.34000155329704,"rate_of_return":0.0}
{"window":{"start":"2023-10-27T12:49:00.000Z","end":"2023-10-27T12:50:00.000Z"},"country":"Germany","OPM":1,"total_sales_volume":17.75,"rate_of_return":0.0}
{"window":{"start":"2023-10-27T12:29:00.000Z","end":"2023-10-27T12:30:00.000Z"},"country":"United Kingdom","OPM":9,"total_sales_volume":2792.9500132501125,"rate_of_return":0.0}
{"window":{"start":"2023-10-24T01:31:00.000Z","end":"2023-10-24T01:32:00.000Z"},"country":"United Kingdom","OPM":12,"total_sales_volume":470.4599994421005,"rate_of_return":0.08333333333333333}
{"window":{"start":"2023-10-26T14:53:00.000Z","end":"2023-10-26T14:54:00.000Z"},"country":"United Kingdom","OPM":6,"total_sales_volume":155.760000705719,"rate_of_return":0.0}
{"window":{"start":"2023-10-26T20:29:00.000Z","end":"2023-10-26T20:30:00.000Z"},"country":"EIRE","OPM":1,"total_sales_volume":106.21999835968018,"rate_of_return":0.0}
{"window":{"start":"2023-10-24T04:05:00.000Z","end":"2023-10-24T04:06:00.000Z"},"country":"United Kingdom","OPM":4,"total_sales_volume":142.95000332593918,"rate_of_return":0.0}
{"window":{"start":"2023-10-25T07:58:00.000Z","end":"2023-10-25T07:59:00.000Z"},"country":"Germany","OPM":1,"total_sales_volume":84.75000095367432,"rate_of_return":0.0}
{"window":{"start":"2023-10-24T23:58:00.000Z","end":"2023-10-24T23:59:00.000Z"},"country":"EIRE","OPM":1,"total_sales_volume":11.649999976158142,"rate_of_return":0.0}
{"window":{"start":"2023-10-24T11:31:00.000Z","end":"2023-10-24T11:32:00.000Z"},"country":"France","OPM":1,"total_sales_volume":17.380000114440918,"rate_of_return":0.0}
{"window":{"start":"2023-10-25T03:25:00.000Z","end":"2023-10-25T03:26:00.000Z"},"country":"United Kingdom","OPM":10,"total_sales_volume":281.6799954175949,"rate_of_return":0.1}
{"window":{"start":"2023-10-24T15:30:00.000Z","end":"2023-10-24T15:31:00.000Z"},"country":"Australia","OPM":1,"total_sales_volume":251.25,"rate_of_return":0.0}
{"window":{"start":"2023-10-26T14:44:00.000Z","end":"2023-10-26T14:45:00.000Z"},"country":"Germany","OPM":2,"total_sales_volume":37.939999997615814,"rate_of_return":0.0}
{"window":{"start":"2023-10-27T16:16:00.000Z","end":"2023-10-27T16:17:00.000Z"},"country":"Italy","OPM":1,"total_sales_volume":12.479999542236328,"rate_of_return":0.0}
{"window":{"start":"2023-10-26T21:37:00.000Z","end":"2023-10-26T21:38:00.000Z"},"country":"United Kingdom","OPM":7,"total_sales_volume":68.11000296473503,"rate_of_return":0.14285714285714285}
{"window":{"start":"2023-10-25T05:03:00.000Z","end":"2023-10-25T05:04:00.000Z"},"country":"United Kingdom","OPM":16,"total_sales_volume":1605.9400117397308,"rate_of_return":0.0}
{"window":{"start":"2023-10-25T09:36:00.000Z","end":"2023-10-25T09:37:00.000Z"},"country":"Belgium","OPM":1,"total_sales_volume":3.25,"rate_of_return":0.0}
{"window":{"start":"2023-10-25T05:03:00.000Z","end":"2023-10-25T05:04:00.000Z"},"country":"France","OPM":1,"total_sales_volume":57.30000126361847,"rate_of_return":0.0}
{"window":{"start":"2023-10-25T05:49:00.000Z","end":"2023-10-25T05:50:00.000Z"},"country":"United Kingdom","OPM":10,"total_sales_volume":1029.4999903142452,"rate_of_return":0.0}
{"window":{"start":"2023-10-28T04:49:00.000Z","end":"2023-10-28T04:50:00.000Z"},"country":"United Kingdom","OPM":7,"total_sales_volume":126.66000217199326,"rate_of_return":0.14285714285714285}
{"window":{"start":"2023-10-25T15:00:00.000Z","end":"2023-10-25T15:01:00.000Z"},"country":"France","OPM":1,"total_sales_volume":70.62999859452248,"rate_of_return":0.0}
{"window":{"start":"2023-10-28T02:56:00.000Z","end":"2023-10-28T02:57:00.000Z"},"country":"United Kingdom","OPM":6,"total_sales_volume":521.7699950933456,"rate_of_return":0.0}
{"window":{"start":"2023-10-24T12:26:00.000Z","end":"2023-10-24T12:27:00.000Z"},"country":"United Kingdom","OPM":13,"total_sales_volume":795.9200001358986,"rate_of_return":0.0}
{"window":{"start":"2023-10-25T18:34:00.000Z","end":"2023-10-25T18:35:00.000Z"},"country":"United Kingdom","OPM":7,"total_sales_volume":667.2399901151657,"rate_of_return":0.0}
{"window":{"start":"2023-10-28T05:51:00.000Z","end":"2023-10-28T05:52:00.000Z"},"country":"Germany","OPM":1,"total_sales_volume":15.0,"rate_of_return":0.0}
{"window":{"start":"2023-10-24T06:59:00.000Z","end":"2023-10-24T07:00:00.000Z"},"country":"United Kingdom","OPM":11,"total_sales_volume":446.9699972271919,"rate_of_return":0.18181818181818182}
{"window":{"start":"2023-10-28T04:47:00.000Z","end":"2023-10-28T04:48:00.000Z"},"country":"France","OPM":1,"total_sales_volume":28.949999570846558,"rate_of_return":0.0}
{"window":{"start":"2023-10-26T00:19:00.000Z","end":"2023-10-26T00:20:00.000Z"},"country":"United Kingdom","OPM":9,"total_sales_volume":777.0900084972382,"rate_of_return":0.0}
{"window":{"start":"2023-10-27T00:45:00.000Z","end":"2023-10-27T00:46:00.000Z"},"country":"France","OPM":1,"total_sales_volume":315.2900027036667,"rate_of_return":0.0}
{"window":{"start":"2023-10-26T04:29:00.000Z","end":"2023-10-26T04:30:00.000Z"},"country":"United Kingdom","OPM":11,"total_sales_volume":362.20999723672867,"rate_of_return":0.0}
{"window":{"start":"2023-10-27T02:58:00.000Z","end":"2023-10-27T02:59:00.000Z"},"country":"United Kingdom","OPM":11,"total_sales_volume":368.509997010231,"rate_of_return":0.09090909090909091}
{"window":{"start":"2023-10-23T23:16:00.000Z","end":"2023-10-23T23:17:00.000Z"},"country":"Belgium","OPM":1,"total_sales_volume":1.7000000476837158,"rate_of_return":0.0}
{"window":{"start":"2023-10-26T05:26:00.000Z","end":"2023-10-26T05:27:00.000Z"},"country":"United Kingdom","OPM":4,"total_sales_volume":194.16999447345734,"rate_of_return":0.0}
{"window":{"start":"2023-10-25T17:03:00.000Z","end":"2023-10-25T17:04:00.000Z"},"country":"United Kingdom","OPM":11,"total_sales_volume":472.69999891519547,"rate_of_return":0.2727272727272727}
{"window":{"start":"2023-10-25T04:43:00.000Z","end":"2023-10-25T04:44:00.000Z"},"country":"United Kingdom","OPM":13,"total_sales_volume":650.6499957740307,"rate_of_return":0.15384615384615385}
{"window":{"start":"2023-10-26T23:56:00.000Z","end":"2023-10-26T23:57:00.000Z"},"country":"Hong Kong","OPM":1,"total_sales_volume":18.589999735355377,"rate_of_return":0.0}
{"window":{"start":"2023-10-25T14:55:00.000Z","end":"2023-10-25T14:56:00.000Z"},"country":"EIRE","OPM":1,"total_sales_volume":23.640000104904175,"rate_of_return":0.0}
{"window":{"start":"2023-10-25T17:06:00.000Z","end":"2023-10-25T17:07:00.000Z"},"country":"United Kingdom","OPM":10,"total_sales_volume":262.7599946260452,"rate_of_return":0.2}
{"window":{"start":"2023-10-27T10:01:00.000Z","end":"2023-10-27T10:02:00.000Z"},"country":"Germany","OPM":1,"total_sales_volume":-25.990000247955322,"rate_of_return":1.0}
