{"window":{"start":"2023-10-26T10:33:00.000Z","end":"2023-10-26T10:34:00.000Z"},"country":"United Kingdom","OPM":12,"total_sales_volume":655.9399883151054,"rate_of_return":0.16666666666666666}
{"window":{"start":"2023-10-25T14:13:00.000Z","end":"2023-10-25T14:14:00.000Z"},"country":"United Kingdom","OPM":14,"total_sales_volume":633.5899962484837,"rate_of_return":0.0}
{"window":{"start":"2023-10-27T21:01:00.000Z","end":"2023-10-27T21:02:00.000Z"},"country":"France","OPM":1,"total_sales_volume":7.10000005364418,"rate_of_return":0.0}
{"window":{"start":"2023-10-28T00:53:00.000Z","end":"2023-10-28T00:54:00.000Z"},"country":"United Kingdom","OPM":9,"total_sales_volume":441.2399972975254,"rate_of_return":0.0}
{"window":{"start":"2023-10-23T23:56:00.000Z","end":"2023-10-23T23:57:00.000Z"},"country":"United Kingdom","OPM":11,"total_sales_volume":1021.2300006747246,"rate_of_return":0.09090909090909091}
{"window":{"start":"2023-10-26T10:28:00.000Z","end":"2023-10-26T10:29:00.000Z"},"country":"Germany","OPM":2,"total_sales_volume":22.289999961853027,"rate_of_return":0.0}
{"window":{"start":"2023-10-26T22:02:00.000Z","end":"2023-10-26T22:03:00.000Z"},"country":"Germany","OPM":1,"total_sales_volume":123.65999984741211,"rate_of_return":0.0}
{"window":{"start":"2023-10-26T18:11:00.000Z","end":"2023-10-26T18:12:00.000Z"},"country":"United Kingdom","OPM":15,"total_sales_volume":782.6599958539009,"rate_of_return":0.0}
{"window":{"start":"2023-10-26T01:52:00.000Z","end":"2023-10-26T01:53:00.000Z"},"country":"United Kingdom","OPM":13,"total_sales_volume":802.3599970936775,"rate_of_return":0.15384615384615385}
{"window":{"start":"2023-10-26T04:15:00.000Z","end":"2023-10-26T04:16:00.000Z"},"country":"United Kingdom","OPM":9,"total_sales_volume":461.77999916672707,"rate_of_return":0.0}
{"window":{"start":"2023-10-27T03:45:00.000Z","end":"2023-10-27T03:46:00.000Z"},"country":"France","OPM":1,"total_sales_volume":3.75,"rate_of_return":0.0}
{"window":{"start":"2023-10-25T05:07:00.000Z","end":"2023-10-25T05:08:00.000Z"},"country":"EIRE","OPM":1,"total_sales_volume":-24.899999618530273,"rate_of_return":1.0}
{"window":{"start":"2023-10-26T20:04:00.000Z","end":"2023-10-26T20:05:00.000Z"},"country":"Australia","OPM":1,"total_sales_volume":531.3100108206272,"rate_of_return":0.0}
{"window":{"start":"2023-10-25T14:16:00.000Z","end":"2023-10-25T14:17:00.000Z"},"country":"EIRE","OPM":2,"total_sales_volume":315.04999850690365,"rate_of_return":0.0}
{"window":{"start":"2023-10-28T01:45:00.000Z","end":"2023-10-28T01:46:00.000Z"},"country":"United Kingdom","OPM":11,"total_sales_volume":688.6099937558174,"rate_of_return":0.09090909090909091}
{"window":{"start":"2023-10-24T15:22:00.000Z","end":"2023-10-24T15:23:00.000Z"},"country":"United Kingdom","OPM":5,"total_sales_volume":356.549999833107,"rate_of_return":0.0}
{"window":{"start":"2023-10-23T15:55:00.000Z","end":"2023-10-23T15:56:00.000Z"},"country":"United Kingdom","OPM":10,"total_sales_volume":663.8899964988232,"rate_of_return":0.0}
{"window":{"start":"2023-10-26T19:26:00.000Z","end":"2023-10-26T19:27:00.000Z"},"country":"Switzerland","OPM":1,"total_sales_volume":18.6899995803833,"rate_of_return":0.0}
{"window":{"start":"2023-10-26T21:16:00.000Z","end":"2023-10-26T21:17:00.000Z"},"country":"Japan","OPM":1,"total_sales_volume":80.40000057220459,"rate_of_return":0.0}
{"window":{"start":"2023-10-23T23:20:00.000Z","end":"2023-10-23T23:21:00.000Z"},"country":"Germany","OPM":1,"total_sales_volume":97.3700008392334,"rate_of_return":0.0}
{"window":{"start":"2023-10-25T11:28:00.000Z","end":"2023-10-25T11:29:00.000Z"},"country":"Spain","OPM":1,"total_sales_volume":87.41999834775925,"rate_of_return":0.0}
{"window":{"start":"2023-10-27T05:03:00.000Z","end":"2023-10-27T05:04:00.000Z"},"country":"United Kingdom","OPM":9,"total_sales_volume":816.5299982726574,"rate_of_return":0.1111111111111111}
{"window":{"start":"2023-10-24T04:32:00.000Z","end":"2023-10-24T04:33:00.000Z"},"country":"Denmark","OPM":1,"total_sales_volume":53.079998254776,"rate_of_return":0.0}
{"window":{"start":"2023-10-24T13:33:00.000Z","end":"2023-10-24T13:34:00.000Z"},"country":"Spain","OPM":1,"total_sales_volume":28.019999742507935,"rate_of_return":0.0}
{"window":{"start":"2023-10-24T21:46:00.000Z","end":"2023-10-24T21:47:00.000Z"},"country":"United Kingdom","OPM":10,"total_sales_volume":964.5300006270409,"rate_of_return":0.0}
{"window":{"start":"2023-10-25T21:11:00.000Z","end":"2023-10-25T21:12:00.000Z"},"country":"Sweden","OPM":1,"total_sales_volume":-20.050000309944153,"rate_of_return":1.0}
{"window":{"start":"2023-10-26T14:32:00.000Z","end":"2023-10-26T14:33:00.000Z"},"country":"United Kingdom","OPM":8,"total_sales_volume":195.2499988079071,"rate_of_return":0.0}
{"window":{"start":"2023-10-27T16:32:00.000Z","end":"2023-10-27T16:33:00.000Z"},"country":"Germany","OPM":1,"total_sales_volume":2.0999999046325684,"rate_of_return":0.0}
{"window":{"start":"2023-10-25T23:12:00.000Z","end":"2023-10-25T23:13:00.000Z"},"country":"United Kingdom","OPM":7,"total_sales_volume":410.9700018763542,"rate_of_return":0.0}
{"window":{"start":"2023-10-26T04:10:00.000Z","end":"2023-10-26T04:11:00.000Z"},"country":"United Kingdom","OPM":9,"total_sales_volume":165.30000001192093,"rate_of_return":0.1111111111111111}
{"window":{"start":"2023-10-26T05:06:00.000Z","end":"2023-10-26T05:07:00.000Z"},"country":"Sweden","OPM":1,"total_sales_volume":16.520000457763672,"rate_of_return":0.0}
{"window":{"start":"2023-10-28T04:02:00.000Z","end":"2023-10-28T04:03:00.000Z"},"country":"United Kingdom","OPM":5,"total_sales_volume":140.01000010967255,"rate_of_return":0.0}
{"window":{"start":"2023-10-25T09:57:00.000Z","end":"2023-10-25T09:58:00.000Z"},"country":"Norway","OPM":1,"total_sales_volume":79.33999937772751,"rate_of_return":0.0}
{"window":{"start":"2023-10-23T14:57:00.000Z","end":"2023-10-23T14:58:00.000Z"},"country":"Finland","OPM":1,"total_sales_volume":17.700000286102295,"rate_of_return":0.0}
{"window":{"start":"2023-10-24T02:24:00.000Z","end":"2023-10-24T02:25:00.000Z"},"country":"Netherlands","OPM":1,"total_sales_volume":212.30999314785004,"rate_of_return":0.0}
{"window":{"start":"2023-10-27T08:28:00.000Z","end":"2023-10-27T08:29:00.000Z"},"country":"United Kingdom","OPM":6,"total_sales_volume":-3.2200008630752563,"rate_of_return":0.16666666666666666}
{"window":{"start":"2023-10-24T01:17:00.000Z","end":"2023-10-24T01:18:00.000Z"},"country":"United Kingdom","OPM":15,"total_sales_volume":1003.8900021910667,"rate_of_return":0.0}
{"window":{"start":"2023-10-26T06:53:00.000Z","end":"2023-10-26T06:54:00.000Z"},"country":"United Kingdom","OPM":3,"total_sales_volume":76.9200006723404,"rate_of_return":0.0}
{"window":{"start":"2023-10-25T18:01:00.000Z","end":"2023-10-25T18:02:00.000Z"},"country":"United Kingdom","OPM":6,"total_sales_volume":403.31999579072,"rate_of_return":0.0}
{"window":{"start":"2023-10-26T07:55:00.000Z","end":"2023-10-26T07:56:00.000Z"},"country":"United Kingdom","OPM":5,"total_sales_volume":488.04999977350235,"rate_of_return":0.0}
{"window":{"start":"2023-10-24T07:24:00.000Z","end":"2023-10-24T07:25:00.000Z"},"country":"United Kingdom","OPM":13,"total_sales_volume":898.8399965465069,"rate_of_return":0.07692307692307693}
{"window":{"start":"2023-10-27T06:37:00.000Z","end":"2023-10-27T06:38:00.000Z"},"country":"United Kingdom","OPM":15,"total_sales_volume":703.4799974858761,"rate_of_return":0.06666666666666667}
{"window":{"start":"2023-10-27T12:17:00.000Z","end":"2023-10-27T12:18:00.000Z"},"country":"United Kingdom","OPM":14,"total_sales_volume":1783.4100131988525,"rate_of_return":0.0}
{"window":{"start":"2023-10-25T10:28:00.000Z","end":"2023-10-25T10:29:00.000Z"},"country":"Netherlands","OPM":1,"total_sales_volume":19.93000030517578,"rate_of_return":0.0}
{"window":{"start":"2023-10-24T17:44:00.000Z","end":"2023-10-24T17:45:00.000Z"},"country":"United Kingdom","OPM":8,"total_sales_volume":874.5100125968456,"rate_of_return":0.0}
{"window":{"start":"2023-10-24T00:27:00.000Z","end":"2023-10-24T00:28:00.000Z"},"country":"United Kingdom","OPM":12,"total_sales_volume":351.02999740839005,"rate_of_return":0.0}
{"window":{"start":"2023-10-23T22:02:00.000Z","end":"2023-10-23T22:03:00.000Z"},"country":"France","OPM":1,"total_sales_volume":92.66999864578247,"rate_of_return":0.0}
{"window":{"start":"2023-10-25T13:07:00.000Z","end":"2023-10-25T13:08:00.000Z"},"country":"Spain","OPM":1,"total_sales_volume":28.77999973297119,"rate_of_return":0.0}
{"window":{"start":"2023-10-25T15:53:00.000Z","end":"2023-10-25T15:54:00.000Z"},"country":"EIRE","OPM":1,"total_sales_volume":69.85999917984009,"rate_of_return":0.0}
{"window":{"start":"2023-10-25T01:59:00.000Z","end":"2023-10-25T02:00:00.000Z"},"country":"United Kingdom","OPM":10,"total_sales_volume":437.7299988269806,"rate_of_return":0.0}
{"window":{"start":"2023-10-24T06:04:00.000Z","end":"2023-10-24T06:05:00.000Z"},"country":"Norway","OPM":1,"total_sales_volume":10.079999685287476,"rate_of_return":0.0}
{"window":{"start":"2023-10-23T21:45:00.000Z","end":"2023-10-23T21:46:00.000Z"},"country":"United Kingdom","OPM":10,"total_sales_volume":452.93999913334846,"rate_of_return":0.0}
{"window":{"start":"2023-10-27T19:51:00.000Z","end":"2023-10-27T19:52:00.000Z"},"country":"EIRE","OPM":1,"total_sales_volume":3.789999932050705,"rate_of_return":0.0}
{"window":{"start":"2023-10-28T03:11:00.000Z","end":"2023-10-28T03:12:00.000Z"},"country":"Belgium","OPM":1,"total_sales_volume":120.82999870181084,"rate_of_return":0.0}
{"window":{"start":"2023-10-28T02:06:00.000Z","end":"2023-10-28T02:07:00.000Z"},"country":"United Kingdom","OPM":8,"total_sales_volume":445.06999829411507,"rate_of_return":0.0}
{"window":{"start":"2023-10-25T17:30:00.000Z","end":"2023-10-25T17:31:00.000Z"},"country":"Netherlands","OPM":1,"total_sales_volume":29.079999923706055,"rate_of_return":0.0}
{"window":{"start":"2023-10-26T21:20:00.000Z","end":"2023-10-26T21:21:00.000Z"},"country":"United Kingdom","OPM":11,"total_sales_volume":511.29000160098076,"rate_of_return":0.0}
{"window":{"start":"2023-10-27T21:30:00.000Z","end":"2023-10-27T21:31:00.000Z"},"country":"United Kingdom","OPM":6,"total_sales_volume":174.04999804496765,"rate_of_return":0.16666666666666666}
{"window":{"start":"2023-10-24T12:22:00.000Z","end":"2023-10-24T12:23:00.000Z"},"country":"Netherlands","OPM":1,"total_sales_volume":54.69999885559082,"rate_of_return":0.0}
