{"window":{"start":"2023-10-25T19:09:00.000Z","end":"2023-10-25T19:10:00.000Z"},"country":"United Kingdom","OPM":9,"total_sales_volume":686.4500085711479,"rate_of_return":0.0}
{"window":{"start":"2023-10-24T13:35:00.000Z","end":"2023-10-24T13:36:00.000Z"},"country":"United Kingdom","OPM":12,"total_sales_volume":487.7099983841181,"rate_of_return":0.0}
{"window":{"start":"2023-10-24T08:19:00.000Z","end":"2023-10-24T08:20:00.000Z"},"country":"United Kingdom","OPM":9,"total_sales_volume":442.4199963212013,"rate_of_return":0.0}
{"window":{"start":"2023-10-23T18:46:00.000Z","end":"2023-10-23T18:47:00.000Z"},"country":"Germany","OPM":1,"total_sales_volume":17.329999923706055,"rate_of_return":0.0}
{"window":{"start":"2023-10-26T04:29:00.000Z","end":"2023-10-26T04:30:00.000Z"},"country":"EIRE","OPM":2,"total_sales_volume":522.49999833107,"rate_of_return":0.0}
{"window":{"start":"2023-10-27T15:14:00.000Z","end":"2023-10-27T15:15:00.000Z"},"country":"EIRE","OPM":1,"total_sales_volume":14.400000095367432,"rate_of_return":0.0}
{"window":{"start":"2023-10-25T10:46:00.000Z","end":"2023-10-25T10:47:00.000Z"},"country":"United Kingdom","OPM":5,"total_sales_volume":90.1200003027916,"rate_of_return":0.0}
{"window":{"start":"2023-10-24T00:37:00.000Z","end":"2023-10-24T00:38:00.000Z"},"country":"United Kingdom","OPM":13,"total_sales_volume":559.8199988305569,"rate_of_return":0.07692307692307693}
{"window":{"start":"2023-10-27T19:15:00.000Z","end":"2023-10-27T19:16:00.000Z"},"country":"EIRE","OPM":1,"total_sales_volume":54.22000074386597,"rate_of_return":0.0}
{"window":{"start":"2023-10-24T03:18:00.000Z","end":"2023-10-24T03:19:00.000Z"},"country":"United Kingdom","OPM":4,"total_sales_volume":58.369999408721924,"rate_of_return":0.0}
{"window":{"start":"2023-10-25T06:41:00.000Z","end":"2023-10-25T06:42:00.000Z"},"country":"EIRE","OPM":1,"total_sales_volume":5.1000001430511475,"rate_of_return":0.0}
{"window":{"start":"2023-10-26T08:39:00.000Z","end":"2023-10-26T08:40:00.000Z"},"country":"United Kingdom","OPM":6,"total_sales_volume":205.0100013613701,"rate_of_return":0.3333333333333333}
{"window":{"start":"2023-10-24T15:31:00.000Z","end":"2023-10-24T15:32:00.000Z"},"country":"France","OPM":1,"total_sales_volume":44.79999923706055,"rate_of_return":0.0}
{"window":{"start":"2023-10-28T01:08:00.000Z","end":"2023-10-28T01:09:00.000Z"},"country":"Germany","OPM":1,"total_sales_volume":74.69999885559082,"rate_of_return":0.0}
{"window":{"start":"2023-10-24T13:39:00.000Z","end":"2023-10-24T13:40:00.000Z"},"country":"United Kingdom","OPM":8,"total_sales_volume":440.51999682188034,"rate_of_return":0.0}
{"window":{"start":"2023-10-26T08:43:00.000Z","end":"2023-10-26T08:44:00.000Z"},"country":"France","OPM":1,"total_sales_volume":47.550000071525574,"rate_of_return":0.0}
{"window":{"start":"2023-10-25T12:04:00.000Z","end":"2023-10-25T12:05:00.000Z"},"country":"EIRE","OPM":1,"total_sales_volume":241.39999783039093,"rate_of_return":0.0}
{"window":{"start":"2023-10-26T02:14:00.000Z","end":"2023-10-26T02:15:00.000Z"},"country":"Germany","OPM":1,"total_sales_volume":157.69999939203262,"rate_of_return":0.0}
{"window":{"start":"2023-10-26T18:45:00.000Z","end":"2023-10-26T18:46:00.000Z"},"country":"Germany","OPM":1,"total_sales_volume":492.3200116157532,"rate_of_return":0.0}
{"window":{"start":"2023-10-27T00:18:00.000Z","end":"2023-10-27T00:19:00.000Z"},"country":"Unspecified","OPM":1,"total_sales_volume":125.01000249385834,"rate_of_return":0.0}
{"window":{"start":"2023-10-25T02:48:00.000Z","end":"2023-10-25T02:49:00.000Z"},"country":"Australia","OPM":1,"total_sales_volume":55.73999911546707,"rate_of_return":0.0}
{"window":{"start":"2023-10-27T17:38:00.000Z","end":"2023-10-27T17:39:00.000Z"},"country":"United Kingdom","OPM":14,"total_sales_volume":593.3599950000644,"rate_of_return":0.0}
{"window":{"start":"2023-10-26T13:13:00.000Z","end":"2023-10-26T13:14:00.000Z"},"country":"United Kingdom","OPM":8,"total_sales_volume":265.2000005245209,"rate_of_return":0.0}
{"window":{"start":"2023-10-27T22:04:00.000Z","end":"2023-10-27T22:05:00.000Z"},"country":"EIRE","OPM":2,"total_sales_volume":102.41000074148178,"rate_of_return":0.0}
{"window":{"start":"2023-10-28T04:31:00.000Z","end":"2023-10-28T04:32:00.000Z"},"country":"Finland","OPM":1,"total_sales_volume":9.120000064373016,"rate_of_return":0.0}
{"window":{"start":"2023-10-27T00:23:00.000Z","end":"2023-10-27T00:24:00.000Z"},"country":"France","OPM":1,"total_sales_volume":108.79000103473663,"rate_of_return":0.0}
{"window":{"start":"2023-10-24T22:31:00.000Z","end":"2023-10-24T22:32:00.000Z"},"country":"United Kingdom","OPM":6,"total_sales_volume":433.34000185132027,"rate_of_return":0.0}
{"window":{"start":"2023-10-24T02:43:00.000Z","end":"2023-10-24T02:44:00.000Z"},"country":"Germany","OPM":1,"total_sales_volume":57.07999926805496,"rate_of_return":0.0}
{"window":{"start":"2023-10-23T17:30:00.000Z","end":"2023-10-23T17:31:00.000Z"},"country":"Germany","OPM":1,"total_sales_volume":39.14999997615814,"rate_of_return":0.0}
{"window":{"start":"2023-10-27T02:48:00.000Z","end":"2023-10-27T02:49:00.000Z"},"country":"United Kingdom","OPM":8,"total_sales_volume":837.0600016117096,"rate_of_return":0.125}
{"window":{"start":"2023-10-23T18:19:00.000Z","end":"2023-10-23T18:20:00.000Z"},"country":"United Kingdom","OPM":7,"total_sales_volume":570.23000228405,"rate_of_return":0.0}
{"window":{"start":"2023-10-26T20:46:00.000Z","end":"2023-10-26T20:47:00.000Z"},"country":"France","OPM":1,"total_sales_volume":8.049999713897705,"rate_of_return":0.0}
{"window":{"start":"2023-10-25T18:57:00.000Z","end":"2023-10-25T18:58:00.000Z"},"country":"United Kingdom","OPM":11,"total_sales_volume":358.3400000333786,"rate_of_return":0.0}
{"window":{"start":"2023-10-24T07:43:00.000Z","end":"2023-10-24T07:44:00.000Z"},"country":"United Kingdom","OPM":9,"total_sales_volume":466.4900033771992,"rate_of_return":0.1111111111111111}
{"window":{"start":"2023-10-25T12:41:00.000Z","end":"2023-10-25T12:42:00.000Z"},"country":"United Kingdom","OPM":12,"total_sales_volume":1335.2599993646145,"rate_of_return":0.0}
{"window":{"start":"2023-10-27T20:21:00.000Z","end":"2023-10-27T20:22:00.000Z"},"country":"United Kingdom","OPM":8,"total_sales_volume":375.64000299572945,"rate_of_return":0.0}
{"window":{"start":"2023-10-27T16:03:00.000Z","end":"2023-10-27T16:04:00.000Z"},"country":"United Kingdom","OPM":5,"total_sales_volume":654.2200101017952,"rate_of_return":0.0}
{"window":{"start":"2023-10-24T23:43:00.000Z","end":"2023-10-24T23:44:00.000Z"},"country":"Cyprus","OPM":1,"total_sales_volume":93.81000101566315,"rate_of_return":0.0}
{"window":{"start":"2023-10-26T17:00:00.000Z","end":"2023-10-26T17:01:00.000Z"},"country":"United Kingdom","OPM":5,"total_sales_volume":440.4600011706352,"rate_of_return":0.0}
{"window":{"start":"2023-10-23T15:22:00.000Z","end":"2023-10-23T15:23:00.000Z"},"country":"United Kingdom","OPM":6,"total_sales_volume":285.86999958753586,"rate_of_return":0.0}
{"window":{"start":"2023-10-25T21:01:00.000Z","end":"2023-10-25T21:02:00.000Z"},"country":"Netherlands","OPM":1,"total_sales_volume":239.4600076675415,"rate_of_return":0.0}
{"window":{"start":"2023-10-26T17:04:00.000Z","end":"2023-10-26T17:05:00.000Z"},"country":"United Kingdom","OPM":9,"total_sales_volume":585.2800071835518,"rate_of_return":0.1111111111111111}
{"window":{"start":"2023-10-24T09:03:00.000Z","end":"2023-10-24T09:04:00.000Z"},"country":"United Kingdom","OPM":9,"total_sales_volume":528.7599943578243,"rate_of_return":0.1111111111111111}
{"window":{"start":"2023-10-25T05:23:00.000Z","end":"2023-10-25T05:24:00.000Z"},"country":"Unspecified","OPM":1,"total_sales_volume":1.6299999952316284,"rate_of_return":0.0}
{"window":{"start":"2023-10-25T06:40:00.000Z","end":"2023-10-25T06:41:00.000Z"},"country":"Germany","OPM":1,"total_sales_volume":5.78000020980835,"rate_of_return":0.0}
{"window":{"start":"2023-10-26T22:21:00.000Z","end":"2023-10-26T22:22:00.000Z"},"country":"United Kingdom","OPM":15,"total_sales_volume":835.3899967670441,"rate_of_return":0.0}
{"window":{"start":"2023-10-26T05:07:00.000Z","end":"2023-10-26T05:08:00.000Z"},"country":"United Kingdom","OPM":7,"total_sales_volume":384.1900011897087,"rate_of_return":0.0}
{"window":{"start":"2023-10-26T04:40:00.000Z","end":"2023-10-26T04:41:00.000Z"},"country":"United Kingdom","OPM":8,"total_sales_volume":1115.619996368885,"rate_of_return":0.25}
{"window":{"start":"2023-10-24T15:52:00.000Z","end":"2023-10-24T15:53:00.000Z"},"country":"EIRE","OPM":1,"total_sales_volume":512.3500069379807,"rate_of_return":0.0}
