{"window":{"start":"2023-10-26T14:08:00.000Z","end":"2023-10-26T14:09:00.000Z"},"country":"Japan","OPM":1,"total_sales_volume":266.9100022315979,"rate_of_return":0.0}
{"window":{"start":"2023-10-24T16:19:00.000Z","end":"2023-10-24T16:20:00.000Z"},"country":"France","OPM":1,"total_sales_volume":221.75999009609222,"rate_of_return":0.0}
{"window":{"start":"2023-10-27T18:29:00.000Z","end":"2023-10-27T18:30:00.000Z"},"country":"France","OPM":1,"total_sales_volume":23.75,"rate_of_return":0.0}
{"window":{"start":"2023-10-27T19:01:00.000Z","end":"2023-10-27T19:02:00.000Z"},"country":"United Kingdom","OPM":11,"total_sales_volume":803.1799985766411,"rate_of_return":0.0}
{"window":{"start":"2023-10-26T15:41:00.000Z","end":"2023-10-26T15:42:00.000Z"},"country":"Germany","OPM":1,"total_sales_volume":17.950000166893005,"rate_of_return":0.0}
{"window":{"start":"2023-10-26T21:51:00.000Z","end":"2023-10-26T21:52:00.000Z"},"country":"United Kingdom","OPM":7,"total_sales_volume":593.1799938082695,"rate_of_return":0.0}
{"window":{"start":"2023-10-26T01:48:00.000Z","end":"2023-10-26T01:49:00.000Z"},"country":"Germany","OPM":1,"total_sales_volume":11.440000057220459,"rate_of_return":0.0}
{"window":{"start":"2023-10-25T11:54:00.000Z","end":"2023-10-25T11:55:00.000Z"},"country":"United Kingdom","OPM":14,"total_sales_volume":651.0500027835369,"rate_of_return":0.07142857142857142}
{"window":{"start":"2023-10-27T23:52:00.000Z","end":"2023-10-27T23:53:00.000Z"},"country":"United Kingdom","OPM":12,"total_sales_volume":623.7999958992004,"rate_of_return":0.0}
{"window":{"start":"2023-10-27T04:22:00.000Z","end":"2023-10-27T04:23:00.000Z"},"country":"United Kingdom","OPM":8,"total_sales_volume":310.5999992489815,"rate_of_return":0.0}
{"window":{"start":"2023-10-28T02:36:00.000Z","end":"2023-10-28T02:37:00.000Z"},"country":"United Kingdom","OPM":10,"total_sales_volume":338.999993622303,"rate_of_return":0.2}
{"window":{"start":"2023-10-25T18:06:00.000Z","end":"2023-10-25T18:07:00.000Z"},"country":"United Kingdom","OPM":13,"total_sales_volume":1509.2000162899494,"rate_of_return":0.07692307692307693}
{"window":{"start":"2023-10-25T15:41:00.000Z","end":"2023-10-25T15:42:00.000Z"},"country":"Switzerland","OPM":1,"total_sales_volume":3.340000033378601,"rate_of_return":0.0}
{"window":{"start":"2023-10-24T15:43:00.000Z","end":"2023-10-24T15:44:00.000Z"},"country":"United Kingdom","OPM":7,"total_sales_volume":482.75000616908073,"rate_of_return":0.0}
{"window":{"start":"2023-10-26T19:55:00.000Z","end":"2023-10-26T19:56:00.000Z"},"country":"United Kingdom","OPM":13,"total_sales_volume":1845.3599984049797,"rate_of_return":0.0}
{"window":{"start":"2023-10-26T23:05:00.000Z","end":"2023-10-26T23:06:00.000Z"},"country":"Belgium","OPM":1,"total_sales_volume":264.8499985933304,"rate_of_return":0.0}
{"window":{"start":"2023-10-24T10:37:00.000Z","end":"2023-10-24T10:38:00.000Z"},"country":"United Kingdom","OPM":8,"total_sales_volume":360.5799983739853,"rate_of_return":0.0}
{"window":{"start":"2023-10-27T09:31:00.000Z","end":"2023-10-27T09:32:00.000Z"},"country":"France","OPM":1,"total_sales_volume":30.7599995136261,"rate_of_return":0.0}
{"window":{"start":"2023-10-23T16:08:00.000Z","end":"2023-10-23T16:09:00.000Z"},"country":"United Kingdom","OPM":10,"total_sales_volume":805.8399839997292,"rate_of_return":0.1}
{"window":{"start":"2023-10-25T16:50:00.000Z","end":"2023-10-25T16:51:00.000Z"},"country":"United Kingdom","OPM":18,"total_sales_volume":1004.7299953401089,"rate_of_return":0.05555555555555555}
{"window":{"start":"2023-10-25T16:07:00.000Z","end":"2023-10-25T16:08:00.000Z"},"country":"United Kingdom","OPM":11,"total_sales_volume":472.04000094532967,"rate_of_return":0.09090909090909091}
{"window":{"start":"2023-10-26T05:48:00.000Z","end":"2023-10-26T05:49:00.000Z"},"country":"France","OPM":1,"total_sales_volume":251.86999702453613,"rate_of_return":0.0}
{"window":{"start":"2023-10-27T18:47:00.000Z","end":"2023-10-27T18:48:00.000Z"},"country":"United Kingdom","OPM":7,"total_sales_volume":2449.8699510097504,"rate_of_return":0.0}
{"window":{"start":"2023-10-24T01:15:00.000Z","end":"2023-10-24T01:16:00.000Z"},"country":"United Kingdom","OPM":4,"total_sales_volume":-131.86000487208366,"rate_of_return":0.5}
{"window":{"start":"2023-10-24T20:58:00.000Z","end":"2023-10-24T20:59:00.000Z"},"country":"Switzerland","OPM":1,"total_sales_volume":18.699999451637268,"rate_of_return":0.0}
{"window":{"start":"2023-10-24T09:02:00.000Z","end":"2023-10-24T09:03:00.000Z"},"country":"Netherlands","OPM":1,"total_sales_volume":8.949999809265137,"rate_of_return":0.0}
{"window":{"start":"2023-10-27T02:33:00.000Z","end":"2023-10-27T02:34:00.000Z"},"country":"France","OPM":1,"total_sales_volume":137.52999603748322,"rate_of_return":0.0}
{"window":{"start":"2023-10-23T18:29:00.000Z","end":"2023-10-23T18:30:00.000Z"},"country":"Denmark","OPM":1,"total_sales_volume":60.21000123023987,"rate_of_return":0.0}
{"window":{"start":"2023-10-24T01:00:00.000Z","end":"2023-10-24T01:01:00.000Z"},"country":"Switzerland","OPM":1,"total_sales_volume":233.83999544382095,"rate_of_return":0.0}
{"window":{"start":"2023-10-26T07:14:00.000Z","end":"2023-10-26T07:15:00.000Z"},"country":"EIRE","OPM":1,"total_sales_volume":9.899999856948853,"rate_of_return":0.0}
{"window":{"start":"2023-10-24T18:20:00.000Z","end":"2023-10-24T18:21:00.000Z"},"country":"Germany","OPM":1,"total_sales_volume":95.1299979686737,"rate_of_return":0.0}
{"window":{"start":"2023-10-26T23:02:00.000Z","end":"2023-10-26T23:03:00.000Z"},"country":"United Kingdom","OPM":12,"total_sales_volume":847.5299894213676,"rate_of_return":0.08333333333333333}
{"window":{"start":"2023-10-26T17:37:00.000Z","end":"2023-10-26T17:38:00.000Z"},"country":"United Kingdom","OPM":10,"total_sales_volume":529.0399934649467,"rate_of_return":0.0}
{"window":{"start":"2023-10-24T19:25:00.000Z","end":"2023-10-24T19:26:00.000Z"},"country":"Spain","OPM":1,"total_sales_volume":34.399999380111694,"rate_of_return":0.0}
{"window":{"start":"2023-10-27T18:37:00.000Z","end":"2023-10-27T18:38:00.000Z"},"country":"Sweden","OPM":1,"total_sales_volume":16.049999952316284,"rate_of_return":0.0}
{"window":{"start":"2023-10-23T20:24:00.000Z","end":"2023-10-23T20:25:00.000Z"},"country":"United Kingdom","OPM":5,"total_sales_volume":114.85999917984009,"rate_of_return":0.0}
{"window":{"start":"2023-10-24T13:02:00.000Z","end":"2023-10-24T13:03:00.000Z"},"country":"United Kingdom","OPM":10,"total_sales_volume":195.7499984204769,"rate_of_return":0.0}
{"window":{"start":"2023-10-27T17:26:00.000Z","end":"2023-10-27T17:27:00.000Z"},"country":"United Kingdom","OPM":9,"total_sales_volume":326.7600001692772,"rate_of_return":0.0}
{"window":{"start":"2023-10-26T21:44:00.000Z","end":"2023-10-26T21:45:00.000Z"},"country":"Iceland","OPM":1,"total_sales_volume":190.29999959468842,"rate_of_return":0.0}
{"window":{"start":"2023-10-24T17:22:00.000Z","end":"2023-10-24T17:23:00.000Z"},"country":"United Kingdom","OPM":12,"total_sales_volume":1317.8399855196476,"rate_of_return":0.0}
{"window":{"start":"2023-10-24T02:57:00.000Z","end":"2023-10-24T02:58:00.000Z"},"country":"France","OPM":1,"total_sales_volume":982.1300098896027,"rate_of_return":0.0}
{"window":{"start":"2023-10-26T23:48:00.000Z","end":"2023-10-26T23:49:00.000Z"},"country":"USA","OPM":1,"total_sales_volume":28.94999885559082,"rate_of_return":0.0}
{"window":{"start":"2023-10-25T07:53:00.000Z","end":"2023-10-25T07:54:00.000Z"},"country":"United Kingdom","OPM":11,"total_sales_volume":1094.639986038208,"rate_of_return":0.0}
{"window":{"start":"2023-10-24T23:23:00.000Z","end":"2023-10-24T23:24:00.000Z"},"country":"Israel","OPM":1,"total_sales_volume":4.130000114440918,"rate_of_return":0.0}
{"window":{"start":"2023-10-24T13:04:00.000Z","end":"2023-10-24T13:05:00.000Z"},"country":"France","OPM":1,"total_sales_volume":553.1999830305576,"rate_of_return":0.0}
{"window":{"start":"2023-10-26T13:02:00.000Z","end":"2023-10-26T13:03:00.000Z"},"country":"Belgium","OPM":1,"total_sales_volume":61.34999966621399,"rate_of_return":0.0}
{"window":{"start":"2023-10-23T16:39:00.000Z","end":"2023-10-23T16:40:00.000Z"},"country":"United Kingdom","OPM":5,"total_sales_volume":488.26999348402023,"rate_of_return":0.0}
{"window":{"start":"2023-10-27T03:01:00.000Z","end":"2023-10-27T03:02:00.000Z"},"country":"Cyprus","OPM":1,"total_sales_volume":67.89000105857849,"rate_of_return":0.0}
{"window":{"start":"2023-10-25T09:46:00.000Z","end":"2023-10-25T09:47:00.000Z"},"country":"Spain","OPM":1,"total_sales_volume":12.069999672472477,"rate_of_return":0.0}
{"window":{"start":"2023-10-26T08:24:00.000Z","end":"2023-10-26T08:25:00.000Z"},"country":"United Kingdom","OPM":12,"total_sales_volume":668.200007468462,"rate_of_return":0.0}
{"window":{"start":"2023-10-25T09:45:00.000Z","end":"2023-10-25T09:46:00.000Z"},"country":"EIRE","OPM":1,"total_sales_volume":61.49999952316284,"rate_of_return":0.0}
{"window":{"start":"2023-10-25T15:49:00.000Z","end":"2023-10-25T15:50:00.000Z"},"country":"Unspecified","OPM":1,"total_sales_volume":19.919999599456787,"rate_of_return":0.0}
{"window":{"start":"2023-10-26T22:35:00.000Z","end":"2023-10-26T22:36:00.000Z"},"country":"United Kingdom","OPM":12,"total_sales_volume":303.89000058174133,"rate_of_return":0.25}
{"window":{"start":"2023-10-26T22:36:00.000Z","end":"2023-10-26T22:37:00.000Z"},"country":"United Kingdom","OPM":11,"total_sales_volume":776.2300024330616,"rate_of_return":0.0}
{"window":{"start":"2023-10-25T18:31:00.000Z","end":"2023-10-25T18:32:00.000Z"},"country":"United Kingdom","OPM":6,"total_sales_volume":469.1999974399805,"rate_of_return":0.0}
{"window":{"start":"2023-10-26T21:23:00.000Z","end":"2023-10-26T21:24:00.000Z"},"country":"Portugal","OPM":1,"total_sales_volume":71.27999937534332,"rate_of_return":0.0}
{"window":{"start":"2023-10-24T10:08:00.000Z","end":"2023-10-24T10:09:00.000Z"},"country":"United Kingdom","OPM":9,"total_sales_volume":450.29000040888786,"rate_of_return":0.1111111111111111}
{"window":{"start":"2023-10-23T22:48:00.000Z","end":"2023-10-23T22:49:00.000Z"},"country":"United Kingdom","OPM":11,"total_sales_volume":443.3300027549267,"rate_of_return":0.09090909090909091}
{"window":{"start":"2023-10-23T17:20:00.000Z","end":"2023-10-23T17:21:00.000Z"},"country":"Switzerland","OPM":1,"total_sales_volume":1089.0599641501904,"rate_of_return":0.0}
{"window":{"start":"2023-10-26T22:51:00.000Z","end":"2023-10-26T22:52:00.000Z"},"country":"Belgium","OPM":1,"total_sales_volume":136.15999913215637,"rate_of_return":0.0}
{"window":{"start":"2023-10-25T16:23:00.000Z","end":"2023-10-25T16:24:00.000Z"},"country":"United Kingdom","OPM":5,"total_sales_volume":262.9199989885092,"rate_of_return":0.2}
{"window":{"start":"2023-10-23T22:13:00.000Z","end":"2023-10-23T22:14:00.000Z"},"country":"United Kingdom","OPM":11,"total_sales_volume":318.96999445557594,"rate_of_return":0.09090909090909091}
{"window":{"start":"2023-10-27T17:52:00.000Z","end":"2023-10-27T17:53:00.000Z"},"country":"United Kingdom","OPM":9,"total_sales_volume":320.140000641346,"rate_of_return":0.0}
{"window":{"start":"2023-10-27T05:48:00.000Z","end":"2023-10-27T05:49:00.000Z"},"country":"United Kingdom","OPM":13,"total_sales_volume":1212.87998560071,"rate_of_return":0.0}
{"window":{"start":"2023-10-24T02:01:00.000Z","end":"2023-10-24T02:02:00.000Z"},"country":"Portugal","OPM":1,"total_sales_volume":12.259999990463257,"rate_of_return":0.0}
{"window":{"start":"2023-10-24T23:17:00.000Z","end":"2023-10-24T23:18:00.000Z"},"country":"Germany","OPM":1,"total_sales_volume":1433.4000039100647,"rate_of_return":0.0}
{"window":{"start":"2023-10-25T17:47:00.000Z","end":"2023-10-25T17:48:00.000Z"},"country":"United Kingdom","OPM":9,"total_sales_volume":1370.7799916863441,"rate_of_return":0.0}
{"window":{"start":"2023-10-25T21:50:00.000Z","end":"2023-10-25T21:51:00.000Z"},"country":"United Kingdom","OPM":3,"total_sales_volume":623.9700033962727,"rate_of_return":0.0}
{"window":{"start":"2023-10-27T10:08:00.000Z","end":"2023-10-27T10:09:00.000Z"},"country":"United Kingdom","OPM":7,"total_sales_volume":420.01000240445137,"rate_of_return":0.0}
{"window":{"start":"2023-10-25T00:53:00.000Z","end":"2023-10-25T00:54:00.000Z"},"country":"United Kingdom","OPM":11,"total_sales_volume":1166.449979275465,"rate_of_return":0.0}
{"window":{"start":"2023-10-26T18:37:00.000Z","end":"2023-10-26T18:38:00.000Z"},"country":"United Kingdom","OPM":9,"total_sales_volume":1170.330012589693,"rate_of_return":0.0}
{"window":{"start":"2023-10-26T23:42:00.000Z","end":"2023-10-26T23:43:00.000Z"},"country":"United Kingdom","OPM":8,"total_sales_volume":109.68999683856964,"rate_of_return":0.125}
{"window":{"start":"2023-10-25T12:19:00.000Z","end":"2023-10-25T12:20:00.000Z"},"country":"United Kingdom","OPM":15,"total_sales_volume":618.9500010609627,"rate_of_return":0.06666666666666667}
{"window":{"start":"2023-10-27T19:20:00.000Z","end":"2023-10-27T19:21:00.000Z"},"country":"United Kingdom","OPM":5,"total_sales_volume":521.8499964475632,"rate_of_return":0.2}
{"window":{"start":"2023-10-23T16:16:00.000Z","end":"2023-10-23T16:17:00.000Z"},"country":"United Kingdom","OPM":5,"total_sales_volume":621.8599841594696,"rate_of_return":0.0}
{"window":{"start":"2023-10-26T04:06:00.000Z","end":"2023-10-26T04:07:00.000Z"},"country":"United Kingdom","OPM":8,"total_sales_volume":622.9000011086464,"rate_of_return":0.0}
{"window":{"start":"2023-10-27T11:37:00.000Z","end":"2023-10-27T11:38:00.000Z"},"country":"EIRE","OPM":1,"total_sales_volume":-236.39999866485596,"rate_of_return":1.0}
{"window":{"start":"2023-10-26T04:00:00.000Z","end":"2023-10-26T04:01:00.000Z"},"country":"United Kingdom","OPM":8,"total_sales_volume":596.2499897181988,"rate_of_return":0.0}
{"window":{"start":"2023-10-25T00:51:00.000Z","end":"2023-10-25T00:52:00.000Z"},"country":"Norway","OPM":1,"total_sales_volume":41.810001373291016,"rate_of_return":0.0}
{"window":{"start":"2023-10-24T02:13:00.000Z","end":"2023-10-24T02:14:00.000Z"},"country":"United Kingdom","OPM":10,"total_sales_volume":668.5399958789349,"rate_of_return":0.0}
{"window":{"start":"2023-10-26T03:39:00.000Z","end":"2023-10-26T03:40:00.000Z"},"country":"Germany","OPM":1,"total_sales_volume":87.21999740600586,"rate_of_return":0.0}
{"window":{"start":"2023-10-24T12:15:00.000Z","end":"2023-10-24T12:16:00.000Z"},"country":"France","OPM":1,"total_sales_volume":19.320000290870667,"rate_of_return":0.0}
