{"window":{"start":"2023-10-26T17:36:00.000Z","end":"2023-10-26T17:37:00.000Z"},"country":"United Kingdom","OPM":10,"total_sales_volume":439.6399971842766,"rate_of_return":0.0}
{"window":{"start":"2023-10-26T14:46:00.000Z","end":"2023-10-26T14:47:00.000Z"},"country":"Belgium","OPM":1,"total_sales_volume":26.730000257492065,"rate_of_return":0.0}
{"window":{"start":"2023-10-25T05:00:00.000Z","end":"2023-10-25T05:01:00.000Z"},"country":"France","OPM":1,"total_sales_volume":4.150000095367432,"rate_of_return":0.0}
{"window":{"start":"2023-10-24T11:05:00.000Z","end":"2023-10-24T11:06:00.000Z"},"country":"United Kingdom","OPM":12,"total_sales_volume":953.9199942797422,"rate_of_return":0.16666666666666666}
{"window":{"start":"2023-10-27T18:48:00.000Z","end":"2023-10-27T18:49:00.000Z"},"country":"United Kingdom","OPM":6,"total_sales_volume":383.149997651577,"rate_of_return":0.0}
{"window":{"start":"2023-10-23T21:49:00.000Z","end":"2023-10-23T21:50:00.000Z"},"country":"United Kingdom","OPM":9,"total_sales_volume":437.3499927222729,"rate_of_return":0.1111111111111111}
{"window":{"start":"2023-10-27T22:04:00.000Z","end":"2023-10-27T22:05:00.000Z"},"country":"Switzerland","OPM":1,"total_sales_volume":100.69999837875366,"rate_of_return":0.0}
{"window":{"start":"2023-10-27T17:41:00.000Z","end":"2023-10-27T17:42:00.000Z"},"country":"Belgium","OPM":1,"total_sales_volume":20.799999952316284,"rate_of_return":0.0}
{"window":{"start":"2023-10-27T21:27:00.000Z","end":"2023-10-27T21:28:00.000Z"},"country":"Germany","OPM":1,"total_sales_volume":13.540000259876251,"rate_of_return":0.0}
{"window":{"start":"2023-10-28T01:35:00.000Z","end":"2023-10-28T01:36:00.000Z"},"country":"United Kingdom","OPM":8,"total_sales_volume":434.51000559329987,"rate_of_return":0.0}
{"window":{"start":"2023-10-23T12:39:00.000Z","end":"2023-10-23T12:40:00.000Z"},"country":"United Kingdom","OPM":5,"total_sales_volume":146.44999957084656,"rate_of_return":0.0}
{"window":{"start":"2023-10-26T17:45:00.000Z","end":"2023-10-26T17:46:00.000Z"},"country":"United Kingdom","OPM":5,"total_sales_volume":132.17000058293343,"rate_of_return":0.0}
{"window":{"start":"2023-10-24T16:04:00.000Z","end":"2023-10-24T16:05:00.000Z"},"country":"United Kingdom","OPM":9,"total_sales_volume":378.52999714016914,"rate_of_return":0.0}
{"window":{"start":"2023-10-27T14:15:00.000Z","end":"2023-10-27T14:16:00.000Z"},"country":"United Kingdom","OPM":5,"total_sales_volume":898.8200045824051,"rate_of_return":0.0}
{"window":{"start":"2023-10-24T11:20:00.000Z","end":"2023-10-24T11:21:00.000Z"},"country":"United Kingdom","OPM":9,"total_sales_volume":1373.2399988770485,"rate_of_return":0.0}
{"window":{"start":"2023-10-24T09:57:00.000Z","end":"2023-10-24T09:58:00.000Z"},"country":"United Kingdom","OPM":15,"total_sales_volume":458.89999547600746,"rate_of_return":0.0}
{"window":{"start":"2023-10-25T17:42:00.000Z","end":"2023-10-25T17:43:00.000Z"},"country":"Switzerland","OPM":1,"total_sales_volume":98.29999986290932,"rate_of_return":0.0}
{"window":{"start":"2023-10-28T05:37:00.000Z","end":"2023-10-28T05:38:00.000Z"},"country":"France","OPM":1,"total_sales_volume":7.919999986886978,"rate_of_return":0.0}
{"window":{"start":"2023-10-27T03:30:00.000Z","end":"2023-10-27T03:31:00.000Z"},"country":"Singapore","OPM":1,"total_sales_volume":22.550000309944153,"rate_of_return":0.0}
{"window":{"start":"2023-10-25T07:15:00.000Z","end":"2023-10-25T07:16:00.000Z"},"country":"EIRE","OPM":1,"total_sales_volume":23.799999952316284,"rate_of_return":0.0}
{"window":{"start":"2023-10-23T17:17:00.000Z","end":"2023-10-23T17:18:00.000Z"},"country":"United Kingdom","OPM":3,"total_sales_volume":1075.5199855566025,"rate_of_return":0.0}
{"window":{"start":"2023-10-27T14:47:00.000Z","end":"2023-10-27T14:48:00.000Z"},"country":"Germany","OPM":1,"total_sales_volume":87.06999921798706,"rate_of_return":0.0}
{"window":{"start":"2023-10-24T22:08:00.000Z","end":"2023-10-24T22:09:00.000Z"},"country":"EIRE","OPM":1,"total_sales_volume":9.84000015258789,"rate_of_return":0.0}
{"window":{"start":"2023-10-25T12:54:00.000Z","end":"2023-10-25T12:55:00.000Z"},"country":"Germany","OPM":1,"total_sales_volume":-47.559999853372574,"rate_of_return":1.0}
{"window":{"start":"2023-10-26T21:24:00.000Z","end":"2023-10-26T21:25:00.000Z"},"country":"United Kingdom","OPM":11,"total_sales_volume":194.32000029087067,"rate_of_return":0.0}
{"window":{"start":"2023-10-27T09:17:00.000Z","end":"2023-10-27T09:18:00.000Z"},"country":"EIRE","OPM":1,"total_sales_volume":6.1499998569488525,"rate_of_return":0.0}
{"window":{"start":"2023-10-27T02:25:00.000Z","end":"2023-10-27T02:26:00.000Z"},"country":"Italy","OPM":1,"total_sales_volume":28.00999927520752,"rate_of_return":0.0}
{"window":{"start":"2023-10-25T17:31:00.000Z","end":"2023-10-25T17:32:00.000Z"},"country":"Germany","OPM":1,"total_sales_volume":18.890000104904175,"rate_of_return":0.0}
{"window":{"start":"2023-10-26T02:24:00.000Z","end":"2023-10-26T02:25:00.000Z"},"country":"United Kingdom","OPM":11,"total_sales_volume":1335.9600325226784,"rate_of_return":0.09090909090909091}
{"window":{"start":"2023-10-26T20:10:00.000Z","end":"2023-10-26T20:11:00.000Z"},"country":"United Kingdom","OPM":7,"total_sales_volume":133.5199982225895,"rate_of_return":0.0}
{"window":{"start":"2023-10-26T10:28:00.000Z","end":"2023-10-26T10:29:00.000Z"},"country":"United Kingdom","OPM":7,"total_sales_volume":966.6599930524826,"rate_of_return":0.0}
{"window":{"start":"2023-10-27T19:38:00.000Z","end":"2023-10-27T19:39:00.000Z"},"country":"EIRE","OPM":1,"total_sales_volume":110.2799985408783,"rate_of_return":0.0}
{"window":{"start":"2023-10-23T22:55:00.000Z","end":"2023-10-23T22:56:00.000Z"},"country":"EIRE","OPM":1,"total_sales_volume":1.2999999523162842,"rate_of_return":0.0}
{"window":{"start":"2023-10-26T09:08:00.000Z","end":"2023-10-26T09:09:00.000Z"},"country":"EIRE","OPM":1,"total_sales_volume":32.25999975204468,"rate_of_return":0.0}
{"window":{"start":"2023-10-25T08:32:00.000Z","end":"2023-10-25T08:33:00.000Z"},"country":"United Kingdom","OPM":10,"total_sales_volume":454.3299987614155,"rate_of_return":0.0}
{"window":{"start":"2023-10-25T14:47:00.000Z","end":"2023-10-25T14:48:00.000Z"},"country":"France","OPM":1,"total_sales_volume":4.889999985694885,"rate_of_return":0.0}
{"window":{"start":"2023-10-25T16:57:00.000Z","end":"2023-10-25T16:58:00.000Z"},"country":"United Kingdom","OPM":13,"total_sales_volume":542.5100015699863,"rate_of_return":0.0}
{"window":{"start":"2023-10-26T13:15:00.000Z","end":"2023-10-26T13:16:00.000Z"},"country":"United Kingdom","OPM":9,"total_sales_volume":557.3099929094315,"rate_of_return":0.0}
{"window":{"start":"2023-10-25T17:10:00.000Z","end":"2023-10-25T17:11:00.000Z"},"country":"United Kingdom","OPM":6,"total_sales_volume":261.2899984419346,"rate_of_return":0.0}
{"window":{"start":"2023-10-23T18:18:00.000Z","end":"2023-10-23T18:19:00.000Z"},"country":"United Kingdom","OPM":7,"total_sales_volume":173.89999929070473,"rate_of_return":0.14285714285714285}
{"window":{"start":"2023-10-24T04:59:00.000Z","end":"2023-10-24T05:00:00.000Z"},"country":"United Kingdom","OPM":14,"total_sales_volume":1588.0999906659126,"rate_of_return":0.07142857142857142}
{"window":{"start":"2023-10-23T14:50:00.000Z","end":"2023-10-23T14:51:00.000Z"},"country":"United Kingdom","OPM":10,"total_sales_volume":2217.2699976861477,"rate_of_return":0.0}
{"window":{"start":"2023-10-26T02:50:00.000Z","end":"2023-10-26T02:51:00.000Z"},"country":"United Kingdom","OPM":10,"total_sales_volume":430.72999861836433,"rate_of_return":0.0}
{"window":{"start":"2023-10-26T00:12:00.000Z","end":"2023-10-26T00:13:00.000Z"},"country":"United Kingdom","OPM":16,"total_sales_volume":1232.979973822832,"rate_of_return":0.0}
{"window":{"start":"2023-10-24T21:39:00.000Z","end":"2023-10-24T21:40:00.000Z"},"country":"United Kingdom","OPM":10,"total_sales_volume":391.1399948000908,"rate_of_return":0.0}
{"window":{"start":"2023-10-27T10:59:00.000Z","end":"2023-10-27T11:00:00.000Z"},"country":"United Kingdom","OPM":5,"total_sales_volume":111.20999923348427,"rate_of_return":0.0}
{"window":{"start":"2023-10-24T01:20:00.000Z","end":"2023-10-24T01:21:00.000Z"},"country":"Germany","OPM":2,"total_sales_volume":128.9999998807907,"rate_of_return":0.0}
{"window":{"start":"2023-10-25T22:35:00.000Z","end":"2023-10-25T22:36:00.000Z"},"country":"United Kingdom","OPM":13,"total_sales_volume":1429.2800249755383,"rate_of_return":0.07692307692307693}
{"window":{"start":"2023-10-23T14:09:00.000Z","end":"2023-10-23T14:10:00.000Z"},"country":"United Kingdom","OPM":10,"total_sales_volume":167.10999880731106,"rate_of_return":0.1}
{"window":{"start":"2023-10-28T00:10:00.000Z","end":"2023-10-28T00:11:00.000Z"},"country":"Israel","OPM":1,"total_sales_volume":29.87999939918518,"rate_of_return":0.0}
{"window":{"start":"2023-10-25T18:59:00.000Z","end":"2023-10-25T19:00:00.000Z"},"country":"USA","OPM":1,"total_sales_volume":17.930000126361847,"rate_of_return":0.0}
{"window":{"start":"2023-10-23T19:26:00.000Z","end":"2023-10-23T19:27:00.000Z"},"country":"EIRE","OPM":1,"total_sales_volume":1260.040009379387,"rate_of_return":0.0}
{"window":{"start":"2023-10-23T16:17:00.000Z","end":"2023-10-23T16:18:00.000Z"},"country":"Germany","OPM":1,"total_sales_volume":1.25,"rate_of_return":0.0}
{"window":{"start":"2023-10-24T01:30:00.000Z","end":"2023-10-24T01:31:00.000Z"},"country":"EIRE","OPM":1,"total_sales_volume":28.08999940752983,"rate_of_return":0.0}
{"window":{"start":"2023-10-24T17:51:00.000Z","end":"2023-10-24T17:52:00.000Z"},"country":"Germany","OPM":1,"total_sales_volume":79.7400016784668,"rate_of_return":0.0}
{"window":{"start":"2023-10-27T01:11:00.000Z","end":"2023-10-27T01:12:00.000Z"},"country":"United Kingdom","OPM":15,"total_sales_volume":567.4699944853783,"rate_of_return":0.06666666666666667}
{"window":{"start":"2023-10-23T22:58:00.000Z","end":"2023-10-23T22:59:00.000Z"},"country":"France","OPM":1,"total_sales_volume":26.97999906539917,"rate_of_return":0.0}
{"window":{"start":"2023-10-25T00:48:00.000Z","end":"2023-10-25T00:49:00.000Z"},"country":"United Kingdom","OPM":9,"total_sales_volume":584.4599966406822,"rate_of_return":0.1111111111111111}
