{"window":{"start":"2023-10-24T16:00:00.000Z","end":"2023-10-24T16:01:00.000Z"},"country":"Portugal","OPM":1,"total_sales_volume":9.799999833106995,"rate_of_return":0.0}
{"window":{"start":"2023-10-25T12:33:00.000Z","end":"2023-10-25T12:34:00.000Z"},"country":"United Kingdom","OPM":7,"total_sales_volume":621.3500002622604,"rate_of_return":0.0}
{"window":{"start":"2023-10-25T05:28:00.000Z","end":"2023-10-25T05:29:00.000Z"},"country":"Poland","OPM":1,"total_sales_volume":69.69000148773193,"rate_of_return":0.0}
{"window":{"start":"2023-10-25T22:26:00.000Z","end":"2023-10-25T22:27:00.000Z"},"country":"France","OPM":1,"total_sales_volume":18.09999990463257,"rate_of_return":0.0}
{"window":{"start":"2023-10-27T14:25:00.000Z","end":"2023-10-27T14:26:00.000Z"},"country":"United Kingdom","OPM":12,"total_sales_volume":872.2099937200546,"rate_of_return":0.0}
{"window":{"start":"2023-10-24T05:49:00.000Z","end":"2023-10-24T05:50:00.000Z"},"country":"United Kingdom","OPM":6,"total_sales_volume":123.81000053882599,"rate_of_return":0.3333333333333333}
{"window":{"start":"2023-10-26T22:17:00.000Z","end":"2023-10-26T22:18:00.000Z"},"country":"France","OPM":1,"total_sales_volume":77.61999940872192,"rate_of_return":0.0}
{"window":{"start":"2023-10-27T21:43:00.000Z","end":"2023-10-27T21:44:00.000Z"},"country":"United Kingdom","OPM":7,"total_sales_volume":335.7799960374832,"rate_of_return":0.0}
{"window":{"start":"2023-10-23T14:20:00.000Z","end":"2023-10-23T14:21:00.000Z"},"country":"France","OPM":1,"total_sales_volume":23.73000007867813,"rate_of_return":0.0}
{"window":{"start":"2023-10-25T19:11:00.000Z","end":"2023-10-25T19:12:00.000Z"},"country":"EIRE","OPM":1,"total_sales_volume":20.510000467300415,"rate_of_return":0.0}
{"window":{"start":"2023-10-28T01:26:00.000Z","end":"2023-10-28T01:27:00.000Z"},"country":"United Kingdom","OPM":10,"total_sales_volume":409.7899945676327,"rate_of_return":0.1}
{"window":{"start":"2023-10-27T05:40:00.000Z","end":"2023-10-27T05:41:00.000Z"},"country":"Australia","OPM":1,"total_sales_volume":21.619999706745148,"rate_of_return":0.0}
{"window":{"start":"2023-10-27T23:00:00.000Z","end":"2023-10-27T23:01:00.000Z"},"country":"United Kingdom","OPM":12,"total_sales_volume":651.7100012302399,"rate_of_return":0.0}
{"window":{"start":"2023-10-27T09:23:00.000Z","end":"2023-10-27T09:24:00.000Z"},"country":"France","OPM":1,"total_sales_volume":71.77999973297119,"rate_of_return":0.0}
{"window":{"start":"2023-10-24T11:56:00.000Z","end":"2023-10-24T11:57:00.000Z"},"country":"Germany","OPM":1,"total_sales_volume":17.579999685287476,"rate_of_return":0.0}
{"window":{"start":"2023-10-27T17:13:00.000Z","end":"2023-10-27T17:14:00.000Z"},"country":"Switzerland","OPM":1,"total_sales_volume":30.0,"rate_of_return":0.0}
{"window":{"start":"2023-10-24T18:51:00.000Z","end":"2023-10-24T18:52:00.000Z"},"country":"France","OPM":1,"total_sales_volume":3.299999952316284,"rate_of_return":0.0}
{"window":{"start":"2023-10-24T14:20:00.000Z","end":"2023-10-24T14:21:00.000Z"},"country":"Belgium","OPM":1,"total_sales_volume":28.410000324249268,"rate_of_return":0.0}
{"window":{"start":"2023-10-23T16:00:00.000Z","end":"2023-10-23T16:01:00.000Z"},"country":"USA","OPM":1,"total_sales_volume":42.989999294281006,"rate_of_return":0.0}
{"window":{"start":"2023-10-25T06:57:00.000Z","end":"2023-10-25T06:58:00.000Z"},"country":"United Kingdom","OPM":13,"total_sales_volume":640.9899999797344,"rate_of_return":0.07692307692307693}
{"window":{"start":"2023-10-24T10:30:00.000Z","end":"2023-10-24T10:31:00.000Z"},"country":"United Kingdom","OPM":12,"total_sales_volume":740.8599973022938,"rate_of_return":0.0}
{"window":{"start":"2023-10-26T19:45:00.000Z","end":"2023-10-26T19:46:00.000Z"},"country":"United Kingdom","OPM":10,"total_sales_volume":875.1599885821342,"rate_of_return":0.0}
{"window":{"start":"2023-10-23T20:57:00.000Z","end":"2023-10-23T20:58:00.000Z"},"country":"Germany","OPM":2,"total_sales_volume":71.95999836921692,"rate_of_return":0.0}
{"window":{"start":"2023-10-24T00:59:00.000Z","end":"2023-10-24T01:00:00.000Z"},"country":"United Kingdom","OPM":8,"total_sales_volume":330.9100051522255,"rate_of_return":0.125}
{"window":{"start":"2023-10-25T11:37:00.000Z","end":"2023-10-25T11:38:00.000Z"},"country":"France","OPM":1,"total_sales_volume":15.600000381469727,"rate_of_return":0.0}
{"window":{"start":"2023-10-24T00:29:00.000Z","end":"2023-10-24T00:30:00.000Z"},"country":"Belgium","OPM":1,"total_sales_volume":398.2299975156784,"rate_of_return":0.0}
{"window":{"start":"2023-10-25T17:43:00.000Z","end":"2023-10-25T17:44:00.000Z"},"country":"United Kingdom","OPM":11,"total_sales_volume":537.9499970972538,"rate_of_return":0.09090909090909091}
{"window":{"start":"2023-10-25T15:49:00.000Z","end":"2023-10-25T15:50:00.000Z"},"country":"Israel","OPM":1,"total_sales_volume":10.739999771118164,"rate_of_return":0.0}
{"window":{"start":"2023-10-27T10:42:00.000Z","end":"2023-10-27T10:43:00.000Z"},"country":"France","OPM":1,"total_sales_volume":45.0,"rate_of_return":0.0}
{"window":{"start":"2023-10-28T04:28:00.000Z","end":"2023-10-28T04:29:00.000Z"},"country":"United Kingdom","OPM":10,"total_sales_volume":672.7299963235855,"rate_of_return":0.0}
{"window":{"start":"2023-10-27T06:39:00.000Z","end":"2023-10-27T06:40:00.000Z"},"country":"United Kingdom","OPM":11,"total_sales_volume":535.7499847710133,"rate_of_return":0.09090909090909091}
{"window":{"start":"2023-10-27T21:19:00.000Z","end":"2023-10-27T21:20:00.000Z"},"country":"EIRE","OPM":1,"total_sales_volume":13.4399995803833,"rate_of_return":0.0}
{"window":{"start":"2023-10-25T21:36:00.000Z","end":"2023-10-25T21:37:00.000Z"},"country":"United Kingdom","OPM":9,"total_sales_volume":573.7399934828281,"rate_of_return":0.1111111111111111}
{"window":{"start":"2023-10-24T15:26:00.000Z","end":"2023-10-24T15:27:00.000Z"},"country":"EIRE","OPM":1,"total_sales_volume":13.65999984741211,"rate_of_return":0.0}
{"window":{"start":"2023-10-26T05:21:00.000Z","end":"2023-10-26T05:22:00.000Z"},"country":"United Kingdom","OPM":14,"total_sales_volume":1374.1800047159195,"rate_of_return":0.07142857142857142}
{"window":{"start":"2023-10-25T08:17:00.000Z","end":"2023-10-25T08:18:00.000Z"},"country":"United Kingdom","OPM":8,"total_sales_volume":78.85000243782997,"rate_of_return":0.25}
{"window":{"start":"2023-10-23T23:37:00.000Z","end":"2023-10-23T23:38:00.000Z"},"country":"United Kingdom","OPM":6,"total_sales_volume":1342.279974848032,"rate_of_return":0.0}
{"window":{"start":"2023-10-26T16:28:00.000Z","end":"2023-10-26T16:29:00.000Z"},"country":"Sweden","OPM":1,"total_sales_volume":30.96000099182129,"rate_of_return":0.0}
{"window":{"start":"2023-10-25T09:21:00.000Z","end":"2023-10-25T09:22:00.000Z"},"country":"Channel Islands","OPM":1,"total_sales_volume":15.399999439716339,"rate_of_return":0.0}
{"window":{"start":"2023-10-26T06:49:00.000Z","end":"2023-10-26T06:50:00.000Z"},"country":"United Kingdom","OPM":10,"total_sales_volume":432.8299970924854,"rate_of_return":0.0}
{"window":{"start":"2023-10-25T17:25:00.000Z","end":"2023-10-25T17:26:00.000Z"},"country":"United Kingdom","OPM":8,"total_sales_volume":407.10000101849437,"rate_of_return":0.0}
{"window":{"start":"2023-10-27T14:59:00.000Z","end":"2023-10-27T15:00:00.000Z"},"country":"United Kingdom","OPM":18,"total_sales_volume":1375.459999859333,"rate_of_return":0.0}
{"window":{"start":"2023-10-26T22:16:00.000Z","end":"2023-10-26T22:17:00.000Z"},"country":"EIRE","OPM":1,"total_sales_volume":44.75999879837036,"rate_of_return":0.0}
{"window":{"start":"2023-10-24T11:29:00.000Z","end":"2023-10-24T11:30:00.000Z"},"country":"Finland","OPM":1,"total_sales_volume":26.869999885559082,"rate_of_return":0.0}
{"window":{"start":"2023-10-25T21:57:00.000Z","end":"2023-10-25T21:58:00.000Z"},"country":"Switzerland","OPM":2,"total_sales_volume":136.77000045776367,"rate_of_return":0.0}
{"window":{"start":"2023-10-24T19:05:00.000Z","end":"2023-10-24T19:06:00.000Z"},"country":"United Kingdom","OPM":8,"total_sales_volume":669.8699998855591,"rate_of_return":0.0}
{"window":{"start":"2023-10-24T10:33:00.000Z","end":"2023-10-24T10:34:00.000Z"},"country":"Netherlands","OPM":1,"total_sales_volume":569.8999911546707,"rate_of_return":0.0}
{"window":{"start":"2023-10-24T02:04:00.000Z","end":"2023-10-24T02:05:00.000Z"},"country":"Finland","OPM":1,"total_sales_volume":41.600000739097595,"rate_of_return":0.0}
{"window":{"start":"2023-10-25T17:55:00.000Z","end":"2023-10-25T17:56:00.000Z"},"country":"United Kingdom","OPM":12,"total_sales_volume":383.81999891996384,"rate_of_return":0.16666666666666666}
{"window":{"start":"2023-10-28T00:30:00.000Z","end":"2023-10-28T00:31:00.000Z"},"country":"United Kingdom","OPM":11,"total_sales_volume":2905.3499552309513,"rate_of_return":0.0}
{"window":{"start":"2023-10-23T14:42:00.000Z","end":"2023-10-23T14:43:00.000Z"},"country":"United Kingdom","OPM":15,"total_sales_volume":1274.8599953055382,"rate_of_return":0.06666666666666667}
{"window":{"start":"2023-10-24T19:36:00.000Z","end":"2023-10-24T19:37:00.000Z"},"country":"France","OPM":1,"total_sales_volume":39.919999837875366,"rate_of_return":0.0}
{"window":{"start":"2023-10-26T08:01:00.000Z","end":"2023-10-26T08:02:00.000Z"},"country":"United Kingdom","OPM":11,"total_sales_volume":855.669996201992,"rate_of_return":0.0}
{"window":{"start":"2023-10-27T02:24:00.000Z","end":"2023-10-27T02:25:00.000Z"},"country":"United Kingdom","OPM":5,"total_sales_volume":287.04999750852585,"rate_of_return":0.0}
{"window":{"start":"2023-10-27T12:11:00.000Z","end":"2023-10-27T12:12:00.000Z"},"country":"United Kingdom","OPM":13,"total_sales_volume":1315.099985152483,"rate_of_return":0.0}
{"window":{"start":"2023-10-25T06:26:00.000Z","end":"2023-10-25T06:27:00.000Z"},"country":"EIRE","OPM":1,"total_sales_volume":79.9099999666214,"rate_of_return":0.0}
{"window":{"start":"2023-10-24T15:49:00.000Z","end":"2023-10-24T15:50:00.000Z"},"country":"Germany","OPM":1,"total_sales_volume":17.039999961853027,"rate_of_return":0.0}
{"window":{"start":"2023-10-26T00:50:00.000Z","end":"2023-10-26T00:51:00.000Z"},"country":"EIRE","OPM":1,"total_sales_volume":1.649999976158142,"rate_of_return":0.0}
{"window":{"start":"2023-10-23T20:48:00.000Z","end":"2023-10-23T20:49:00.000Z"},"country":"United Kingdom","OPM":15,"total_sales_volume":867.7499805688858,"rate_of_return":0.06666666666666667}
{"window":{"start":"2023-10-24T13:04:00.000Z","end":"2023-10-24T13:05:00.000Z"},"country":"Belgium","OPM":1,"total_sales_volume":782.1499718427658,"rate_of_return":0.0}
