{"window":{"start":"2023-10-26T07:36:00.000Z","end":"2023-10-26T07:37:00.000Z"},"country":"USA","OPM":1,"total_sales_volume":23.40000057220459,"rate_of_return":0.0}
{"window":{"start":"2023-10-25T23:03:00.000Z","end":"2023-10-25T23:04:00.000Z"},"country":"United Kingdom","OPM":14,"total_sales_volume":832.1900037825108,"rate_of_return":0.07142857142857142}
{"window":{"start":"2023-10-24T00:19:00.000Z","end":"2023-10-24T00:20:00.000Z"},"country":"EIRE","OPM":1,"total_sales_volume":34.79999974370003,"rate_of_return":0.0}
{"window":{"start":"2023-10-24T13:46:00.000Z","end":"2023-10-24T13:47:00.000Z"},"country":"United Kingdom","OPM":4,"total_sales_volume":140.5600000023842,"rate_of_return":0.25}
{"window":{"start":"2023-10-24T01:08:00.000Z","end":"2023-10-24T01:09:00.000Z"},"country":"United Kingdom","OPM":9,"total_sales_volume":281.1000027656555,"rate_of_return":0.0}
{"window":{"start":"2023-10-25T07:52:00.000Z","end":"2023-10-25T07:53:00.000Z"},"country":"France","OPM":1,"total_sales_volume":21.549999594688416,"rate_of_return":0.0}
{"window":{"start":"2023-10-25T16:14:00.000Z","end":"2023-10-25T16:15:00.000Z"},"country":"United Kingdom","OPM":4,"total_sales_volume":359.6400034427643,"rate_of_return":0.25}
{"window":{"start":"2023-10-24T06:29:00.000Z","end":"2023-10-24T06:30:00.000Z"},"country":"United Kingdom","OPM":9,"total_sales_volume":857.239992916584,"rate_of_return":0.0}
{"window":{"start":"2023-10-25T22:23:00.000Z","end":"2023-10-25T22:24:00.000Z"},"country":"United Kingdom","OPM":3,"total_sales_volume":65.52999997138977,"rate_of_return":0.0}
{"window":{"start":"2023-10-24T09:37:00.000Z","end":"2023-10-24T09:38:00.000Z"},"country":"United Kingdom","OPM":7,"total_sales_volume":750.7500019669533,"rate_of_return":0.0}
{"window":{"start":"2023-10-25T03:50:00.000Z","end":"2023-10-25T03:51:00.000Z"},"country":"United Kingdom","OPM":10,"total_sales_volume":1840.4999865293503,"rate_of_return":0.0}
{"window":{"start":"2023-10-25T17:48:00.000Z","end":"2023-10-25T17:49:00.000Z"},"country":"United Kingdom","OPM":11,"total_sales_volume":758.4299990534782,"rate_of_return":0.0}
{"window":{"start":"2023-10-26T16:13:00.000Z","end":"2023-10-26T16:14:00.000Z"},"country":"Spain","OPM":1,"total_sales_volume":2.890000104904175,"rate_of_return":0.0}
{"window":{"start":"2023-10-27T15:21:00.000Z","end":"2023-10-27T15:22:00.000Z"},"country":"France","OPM":1,"total_sales_volume":354.9500045180321,"rate_of_return":0.0}
{"window":{"start":"2023-10-24T07:26:00.000Z","end":"2023-10-24T07:27:00.000Z"},"country":"United Kingdom","OPM":12,"total_sales_volume":639.4600056111813,"rate_of_return":0.08333333333333333}
{"window":{"start":"2023-10-24T21:33:00.000Z","end":"2023-10-24T21:34:00.000Z"},"country":"United Kingdom","OPM":3,"total_sales_volume":943.2200231254101,"rate_of_return":0.0}
{"window":{"start":"2023-10-25T22:53:00.000Z","end":"2023-10-25T22:54:00.000Z"},"country":"Belgium","OPM":1,"total_sales_volume":43.06999897956848,"rate_of_return":0.0}
{"window":{"start":"2023-10-24T18:22:00.000Z","end":"2023-10-24T18:23:00.000Z"},"country":"France","OPM":1,"total_sales_volume":4.239999771118164,"rate_of_return":0.0}
{"window":{"start":"2023-10-26T21:10:00.000Z","end":"2023-10-26T21:11:00.000Z"},"country":"France","OPM":1,"total_sales_volume":63.30000030994415,"rate_of_return":0.0}
{"window":{"start":"2023-10-23T18:44:00.000Z","end":"2023-10-23T18:45:00.000Z"},"country":"United Kingdom","OPM":4,"total_sales_volume":282.370001912117,"rate_of_return":0.0}
{"window":{"start":"2023-10-25T16:02:00.000Z","end":"2023-10-25T16:03:00.000Z"},"country":"Germany","OPM":1,"total_sales_volume":94.72999954223633,"rate_of_return":0.0}
{"window":{"start":"2023-10-27T10:44:00.000Z","end":"2023-10-27T10:45:00.000Z"},"country":"United Kingdom","OPM":13,"total_sales_volume":747.2600040435791,"rate_of_return":0.07692307692307693}
{"window":{"start":"2023-10-25T04:25:00.000Z","end":"2023-10-25T04:26:00.000Z"},"country":"Portugal","OPM":1,"total_sales_volume":127.02000081539154,"rate_of_return":0.0}
{"window":{"start":"2023-10-28T00:31:00.000Z","end":"2023-10-28T00:32:00.000Z"},"country":"United Kingdom","OPM":9,"total_sales_volume":528.5599917769432,"rate_of_return":0.1111111111111111}
{"window":{"start":"2023-10-24T14:16:00.000Z","end":"2023-10-24T14:17:00.000Z"},"country":"United Kingdom","OPM":13,"total_sales_volume":530.7899934351444,"rate_of_return":0.0}
{"window":{"start":"2023-10-26T11:50:00.000Z","end":"2023-10-26T11:51:00.000Z"},"country":"Australia","OPM":1,"total_sales_volume":155.05999758839607,"rate_of_return":0.0}
{"window":{"start":"2023-10-26T04:05:00.000Z","end":"2023-10-26T04:06:00.000Z"},"country":"Germany","OPM":2,"total_sales_volume":208.2999997138977,"rate_of_return":0.0}
{"window":{"start":"2023-10-26T01:27:00.000Z","end":"2023-10-26T01:28:00.000Z"},"country":"Poland","OPM":1,"total_sales_volume":50.88999938964844,"rate_of_return":0.0}
{"window":{"start":"2023-10-26T17:39:00.000Z","end":"2023-10-26T17:40:00.000Z"},"country":"Switzerland","OPM":1,"total_sales_volume":14.039999842643738,"rate_of_return":0.0}
{"window":{"start":"2023-10-24T04:23:00.000Z","end":"2023-10-24T04:24:00.000Z"},"country":"United Kingdom","OPM":5,"total_sales_volume":5494.500025987625,"rate_of_return":0.0}
{"window":{"start":"2023-10-24T12:04:00.000Z","end":"2023-10-24T12:05:00.000Z"},"country":"Portugal","OPM":1,"total_sales_volume":155.36999702453613,"rate_of_return":0.0}
{"window":{"start":"2023-10-23T17:49:00.000Z","end":"2023-10-23T17:50:00.000Z"},"country":"United Kingdom","OPM":6,"total_sales_volume":904.5100022554398,"rate_of_return":0.0}
{"window":{"start":"2023-10-25T04:20:00.000Z","end":"2023-10-25T04:21:00.000Z"},"country":"United Kingdom","OPM":13,"total_sales_volume":469.759998857975,"rate_of_return":0.0}
{"window":{"start":"2023-10-27T10:57:00.000Z","end":"2023-10-27T10:58:00.000Z"},"country":"EIRE","OPM":1,"total_sales_volume":42.04999953508377,"rate_of_return":0.0}
{"window":{"start":"2023-10-27T10:58:00.000Z","end":"2023-10-27T10:59:00.000Z"},"country":"Belgium","OPM":1,"total_sales_volume":81.14999842643738,"rate_of_return":0.0}
{"window":{"start":"2023-10-25T07:25:00.000Z","end":"2023-10-25T07:26:00.000Z"},"country":"United Kingdom","OPM":3,"total_sales_volume":106.30999925732613,"rate_of_return":0.0}
{"window":{"start":"2023-10-26T00:50:00.000Z","end":"2023-10-26T00:51:00.000Z"},"country":"United Kingdom","OPM":13,"total_sales_volume":1246.7600049972534,"rate_of_return":0.07692307692307693}
{"window":{"start":"2023-10-24T18:02:00.000Z","end":"2023-10-24T18:03:00.000Z"},"country":"United Kingdom","OPM":6,"total_sales_volume":355.8799967765808,"rate_of_return":0.0}
{"window":{"start":"2023-10-24T09:35:00.000Z","end":"2023-10-24T09:36:00.000Z"},"country":"United Kingdom","OPM":11,"total_sales_volume":1119.7099967002869,"rate_of_return":0.0}
{"window":{"start":"2023-10-27T15:36:00.000Z","end":"2023-10-27T15:37:00.000Z"},"country":"Spain","OPM":1,"total_sales_volume":12.989999413490295,"rate_of_return":0.0}
{"window":{"start":"2023-10-23T17:36:00.000Z","end":"2023-10-23T17:37:00.000Z"},"country":"United Kingdom","OPM":16,"total_sales_volume":719.1899925470352,"rate_of_return":0.0}
{"window":{"start":"2023-10-24T19:03:00.000Z","end":"2023-10-24T19:04:00.000Z"},"country":"United Kingdom","OPM":11,"total_sales_volume":828.4899927377701,"rate_of_return":0.0}
{"window":{"start":"2023-10-26T05:52:00.000Z","end":"2023-10-26T05:53:00.000Z"},"country":"United Kingdom","OPM":7,"total_sales_volume":334.90000009536743,"rate_of_return":0.0}
{"window":{"start":"2023-10-27T10:12:00.000Z","end":"2023-10-27T10:13:00.000Z"},"country":"United Kingdom","OPM":4,"total_sales_volume":281.72999581694603,"rate_of_return":0.25}
{"window":{"start":"2023-10-27T14:32:00.000Z","end":"2023-10-27T14:33:00.000Z"},"country":"United Kingdom","OPM":13,"total_sales_volume":300.42999801039696,"rate_of_return":0.15384615384615385}
{"window":{"start":"2023-10-23T19:42:00.000Z","end":"2023-10-23T19:43:00.000Z"},"country":"Italy","OPM":1,"total_sales_volume":479.07001081109047,"rate_of_return":0.0}
{"window":{"start":"2023-10-23T12:51:00.000Z","end":"2023-10-23T12:52:00.000Z"},"country":"United Kingdom","OPM":7,"total_sales_volume":198.07999920845032,"rate_of_return":0.0}
{"window":{"start":"2023-10-24T20:45:00.000Z","end":"2023-10-24T20:46:00.000Z"},"country":"Israel","OPM":1,"total_sales_volume":91.7499988079071,"rate_of_return":0.0}
{"window":{"start":"2023-10-27T17:05:00.000Z","end":"2023-10-27T17:06:00.000Z"},"country":"United Kingdom","OPM":14,"total_sales_volume":613.4600000679493,"rate_of_return":0.0}
{"window":{"start":"2023-10-26T17:34:00.000Z","end":"2023-10-26T17:35:00.000Z"},"country":"Switzerland","OPM":1,"total_sales_volume":160.92999947071075,"rate_of_return":0.0}
{"window":{"start":"2023-10-23T13:19:00.000Z","end":"2023-10-23T13:20:00.000Z"},"country":"Netherlands","OPM":1,"total_sales_volume":1583.6900043487549,"rate_of_return":0.0}
{"window":{"start":"2023-10-27T14:37:00.000Z","end":"2023-10-27T14:38:00.000Z"},"country":"Spain","OPM":1,"total_sales_volume":41.369998931884766,"rate_of_return":0.0}
{"window":{"start":"2023-10-23T20:46:00.000Z","end":"2023-10-23T20:47:00.000Z"},"country":"United Kingdom","OPM":14,"total_sales_volume":751.6499889194965,"rate_of_return":0.21428571428571427}
{"window":{"start":"2023-10-23T23:44:00.000Z","end":"2023-10-23T23:45:00.000Z"},"country":"United Kingdom","OPM":9,"total_sales_volume":584.8799946308136,"rate_of_return":0.1111111111111111}
{"window":{"start":"2023-10-27T15:13:00.000Z","end":"2023-10-27T15:14:00.000Z"},"country":"United Kingdom","OPM":9,"total_sales_volume":465.20999053120613,"rate_of_return":0.0}
{"window":{"start":"2023-10-27T23:08:00.000Z","end":"2023-10-27T23:09:00.000Z"},"country":"United Kingdom","OPM":12,"total_sales_volume":724.9899964034557,"rate_of_return":0.0}
{"window":{"start":"2023-10-27T07:50:00.000Z","end":"2023-10-27T07:51:00.000Z"},"country":"United Kingdom","OPM":9,"total_sales_volume":427.2099997103214,"rate_of_return":0.0}
{"window":{"start":"2023-10-24T14:04:00.000Z","end":"2023-10-24T14:05:00.000Z"},"country":"United Kingdom","OPM":11,"total_sales_volume":968.4300026297569,"rate_of_return":0.0}
{"window":{"start":"2023-10-26T16:00:00.000Z","end":"2023-10-26T16:01:00.000Z"},"country":"United Kingdom","OPM":12,"total_sales_volume":696.6999986767769,"rate_of_return":0.08333333333333333}
{"window":{"start":"2023-10-24T19:22:00.000Z","end":"2023-10-24T19:23:00.000Z"},"country":"United Kingdom","OPM":4,"total_sales_volume":502.1099970340729,"rate_of_return":0.0}
{"window":{"start":"2023-10-28T01:19:00.000Z","end":"2023-10-28T01:20:00.000Z"},"country":"EIRE","OPM":1,"total_sales_volume":74.4600019454956,"rate_of_return":0.0}
{"window":{"start":"2023-10-24T01:27:00.000Z","end":"2023-10-24T01:28:00.000Z"},"country":"Switzerland","OPM":1,"total_sales_volume":25.210000038146973,"rate_of_return":0.0}
