{"window":{"start":"2023-10-24T22:39:00.000Z","end":"2023-10-24T22:40:00.000Z"},"country":"United Kingdom","OPM":10,"total_sales_volume":793.6400080025196,"rate_of_return":0.0}
{"window":{"start":"2023-10-26T15:55:00.000Z","end":"2023-10-26T15:56:00.000Z"},"country":"United Kingdom","OPM":8,"total_sales_volume":392.4599996358156,"rate_of_return":0.125}
{"window":{"start":"2023-10-28T05:44:00.000Z","end":"2023-10-28T05:45:00.000Z"},"country":"Switzerland","OPM":1,"total_sales_volume":48.44999861717224,"rate_of_return":0.0}
{"window":{"start":"2023-10-26T11:49:00.000Z","end":"2023-10-26T11:50:00.000Z"},"country":"United Kingdom","OPM":8,"total_sales_volume":217.6199986934662,"rate_of_return":0.125}
{"window":{"start":"2023-10-23T17:19:00.000Z","end":"2023-10-23T17:20:00.000Z"},"country":"Poland","OPM":1,"total_sales_volume":543.0499992370605,"rate_of_return":0.0}
{"window":{"start":"2023-10-28T05:35:00.000Z","end":"2023-10-28T05:36:00.000Z"},"country":"United Kingdom","OPM":6,"total_sales_volume":281.819999396801,"rate_of_return":0.0}
{"window":{"start":"2023-10-24T07:46:00.000Z","end":"2023-10-24T07:47:00.000Z"},"country":"Unspecified","OPM":1,"total_sales_volume":4.130000114440918,"rate_of_return":0.0}
{"window":{"start":"2023-10-26T03:38:00.000Z","end":"2023-10-26T03:39:00.000Z"},"country":"United Kingdom","OPM":9,"total_sales_volume":1871.710020005703,"rate_of_return":0.0}
{"window":{"start":"2023-10-24T23:30:00.000Z","end":"2023-10-24T23:31:00.000Z"},"country":"Spain","OPM":1,"total_sales_volume":44.99999976158142,"rate_of_return":0.0}
{"window":{"start":"2023-10-26T23:20:00.000Z","end":"2023-10-26T23:21:00.000Z"},"country":"Germany","OPM":1,"total_sales_volume":-265.45999825000763,"rate_of_return":1.0}
{"window":{"start":"2023-10-25T16:00:00.000Z","end":"2023-10-25T16:01:00.000Z"},"country":"Spain","OPM":1,"total_sales_volume":19.190000534057617,"rate_of_return":0.0}
{"window":{"start":"2023-10-24T10:57:00.000Z","end":"2023-10-24T10:58:00.000Z"},"country":"United Kingdom","OPM":7,"total_sales_volume":387.1299957931042,"rate_of_return":0.0}
{"window":{"start":"2023-10-27T20:39:00.000Z","end":"2023-10-27T20:40:00.000Z"},"country":"United Kingdom","OPM":7,"total_sales_volume":249.8399965763092,"rate_of_return":0.14285714285714285}
{"window":{"start":"2023-10-27T00:55:00.000Z","end":"2023-10-27T00:56:00.000Z"},"country":"United Kingdom","OPM":11,"total_sales_volume":994.4599993228912,"rate_of_return":0.09090909090909091}
{"window":{"start":"2023-10-26T09:10:00.000Z","end":"2023-10-26T09:11:00.000Z"},"country":"United Kingdom","OPM":5,"total_sales_volume":71.39999979734421,"rate_of_return":0.2}
{"window":{"start":"2023-10-27T04:31:00.000Z","end":"2023-10-27T04:32:00.000Z"},"country":"United Kingdom","OPM":10,"total_sales_volume":677.6299948692322,"rate_of_return":0.1}
{"window":{"start":"2023-10-24T07:07:00.000Z","end":"2023-10-24T07:08:00.000Z"},"country":"United Kingdom","OPM":9,"total_sales_volume":691.2400010824203,"rate_of_return":0.0}
{"window":{"start":"2023-10-26T02:04:00.000Z","end":"2023-10-26T02:05:00.000Z"},"country":"EIRE","OPM":1,"total_sales_volume":17.880000114440918,"rate_of_return":0.0}
{"window":{"start":"2023-10-25T03:45:00.000Z","end":"2023-10-25T03:46:00.000Z"},"country":"United Kingdom","OPM":8,"total_sales_volume":340.76999908685684,"rate_of_return":0.0}
{"window":{"start":"2023-10-25T10:45:00.000Z","end":"2023-10-25T10:46:00.000Z"},"country":"Switzerland","OPM":1,"total_sales_volume":17.40000057220459,"rate_of_return":0.0}
{"window":{"start":"2023-10-25T03:54:00.000Z","end":"2023-10-25T03:55:00.000Z"},"country":"United Kingdom","OPM":8,"total_sales_volume":301.5100020170212,"rate_of_return":0.0}
{"window":{"start":"2023-10-25T11:09:00.000Z","end":"2023-10-25T11:10:00.000Z"},"country":"France","OPM":1,"total_sales_volume":72.1500016450882,"rate_of_return":0.0}
{"window":{"start":"2023-10-26T22:14:00.000Z","end":"2023-10-26T22:15:00.000Z"},"country":"EIRE","OPM":1,"total_sales_volume":30.949999570846558,"rate_of_return":0.0}
{"window":{"start":"2023-10-26T10:36:00.000Z","end":"2023-10-26T10:37:00.000Z"},"country":"EIRE","OPM":1,"total_sales_volume":8.329999923706055,"rate_of_return":0.0}
{"window":{"start":"2023-10-25T23:24:00.000Z","end":"2023-10-25T23:25:00.000Z"},"country":"United Kingdom","OPM":10,"total_sales_volume":569.4599958658218,"rate_of_return":0.0}
{"window":{"start":"2023-10-25T10:00:00.000Z","end":"2023-10-25T10:01:00.000Z"},"country":"United Kingdom","OPM":4,"total_sales_volume":93.02000004053116,"rate_of_return":0.0}
{"window":{"start":"2023-10-26T16:54:00.000Z","end":"2023-10-26T16:55:00.000Z"},"country":"United Kingdom","OPM":10,"total_sales_volume":2354.529955148697,"rate_of_return":0.0}
{"window":{"start":"2023-10-23T13:39:00.000Z","end":"2023-10-23T13:40:00.000Z"},"country":"United Kingdom","OPM":7,"total_sales_volume":220.64999917149544,"rate_of_return":0.2857142857142857}
{"window":{"start":"2023-10-23T23:19:00.000Z","end":"2023-10-23T23:20:00.000Z"},"country":"Sweden","OPM":1,"total_sales_volume":34.0,"rate_of_return":0.0}
{"window":{"start":"2023-10-26T06:20:00.000Z","end":"2023-10-26T06:21:00.000Z"},"country":"United Kingdom","OPM":6,"total_sales_volume":216.27999866008759,"rate_of_return":0.0}
{"window":{"start":"2023-10-25T03:16:00.000Z","end":"2023-10-25T03:17:00.000Z"},"country":"United Kingdom","OPM":9,"total_sales_volume":919.0600124895573,"rate_of_return":0.0}
{"window":{"start":"2023-10-26T08:48:00.000Z","end":"2023-10-26T08:49:00.000Z"},"country":"United Kingdom","OPM":5,"total_sales_volume":228.94000348448753,"rate_of_return":0.2}
{"window":{"start":"2023-10-26T17:26:00.000Z","end":"2023-10-26T17:27:00.000Z"},"country":"RSA","OPM":1,"total_sales_volume":-75.06999975442886,"rate_of_return":1.0}
{"window":{"start":"2023-10-25T12:52:00.000Z","end":"2023-10-25T12:53:00.000Z"},"country":"United Kingdom","OPM":13,"total_sales_volume":590.5500000417233,"rate_of_return":0.0}
{"window":{"start":"2023-10-27T20:29:00.000Z","end":"2023-10-27T20:30:00.000Z"},"country":"Germany","OPM":1,"total_sales_volume":6.599999904632568,"rate_of_return":0.0}
{"window":{"start":"2023-10-24T14:17:00.000Z","end":"2023-10-24T14:18:00.000Z"},"country":"Netherlands","OPM":1,"total_sales_volume":10.600000023841858,"rate_of_return":0.0}
{"window":{"start":"2023-10-28T00:10:00.000Z","end":"2023-10-28T00:11:00.000Z"},"country":"United Kingdom","OPM":8,"total_sales_volume":848.999988079071,"rate_of_return":0.0}
{"window":{"start":"2023-10-28T01:53:00.000Z","end":"2023-10-28T01:54:00.000Z"},"country":"United Kingdom","OPM":8,"total_sales_volume":566.3599985837936,"rate_of_return":0.0}
{"window":{"start":"2023-10-25T23:35:00.000Z","end":"2023-10-25T23:36:00.000Z"},"country":"Belgium","OPM":1,"total_sales_volume":24.649999976158142,"rate_of_return":0.0}
{"window":{"start":"2023-10-26T10:26:00.000Z","end":"2023-10-26T10:27:00.000Z"},"country":"Switzerland","OPM":1,"total_sales_volume":3.75,"rate_of_return":0.0}
{"window":{"start":"2023-10-24T09:38:00.000Z","end":"2023-10-24T09:39:00.000Z"},"country":"France","OPM":1,"total_sales_volume":0.8299999833106995,"rate_of_return":0.0}
{"window":{"start":"2023-10-28T01:14:00.000Z","end":"2023-10-28T01:15:00.000Z"},"country":"Germany","OPM":1,"total_sales_volume":39.599998474121094,"rate_of_return":0.0}
{"window":{"start":"2023-10-25T19:58:00.000Z","end":"2023-10-25T19:59:00.000Z"},"country":"United Kingdom","OPM":6,"total_sales_volume":130.1900031864643,"rate_of_return":0.16666666666666666}
{"window":{"start":"2023-10-26T11:29:00.000Z","end":"2023-10-26T11:30:00.000Z"},"country":"Greece","OPM":1,"total_sales_volume":24.929999113082886,"rate_of_return":0.0}
{"window":{"start":"2023-10-26T05:43:00.000Z","end":"2023-10-26T05:44:00.000Z"},"country":"EIRE","OPM":1,"total_sales_volume":27.0,"rate_of_return":0.0}
{"window":{"start":"2023-10-27T15:53:00.000Z","end":"2023-10-27T15:54:00.000Z"},"country":"Spain","OPM":1,"total_sales_volume":-20.219999700784683,"rate_of_return":1.0}
{"window":{"start":"2023-10-26T20:02:00.000Z","end":"2023-10-26T20:03:00.000Z"},"country":"France","OPM":1,"total_sales_volume":22.950000047683716,"rate_of_return":0.0}
{"window":{"start":"2023-10-24T11:14:00.000Z","end":"2023-10-24T11:15:00.000Z"},"country":"Cyprus","OPM":1,"total_sales_volume":24.149999856948853,"rate_of_return":0.0}
{"window":{"start":"2023-10-25T13:14:00.000Z","end":"2023-10-25T13:15:00.000Z"},"country":"United Kingdom","OPM":6,"total_sales_volume":473.98000298440456,"rate_of_return":0.0}
{"window":{"start":"2023-10-25T22:47:00.000Z","end":"2023-10-25T22:48:00.000Z"},"country":"Germany","OPM":1,"total_sales_volume":7.949999809265137,"rate_of_return":0.0}
{"window":{"start":"2023-10-27T19:39:00.000Z","end":"2023-10-27T19:40:00.000Z"},"country":"EIRE","OPM":1,"total_sales_volume":473.8999972343445,"rate_of_return":0.0}
{"window":{"start":"2023-10-24T18:46:00.000Z","end":"2023-10-24T18:47:00.000Z"},"country":"United Kingdom","OPM":5,"total_sales_volume":374.229995906353,"rate_of_return":0.0}
