{"window":{"start":"2023-10-24T07:17:00.000Z","end":"2023-10-24T07:18:00.000Z"},"country":"United Kingdom","OPM":11,"total_sales_volume":379.19999969005585,"rate_of_return":0.0}
{"window":{"start":"2023-10-23T17:11:00.000Z","end":"2023-10-23T17:12:00.000Z"},"country":"United Kingdom","OPM":5,"total_sales_volume":282.56000062823296,"rate_of_return":0.2}
{"window":{"start":"2023-10-25T01:53:00.000Z","end":"2023-10-25T01:54:00.000Z"},"country":"United Kingdom","OPM":12,"total_sales_volume":454.62999880313873,"rate_of_return":0.08333333333333333}
{"window":{"start":"2023-10-27T10:06:00.000Z","end":"2023-10-27T10:07:00.000Z"},"country":"United Kingdom","OPM":4,"total_sales_volume":144.42999792099,"rate_of_return":0.0}
{"window":{"start":"2023-10-27T00:02:00.000Z","end":"2023-10-27T00:03:00.000Z"},"country":"United Kingdom","OPM":4,"total_sales_volume":349.9900014102459,"rate_of_return":0.0}
{"window":{"start":"2023-10-23T14:21:00.000Z","end":"2023-10-23T14:22:00.000Z"},"country":"France","OPM":1,"total_sales_volume":0.8500000238418579,"rate_of_return":0.0}
{"window":{"start":"2023-10-27T23:29:00.000Z","end":"2023-10-27T23:30:00.000Z"},"country":"United Kingdom","OPM":16,"total_sales_volume":415.2899981737137,"rate_of_return":0.0}
{"window":{"start":"2023-10-28T01:55:00.000Z","end":"2023-10-28T01:56:00.000Z"},"country":"USA","OPM":1,"total_sales_volume":46.929999351501465,"rate_of_return":0.0}
{"window":{"start":"2023-10-27T16:57:00.000Z","end":"2023-10-27T16:58:00.000Z"},"country":"United Kingdom","OPM":10,"total_sales_volume":892.1899916827679,"rate_of_return":0.0}
{"window":{"start":"2023-10-24T13:08:00.000Z","end":"2023-10-24T13:09:00.000Z"},"country":"United Kingdom","OPM":15,"total_sales_volume":778.8499954640865,"rate_of_return":0.13333333333333333}
{"window":{"start":"2023-10-24T11:09:00.000Z","end":"2023-10-24T11:10:00.000Z"},"country":"Germany","OPM":1,"total_sales_volume":29.089999616146088,"rate_of_return":0.0}
{"window":{"start":"2023-10-26T01:37:00.000Z","end":"2023-10-26T01:38:00.000Z"},"country":"United Kingdom","OPM":14,"total_sales_volume":2471.9300041496754,"rate_of_return":0.0}
{"window":{"start":"2023-10-23T22:31:00.000Z","end":"2023-10-23T22:32:00.000Z"},"country":"United Kingdom","OPM":10,"total_sales_volume":393.9099976718426,"rate_of_return":0.0}
{"window":{"start":"2023-10-27T23:15:00.000Z","end":"2023-10-27T23:16:00.000Z"},"country":"United Kingdom","OPM":13,"total_sales_volume":1229.0299942791462,"rate_of_return":0.0}
{"window":{"start":"2023-10-25T05:43:00.000Z","end":"2023-10-25T05:44:00.000Z"},"country":"United Kingdom","OPM":9,"total_sales_volume":250.01000103354454,"rate_of_return":0.0}
{"window":{"start":"2023-10-28T04:33:00.000Z","end":"2023-10-28T04:34:00.000Z"},"country":"Australia","OPM":1,"total_sales_volume":21.550000429153442,"rate_of_return":0.0}
{"window":{"start":"2023-10-25T01:04:00.000Z","end":"2023-10-25T01:05:00.000Z"},"country":"United Kingdom","OPM":8,"total_sales_volume":586.5199984312057,"rate_of_return":0.0}
{"window":{"start":"2023-10-24T11:13:00.000Z","end":"2023-10-24T11:14:00.000Z"},"country":"United Kingdom","OPM":9,"total_sales_volume":688.640004068613,"rate_of_return":0.0}
{"window":{"start":"2023-10-24T19:42:00.000Z","end":"2023-10-24T19:43:00.000Z"},"country":"France","OPM":1,"total_sales_volume":54.859999656677246,"rate_of_return":0.0}
{"window":{"start":"2023-10-27T14:11:00.000Z","end":"2023-10-27T14:12:00.000Z"},"country":"Germany","OPM":1,"total_sales_volume":161.50000190734863,"rate_of_return":0.0}
{"window":{"start":"2023-10-26T16:14:00.000Z","end":"2023-10-26T16:15:00.000Z"},"country":"Germany","OPM":1,"total_sales_volume":47.84000018239021,"rate_of_return":0.0}
{"window":{"start":"2023-10-25T21:35:00.000Z","end":"2023-10-25T21:36:00.000Z"},"country":"United Kingdom","OPM":7,"total_sales_volume":152.08999954164028,"rate_of_return":0.0}
{"window":{"start":"2023-10-25T09:21:00.000Z","end":"2023-10-25T09:22:00.000Z"},"country":"United Kingdom","OPM":11,"total_sales_volume":1831.6599925756454,"rate_of_return":0.0}
{"window":{"start":"2023-10-28T04:15:00.000Z","end":"2023-10-28T04:16:00.000Z"},"country":"United Kingdom","OPM":5,"total_sales_volume":578.8100104928017,"rate_of_return":0.0}
{"window":{"start":"2023-10-27T12:52:00.000Z","end":"2023-10-27T12:53:00.000Z"},"country":"United Kingdom","OPM":7,"total_sales_volume":353.87000101804733,"rate_of_return":0.0}
{"window":{"start":"2023-10-27T19:39:00.000Z","end":"2023-10-27T19:40:00.000Z"},"country":"Channel Islands","OPM":1,"total_sales_volume":12.910000085830688,"rate_of_return":0.0}
{"window":{"start":"2023-10-23T20:45:00.000Z","end":"2023-10-23T20:46:00.000Z"},"country":"Switzerland","OPM":1,"total_sales_volume":47.97999906539917,"rate_of_return":0.0}
{"window":{"start":"2023-10-28T02:43:00.000Z","end":"2023-10-28T02:44:00.000Z"},"country":"Finland","OPM":1,"total_sales_volume":21.40000009536743,"rate_of_return":0.0}
{"window":{"start":"2023-10-27T15:15:00.000Z","end":"2023-10-27T15:16:00.000Z"},"country":"Poland","OPM":1,"total_sales_volume":251.2400050163269,"rate_of_return":0.0}
{"window":{"start":"2023-10-24T14:00:00.000Z","end":"2023-10-24T14:01:00.000Z"},"country":"United Kingdom","OPM":17,"total_sales_volume":623.3599981963634,"rate_of_return":0.0}
{"window":{"start":"2023-10-28T02:10:00.000Z","end":"2023-10-28T02:11:00.000Z"},"country":"United Kingdom","OPM":8,"total_sales_volume":197.36999842524529,"rate_of_return":0.0}
{"window":{"start":"2023-10-26T19:39:00.000Z","end":"2023-10-26T19:40:00.000Z"},"country":"United Kingdom","OPM":6,"total_sales_volume":95.51999959349632,"rate_of_return":0.0}
{"window":{"start":"2023-10-25T06:31:00.000Z","end":"2023-10-25T06:32:00.000Z"},"country":"Germany","OPM":1,"total_sales_volume":339.359995752573,"rate_of_return":0.0}
{"window":{"start":"2023-10-26T19:08:00.000Z","end":"2023-10-26T19:09:00.000Z"},"country":"France","OPM":1,"total_sales_volume":2.4600000381469727,"rate_of_return":0.0}
{"window":{"start":"2023-10-24T09:52:00.000Z","end":"2023-10-24T09:53:00.000Z"},"country":"Germany","OPM":1,"total_sales_volume":36.59999942779541,"rate_of_return":0.0}
{"window":{"start":"2023-10-25T16:41:00.000Z","end":"2023-10-25T16:42:00.000Z"},"country":"United Kingdom","OPM":13,"total_sales_volume":1542.9399907886982,"rate_of_return":0.0}
{"window":{"start":"2023-10-24T09:43:00.000Z","end":"2023-10-24T09:44:00.000Z"},"country":"Hong Kong","OPM":1,"total_sales_volume":63.84999871253967,"rate_of_return":0.0}
{"window":{"start":"2023-10-23T23:39:00.000Z","end":"2023-10-23T23:40:00.000Z"},"country":"United Kingdom","OPM":13,"total_sales_volume":1087.4600019156933,"rate_of_return":0.07692307692307693}
{"window":{"start":"2023-10-25T23:25:00.000Z","end":"2023-10-25T23:26:00.000Z"},"country":"Norway","OPM":1,"total_sales_volume":19.049999713897705,"rate_of_return":0.0}
{"window":{"start":"2023-10-27T23:18:00.000Z","end":"2023-10-27T23:19:00.000Z"},"country":"Germany","OPM":1,"total_sales_volume":35.54999911785126,"rate_of_return":0.0}
{"window":{"start":"2023-10-25T00:32:00.000Z","end":"2023-10-25T00:33:00.000Z"},"country":"United Kingdom","OPM":10,"total_sales_volume":360.9299961924553,"rate_of_return":0.0}
{"window":{"start":"2023-10-25T01:23:00.000Z","end":"2023-10-25T01:24:00.000Z"},"country":"United Kingdom","OPM":2,"total_sales_volume":148.6799996495247,"rate_of_return":0.0}
{"window":{"start":"2023-10-26T15:37:00.000Z","end":"2023-10-26T15:38:00.000Z"},"country":"United Kingdom","OPM":16,"total_sales_volume":1611.5300081968307,"rate_of_return":0.0625}
{"window":{"start":"2023-10-26T07:50:00.000Z","end":"2023-10-26T07:51:00.000Z"},"country":"France","OPM":1,"total_sales_volume":-119.79999881982803,"rate_of_return":1.0}
{"window":{"start":"2023-10-23T18:21:00.000Z","end":"2023-10-23T18:22:00.000Z"},"country":"United Kingdom","OPM":13,"total_sales_volume":640.720000654459,"rate_of_return":0.0}
{"window":{"start":"2023-10-26T12:13:00.000Z","end":"2023-10-26T12:14:00.000Z"},"country":"Belgium","OPM":1,"total_sales_volume":47.950000286102295,"rate_of_return":0.0}
{"window":{"start":"2023-10-26T22:44:00.000Z","end":"2023-10-26T22:45:00.000Z"},"country":"Belgium","OPM":1,"total_sales_volume":31.299998998641968,"rate_of_return":0.0}
{"window":{"start":"2023-10-27T17:02:00.000Z","end":"2023-10-27T17:03:00.000Z"},"country":"United Kingdom","OPM":8,"total_sales_volume":1796.3199700713158,"rate_of_return":0.0}
{"window":{"start":"2023-10-26T20:11:00.000Z","end":"2023-10-26T20:12:00.000Z"},"country":"Germany","OPM":1,"total_sales_volume":51.600000500679016,"rate_of_return":0.0}
{"window":{"start":"2023-10-23T19:22:00.000Z","end":"2023-10-23T19:23:00.000Z"},"country":"EIRE","OPM":1,"total_sales_volume":58.299999952316284,"rate_of_return":0.0}
{"window":{"start":"2023-10-24T23:54:00.000Z","end":"2023-10-24T23:55:00.000Z"},"country":"Germany","OPM":1,"total_sales_volume":-17.59999966621399,"rate_of_return":1.0}
{"window":{"start":"2023-10-26T08:56:00.000Z","end":"2023-10-26T08:57:00.000Z"},"country":"Israel","OPM":1,"total_sales_volume":212.9499921798706,"rate_of_return":0.0}
{"window":{"start":"2023-10-24T18:27:00.000Z","end":"2023-10-24T18:28:00.000Z"},"country":"United Kingdom","OPM":15,"total_sales_volume":2790.8499940931797,"rate_of_return":0.06666666666666667}
{"window":{"start":"2023-10-25T22:14:00.000Z","end":"2023-10-25T22:15:00.000Z"},"country":"Norway","OPM":1,"total_sales_volume":26.030000686645508,"rate_of_return":0.0}
{"window":{"start":"2023-10-24T16:28:00.000Z","end":"2023-10-24T16:29:00.000Z"},"country":"Belgium","OPM":1,"total_sales_volume":3.950000047683716,"rate_of_return":0.0}
{"window":{"start":"2023-10-24T03:59:00.000Z","end":"2023-10-24T04:00:00.000Z"},"country":"United Kingdom","OPM":14,"total_sales_volume":1006.0600017607212,"rate_of_return":0.07142857142857142}
{"window":{"start":"2023-10-26T19:09:00.000Z","end":"2023-10-26T19:10:00.000Z"},"country":"Austria","OPM":1,"total_sales_volume":6.299999713897705,"rate_of_return":0.0}
{"window":{"start":"2023-10-27T00:25:00.000Z","end":"2023-10-27T00:26:00.000Z"},"country":"United Kingdom","OPM":14,"total_sales_volume":729.0299962162971,"rate_of_return":0.0}
{"window":{"start":"2023-10-25T22:10:00.000Z","end":"2023-10-25T22:11:00.000Z"},"country":"United Kingdom","OPM":10,"total_sales_volume":642.7099956274033,"rate_of_return":0.0}
{"window":{"start":"2023-10-24T01:27:00.000Z","end":"2023-10-24T01:28:00.000Z"},"country":"France","OPM":1,"total_sales_volume":231.45000076293945,"rate_of_return":0.0}
{"window":{"start":"2023-10-26T13:52:00.000Z","end":"2023-10-26T13:53:00.000Z"},"country":"Italy","OPM":1,"total_sales_volume":43.90999889373779,"rate_of_return":0.0}
{"window":{"start":"2023-10-25T23:19:00.000Z","end":"2023-10-25T23:20:00.000Z"},"country":"Germany","OPM":1,"total_sales_volume":23.12999975681305,"rate_of_return":0.0}
{"window":{"start":"2023-10-28T02:22:00.000Z","end":"2023-10-28T02:23:00.000Z"},"country":"Germany","OPM":1,"total_sales_volume":5.949999809265137,"rate_of_return":0.0}
{"window":{"start":"2023-10-28T05:43:00.000Z","end":"2023-10-28T05:44:00.000Z"},"country":"Belgium","OPM":1,"total_sales_volume":15.09000015258789,"rate_of_return":0.0}
{"window":{"start":"2023-10-25T16:31:00.000Z","end":"2023-10-25T16:32:00.000Z"},"country":"United Kingdom","OPM":10,"total_sales_volume":162.48999771475792,"rate_of_return":0.1}
{"window":{"start":"2023-10-25T00:38:00.000Z","end":"2023-10-25T00:39:00.000Z"},"country":"Switzerland","OPM":1,"total_sales_volume":101.34000205993652,"rate_of_return":0.0}
