{"window":{"start":"2023-10-25T16:58:00.000Z","end":"2023-10-25T16:59:00.000Z"},"country":"Germany","OPM":1,"total_sales_volume":12.300000190734863,"rate_of_return":0.0}
{"window":{"start":"2023-10-26T00:07:00.000Z","end":"2023-10-26T00:08:00.000Z"},"country":"Germany","OPM":3,"total_sales_volume":107.46000075340271,"rate_of_return":0.3333333333333333}
{"window":{"start":"2023-10-23T15:30:00.000Z","end":"2023-10-23T15:31:00.000Z"},"country":"United Kingdom","OPM":11,"total_sales_volume":206.63999581336975,"rate_of_return":0.09090909090909091}
{"window":{"start":"2023-10-24T19:56:00.000Z","end":"2023-10-24T19:57:00.000Z"},"country":"EIRE","OPM":1,"total_sales_volume":20.999999344348907,"rate_of_return":0.0}
{"window":{"start":"2023-10-27T03:38:00.000Z","end":"2023-10-27T03:39:00.000Z"},"country":"Belgium","OPM":1,"total_sales_volume":53.44000071287155,"rate_of_return":0.0}
{"window":{"start":"2023-10-27T18:45:00.000Z","end":"2023-10-27T18:46:00.000Z"},"country":"Netherlands","OPM":1,"total_sales_volume":41.439998745918274,"rate_of_return":0.0}
{"window":{"start":"2023-10-28T03:20:00.000Z","end":"2023-10-28T03:21:00.000Z"},"country":"United Kingdom","OPM":3,"total_sales_volume":-11.35000067949295,"rate_of_return":0.3333333333333333}
{"window":{"start":"2023-10-26T15:10:00.000Z","end":"2023-10-26T15:11:00.000Z"},"country":"USA","OPM":1,"total_sales_volume":27.149999618530273,"rate_of_return":0.0}
{"window":{"start":"2023-10-28T02:23:00.000Z","end":"2023-10-28T02:24:00.000Z"},"country":"EIRE","OPM":1,"total_sales_volume":22.81999957561493,"rate_of_return":0.0}
{"window":{"start":"2023-10-27T14:04:00.000Z","end":"2023-10-27T14:05:00.000Z"},"country":"Germany","OPM":1,"total_sales_volume":22.200000286102295,"rate_of_return":0.0}
{"window":{"start":"2023-10-26T17:32:00.000Z","end":"2023-10-26T17:33:00.000Z"},"country":"United Kingdom","OPM":7,"total_sales_volume":135.38999819755554,"rate_of_return":0.14285714285714285}
{"window":{"start":"2023-10-23T18:43:00.000Z","end":"2023-10-23T18:44:00.000Z"},"country":"Germany","OPM":1,"total_sales_volume":34.81999969482422,"rate_of_return":0.0}
{"window":{"start":"2023-10-23T23:12:00.000Z","end":"2023-10-23T23:13:00.000Z"},"country":"Spain","OPM":1,"total_sales_volume":27.69999933242798,"rate_of_return":0.0}
{"window":{"start":"2023-10-26T22:19:00.000Z","end":"2023-10-26T22:20:00.000Z"},"country":"France","OPM":1,"total_sales_volume":8.31000018119812,"rate_of_return":0.0}
{"window":{"start":"2023-10-28T02:43:00.000Z","end":"2023-10-28T02:44:00.000Z"},"country":"EIRE","OPM":1,"total_sales_volume":30.44999998807907,"rate_of_return":0.0}
{"window":{"start":"2023-10-26T03:14:00.000Z","end":"2023-10-26T03:15:00.000Z"},"country":"United Kingdom","OPM":9,"total_sales_volume":567.4500027894974,"rate_of_return":0.1111111111111111}
{"window":{"start":"2023-10-24T12:29:00.000Z","end":"2023-10-24T12:30:00.000Z"},"country":"Spain","OPM":1,"total_sales_volume":116.22999966144562,"rate_of_return":0.0}
{"window":{"start":"2023-10-26T09:12:00.000Z","end":"2023-10-26T09:13:00.000Z"},"country":"United Kingdom","OPM":9,"total_sales_volume":287.52999714016914,"rate_of_return":0.2222222222222222}
{"window":{"start":"2023-10-25T05:35:00.000Z","end":"2023-10-25T05:36:00.000Z"},"country":"Belgium","OPM":1,"total_sales_volume":53.10999894142151,"rate_of_return":0.0}
{"window":{"start":"2023-10-26T14:57:00.000Z","end":"2023-10-26T14:58:00.000Z"},"country":"EIRE","OPM":1,"total_sales_volume":2.950000047683716,"rate_of_return":0.0}
{"window":{"start":"2023-10-26T19:44:00.000Z","end":"2023-10-26T19:45:00.000Z"},"country":"United Kingdom","OPM":6,"total_sales_volume":291.069999396801,"rate_of_return":0.0}
{"window":{"start":"2023-10-26T21:41:00.000Z","end":"2023-10-26T21:42:00.000Z"},"country":"United Kingdom","OPM":4,"total_sales_volume":67.73000144958496,"rate_of_return":0.25}
{"window":{"start":"2023-10-25T11:29:00.000Z","end":"2023-10-25T11:30:00.000Z"},"country":"United Kingdom","OPM":12,"total_sales_volume":530.800000578165,"rate_of_return":0.0}
{"window":{"start":"2023-10-26T12:51:00.000Z","end":"2023-10-26T12:52:00.000Z"},"country":"Germany","OPM":2,"total_sales_volume":59.29999968409538,"rate_of_return":0.0}
{"window":{"start":"2023-10-26T03:50:00.000Z","end":"2023-10-26T03:51:00.000Z"},"country":"United Kingdom","OPM":5,"total_sales_volume":151.28000044822693,"rate_of_return":0.0}
{"window":{"start":"2023-10-23T20:44:00.000Z","end":"2023-10-23T20:45:00.000Z"},"country":"United Kingdom","OPM":17,"total_sales_volume":991.1599954366684,"rate_of_return":0.0}
{"window":{"start":"2023-10-27T17:50:00.000Z","end":"2023-10-27T17:51:00.000Z"},"country":"United Kingdom","OPM":10,"total_sales_volume":1307.3499672412872,"rate_of_return":0.0}
{"window":{"start":"2023-10-24T18:51:00.000Z","end":"2023-10-24T18:52:00.000Z"},"country":"United Kingdom","OPM":13,"total_sales_volume":783.3199895620346,"rate_of_return":0.07692307692307693}
{"window":{"start":"2023-10-24T09:41:00.000Z","end":"2023-10-24T09:42:00.000Z"},"country":"United Kingdom","OPM":9,"total_sales_volume":326.5899983048439,"rate_of_return":0.1111111111111111}
{"window":{"start":"2023-10-28T02:19:00.000Z","end":"2023-10-28T02:20:00.000Z"},"country":"United Kingdom","OPM":14,"total_sales_volume":991.800005197525,"rate_of_return":0.0}
{"window":{"start":"2023-10-25T23:41:00.000Z","end":"2023-10-25T23:42:00.000Z"},"country":"United Kingdom","OPM":7,"total_sales_volume":640.54998716712,"rate_of_return":0.0}
{"window":{"start":"2023-10-24T06:10:00.000Z","end":"2023-10-24T06:11:00.000Z"},"country":"Finland","OPM":1,"total_sales_volume":20.660000205039978,"rate_of_return":0.0}
{"window":{"start":"2023-10-25T06:11:00.000Z","end":"2023-10-25T06:12:00.000Z"},"country":"Germany","OPM":2,"total_sales_volume":124.92999869585037,"rate_of_return":0.0}
{"window":{"start":"2023-10-24T13:43:00.000Z","end":"2023-10-24T13:44:00.000Z"},"country":"United Kingdom","OPM":12,"total_sales_volume":506.7299982011318,"rate_of_return":0.08333333333333333}
{"window":{"start":"2023-10-27T09:18:00.000Z","end":"2023-10-27T09:19:00.000Z"},"country":"United Kingdom","OPM":15,"total_sales_volume":1103.8199900090694,"rate_of_return":0.06666666666666667}
{"window":{"start":"2023-10-25T14:20:00.000Z","end":"2023-10-25T14:21:00.000Z"},"country":"United Kingdom","OPM":4,"total_sales_volume":2516.9399987459183,"rate_of_return":0.0}
{"window":{"start":"2023-10-25T15:59:00.000Z","end":"2023-10-25T16:00:00.000Z"},"country":"Germany","OPM":1,"total_sales_volume":75.89999747276306,"rate_of_return":0.0}
{"window":{"start":"2023-10-26T18:36:00.000Z","end":"2023-10-26T18:37:00.000Z"},"country":"Australia","OPM":1,"total_sales_volume":-172.8099980354309,"rate_of_return":1.0}
{"window":{"start":"2023-10-24T05:35:00.000Z","end":"2023-10-24T05:36:00.000Z"},"country":"United Kingdom","OPM":12,"total_sales_volume":1364.0699861943722,"rate_of_return":0.0}
{"window":{"start":"2023-10-27T16:27:00.000Z","end":"2023-10-27T16:28:00.000Z"},"country":"United Kingdom","OPM":10,"total_sales_volume":758.710003554821,"rate_of_return":0.0}
{"window":{"start":"2023-10-27T23:51:00.000Z","end":"2023-10-27T23:52:00.000Z"},"country":"France","OPM":1,"total_sales_volume":10.499999523162842,"rate_of_return":0.0}
{"window":{"start":"2023-10-25T01:18:00.000Z","end":"2023-10-25T01:19:00.000Z"},"country":"United Kingdom","OPM":14,"total_sales_volume":567.3599965572357,"rate_of_return":0.07142857142857142}
{"window":{"start":"2023-10-23T13:43:00.000Z","end":"2023-10-23T13:44:00.000Z"},"country":"France","OPM":1,"total_sales_volume":17.74999988079071,"rate_of_return":0.0}
{"window":{"start":"2023-10-27T09:40:00.000Z","end":"2023-10-27T09:41:00.000Z"},"country":"United Kingdom","OPM":10,"total_sales_volume":614.2399989962578,"rate_of_return":0.0}
{"window":{"start":"2023-10-27T16:21:00.000Z","end":"2023-10-27T16:22:00.000Z"},"country":"United Kingdom","OPM":15,"total_sales_volume":808.9200033545494,"rate_of_return":0.06666666666666667}
{"window":{"start":"2023-10-27T12:38:00.000Z","end":"2023-10-27T12:39:00.000Z"},"country":"United Kingdom","OPM":10,"total_sales_volume":960.7599895596504,"rate_of_return":0.0}
{"window":{"start":"2023-10-24T00:24:00.000Z","end":"2023-10-24T00:25:00.000Z"},"country":"United Kingdom","OPM":5,"total_sales_volume":414.9099967479706,"rate_of_return":0.0}
{"window":{"start":"2023-10-27T08:57:00.000Z","end":"2023-10-27T08:58:00.000Z"},"country":"Belgium","OPM":1,"total_sales_volume":5.739999830722809,"rate_of_return":0.0}
{"window":{"start":"2023-10-24T18:59:00.000Z","end":"2023-10-24T19:00:00.000Z"},"country":"United Kingdom","OPM":6,"total_sales_volume":-18.62000212073326,"rate_of_return":0.3333333333333333}
{"window":{"start":"2023-10-27T19:12:00.000Z","end":"2023-10-27T19:13:00.000Z"},"country":"United Kingdom","OPM":13,"total_sales_volume":417.70999589562416,"rate_of_return":0.0}
{"window":{"start":"2023-10-26T19:37:00.000Z","end":"2023-10-26T19:38:00.000Z"},"country":"EIRE","OPM":1,"total_sales_volume":22.160000264644623,"rate_of_return":0.0}
{"window":{"start":"2023-10-24T20:07:00.000Z","end":"2023-10-24T20:08:00.000Z"},"country":"Israel","OPM":1,"total_sales_volume":0.38999998569488525,"rate_of_return":0.0}
{"window":{"start":"2023-10-26T23:47:00.000Z","end":"2023-10-26T23:48:00.000Z"},"country":"EIRE","OPM":1,"total_sales_volume":12.959999710321426,"rate_of_return":0.0}
{"window":{"start":"2023-10-25T13:44:00.000Z","end":"2023-10-25T13:45:00.000Z"},"country":"United Kingdom","OPM":18,"total_sales_volume":1020.5499942600727,"rate_of_return":0.0}
{"window":{"start":"2023-10-26T16:17:00.000Z","end":"2023-10-26T16:18:00.000Z"},"country":"United Kingdom","OPM":8,"total_sales_volume":278.960000038147,"rate_of_return":0.0}
{"window":{"start":"2023-10-25T10:44:00.000Z","end":"2023-10-25T10:45:00.000Z"},"country":"United Kingdom","OPM":6,"total_sales_volume":507.59999948740005,"rate_of_return":0.0}
{"window":{"start":"2023-10-27T11:27:00.000Z","end":"2023-10-27T11:28:00.000Z"},"country":"EIRE","OPM":1,"total_sales_volume":49.34999966621399,"rate_of_return":0.0}
{"window":{"start":"2023-10-26T07:30:00.000Z","end":"2023-10-26T07:31:00.000Z"},"country":"United Kingdom","OPM":11,"total_sales_volume":269.80999806523323,"rate_of_return":0.0}
{"window":{"start":"2023-10-27T13:10:00.000Z","end":"2023-10-27T13:11:00.000Z"},"country":"Germany","OPM":1,"total_sales_volume":17.0,"rate_of_return":0.0}
{"window":{"start":"2023-10-25T02:37:00.000Z","end":"2023-10-25T02:38:00.000Z"},"country":"United Kingdom","OPM":11,"total_sales_volume":795.5900027155876,"rate_of_return":0.0}
{"window":{"start":"2023-10-25T15:03:00.000Z","end":"2023-10-25T15:04:00.000Z"},"country":"Netherlands","OPM":2,"total_sales_volume":88.1499992609024,"rate_of_return":0.0}
{"window":{"start":"2023-10-24T11:32:00.000Z","end":"2023-10-24T11:33:00.000Z"},"country":"United Kingdom","OPM":5,"total_sales_volume":193.9099999666214,"rate_of_return":0.0}
{"window":{"start":"2023-10-24T01:45:00.000Z","end":"2023-10-24T01:46:00.000Z"},"country":"United Kingdom","OPM":13,"total_sales_volume":1028.9099974632263,"rate_of_return":0.0}
{"window":{"start":"2023-10-27T01:09:00.000Z","end":"2023-10-27T01:10:00.000Z"},"country":"United Kingdom","OPM":2,"total_sales_volume":154.12999767065048,"rate_of_return":0.0}
