{"window":{"start":"2023-10-24T16:28:00.000Z","end":"2023-10-24T16:29:00.000Z"},"country":"United Kingdom","OPM":9,"total_sales_volume":623.459993749857,"rate_of_return":0.0}
{"window":{"start":"2023-10-27T03:53:00.000Z","end":"2023-10-27T03:54:00.000Z"},"country":"United Kingdom","OPM":4,"total_sales_volume":358.8600005507469,"rate_of_return":0.0}
{"window":{"start":"2023-10-23T20:19:00.000Z","end":"2023-10-23T20:20:00.000Z"},"country":"Germany","OPM":3,"total_sales_volume":640.6500000357628,"rate_of_return":0.0}
{"window":{"start":"2023-10-24T04:25:00.000Z","end":"2023-10-24T04:26:00.000Z"},"country":"Channel Islands","OPM":1,"total_sales_volume":182.02999997138977,"rate_of_return":0.0}
{"window":{"start":"2023-10-25T23:33:00.000Z","end":"2023-10-25T23:34:00.000Z"},"country":"Netherlands","OPM":1,"total_sales_volume":44.00000071525574,"rate_of_return":0.0}
{"window":{"start":"2023-10-27T02:48:00.000Z","end":"2023-10-27T02:49:00.000Z"},"country":"Netherlands","OPM":1,"total_sales_volume":1.659999966621399,"rate_of_return":0.0}
{"window":{"start":"2023-10-24T08:14:00.000Z","end":"2023-10-24T08:15:00.000Z"},"country":"United Kingdom","OPM":8,"total_sales_volume":426.1599967777729,"rate_of_return":0.0}
{"window":{"start":"2023-10-24T04:44:00.000Z","end":"2023-10-24T04:45:00.000Z"},"country":"United Kingdom","OPM":9,"total_sales_volume":336.5899982750416,"rate_of_return":0.0}
{"window":{"start":"2023-10-24T03:41:00.000Z","end":"2023-10-24T03:42:00.000Z"},"country":"Switzerland","OPM":1,"total_sales_volume":38.55000019073486,"rate_of_return":0.0}
{"window":{"start":"2023-10-24T11:44:00.000Z","end":"2023-10-24T11:45:00.000Z"},"country":"Switzerland","OPM":1,"total_sales_volume":418.99999219179153,"rate_of_return":0.0}
{"window":{"start":"2023-10-27T21:15:00.000Z","end":"2023-10-27T21:16:00.000Z"},"country":"Denmark","OPM":1,"total_sales_volume":4.21000000834465,"rate_of_return":0.0}
{"window":{"start":"2023-10-24T01:06:00.000Z","end":"2023-10-24T01:07:00.000Z"},"country":"France","OPM":1,"total_sales_volume":129.74999523162842,"rate_of_return":0.0}
{"window":{"start":"2023-10-23T18:49:00.000Z","end":"2023-10-23T18:50:00.000Z"},"country":"United Kingdom","OPM":12,"total_sales_volume":851.0700081884861,"rate_of_return":0.0}
{"window":{"start":"2023-10-25T21:10:00.000Z","end":"2023-10-25T21:11:00.000Z"},"country":"United Kingdom","OPM":8,"total_sales_volume":578.3400057554245,"rate_of_return":0.0}
{"window":{"start":"2023-10-25T18:33:00.000Z","end":"2023-10-25T18:34:00.000Z"},"country":"United Kingdom","OPM":12,"total_sales_volume":1754.780032902956,"rate_of_return":0.0}
{"window":{"start":"2023-10-26T00:40:00.000Z","end":"2023-10-26T00:41:00.000Z"},"country":"United Kingdom","OPM":6,"total_sales_volume":975.5800161957741,"rate_of_return":0.0}
{"window":{"start":"2023-10-25T20:00:00.000Z","end":"2023-10-25T20:01:00.000Z"},"country":"United Kingdom","OPM":5,"total_sales_volume":186.61999881267548,"rate_of_return":0.0}
{"window":{"start":"2023-10-24T03:42:00.000Z","end":"2023-10-24T03:43:00.000Z"},"country":"United Kingdom","OPM":13,"total_sales_volume":839.9099987447262,"rate_of_return":0.0}
{"window":{"start":"2023-10-24T23:51:00.000Z","end":"2023-10-24T23:52:00.000Z"},"country":"United Kingdom","OPM":7,"total_sales_volume":113.9199989438057,"rate_of_return":0.0}
{"window":{"start":"2023-10-25T09:46:00.000Z","end":"2023-10-25T09:47:00.000Z"},"country":"United Kingdom","OPM":7,"total_sales_volume":274.71999506652355,"rate_of_return":0.0}
{"window":{"start":"2023-10-25T04:35:00.000Z","end":"2023-10-25T04:36:00.000Z"},"country":"United Kingdom","OPM":5,"total_sales_volume":536.2399990558624,"rate_of_return":0.0}
{"window":{"start":"2023-10-23T18:31:00.000Z","end":"2023-10-23T18:32:00.000Z"},"country":"United Kingdom","OPM":10,"total_sales_volume":557.4099977910519,"rate_of_return":0.1}
{"window":{"start":"2023-10-26T20:34:00.000Z","end":"2023-10-26T20:35:00.000Z"},"country":"Germany","OPM":1,"total_sales_volume":1.25,"rate_of_return":0.0}
{"window":{"start":"2023-10-24T10:13:00.000Z","end":"2023-10-24T10:14:00.000Z"},"country":"United Kingdom","OPM":8,"total_sales_volume":340.6099967956543,"rate_of_return":0.0}
{"window":{"start":"2023-10-24T09:04:00.000Z","end":"2023-10-24T09:05:00.000Z"},"country":"United Kingdom","OPM":12,"total_sales_volume":1375.739977747202,"rate_of_return":0.08333333333333333}
{"window":{"start":"2023-10-27T05:35:00.000Z","end":"2023-10-27T05:36:00.000Z"},"country":"United Kingdom","OPM":12,"total_sales_volume":721.5899875760078,"rate_of_return":0.08333333333333333}
{"window":{"start":"2023-10-25T17:56:00.000Z","end":"2023-10-25T17:57:00.000Z"},"country":"United Kingdom","OPM":8,"total_sales_volume":342.9799908697605,"rate_of_return":0.125}
{"window":{"start":"2023-10-27T22:55:00.000Z","end":"2023-10-27T22:56:00.000Z"},"country":"Belgium","OPM":1,"total_sales_volume":9.599999785423279,"rate_of_return":0.0}
{"window":{"start":"2023-10-23T16:32:00.000Z","end":"2023-10-23T16:33:00.000Z"},"country":"Germany","OPM":1,"total_sales_volume":563.5799984931946,"rate_of_return":0.0}
{"window":{"start":"2023-10-28T04:08:00.000Z","end":"2023-10-28T04:09:00.000Z"},"country":"Switzerland","OPM":1,"total_sales_volume":42.5,"rate_of_return":0.0}
{"window":{"start":"2023-10-25T16:26:00.000Z","end":"2023-10-25T16:27:00.000Z"},"country":"United Kingdom","OPM":4,"total_sales_volume":420.3399988412857,"rate_of_return":0.0}
{"window":{"start":"2023-10-26T07:00:00.000Z","end":"2023-10-26T07:01:00.000Z"},"country":"United Kingdom","OPM":2,"total_sales_volume":325.38999927043915,"rate_of_return":0.0}
{"window":{"start":"2023-10-24T20:13:00.000Z","end":"2023-10-24T20:14:00.000Z"},"country":"EIRE","OPM":1,"total_sales_volume":17.309999465942383,"rate_of_return":0.0}
{"window":{"start":"2023-10-24T22:15:00.000Z","end":"2023-10-24T22:16:00.000Z"},"country":"Switzerland","OPM":1,"total_sales_volume":5.039999842643738,"rate_of_return":0.0}
{"window":{"start":"2023-10-27T23:38:00.000Z","end":"2023-10-27T23:39:00.000Z"},"country":"EIRE","OPM":1,"total_sales_volume":20.360000371932983,"rate_of_return":0.0}
{"window":{"start":"2023-10-24T21:20:00.000Z","end":"2023-10-24T21:21:00.000Z"},"country":"Germany","OPM":1,"total_sales_volume":305.9999942779541,"rate_of_return":0.0}
{"window":{"start":"2023-10-23T19:14:00.000Z","end":"2023-10-23T19:15:00.000Z"},"country":"EIRE","OPM":1,"total_sales_volume":31.950000047683716,"rate_of_return":0.0}
{"window":{"start":"2023-10-27T22:41:00.000Z","end":"2023-10-27T22:42:00.000Z"},"country":"United Kingdom","OPM":11,"total_sales_volume":353.8300002813339,"rate_of_return":0.0}
{"window":{"start":"2023-10-24T21:20:00.000Z","end":"2023-10-24T21:21:00.000Z"},"country":"United Kingdom","OPM":15,"total_sales_volume":329.199993878603,"rate_of_return":0.13333333333333333}
{"window":{"start":"2023-10-26T06:15:00.000Z","end":"2023-10-26T06:16:00.000Z"},"country":"United Kingdom","OPM":11,"total_sales_volume":517.5799976885319,"rate_of_return":0.0}
{"window":{"start":"2023-10-24T01:52:00.000Z","end":"2023-10-24T01:53:00.000Z"},"country":"United Kingdom","OPM":6,"total_sales_volume":112.76999914646149,"rate_of_return":0.0}
{"window":{"start":"2023-10-26T21:22:00.000Z","end":"2023-10-26T21:23:00.000Z"},"country":"United Kingdom","OPM":6,"total_sales_volume":199.01999974250793,"rate_of_return":0.0}
{"window":{"start":"2023-10-27T19:54:00.000Z","end":"2023-10-27T19:55:00.000Z"},"country":"United Kingdom","OPM":7,"total_sales_volume":172.810000538826,"rate_of_return":0.0}
{"window":{"start":"2023-10-27T21:07:00.000Z","end":"2023-10-27T21:08:00.000Z"},"country":"United Kingdom","OPM":6,"total_sales_volume":867.899983972311,"rate_of_return":0.0}
{"window":{"start":"2023-10-26T16:51:00.000Z","end":"2023-10-26T16:52:00.000Z"},"country":"France","OPM":3,"total_sales_volume":43.329998672008514,"rate_of_return":0.0}
{"window":{"start":"2023-10-27T08:07:00.000Z","end":"2023-10-27T08:08:00.000Z"},"country":"United Kingdom","OPM":4,"total_sales_volume":322.6099914908409,"rate_of_return":0.0}
{"window":{"start":"2023-10-26T04:51:00.000Z","end":"2023-10-26T04:52:00.000Z"},"country":"Australia","OPM":1,"total_sales_volume":-16.499999821186066,"rate_of_return":1.0}
{"window":{"start":"2023-10-23T22:27:00.000Z","end":"2023-10-23T22:28:00.000Z"},"country":"France","OPM":1,"total_sales_volume":22.499999523162842,"rate_of_return":0.0}
{"window":{"start":"2023-10-26T07:50:00.000Z","end":"2023-10-26T07:51:00.000Z"},"country":"United Kingdom","OPM":9,"total_sales_volume":515.1199969053268,"rate_of_return":0.0}
{"window":{"start":"2023-10-26T01:09:00.000Z","end":"2023-10-26T01:10:00.000Z"},"country":"United Kingdom","OPM":10,"total_sales_volume":516.9799998998642,"rate_of_return":0.1}
{"window":{"start":"2023-10-26T14:41:00.000Z","end":"2023-10-26T14:42:00.000Z"},"country":"France","OPM":1,"total_sales_volume":123.87999853491783,"rate_of_return":0.0}
{"window":{"start":"2023-10-24T08:00:00.000Z","end":"2023-10-24T08:01:00.000Z"},"country":"United Kingdom","OPM":13,"total_sales_volume":567.76999604702,"rate_of_return":0.15384615384615385}
{"window":{"start":"2023-10-28T05:20:00.000Z","end":"2023-10-28T05:21:00.000Z"},"country":"France","OPM":1,"total_sales_volume":35.03999999165535,"rate_of_return":0.0}
{"window":{"start":"2023-10-27T00:02:00.000Z","end":"2023-10-27T00:03:00.000Z"},"country":"Netherlands","OPM":1,"total_sales_volume":24.05000001192093,"rate_of_return":0.0}
{"window":{"start":"2023-10-23T23:25:00.000Z","end":"2023-10-23T23:26:00.000Z"},"country":"United Kingdom","OPM":9,"total_sales_volume":224.01999786496162,"rate_of_return":0.0}
{"window":{"start":"2023-10-28T02:01:00.000Z","end":"2023-10-28T02:02:00.000Z"},"country":"EIRE","OPM":1,"total_sales_volume":106.19999957084656,"rate_of_return":0.0}
{"window":{"start":"2023-10-25T19:56:00.000Z","end":"2023-10-25T19:57:00.000Z"},"country":"United Kingdom","OPM":9,"total_sales_volume":545.5099948048592,"rate_of_return":0.1111111111111111}
{"window":{"start":"2023-10-26T15:17:00.000Z","end":"2023-10-26T15:18:00.000Z"},"country":"EIRE","OPM":1,"total_sales_volume":72.49999785423279,"rate_of_return":0.0}
{"window":{"start":"2023-10-26T18:57:00.000Z","end":"2023-10-26T18:58:00.000Z"},"country":"United Kingdom","OPM":12,"total_sales_volume":603.4199916124344,"rate_of_return":0.08333333333333333}
{"window":{"start":"2023-10-24T16:31:00.000Z","end":"2023-10-24T16:32:00.000Z"},"country":"Portugal","OPM":1,"total_sales_volume":38.05999994277954,"rate_of_return":0.0}
{"window":{"start":"2023-10-26T01:46:00.000Z","end":"2023-10-26T01:47:00.000Z"},"country":"United Kingdom","OPM":15,"total_sales_volume":762.9500074982643,"rate_of_return":0.13333333333333333}
{"window":{"start":"2023-10-26T13:33:00.000Z","end":"2023-10-26T13:34:00.000Z"},"country":"United Kingdom","OPM":5,"total_sales_volume":116.64000105857849,"rate_of_return":0.0}
{"window":{"start":"2023-10-24T04:43:00.000Z","end":"2023-10-24T04:44:00.000Z"},"country":"Germany","OPM":1,"total_sales_volume":11.190000057220459,"rate_of_return":0.0}
{"window":{"start":"2023-10-28T03:04:00.000Z","end":"2023-10-28T03:05:00.000Z"},"country":"Belgium","OPM":1,"total_sales_volume":23.02999973297119,"rate_of_return":0.0}
{"window":{"start":"2023-10-24T11:24:00.000Z","end":"2023-10-24T11:25:00.000Z"},"country":"United Kingdom","OPM":6,"total_sales_volume":177.9299981892109,"rate_of_return":0.16666666666666666}
{"window":{"start":"2023-10-26T12:28:00.000Z","end":"2023-10-26T12:29:00.000Z"},"country":"United Kingdom","OPM":11,"total_sales_volume":381.02999940514565,"rate_of_return":0.09090909090909091}
{"window":{"start":"2023-10-27T04:49:00.000Z","end":"2023-10-27T04:50:00.000Z"},"country":"United Kingdom","OPM":9,"total_sales_volume":333.2099953889847,"rate_of_return":0.0}
