{"window":{"start":"2023-10-25T15:21:00.000Z","end":"2023-10-25T15:22:00.000Z"},"country":"United Kingdom","OPM":9,"total_sales_volume":505.22999519109726,"rate_of_return":0.1111111111111111}
{"window":{"start":"2023-10-25T02:48:00.000Z","end":"2023-10-25T02:49:00.000Z"},"country":"United Kingdom","OPM":10,"total_sales_volume":354.63999992609024,"rate_of_return":0.0}
{"window":{"start":"2023-10-25T16:37:00.000Z","end":"2023-10-25T16:38:00.000Z"},"country":"United Kingdom","OPM":8,"total_sales_volume":200.45999890565872,"rate_of_return":0.25}
{"window":{"start":"2023-10-28T04:23:00.000Z","end":"2023-10-28T04:24:00.000Z"},"country":"Australia","OPM":1,"total_sales_volume":4.199999809265137,"rate_of_return":0.0}
{"window":{"start":"2023-10-28T05:19:00.000Z","end":"2023-10-28T05:20:00.000Z"},"country":"EIRE","OPM":1,"total_sales_volume":4.199999809265137,"rate_of_return":0.0}
{"window":{"start":"2023-10-27T20:23:00.000Z","end":"2023-10-27T20:24:00.000Z"},"country":"United Kingdom","OPM":9,"total_sales_volume":389.2299960255623,"rate_of_return":0.0}
{"window":{"start":"2023-10-27T19:58:00.000Z","end":"2023-10-27T19:59:00.000Z"},"country":"United Kingdom","OPM":7,"total_sales_volume":373.6900007724762,"rate_of_return":0.0}
{"window":{"start":"2023-10-25T22:46:00.000Z","end":"2023-10-25T22:47:00.000Z"},"country":"Portugal","OPM":1,"total_sales_volume":60.04999828338623,"rate_of_return":0.0}
{"window":{"start":"2023-10-26T13:00:00.000Z","end":"2023-10-26T13:01:00.000Z"},"country":"United Kingdom","OPM":4,"total_sales_volume":446.9599955677986,"rate_of_return":0.0}
{"window":{"start":"2023-10-24T16:24:00.000Z","end":"2023-10-24T16:25:00.000Z"},"country":"United Kingdom","OPM":7,"total_sales_volume":249.93999853730202,"rate_of_return":0.0}
{"window":{"start":"2023-10-25T21:24:00.000Z","end":"2023-10-25T21:25:00.000Z"},"country":"Germany","OPM":1,"total_sales_volume":68.5799993276596,"rate_of_return":0.0}
{"window":{"start":"2023-10-25T04:01:00.000Z","end":"2023-10-25T04:02:00.000Z"},"country":"United Kingdom","OPM":7,"total_sales_volume":298.02999889850616,"rate_of_return":0.0}
{"window":{"start":"2023-10-27T08:45:00.000Z","end":"2023-10-27T08:46:00.000Z"},"country":"United Arab Emirates","OPM":1,"total_sales_volume":3.259999990463257,"rate_of_return":0.0}
{"window":{"start":"2023-10-25T22:17:00.000Z","end":"2023-10-25T22:18:00.000Z"},"country":"EIRE","OPM":1,"total_sales_volume":6.5,"rate_of_return":0.0}
{"window":{"start":"2023-10-23T17:09:00.000Z","end":"2023-10-23T17:10:00.000Z"},"country":"United Kingdom","OPM":9,"total_sales_volume":715.9999955296516,"rate_of_return":0.0}
{"window":{"start":"2023-10-24T17:20:00.000Z","end":"2023-10-24T17:21:00.000Z"},"country":"United Kingdom","OPM":15,"total_sales_volume":859.1599940657616,"rate_of_return":0.0}
{"window":{"start":"2023-10-25T07:06:00.000Z","end":"2023-10-25T07:07:00.000Z"},"country":"United Kingdom","OPM":8,"total_sales_volume":159.47999995946884,"rate_of_return":0.125}
{"window":{"start":"2023-10-24T05:09:00.000Z","end":"2023-10-24T05:10:00.000Z"},"country":"Norway","OPM":1,"total_sales_volume":29.84999942779541,"rate_of_return":0.0}
{"window":{"start":"2023-10-24T02:23:00.000Z","end":"2023-10-24T02:24:00.000Z"},"country":"United Kingdom","OPM":16,"total_sales_volume":575.8800002634525,"rate_of_return":0.0}
{"window":{"start":"2023-10-26T00:33:00.000Z","end":"2023-10-26T00:34:00.000Z"},"country":"United Kingdom","OPM":13,"total_sales_volume":1229.1199805438519,"rate_of_return":0.0}
{"window":{"start":"2023-10-27T02:21:00.000Z","end":"2023-10-27T02:22:00.000Z"},"country":"United Kingdom","OPM":14,"total_sales_volume":685.2099908292294,"rate_of_return":0.0}
{"window":{"start":"2023-10-24T11:11:00.000Z","end":"2023-10-24T11:12:00.000Z"},"country":"United Kingdom","OPM":7,"total_sales_volume":386.0900009870529,"rate_of_return":0.14285714285714285}
{"window":{"start":"2023-10-25T04:41:00.000Z","end":"2023-10-25T04:42:00.000Z"},"country":"United Kingdom","OPM":14,"total_sales_volume":794.3900015354156,"rate_of_return":0.0}
{"window":{"start":"2023-10-24T11:00:00.000Z","end":"2023-10-24T11:01:00.000Z"},"country":"EIRE","OPM":1,"total_sales_volume":-9.750000238418579,"rate_of_return":1.0}
{"window":{"start":"2023-10-25T05:38:00.000Z","end":"2023-10-25T05:39:00.000Z"},"country":"United Kingdom","OPM":10,"total_sales_volume":420.1099987626076,"rate_of_return":0.0}
{"window":{"start":"2023-10-24T22:56:00.000Z","end":"2023-10-24T22:57:00.000Z"},"country":"United Kingdom","OPM":9,"total_sales_volume":330.48000156879425,"rate_of_return":0.0}
{"window":{"start":"2023-10-23T16:58:00.000Z","end":"2023-10-23T16:59:00.000Z"},"country":"Germany","OPM":1,"total_sales_volume":49.91999816894531,"rate_of_return":0.0}
{"window":{"start":"2023-10-26T08:16:00.000Z","end":"2023-10-26T08:17:00.000Z"},"country":"Spain","OPM":1,"total_sales_volume":17.84999942779541,"rate_of_return":0.0}
{"window":{"start":"2023-10-23T16:22:00.000Z","end":"2023-10-23T16:23:00.000Z"},"country":"United Kingdom","OPM":9,"total_sales_volume":465.3400024473667,"rate_of_return":0.0}
{"window":{"start":"2023-10-28T02:42:00.000Z","end":"2023-10-28T02:43:00.000Z"},"country":"United Kingdom","OPM":9,"total_sales_volume":433.690000474453,"rate_of_return":0.0}
{"window":{"start":"2023-10-24T00:59:00.000Z","end":"2023-10-24T01:00:00.000Z"},"country":"France","OPM":1,"total_sales_volume":31.740000009536743,"rate_of_return":0.0}
{"window":{"start":"2023-10-23T12:22:00.000Z","end":"2023-10-23T12:23:00.000Z"},"country":"United Kingdom","OPM":14,"total_sales_volume":404.7099993824959,"rate_of_return":0.07142857142857142}
{"window":{"start":"2023-10-24T01:07:00.000Z","end":"2023-10-24T01:08:00.000Z"},"country":"United Kingdom","OPM":11,"total_sales_volume":892.4200016260147,"rate_of_return":0.0}
{"window":{"start":"2023-10-25T14:00:00.000Z","end":"2023-10-25T14:01:00.000Z"},"country":"France","OPM":1,"total_sales_volume":28.329999566078186,"rate_of_return":0.0}
{"window":{"start":"2023-10-26T13:08:00.000Z","end":"2023-10-26T13:09:00.000Z"},"country":"United Arab Emirates","OPM":1,"total_sales_volume":29.63999891281128,"rate_of_return":0.0}
{"window":{"start":"2023-10-25T17:53:00.000Z","end":"2023-10-25T17:54:00.000Z"},"country":"United Kingdom","OPM":12,"total_sales_volume":1036.7599614858627,"rate_of_return":0.08333333333333333}
{"window":{"start":"2023-10-25T14:26:00.000Z","end":"2023-10-25T14:27:00.000Z"},"country":"EIRE","OPM":1,"total_sales_volume":10.099999785423279,"rate_of_return":0.0}
{"window":{"start":"2023-10-27T08:43:00.000Z","end":"2023-10-27T08:44:00.000Z"},"country":"United Kingdom","OPM":9,"total_sales_volume":453.8299968242645,"rate_of_return":0.1111111111111111}
{"window":{"start":"2023-10-25T11:38:00.000Z","end":"2023-10-25T11:39:00.000Z"},"country":"United Kingdom","OPM":8,"total_sales_volume":495.7499922811985,"rate_of_return":0.0}
{"window":{"start":"2023-10-27T12:45:00.000Z","end":"2023-10-27T12:46:00.000Z"},"country":"United Kingdom","OPM":8,"total_sales_volume":813.5000004768372,"rate_of_return":0.0}
{"window":{"start":"2023-10-25T06:49:00.000Z","end":"2023-10-25T06:50:00.000Z"},"country":"United Kingdom","OPM":5,"total_sales_volume":69.37999978661537,"rate_of_return":0.0}
{"window":{"start":"2023-10-26T10:56:00.000Z","end":"2023-10-26T10:57:00.000Z"},"country":"United Kingdom","OPM":5,"total_sales_volume":400.4599987566471,"rate_of_return":0.0}
{"window":{"start":"2023-10-24T18:47:00.000Z","end":"2023-10-24T18:48:00.000Z"},"country":"United Kingdom","OPM":5,"total_sales_volume":345.63000133633614,"rate_of_return":0.0}
{"window":{"start":"2023-10-27T11:09:00.000Z","end":"2023-10-27T11:10:00.000Z"},"country":"United Kingdom","OPM":3,"total_sales_volume":139.59999936819077,"rate_of_return":0.0}
{"window":{"start":"2023-10-27T21:38:00.000Z","end":"2023-10-27T21:39:00.000Z"},"country":"Norway","OPM":1,"total_sales_volume":120.86999943852425,"rate_of_return":0.0}
{"window":{"start":"2023-10-24T15:33:00.000Z","end":"2023-10-24T15:34:00.000Z"},"country":"United Kingdom","OPM":11,"total_sales_volume":1855.0500020384789,"rate_of_return":0.09090909090909091}
{"window":{"start":"2023-10-28T03:03:00.000Z","end":"2023-10-28T03:04:00.000Z"},"country":"Norway","OPM":1,"total_sales_volume":2.519999921321869,"rate_of_return":0.0}
{"window":{"start":"2023-10-25T12:24:00.000Z","end":"2023-10-25T12:25:00.000Z"},"country":"United Kingdom","OPM":8,"total_sales_volume":569.6099981069565,"rate_of_return":0.125}
{"window":{"start":"2023-10-27T02:05:00.000Z","end":"2023-10-27T02:06:00.000Z"},"country":"United Kingdom","OPM":6,"total_sales_volume":447.6300086379051,"rate_of_return":0.0}
{"window":{"start":"2023-10-26T20:02:00.000Z","end":"2023-10-26T20:03:00.000Z"},"country":"United Kingdom","OPM":4,"total_sales_volume":1219.99999666214,"rate_of_return":0.0}
{"window":{"start":"2023-10-23T12:16:00.000Z","end":"2023-10-23T12:17:00.000Z"},"country":"EIRE","OPM":1,"total_sales_volume":39.7799996137619,"rate_of_return":0.0}
{"window":{"start":"2023-10-25T02:52:00.000Z","end":"2023-10-25T02:53:00.000Z"},"country":"France","OPM":1,"total_sales_volume":3.75,"rate_of_return":0.0}
{"window":{"start":"2023-10-26T08:54:00.000Z","end":"2023-10-26T08:55:00.000Z"},"country":"United Kingdom","OPM":4,"total_sales_volume":83.15000095963478,"rate_of_return":0.0}
{"window":{"start":"2023-10-28T02:56:00.000Z","end":"2023-10-28T02:57:00.000Z"},"country":"Japan","OPM":1,"total_sales_volume":23.75,"rate_of_return":0.0}
{"window":{"start":"2023-10-23T14:40:00.000Z","end":"2023-10-23T14:41:00.000Z"},"country":"Switzerland","OPM":1,"total_sales_volume":0.8299999833106995,"rate_of_return":0.0}
{"window":{"start":"2023-10-26T03:16:00.000Z","end":"2023-10-26T03:17:00.000Z"},"country":"United Kingdom","OPM":12,"total_sales_volume":467.8199980854988,"rate_of_return":0.0}
{"window":{"start":"2023-10-26T05:04:00.000Z","end":"2023-10-26T05:05:00.000Z"},"country":"United Kingdom","OPM":2,"total_sales_volume":144.19999846816063,"rate_of_return":0.0}
{"window":{"start":"2023-10-27T00:20:00.000Z","end":"2023-10-27T00:21:00.000Z"},"country":"United Kingdom","OPM":4,"total_sales_volume":118.79000163078308,"rate_of_return":0.25}
{"window":{"start":"2023-10-25T01:10:00.000Z","end":"2023-10-25T01:11:00.000Z"},"country":"USA","OPM":1,"total_sales_volume":47.1400009393692,"rate_of_return":0.0}
