{"window":{"start":"2023-10-24T11:42:00.000Z","end":"2023-10-24T11:43:00.000Z"},"country":"Portugal","OPM":1,"total_sales_volume":3.299999952316284,"rate_of_return":0.0}
{"window":{"start":"2023-10-24T02:51:00.000Z","end":"2023-10-24T02:52:00.000Z"},"country":"France","OPM":2,"total_sales_volume":339.54999589920044,"rate_of_return":0.0}
{"window":{"start":"2023-10-25T00:33:00.000Z","end":"2023-10-25T00:34:00.000Z"},"country":"EIRE","OPM":1,"total_sales_volume":68.85000014305115,"rate_of_return":0.0}
{"window":{"start":"2023-10-24T11:33:00.000Z","end":"2023-10-24T11:34:00.000Z"},"country":"United Kingdom","OPM":4,"total_sales_volume":237.52999702095985,"rate_of_return":0.0}
{"window":{"start":"2023-10-24T15:07:00.000Z","end":"2023-10-24T15:08:00.000Z"},"country":"Finland","OPM":1,"total_sales_volume":4.949999809265137,"rate_of_return":0.0}
{"window":{"start":"2023-10-25T18:40:00.000Z","end":"2023-10-25T18:41:00.000Z"},"country":"United Kingdom","OPM":11,"total_sales_volume":1310.7100191116333,"rate_of_return":0.09090909090909091}
{"window":{"start":"2023-10-24T09:04:00.000Z","end":"2023-10-24T09:05:00.000Z"},"country":"France","OPM":2,"total_sales_volume":269.6399998664856,"rate_of_return":0.0}
{"window":{"start":"2023-10-27T00:09:00.000Z","end":"2023-10-27T00:10:00.000Z"},"country":"Hong Kong","OPM":1,"total_sales_volume":174.35999512672424,"rate_of_return":0.0}
{"window":{"start":"2023-10-27T02:37:00.000Z","end":"2023-10-27T02:38:00.000Z"},"country":"France","OPM":1,"total_sales_volume":8.259999990463257,"rate_of_return":0.0}
{"window":{"start":"2023-10-27T03:25:00.000Z","end":"2023-10-27T03:26:00.000Z"},"country":"United Kingdom","OPM":9,"total_sales_volume":503.3499987125397,"rate_of_return":0.0}
{"window":{"start":"2023-10-25T06:40:00.000Z","end":"2023-10-25T06:41:00.000Z"},"country":"United Kingdom","OPM":13,"total_sales_volume":930.4999956488609,"rate_of_return":0.0}
{"window":{"start":"2023-10-25T20:08:00.000Z","end":"2023-10-25T20:09:00.000Z"},"country":"Belgium","OPM":1,"total_sales_volume":20.200000286102295,"rate_of_return":0.0}
{"window":{"start":"2023-10-25T19:18:00.000Z","end":"2023-10-25T19:19:00.000Z"},"country":"Sweden","OPM":1,"total_sales_volume":16.49999976158142,"rate_of_return":0.0}
{"window":{"start":"2023-10-23T12:58:00.000Z","end":"2023-10-23T12:59:00.000Z"},"country":"United Kingdom","OPM":8,"total_sales_volume":2904.9899707585573,"rate_of_return":0.0}
{"window":{"start":"2023-10-28T05:54:00.000Z","end":"2023-10-28T05:55:00.000Z"},"country":"Iceland","OPM":1,"total_sales_volume":57.37999987602234,"rate_of_return":0.0}
{"window":{"start":"2023-10-27T20:05:00.000Z","end":"2023-10-27T20:06:00.000Z"},"country":"United Kingdom","OPM":10,"total_sales_volume":1215.470002233982,"rate_of_return":0.0}
{"window":{"start":"2023-10-26T03:57:00.000Z","end":"2023-10-26T03:58:00.000Z"},"country":"EIRE","OPM":1,"total_sales_volume":420.4499946832657,"rate_of_return":0.0}
{"window":{"start":"2023-10-26T05:35:00.000Z","end":"2023-10-26T05:36:00.000Z"},"country":"United Kingdom","OPM":14,"total_sales_volume":843.67999330163,"rate_of_return":0.14285714285714285}
{"window":{"start":"2023-10-27T09:11:00.000Z","end":"2023-10-27T09:12:00.000Z"},"country":"France","OPM":1,"total_sales_volume":49.559999227523804,"rate_of_return":0.0}
{"window":{"start":"2023-10-25T23:04:00.000Z","end":"2023-10-25T23:05:00.000Z"},"country":"Italy","OPM":1,"total_sales_volume":5.419999957084656,"rate_of_return":0.0}
{"window":{"start":"2023-10-28T00:14:00.000Z","end":"2023-10-28T00:15:00.000Z"},"country":"Switzerland","OPM":1,"total_sales_volume":17.770000457763672,"rate_of_return":0.0}
{"window":{"start":"2023-10-26T21:50:00.000Z","end":"2023-10-26T21:51:00.000Z"},"country":"Switzerland","OPM":1,"total_sales_volume":41.30000019073486,"rate_of_return":0.0}
{"window":{"start":"2023-10-25T18:19:00.000Z","end":"2023-10-25T18:20:00.000Z"},"country":"Israel","OPM":1,"total_sales_volume":25.680000066757202,"rate_of_return":0.0}
{"window":{"start":"2023-10-23T14:04:00.000Z","end":"2023-10-23T14:05:00.000Z"},"country":"United Kingdom","OPM":8,"total_sales_volume":2013.4699935019016,"rate_of_return":0.125}
{"window":{"start":"2023-10-25T22:34:00.000Z","end":"2023-10-25T22:35:00.000Z"},"country":"EIRE","OPM":1,"total_sales_volume":74.53999924659729,"rate_of_return":0.0}
{"window":{"start":"2023-10-25T18:38:00.000Z","end":"2023-10-25T18:39:00.000Z"},"country":"United Kingdom","OPM":13,"total_sales_volume":773.1499955952168,"rate_of_return":0.0}
{"window":{"start":"2023-10-26T15:40:00.000Z","end":"2023-10-26T15:41:00.000Z"},"country":"United Kingdom","OPM":7,"total_sales_volume":1451.6999996602535,"rate_of_return":0.0}
{"window":{"start":"2023-10-26T11:25:00.000Z","end":"2023-10-26T11:26:00.000Z"},"country":"United Kingdom","OPM":10,"total_sales_volume":926.939990490675,"rate_of_return":0.0}
{"window":{"start":"2023-10-23T13:34:00.000Z","end":"2023-10-23T13:35:00.000Z"},"country":"United Kingdom","OPM":5,"total_sales_volume":103.15999984741211,"rate_of_return":0.2}
{"window":{"start":"2023-10-26T23:11:00.000Z","end":"2023-10-26T23:12:00.000Z"},"country":"Germany","OPM":1,"total_sales_volume":20.0,"rate_of_return":0.0}
{"window":{"start":"2023-10-27T05:14:00.000Z","end":"2023-10-27T05:15:00.000Z"},"country":"Lithuania","OPM":1,"total_sales_volume":34.59999990463257,"rate_of_return":0.0}
{"window":{"start":"2023-10-23T21:30:00.000Z","end":"2023-10-23T21:31:00.000Z"},"country":"Germany","OPM":1,"total_sales_volume":79.89999920129776,"rate_of_return":0.0}
{"window":{"start":"2023-10-24T21:16:00.000Z","end":"2023-10-24T21:17:00.000Z"},"country":"United Kingdom","OPM":9,"total_sales_volume":260.7399966791272,"rate_of_return":0.1111111111111111}
{"window":{"start":"2023-10-26T13:29:00.000Z","end":"2023-10-26T13:30:00.000Z"},"country":"Germany","OPM":1,"total_sales_volume":133.65999966859818,"rate_of_return":0.0}
{"window":{"start":"2023-10-24T01:44:00.000Z","end":"2023-10-24T01:45:00.000Z"},"country":"Spain","OPM":1,"total_sales_volume":106.52000188827515,"rate_of_return":0.0}
{"window":{"start":"2023-10-27T19:03:00.000Z","end":"2023-10-27T19:04:00.000Z"},"country":"United Kingdom","OPM":5,"total_sales_volume":184.59999644756317,"rate_of_return":0.0}
{"window":{"start":"2023-10-27T20:24:00.000Z","end":"2023-10-27T20:25:00.000Z"},"country":"United Kingdom","OPM":13,"total_sales_volume":1267.239994764328,"rate_of_return":0.07692307692307693}
{"window":{"start":"2023-10-28T01:22:00.000Z","end":"2023-10-28T01:23:00.000Z"},"country":"United Kingdom","OPM":9,"total_sales_volume":922.9300038814545,"rate_of_return":0.0}
{"window":{"start":"2023-10-25T12:09:00.000Z","end":"2023-10-25T12:10:00.000Z"},"country":"Spain","OPM":1,"total_sales_volume":51.32999914884567,"rate_of_return":0.0}
{"window":{"start":"2023-10-25T22:56:00.000Z","end":"2023-10-25T22:57:00.000Z"},"country":"United Kingdom","OPM":9,"total_sales_volume":116.50999915599823,"rate_of_return":0.1111111111111111}
{"window":{"start":"2023-10-25T17:07:00.000Z","end":"2023-10-25T17:08:00.000Z"},"country":"Belgium","OPM":1,"total_sales_volume":-75.4999988079071,"rate_of_return":1.0}
{"window":{"start":"2023-10-28T02:07:00.000Z","end":"2023-10-28T02:08:00.000Z"},"country":"United Kingdom","OPM":7,"total_sales_volume":324.7000009417534,"rate_of_return":0.0}
{"window":{"start":"2023-10-23T20:30:00.000Z","end":"2023-10-23T20:31:00.000Z"},"country":"United Kingdom","OPM":9,"total_sales_volume":434.93000388145447,"rate_of_return":0.1111111111111111}
{"window":{"start":"2023-10-27T01:21:00.000Z","end":"2023-10-27T01:22:00.000Z"},"country":"Australia","OPM":1,"total_sales_volume":16.34999942779541,"rate_of_return":0.0}
{"window":{"start":"2023-10-23T21:51:00.000Z","end":"2023-10-23T21:52:00.000Z"},"country":"France","OPM":1,"total_sales_volume":53.5799994468689,"rate_of_return":0.0}
{"window":{"start":"2023-10-23T21:10:00.000Z","end":"2023-10-23T21:11:00.000Z"},"country":"Poland","OPM":1,"total_sales_volume":23.600000381469727,"rate_of_return":0.0}
{"window":{"start":"2023-10-23T21:06:00.000Z","end":"2023-10-23T21:07:00.000Z"},"country":"United Kingdom","OPM":7,"total_sales_volume":495.65000009536743,"rate_of_return":0.0}
{"window":{"start":"2023-10-25T03:35:00.000Z","end":"2023-10-25T03:36:00.000Z"},"country":"United Kingdom","OPM":12,"total_sales_volume":1141.439993828535,"rate_of_return":0.0}
{"window":{"start":"2023-10-25T19:13:00.000Z","end":"2023-10-25T19:14:00.000Z"},"country":"France","OPM":1,"total_sales_volume":43.84000074863434,"rate_of_return":0.0}
{"window":{"start":"2023-10-25T04:27:00.000Z","end":"2023-10-25T04:28:00.000Z"},"country":"United Kingdom","OPM":9,"total_sales_volume":2278.0499873757362,"rate_of_return":0.0}
{"window":{"start":"2023-10-27T21:40:00.000Z","end":"2023-10-27T21:41:00.000Z"},"country":"Switzerland","OPM":1,"total_sales_volume":26.920000314712524,"rate_of_return":0.0}
{"window":{"start":"2023-10-26T22:19:00.000Z","end":"2023-10-26T22:20:00.000Z"},"country":"United Kingdom","OPM":13,"total_sales_volume":1224.979994982481,"rate_of_return":0.0}
{"window":{"start":"2023-10-28T02:11:00.000Z","end":"2023-10-28T02:12:00.000Z"},"country":"Netherlands","OPM":1,"total_sales_volume":63.730000019073486,"rate_of_return":0.0}
{"window":{"start":"2023-10-27T02:47:00.000Z","end":"2023-10-27T02:48:00.000Z"},"country":"United Kingdom","OPM":13,"total_sales_volume":318.08999979496,"rate_of_return":0.07692307692307693}
{"window":{"start":"2023-10-24T19:13:00.000Z","end":"2023-10-24T19:14:00.000Z"},"country":"Germany","OPM":1,"total_sales_volume":49.79999923706055,"rate_of_return":0.0}
{"window":{"start":"2023-10-25T10:54:00.000Z","end":"2023-10-25T10:55:00.000Z"},"country":"France","OPM":1,"total_sales_volume":48.83999979496002,"rate_of_return":0.0}
{"window":{"start":"2023-10-26T11:10:00.000Z","end":"2023-10-26T11:11:00.000Z"},"country":"Switzerland","OPM":1,"total_sales_volume":35.61999988555908,"rate_of_return":0.0}
{"window":{"start":"2023-10-27T05:51:00.000Z","end":"2023-10-27T05:52:00.000Z"},"country":"United Kingdom","OPM":10,"total_sales_volume":448.1299975514412,"rate_of_return":0.1}
{"window":{"start":"2023-10-24T20:07:00.000Z","end":"2023-10-24T20:08:00.000Z"},"country":"United Kingdom","OPM":7,"total_sales_volume":597.1699911952019,"rate_of_return":0.0}
{"window":{"start":"2023-10-28T03:08:00.000Z","end":"2023-10-28T03:09:00.000Z"},"country":"France","OPM":1,"total_sales_volume":109.14999866485596,"rate_of_return":0.0}
