{"window":{"start":"2023-10-27T14:36:00.000Z","end":"2023-10-27T14:37:00.000Z"},"country":"Cyprus","OPM":1,"total_sales_volume":-17.820000171661377,"rate_of_return":1.0}
{"window":{"start":"2023-10-25T14:11:00.000Z","end":"2023-10-25T14:12:00.000Z"},"country":"EIRE","OPM":1,"total_sales_volume":32.0,"rate_of_return":0.0}
{"window":{"start":"2023-10-27T09:03:00.000Z","end":"2023-10-27T09:04:00.000Z"},"country":"United Kingdom","OPM":10,"total_sales_volume":436.8100008368492,"rate_of_return":0.0}
{"window":{"start":"2023-10-26T20:47:00.000Z","end":"2023-10-26T20:48:00.000Z"},"country":"France","OPM":1,"total_sales_volume":54.419999837875366,"rate_of_return":0.0}
{"window":{"start":"2023-10-27T19:15:00.000Z","end":"2023-10-27T19:16:00.000Z"},"country":"United Kingdom","OPM":7,"total_sales_volume":259.3499991595745,"rate_of_return":0.0}
{"window":{"start":"2023-10-27T13:17:00.000Z","end":"2023-10-27T13:18:00.000Z"},"country":"United Kingdom","OPM":4,"total_sales_volume":67.88000071048737,"rate_of_return":0.0}
{"window":{"start":"2023-10-27T22:57:00.000Z","end":"2023-10-27T22:58:00.000Z"},"country":"EIRE","OPM":1,"total_sales_volume":1.1399999856948853,"rate_of_return":0.0}
{"window":{"start":"2023-10-25T07:58:00.000Z","end":"2023-10-25T07:59:00.000Z"},"country":"United Kingdom","OPM":4,"total_sales_volume":243.53999733924866,"rate_of_return":0.0}
{"window":{"start":"2023-10-23T22:02:00.000Z","end":"2023-10-23T22:03:00.000Z"},"country":"Germany","OPM":1,"total_sales_volume":7.380000114440918,"rate_of_return":0.0}
{"window":{"start":"2023-10-23T21:31:00.000Z","end":"2023-10-23T21:32:00.000Z"},"country":"United Kingdom","OPM":11,"total_sales_volume":1145.8399773836136,"rate_of_return":0.0}
{"window":{"start":"2023-10-26T22:17:00.000Z","end":"2023-10-26T22:18:00.000Z"},"country":"Germany","OPM":2,"total_sales_volume":197.8899974822998,"rate_of_return":0.0}
{"window":{"start":"2023-10-27T17:21:00.000Z","end":"2023-10-27T17:22:00.000Z"},"country":"United Kingdom","OPM":12,"total_sales_volume":670.8200007677078,"rate_of_return":0.08333333333333333}
{"window":{"start":"2023-10-26T14:33:00.000Z","end":"2023-10-26T14:34:00.000Z"},"country":"United Kingdom","OPM":10,"total_sales_volume":810.6699931919575,"rate_of_return":0.0}
{"window":{"start":"2023-10-27T13:41:00.000Z","end":"2023-10-27T13:42:00.000Z"},"country":"United Kingdom","OPM":8,"total_sales_volume":-758.169982612133,"rate_of_return":0.25}
{"window":{"start":"2023-10-27T03:15:00.000Z","end":"2023-10-27T03:16:00.000Z"},"country":"United Kingdom","OPM":9,"total_sales_volume":251.75999808311462,"rate_of_return":0.0}
{"window":{"start":"2023-10-23T12:34:00.000Z","end":"2023-10-23T12:35:00.000Z"},"country":"France","OPM":1,"total_sales_volume":2.4600000381469727,"rate_of_return":0.0}
{"window":{"start":"2023-10-27T04:00:00.000Z","end":"2023-10-27T04:01:00.000Z"},"country":"United Kingdom","OPM":14,"total_sales_volume":779.5399953722954,"rate_of_return":0.0}
{"window":{"start":"2023-10-26T10:57:00.000Z","end":"2023-10-26T10:58:00.000Z"},"country":"Germany","OPM":1,"total_sales_volume":2.890000104904175,"rate_of_return":0.0}
{"window":{"start":"2023-10-26T16:13:00.000Z","end":"2023-10-26T16:14:00.000Z"},"country":"United Kingdom","OPM":5,"total_sales_volume":218.32000011205673,"rate_of_return":0.0}
{"window":{"start":"2023-10-23T16:15:00.000Z","end":"2023-10-23T16:16:00.000Z"},"country":"United Kingdom","OPM":8,"total_sales_volume":801.1899845004082,"rate_of_return":0.0}
{"window":{"start":"2023-10-26T13:46:00.000Z","end":"2023-10-26T13:47:00.000Z"},"country":"United Kingdom","OPM":11,"total_sales_volume":1335.949992954731,"rate_of_return":0.0}
{"window":{"start":"2023-10-28T04:44:00.000Z","end":"2023-10-28T04:45:00.000Z"},"country":"United Kingdom","OPM":10,"total_sales_volume":342.6399952173233,"rate_of_return":0.0}
{"window":{"start":"2023-10-24T22:02:00.000Z","end":"2023-10-24T22:03:00.000Z"},"country":"United Kingdom","OPM":8,"total_sales_volume":765.5799897909164,"rate_of_return":0.0}
{"window":{"start":"2023-10-25T22:40:00.000Z","end":"2023-10-25T22:41:00.000Z"},"country":"United Kingdom","OPM":8,"total_sales_volume":520.689993917942,"rate_of_return":0.25}
{"window":{"start":"2023-10-27T20:53:00.000Z","end":"2023-10-27T20:54:00.000Z"},"country":"EIRE","OPM":2,"total_sales_volume":-10.940000057220459,"rate_of_return":0.5}
{"window":{"start":"2023-10-24T17:28:00.000Z","end":"2023-10-24T17:29:00.000Z"},"country":"United Kingdom","OPM":12,"total_sales_volume":447.49999925494194,"rate_of_return":0.0}
{"window":{"start":"2023-10-27T01:51:00.000Z","end":"2023-10-27T01:52:00.000Z"},"country":"United Kingdom","OPM":16,"total_sales_volume":1387.5199936628342,"rate_of_return":0.0625}
{"window":{"start":"2023-10-23T18:51:00.000Z","end":"2023-10-23T18:52:00.000Z"},"country":"Australia","OPM":1,"total_sales_volume":173.98000121116638,"rate_of_return":0.0}
{"window":{"start":"2023-10-23T21:43:00.000Z","end":"2023-10-23T21:44:00.000Z"},"country":"United Kingdom","OPM":3,"total_sales_volume":122.35999989509583,"rate_of_return":0.0}
{"window":{"start":"2023-10-27T22:56:00.000Z","end":"2023-10-27T22:57:00.000Z"},"country":"United Kingdom","OPM":9,"total_sales_volume":355.5299994945526,"rate_of_return":0.0}
{"window":{"start":"2023-10-26T19:12:00.000Z","end":"2023-10-26T19:13:00.000Z"},"country":"France","OPM":1,"total_sales_volume":53.799999713897705,"rate_of_return":0.0}
{"window":{"start":"2023-10-27T14:35:00.000Z","end":"2023-10-27T14:36:00.000Z"},"country":"Switzerland","OPM":1,"total_sales_volume":47.97999978065491,"rate_of_return":0.0}
{"window":{"start":"2023-10-24T04:19:00.000Z","end":"2023-10-24T04:20:00.000Z"},"country":"United Kingdom","OPM":13,"total_sales_volume":961.8200112581253,"rate_of_return":0.07692307692307693}
{"window":{"start":"2023-10-28T01:10:00.000Z","end":"2023-10-28T01:11:00.000Z"},"country":"United Kingdom","OPM":7,"total_sales_volume":269.419998973608,"rate_of_return":0.0}
{"window":{"start":"2023-10-27T15:26:00.000Z","end":"2023-10-27T15:27:00.000Z"},"country":"United Kingdom","OPM":14,"total_sales_volume":3255.629934102297,"rate_of_return":0.07142857142857142}
{"window":{"start":"2023-10-27T22:15:00.000Z","end":"2023-10-27T22:16:00.000Z"},"country":"United Kingdom","OPM":15,"total_sales_volume":404.95000433921814,"rate_of_return":0.13333333333333333}
{"window":{"start":"2023-10-27T02:46:00.000Z","end":"2023-10-27T02:47:00.000Z"},"country":"United Kingdom","OPM":10,"total_sales_volume":540.7099978029728,"rate_of_return":0.1}
{"window":{"start":"2023-10-27T07:37:00.000Z","end":"2023-10-27T07:38:00.000Z"},"country":"United Kingdom","OPM":9,"total_sales_volume":1090.7299731075764,"rate_of_return":0.0}
{"window":{"start":"2023-10-25T02:25:00.000Z","end":"2023-10-25T02:26:00.000Z"},"country":"United Kingdom","OPM":7,"total_sales_volume":389.0699973106384,"rate_of_return":0.14285714285714285}
{"window":{"start":"2023-10-26T22:02:00.000Z","end":"2023-10-26T22:03:00.000Z"},"country":"United Kingdom","OPM":9,"total_sales_volume":212.14999783039093,"rate_of_return":0.0}
{"window":{"start":"2023-10-26T19:19:00.000Z","end":"2023-10-26T19:20:00.000Z"},"country":"Germany","OPM":1,"total_sales_volume":98.87999725341797,"rate_of_return":0.0}
{"window":{"start":"2023-10-27T06:45:00.000Z","end":"2023-10-27T06:46:00.000Z"},"country":"EIRE","OPM":1,"total_sales_volume":51.049999713897705,"rate_of_return":0.0}
{"window":{"start":"2023-10-24T09:34:00.000Z","end":"2023-10-24T09:35:00.000Z"},"country":"Finland","OPM":1,"total_sales_volume":91.86000218987465,"rate_of_return":0.0}
{"window":{"start":"2023-10-24T01:13:00.000Z","end":"2023-10-24T01:14:00.000Z"},"country":"EIRE","OPM":1,"total_sales_volume":16.49999976158142,"rate_of_return":0.0}
{"window":{"start":"2023-10-24T13:53:00.000Z","end":"2023-10-24T13:54:00.000Z"},"country":"France","OPM":2,"total_sales_volume":98.71000063419342,"rate_of_return":0.0}
{"window":{"start":"2023-10-24T19:31:00.000Z","end":"2023-10-24T19:32:00.000Z"},"country":"United Kingdom","OPM":15,"total_sales_volume":1480.589994430542,"rate_of_return":0.06666666666666667}
{"window":{"start":"2023-10-25T09:37:00.000Z","end":"2023-10-25T09:38:00.000Z"},"country":"United Kingdom","OPM":12,"total_sales_volume":7447.5701124072075,"rate_of_return":0.0}
{"window":{"start":"2023-10-27T00:04:00.000Z","end":"2023-10-27T00:05:00.000Z"},"country":"United Kingdom","OPM":9,"total_sales_volume":721.029989361763,"rate_of_return":0.1111111111111111}
{"window":{"start":"2023-10-27T16:24:00.000Z","end":"2023-10-27T16:25:00.000Z"},"country":"United Kingdom","OPM":6,"total_sales_volume":176.34999883174896,"rate_of_return":0.0}
{"window":{"start":"2023-10-27T10:34:00.000Z","end":"2023-10-27T10:35:00.000Z"},"country":"Spain","OPM":1,"total_sales_volume":10.96999990940094,"rate_of_return":0.0}
{"window":{"start":"2023-10-24T21:53:00.000Z","end":"2023-10-24T21:54:00.000Z"},"country":"EIRE","OPM":1,"total_sales_volume":58.530001163482666,"rate_of_return":0.0}
{"window":{"start":"2023-10-26T16:54:00.000Z","end":"2023-10-26T16:55:00.000Z"},"country":"Portugal","OPM":1,"total_sales_volume":-104.69000148773193,"rate_of_return":1.0}
{"window":{"start":"2023-10-27T01:48:00.000Z","end":"2023-10-27T01:49:00.000Z"},"country":"EIRE","OPM":1,"total_sales_volume":29.309999227523804,"rate_of_return":0.0}
{"window":{"start":"2023-10-25T13:59:00.000Z","end":"2023-10-25T14:00:00.000Z"},"country":"United Kingdom","OPM":7,"total_sales_volume":283.31000113487244,"rate_of_return":0.0}
{"window":{"start":"2023-10-24T10:54:00.000Z","end":"2023-10-24T10:55:00.000Z"},"country":"Netherlands","OPM":1,"total_sales_volume":34.22000026702881,"rate_of_return":0.0}
{"window":{"start":"2023-10-24T20:31:00.000Z","end":"2023-10-24T20:32:00.000Z"},"country":"France","OPM":2,"total_sales_volume":-32.55999958515167,"rate_of_return":0.5}
{"window":{"start":"2023-10-24T20:12:00.000Z","end":"2023-10-24T20:13:00.000Z"},"country":"Cyprus","OPM":1,"total_sales_volume":43.16999912261963,"rate_of_return":0.0}
{"window":{"start":"2023-10-26T21:33:00.000Z","end":"2023-10-26T21:34:00.000Z"},"country":"United Kingdom","OPM":14,"total_sales_volume":1704.040024727583,"rate_of_return":0.07142857142857142}
{"window":{"start":"2023-10-23T13:40:00.000Z","end":"2023-10-23T13:41:00.000Z"},"country":"United Kingdom","OPM":10,"total_sales_volume":926.4699874222279,"rate_of_return":0.0}
