{"window":{"start":"2023-10-26T08:10:00.000Z","end":"2023-10-26T08:11:00.000Z"},"country":"United Kingdom","OPM":10,"total_sales_volume":355.48999977111816,"rate_of_return":0.0}
{"window":{"start":"2023-10-27T17:36:00.000Z","end":"2023-10-27T17:37:00.000Z"},"country":"United Kingdom","OPM":9,"total_sales_volume":1273.9999884516,"rate_of_return":0.0}
{"window":{"start":"2023-10-27T04:51:00.000Z","end":"2023-10-27T04:52:00.000Z"},"country":"United Kingdom","OPM":4,"total_sales_volume":282.9499982595444,"rate_of_return":0.0}
{"window":{"start":"2023-10-27T05:52:00.000Z","end":"2023-10-27T05:53:00.000Z"},"country":"United Kingdom","OPM":13,"total_sales_volume":1528.800005465746,"rate_of_return":0.0}
{"window":{"start":"2023-10-25T16:08:00.000Z","end":"2023-10-25T16:09:00.000Z"},"country":"France","OPM":1,"total_sales_volume":29.869999885559082,"rate_of_return":0.0}
{"window":{"start":"2023-10-24T22:15:00.000Z","end":"2023-10-24T22:16:00.000Z"},"country":"France","OPM":1,"total_sales_volume":88.95999836921692,"rate_of_return":0.0}
{"window":{"start":"2023-10-25T13:20:00.000Z","end":"2023-10-25T13:21:00.000Z"},"country":"United Kingdom","OPM":9,"total_sales_volume":392.27999901771545,"rate_of_return":0.1111111111111111}
{"window":{"start":"2023-10-26T14:27:00.000Z","end":"2023-10-26T14:28:00.000Z"},"country":"United Kingdom","OPM":6,"total_sales_volume":134.1599977016449,"rate_of_return":0.16666666666666666}
{"window":{"start":"2023-10-28T03:11:00.000Z","end":"2023-10-28T03:12:00.000Z"},"country":"France","OPM":1,"total_sales_volume":14.649999976158142,"rate_of_return":0.0}
{"window":{"start":"2023-10-26T13:30:00.000Z","end":"2023-10-26T13:31:00.000Z"},"country":"United Kingdom","OPM":9,"total_sales_volume":429.31000262498856,"rate_of_return":0.0}
{"window":{"start":"2023-10-25T18:10:00.000Z","end":"2023-10-25T18:11:00.000Z"},"country":"United Kingdom","OPM":11,"total_sales_volume":664.3799963891506,"rate_of_return":0.0}
{"window":{"start":"2023-10-26T00:34:00.000Z","end":"2023-10-26T00:35:00.000Z"},"country":"United Kingdom","OPM":9,"total_sales_volume":1277.1800144910812,"rate_of_return":0.0}
{"window":{"start":"2023-10-24T22:57:00.000Z","end":"2023-10-24T22:58:00.000Z"},"country":"Belgium","OPM":1,"total_sales_volume":121.64999997615814,"rate_of_return":0.0}
{"window":{"start":"2023-10-25T03:59:00.000Z","end":"2023-10-25T04:00:00.000Z"},"country":"United Kingdom","OPM":11,"total_sales_volume":613.6499992907047,"rate_of_return":0.0}
{"window":{"start":"2023-10-24T10:03:00.000Z","end":"2023-10-24T10:04:00.000Z"},"country":"Cyprus","OPM":1,"total_sales_volume":39.17999887466431,"rate_of_return":0.0}
{"window":{"start":"2023-10-26T20:14:00.000Z","end":"2023-10-26T20:15:00.000Z"},"country":"United Kingdom","OPM":7,"total_sales_volume":329.02999573946,"rate_of_return":0.14285714285714285}
{"window":{"start":"2023-10-23T20:45:00.000Z","end":"2023-10-23T20:46:00.000Z"},"country":"France","OPM":1,"total_sales_volume":12.259999752044678,"rate_of_return":0.0}
{"window":{"start":"2023-10-27T22:20:00.000Z","end":"2023-10-27T22:21:00.000Z"},"country":"Greece","OPM":1,"total_sales_volume":85.90000140666962,"rate_of_return":0.0}
{"window":{"start":"2023-10-27T02:49:00.000Z","end":"2023-10-27T02:50:00.000Z"},"country":"United Kingdom","OPM":14,"total_sales_volume":715.3299934864044,"rate_of_return":0.0}
{"window":{"start":"2023-10-26T01:54:00.000Z","end":"2023-10-26T01:55:00.000Z"},"country":"Germany","OPM":2,"total_sales_volume":39.86999952793121,"rate_of_return":0.0}
{"window":{"start":"2023-10-26T06:01:00.000Z","end":"2023-10-26T06:02:00.000Z"},"country":"United Kingdom","OPM":13,"total_sales_volume":655.9299927055836,"rate_of_return":0.0}
{"window":{"start":"2023-10-24T16:23:00.000Z","end":"2023-10-24T16:24:00.000Z"},"country":"United Kingdom","OPM":11,"total_sales_volume":-69.71999800205231,"rate_of_return":0.2727272727272727}
{"window":{"start":"2023-10-27T00:54:00.000Z","end":"2023-10-27T00:55:00.000Z"},"country":"United Kingdom","OPM":12,"total_sales_volume":598.6299946308136,"rate_of_return":0.08333333333333333}
{"window":{"start":"2023-10-27T15:16:00.000Z","end":"2023-10-27T15:17:00.000Z"},"country":"France","OPM":1,"total_sales_volume":33.08999991416931,"rate_of_return":0.0}
{"window":{"start":"2023-10-26T03:54:00.000Z","end":"2023-10-26T03:55:00.000Z"},"country":"Norway","OPM":1,"total_sales_volume":0.8500000238418579,"rate_of_return":0.0}
{"window":{"start":"2023-10-26T20:34:00.000Z","end":"2023-10-26T20:35:00.000Z"},"country":"Netherlands","OPM":1,"total_sales_volume":19.399999618530273,"rate_of_return":0.0}
{"window":{"start":"2023-10-23T15:24:00.000Z","end":"2023-10-23T15:25:00.000Z"},"country":"Germany","OPM":1,"total_sales_volume":83.70000171661377,"rate_of_return":0.0}
{"window":{"start":"2023-10-24T18:55:00.000Z","end":"2023-10-24T18:56:00.000Z"},"country":"Netherlands","OPM":1,"total_sales_volume":10.200000286102295,"rate_of_return":0.0}
{"window":{"start":"2023-10-27T07:52:00.000Z","end":"2023-10-27T07:53:00.000Z"},"country":"United Kingdom","OPM":8,"total_sales_volume":233.44999933242798,"rate_of_return":0.125}
{"window":{"start":"2023-10-27T04:33:00.000Z","end":"2023-10-27T04:34:00.000Z"},"country":"France","OPM":1,"total_sales_volume":58.79999899864197,"rate_of_return":0.0}
{"window":{"start":"2023-10-24T21:16:00.000Z","end":"2023-10-24T21:17:00.000Z"},"country":"France","OPM":1,"total_sales_volume":57.62999927997589,"rate_of_return":0.0}
{"window":{"start":"2023-10-25T08:33:00.000Z","end":"2023-10-25T08:34:00.000Z"},"country":"France","OPM":2,"total_sales_volume":25.0,"rate_of_return":0.0}
{"window":{"start":"2023-10-23T17:06:00.000Z","end":"2023-10-23T17:07:00.000Z"},"country":"Sweden","OPM":1,"total_sales_volume":48.05999958515167,"rate_of_return":0.0}
{"window":{"start":"2023-10-25T01:27:00.000Z","end":"2023-10-25T01:28:00.000Z"},"country":"France","OPM":1,"total_sales_volume":174.05000042915344,"rate_of_return":0.0}
{"window":{"start":"2023-10-27T01:50:00.000Z","end":"2023-10-27T01:51:00.000Z"},"country":"United Kingdom","OPM":5,"total_sales_volume":921.0999972820282,"rate_of_return":0.4}
{"window":{"start":"2023-10-23T19:05:00.000Z","end":"2023-10-23T19:06:00.000Z"},"country":"Spain","OPM":1,"total_sales_volume":24.460000038146973,"rate_of_return":0.0}
{"window":{"start":"2023-10-25T00:57:00.000Z","end":"2023-10-25T00:58:00.000Z"},"country":"United Kingdom","OPM":8,"total_sales_volume":975.1600032746792,"rate_of_return":0.0}
{"window":{"start":"2023-10-25T11:15:00.000Z","end":"2023-10-25T11:16:00.000Z"},"country":"United Kingdom","OPM":12,"total_sales_volume":890.4499870836735,"rate_of_return":0.08333333333333333}
{"window":{"start":"2023-10-25T19:37:00.000Z","end":"2023-10-25T19:38:00.000Z"},"country":"France","OPM":1,"total_sales_volume":793.4400329589844,"rate_of_return":0.0}
{"window":{"start":"2023-10-24T09:50:00.000Z","end":"2023-10-24T09:51:00.000Z"},"country":"France","OPM":1,"total_sales_volume":58.50000047683716,"rate_of_return":0.0}
{"window":{"start":"2023-10-24T05:11:00.000Z","end":"2023-10-24T05:12:00.000Z"},"country":"United Kingdom","OPM":7,"total_sales_volume":3987.9398525357246,"rate_of_return":0.0}
{"window":{"start":"2023-10-25T18:56:00.000Z","end":"2023-10-25T18:57:00.000Z"},"country":"Portugal","OPM":1,"total_sales_volume":6.579999923706055,"rate_of_return":0.0}
{"window":{"start":"2023-10-26T14:58:00.000Z","end":"2023-10-26T14:59:00.000Z"},"country":"United Kingdom","OPM":14,"total_sales_volume":335.2899992763996,"rate_of_return":0.14285714285714285}
{"window":{"start":"2023-10-25T14:42:00.000Z","end":"2023-10-25T14:43:00.000Z"},"country":"United Kingdom","OPM":13,"total_sales_volume":597.939994096756,"rate_of_return":0.07692307692307693}
{"window":{"start":"2023-10-27T09:06:00.000Z","end":"2023-10-27T09:07:00.000Z"},"country":"EIRE","OPM":1,"total_sales_volume":66.2700015604496,"rate_of_return":0.0}
{"window":{"start":"2023-10-24T12:40:00.000Z","end":"2023-10-24T12:41:00.000Z"},"country":"United Kingdom","OPM":9,"total_sales_volume":500.3000026345253,"rate_of_return":0.0}
{"window":{"start":"2023-10-27T14:22:00.000Z","end":"2023-10-27T14:23:00.000Z"},"country":"United Kingdom","OPM":14,"total_sales_volume":600.6599937677383,"rate_of_return":0.0}
{"window":{"start":"2023-10-27T09:30:00.000Z","end":"2023-10-27T09:31:00.000Z"},"country":"United Kingdom","OPM":1,"total_sales_volume":17.380000561475754,"rate_of_return":0.0}
{"window":{"start":"2023-10-24T08:41:00.000Z","end":"2023-10-24T08:42:00.000Z"},"country":"United Kingdom","OPM":3,"total_sales_volume":66.01999962329865,"rate_of_return":0.0}
{"window":{"start":"2023-10-27T21:31:00.000Z","end":"2023-10-27T21:32:00.000Z"},"country":"United Kingdom","OPM":8,"total_sales_volume":302.869999229908,"rate_of_return":0.0}
