{"window":{"start":"2023-10-25T08:48:00.000Z","end":"2023-10-25T08:49:00.000Z"},"country":"Spain","OPM":1,"total_sales_volume":207.30000421404839,"rate_of_return":0.0}
{"window":{"start":"2023-10-26T16:27:00.000Z","end":"2023-10-26T16:28:00.000Z"},"country":"United Kingdom","OPM":8,"total_sales_volume":240.71999728679657,"rate_of_return":0.0}
{"window":{"start":"2023-10-25T05:31:00.000Z","end":"2023-10-25T05:32:00.000Z"},"country":"United Kingdom","OPM":12,"total_sales_volume":663.5899946093559,"rate_of_return":0.16666666666666666}
{"window":{"start":"2023-10-27T04:30:00.000Z","end":"2023-10-27T04:31:00.000Z"},"country":"United Kingdom","OPM":10,"total_sales_volume":925.8200064301491,"rate_of_return":0.0}
{"window":{"start":"2023-10-27T19:25:00.000Z","end":"2023-10-27T19:26:00.000Z"},"country":"United Kingdom","OPM":7,"total_sales_volume":400.0500007867813,"rate_of_return":0.0}
{"window":{"start":"2023-10-25T01:28:00.000Z","end":"2023-10-25T01:29:00.000Z"},"country":"Netherlands","OPM":1,"total_sales_volume":41.30000066757202,"rate_of_return":0.0}
{"window":{"start":"2023-10-24T00:46:00.000Z","end":"2023-10-24T00:47:00.000Z"},"country":"EIRE","OPM":1,"total_sales_volume":281.20999935269356,"rate_of_return":0.0}
{"window":{"start":"2023-10-24T21:33:00.000Z","end":"2023-10-24T21:34:00.000Z"},"country":"Finland","OPM":1,"total_sales_volume":15.720000505447388,"rate_of_return":0.0}
{"window":{"start":"2023-10-26T15:01:00.000Z","end":"2023-10-26T15:02:00.000Z"},"country":"Norway","OPM":1,"total_sales_volume":19.920000076293945,"rate_of_return":0.0}
{"window":{"start":"2023-10-26T17:46:00.000Z","end":"2023-10-26T17:47:00.000Z"},"country":"United Kingdom","OPM":5,"total_sales_volume":93.60999912023544,"rate_of_return":0.2}
{"window":{"start":"2023-10-24T19:09:00.000Z","end":"2023-10-24T19:10:00.000Z"},"country":"United Kingdom","OPM":12,"total_sales_volume":593.009998947382,"rate_of_return":0.0}
{"window":{"start":"2023-10-26T09:52:00.000Z","end":"2023-10-26T09:53:00.000Z"},"country":"Belgium","OPM":1,"total_sales_volume":6.5,"rate_of_return":0.0}
{"window":{"start":"2023-10-27T12:06:00.000Z","end":"2023-10-27T12:07:00.000Z"},"country":"France","OPM":1,"total_sales_volume":3.299999952316284,"rate_of_return":0.0}
{"window":{"start":"2023-10-25T04:19:00.000Z","end":"2023-10-25T04:20:00.000Z"},"country":"United Kingdom","OPM":9,"total_sales_volume":1264.379983574152,"rate_of_return":0.0}
{"window":{"start":"2023-10-26T02:20:00.000Z","end":"2023-10-26T02:21:00.000Z"},"country":"United Kingdom","OPM":9,"total_sales_volume":778.919998049736,"rate_of_return":0.0}
{"window":{"start":"2023-10-24T18:35:00.000Z","end":"2023-10-24T18:36:00.000Z"},"country":"United Kingdom","OPM":7,"total_sales_volume":476.63999903202057,"rate_of_return":0.0}
{"window":{"start":"2023-10-27T03:13:00.000Z","end":"2023-10-27T03:14:00.000Z"},"country":"United Kingdom","OPM":16,"total_sales_volume":1096.670008301735,"rate_of_return":0.0}
{"window":{"start":"2023-10-27T21:07:00.000Z","end":"2023-10-27T21:08:00.000Z"},"country":"Netherlands","OPM":1,"total_sales_volume":14.84999942779541,"rate_of_return":0.0}
{"window":{"start":"2023-10-25T06:25:00.000Z","end":"2023-10-25T06:26:00.000Z"},"country":"United Kingdom","OPM":6,"total_sales_volume":106.86999961733818,"rate_of_return":0.0}
{"window":{"start":"2023-10-28T03:55:00.000Z","end":"2023-10-28T03:56:00.000Z"},"country":"United Kingdom","OPM":12,"total_sales_volume":935.5099965035915,"rate_of_return":0.08333333333333333}
{"window":{"start":"2023-10-27T06:19:00.000Z","end":"2023-10-27T06:20:00.000Z"},"country":"Spain","OPM":1,"total_sales_volume":9.559999942779541,"rate_of_return":0.0}
{"window":{"start":"2023-10-27T21:59:00.000Z","end":"2023-10-27T22:00:00.000Z"},"country":"United Kingdom","OPM":8,"total_sales_volume":373.47999895364046,"rate_of_return":0.125}
{"window":{"start":"2023-10-24T07:47:00.000Z","end":"2023-10-24T07:48:00.000Z"},"country":"Germany","OPM":2,"total_sales_volume":28.160000205039978,"rate_of_return":0.0}
{"window":{"start":"2023-10-25T05:08:00.000Z","end":"2023-10-25T05:09:00.000Z"},"country":"United Kingdom","OPM":8,"total_sales_volume":352.61000061035156,"rate_of_return":0.125}
{"window":{"start":"2023-10-24T17:41:00.000Z","end":"2023-10-24T17:42:00.000Z"},"country":"United Kingdom","OPM":14,"total_sales_volume":915.8200086653233,"rate_of_return":0.0}
{"window":{"start":"2023-10-23T14:00:00.000Z","end":"2023-10-23T14:01:00.000Z"},"country":"United Kingdom","OPM":17,"total_sales_volume":1564.5700210928917,"rate_of_return":0.11764705882352941}
{"window":{"start":"2023-10-26T07:08:00.000Z","end":"2023-10-26T07:09:00.000Z"},"country":"United Kingdom","OPM":14,"total_sales_volume":624.0699999928474,"rate_of_return":0.0}
{"window":{"start":"2023-10-24T20:27:00.000Z","end":"2023-10-24T20:28:00.000Z"},"country":"United Kingdom","OPM":15,"total_sales_volume":2180.209998846054,"rate_of_return":0.06666666666666667}
{"window":{"start":"2023-10-25T08:19:00.000Z","end":"2023-10-25T08:20:00.000Z"},"country":"Japan","OPM":1,"total_sales_volume":-85.00000238418579,"rate_of_return":1.0}
{"window":{"start":"2023-10-26T03:23:00.000Z","end":"2023-10-26T03:24:00.000Z"},"country":"EIRE","OPM":1,"total_sales_volume":5.1000001430511475,"rate_of_return":0.0}
{"window":{"start":"2023-10-25T21:39:00.000Z","end":"2023-10-25T21:40:00.000Z"},"country":"Germany","OPM":1,"total_sales_volume":25.739999771118164,"rate_of_return":0.0}
{"window":{"start":"2023-10-24T14:40:00.000Z","end":"2023-10-24T14:41:00.000Z"},"country":"United Kingdom","OPM":6,"total_sales_volume":255.5800004005432,"rate_of_return":0.0}
{"window":{"start":"2023-10-26T14:22:00.000Z","end":"2023-10-26T14:23:00.000Z"},"country":"United Kingdom","OPM":7,"total_sales_volume":468.4500023126602,"rate_of_return":0.14285714285714285}
{"window":{"start":"2023-10-23T18:22:00.000Z","end":"2023-10-23T18:23:00.000Z"},"country":"United Kingdom","OPM":12,"total_sales_volume":1068.260013461113,"rate_of_return":0.08333333333333333}
{"window":{"start":"2023-10-27T09:23:00.000Z","end":"2023-10-27T09:24:00.000Z"},"country":"EIRE","OPM":1,"total_sales_volume":68.12999930977821,"rate_of_return":0.0}
{"window":{"start":"2023-10-25T01:13:00.000Z","end":"2023-10-25T01:14:00.000Z"},"country":"EIRE","OPM":1,"total_sales_volume":46.679999470710754,"rate_of_return":0.0}
{"window":{"start":"2023-10-27T23:44:00.000Z","end":"2023-10-27T23:45:00.000Z"},"country":"United Kingdom","OPM":9,"total_sales_volume":513.2099891602993,"rate_of_return":0.1111111111111111}
{"window":{"start":"2023-10-26T21:35:00.000Z","end":"2023-10-26T21:36:00.000Z"},"country":"Germany","OPM":1,"total_sales_volume":44.90000009536743,"rate_of_return":0.0}
{"window":{"start":"2023-10-25T11:58:00.000Z","end":"2023-10-25T11:59:00.000Z"},"country":"France","OPM":1,"total_sales_volume":36.29999977350235,"rate_of_return":0.0}
{"window":{"start":"2023-10-26T20:39:00.000Z","end":"2023-10-26T20:40:00.000Z"},"country":"United Kingdom","OPM":4,"total_sales_volume":153.5899978876114,"rate_of_return":0.0}
{"window":{"start":"2023-10-27T03:31:00.000Z","end":"2023-10-27T03:32:00.000Z"},"country":"United Kingdom","OPM":16,"total_sales_volume":851.7400001585484,"rate_of_return":0.125}
{"window":{"start":"2023-10-26T19:14:00.000Z","end":"2023-10-26T19:15:00.000Z"},"country":"Belgium","OPM":1,"total_sales_volume":128.9699990749359,"rate_of_return":0.0}
{"window":{"start":"2023-10-26T05:48:00.000Z","end":"2023-10-26T05:49:00.000Z"},"country":"United Kingdom","OPM":8,"total_sales_volume":2270.489965468645,"rate_of_return":0.0}
{"window":{"start":"2023-10-27T10:58:00.000Z","end":"2023-10-27T10:59:00.000Z"},"country":"United Kingdom","OPM":12,"total_sales_volume":686.8099988996983,"rate_of_return":0.0}
{"window":{"start":"2023-10-25T17:40:00.000Z","end":"2023-10-25T17:41:00.000Z"},"country":"United Kingdom","OPM":3,"total_sales_volume":77.03999829292297,"rate_of_return":0.0}
{"window":{"start":"2023-10-25T04:50:00.000Z","end":"2023-10-25T04:51:00.000Z"},"country":"Australia","OPM":1,"total_sales_volume":2.549999952316284,"rate_of_return":0.0}
{"window":{"start":"2023-10-25T15:21:00.000Z","end":"2023-10-25T15:22:00.000Z"},"country":"France","OPM":1,"total_sales_volume":106.88999962806702,"rate_of_return":0.0}
{"window":{"start":"2023-10-27T10:33:00.000Z","end":"2023-10-27T10:34:00.000Z"},"country":"United Kingdom","OPM":9,"total_sales_volume":567.7999992966652,"rate_of_return":0.0}
{"window":{"start":"2023-10-26T11:30:00.000Z","end":"2023-10-26T11:31:00.000Z"},"country":"United Kingdom","OPM":8,"total_sales_volume":288.06999984383583,"rate_of_return":0.25}
{"window":{"start":"2023-10-25T13:10:00.000Z","end":"2023-10-25T13:11:00.000Z"},"country":"United Kingdom","OPM":10,"total_sales_volume":1147.9300189316273,"rate_of_return":0.0}
{"window":{"start":"2023-10-24T17:13:00.000Z","end":"2023-10-24T17:14:00.000Z"},"country":"EIRE","OPM":1,"total_sales_volume":11.800000190734863,"rate_of_return":0.0}
{"window":{"start":"2023-10-23T15:26:00.000Z","end":"2023-10-23T15:27:00.000Z"},"country":"Germany","OPM":1,"total_sales_volume":19.02999973297119,"rate_of_return":0.0}
{"window":{"start":"2023-10-27T05:20:00.000Z","end":"2023-10-27T05:21:00.000Z"},"country":"Lithuania","OPM":1,"total_sales_volume":5.099999904632568,"rate_of_return":0.0}
{"window":{"start":"2023-10-23T23:40:00.000Z","end":"2023-10-23T23:41:00.000Z"},"country":"EIRE","OPM":1,"total_sales_volume":22.680000066757202,"rate_of_return":0.0}
{"window":{"start":"2023-10-27T12:01:00.000Z","end":"2023-10-27T12:02:00.000Z"},"country":"Switzerland","OPM":1,"total_sales_volume":210.91999912261963,"rate_of_return":0.0}
{"window":{"start":"2023-10-25T12:27:00.000Z","end":"2023-10-25T12:28:00.000Z"},"country":"Germany","OPM":1,"total_sales_volume":1.6299999952316284,"rate_of_return":0.0}
{"window":{"start":"2023-10-24T22:01:00.000Z","end":"2023-10-24T22:02:00.000Z"},"country":"United Kingdom","OPM":15,"total_sales_volume":401.33999639749527,"rate_of_return":0.2}
{"window":{"start":"2023-10-25T19:41:00.000Z","end":"2023-10-25T19:42:00.000Z"},"country":"Germany","OPM":1,"total_sales_volume":18.419999599456787,"rate_of_return":0.0}
{"window":{"start":"2023-10-25T10:37:00.000Z","end":"2023-10-25T10:38:00.000Z"},"country":"USA","OPM":1,"total_sales_volume":24.100000143051147,"rate_of_return":0.0}
{"window":{"start":"2023-10-25T18:53:00.000Z","end":"2023-10-25T18:54:00.000Z"},"country":"United Kingdom","OPM":9,"total_sales_volume":404.26999911665916,"rate_of_return":0.0}
{"window":{"start":"2023-10-24T12:04:00.000Z","end":"2023-10-24T12:05:00.000Z"},"country":"United Kingdom","OPM":12,"total_sales_volume":955.5800090432167,"rate_of_return":0.0}
{"window":{"start":"2023-10-23T20:45:00.000Z","end":"2023-10-23T20:46:00.000Z"},"country":"United Kingdom","OPM":7,"total_sales_volume":243.4600012898445,"rate_of_return":0.0}
{"window":{"start":"2023-10-24T15:52:00.000Z","end":"2023-10-24T15:53:00.000Z"},"country":"United Kingdom","OPM":15,"total_sales_volume":-153.40001520514488,"rate_of_return":0.13333333333333333}
{"window":{"start":"2023-10-24T12:56:00.000Z","end":"2023-10-24T12:57:00.000Z"},"country":"EIRE","OPM":1,"total_sales_volume":10.360000133514404,"rate_of_return":0.0}
{"window":{"start":"2023-10-23T13:08:00.000Z","end":"2023-10-23T13:09:00.000Z"},"country":"EIRE","OPM":1,"total_sales_volume":11.950000166893005,"rate_of_return":0.0}
{"window":{"start":"2023-10-25T23:20:00.000Z","end":"2023-10-25T23:21:00.000Z"},"country":"United Kingdom","OPM":11,"total_sales_volume":529.9399979412556,"rate_of_return":0.0}
{"window":{"start":"2023-10-25T20:33:00.000Z","end":"2023-10-25T20:34:00.000Z"},"country":"United Kingdom","OPM":17,"total_sales_volume":600.1299915015697,"rate_of_return":0.058823529411764705}
{"window":{"start":"2023-10-28T00:43:00.000Z","end":"2023-10-28T00:44:00.000Z"},"country":"United Kingdom","OPM":4,"total_sales_volume":229.67999935150146,"rate_of_return":0.0}
{"window":{"start":"2023-10-26T17:12:00.000Z","end":"2023-10-26T17:13:00.000Z"},"country":"United Kingdom","OPM":4,"total_sales_volume":526.5400019288063,"rate_of_return":0.25}
{"window":{"start":"2023-10-24T17:55:00.000Z","end":"2023-10-24T17:56:00.000Z"},"country":"United Kingdom","OPM":9,"total_sales_volume":331.459999024868,"rate_of_return":0.0}
{"window":{"start":"2023-10-25T20:53:00.000Z","end":"2023-10-25T20:54:00.000Z"},"country":"United Kingdom","OPM":10,"total_sales_volume":642.3199941515923,"rate_of_return":0.1}
{"window":{"start":"2023-10-28T03:36:00.000Z","end":"2023-10-28T03:37:00.000Z"},"country":"United Kingdom","OPM":11,"total_sales_volume":421.01999938488007,"rate_of_return":0.0}
{"window":{"start":"2023-10-25T08:07:00.000Z","end":"2023-10-25T08:08:00.000Z"},"country":"France","OPM":1,"total_sales_volume":35.90999889373779,"rate_of_return":0.0}
{"window":{"start":"2023-10-27T09:39:00.000Z","end":"2023-10-27T09:40:00.000Z"},"country":"Belgium","OPM":1,"total_sales_volume":8.75,"rate_of_return":0.0}
{"window":{"start":"2023-10-26T04:18:00.000Z","end":"2023-10-26T04:19:00.000Z"},"country":"Germany","OPM":1,"total_sales_volume":86.84999942779541,"rate_of_return":0.0}
