{"window":{"start":"2023-10-25T21:11:00.000Z","end":"2023-10-25T21:12:00.000Z"},"country":"United Kingdom","OPM":7,"total_sales_volume":1324.840002298355,"rate_of_return":0.0}
{"window":{"start":"2023-10-24T02:27:00.000Z","end":"2023-10-24T02:28:00.000Z"},"country":"France","OPM":2,"total_sales_volume":145.52000045776367,"rate_of_return":0.0}
{"window":{"start":"2023-10-25T22:55:00.000Z","end":"2023-10-25T22:56:00.000Z"},"country":"United Kingdom","OPM":4,"total_sales_volume":301.9499981403351,"rate_of_return":0.0}
{"window":{"start":"2023-10-24T23:39:00.000Z","end":"2023-10-24T23:40:00.000Z"},"country":"United Kingdom","OPM":9,"total_sales_volume":346.3300014734268,"rate_of_return":0.2222222222222222}
{"window":{"start":"2023-10-25T21:08:00.000Z","end":"2023-10-25T21:09:00.000Z"},"country":"United Kingdom","OPM":8,"total_sales_volume":1131.8099939525127,"rate_of_return":0.25}
{"window":{"start":"2023-10-24T19:10:00.000Z","end":"2023-10-24T19:11:00.000Z"},"country":"United Kingdom","OPM":6,"total_sales_volume":316.5200049877167,"rate_of_return":0.16666666666666666}
{"window":{"start":"2023-10-23T18:39:00.000Z","end":"2023-10-23T18:40:00.000Z"},"country":"United Kingdom","OPM":9,"total_sales_volume":404.59000301361084,"rate_of_return":0.0}
{"window":{"start":"2023-10-25T12:31:00.000Z","end":"2023-10-25T12:32:00.000Z"},"country":"United Kingdom","OPM":9,"total_sales_volume":394.3599979877472,"rate_of_return":0.1111111111111111}
{"window":{"start":"2023-10-26T14:30:00.000Z","end":"2023-10-26T14:31:00.000Z"},"country":"United Kingdom","OPM":14,"total_sales_volume":1132.7800068557262,"rate_of_return":0.07142857142857142}
{"window":{"start":"2023-10-23T23:53:00.000Z","end":"2023-10-23T23:54:00.000Z"},"country":"United Kingdom","OPM":5,"total_sales_volume":202.6299986243248,"rate_of_return":0.0}
{"window":{"start":"2023-10-25T18:12:00.000Z","end":"2023-10-25T18:13:00.000Z"},"country":"France","OPM":1,"total_sales_volume":19.799999713897705,"rate_of_return":0.0}
{"window":{"start":"2023-10-24T06:44:00.000Z","end":"2023-10-24T06:45:00.000Z"},"country":"United Kingdom","OPM":5,"total_sales_volume":336.8799961209297,"rate_of_return":0.0}
{"window":{"start":"2023-10-27T14:20:00.000Z","end":"2023-10-27T14:21:00.000Z"},"country":"Denmark","OPM":1,"total_sales_volume":119.19999992847443,"rate_of_return":0.0}
{"window":{"start":"2023-10-27T03:26:00.000Z","end":"2023-10-27T03:27:00.000Z"},"country":"Switzerland","OPM":1,"total_sales_volume":10.200000286102295,"rate_of_return":0.0}
{"window":{"start":"2023-10-28T00:00:00.000Z","end":"2023-10-28T00:01:00.000Z"},"country":"United Kingdom","OPM":12,"total_sales_volume":466.1700029075146,"rate_of_return":0.08333333333333333}
{"window":{"start":"2023-10-25T19:01:00.000Z","end":"2023-10-25T19:02:00.000Z"},"country":"France","OPM":1,"total_sales_volume":28.299999475479126,"rate_of_return":0.0}
{"window":{"start":"2023-10-26T08:07:00.000Z","end":"2023-10-26T08:08:00.000Z"},"country":"EIRE","OPM":1,"total_sales_volume":2.950000047683716,"rate_of_return":0.0}
{"window":{"start":"2023-10-27T08:48:00.000Z","end":"2023-10-27T08:49:00.000Z"},"country":"France","OPM":1,"total_sales_volume":45.59999942779541,"rate_of_return":0.0}
{"window":{"start":"2023-10-24T08:04:00.000Z","end":"2023-10-24T08:05:00.000Z"},"country":"EIRE","OPM":1,"total_sales_volume":77.05000138282776,"rate_of_return":0.0}
{"window":{"start":"2023-10-27T18:36:00.000Z","end":"2023-10-27T18:37:00.000Z"},"country":"United Kingdom","OPM":6,"total_sales_volume":290.2899979054928,"rate_of_return":0.0}
{"window":{"start":"2023-10-26T14:06:00.000Z","end":"2023-10-26T14:07:00.000Z"},"country":"United Kingdom","OPM":4,"total_sales_volume":193.69999587535858,"rate_of_return":0.0}
{"window":{"start":"2023-10-25T03:56:00.000Z","end":"2023-10-25T03:57:00.000Z"},"country":"Germany","OPM":1,"total_sales_volume":206.10999989509583,"rate_of_return":0.0}
{"window":{"start":"2023-10-28T02:09:00.000Z","end":"2023-10-28T02:10:00.000Z"},"country":"United Kingdom","OPM":9,"total_sales_volume":505.439986795187,"rate_of_return":0.0}
{"window":{"start":"2023-10-23T15:57:00.000Z","end":"2023-10-23T15:58:00.000Z"},"country":"Belgium","OPM":1,"total_sales_volume":25.029999911785126,"rate_of_return":0.0}
{"window":{"start":"2023-10-23T14:29:00.000Z","end":"2023-10-23T14:30:00.000Z"},"country":"Germany","OPM":1,"total_sales_volume":20.59000015258789,"rate_of_return":0.0}
{"window":{"start":"2023-10-25T07:04:00.000Z","end":"2023-10-25T07:05:00.000Z"},"country":"United Kingdom","OPM":11,"total_sales_volume":908.8799936175346,"rate_of_return":0.0}
{"window":{"start":"2023-10-27T10:38:00.000Z","end":"2023-10-27T10:39:00.000Z"},"country":"United Kingdom","OPM":12,"total_sales_volume":690.9799983501434,"rate_of_return":0.0}
{"window":{"start":"2023-10-26T16:17:00.000Z","end":"2023-10-26T16:18:00.000Z"},"country":"EIRE","OPM":1,"total_sales_volume":109.15000009536743,"rate_of_return":0.0}
{"window":{"start":"2023-10-25T11:03:00.000Z","end":"2023-10-25T11:04:00.000Z"},"country":"United Kingdom","OPM":13,"total_sales_volume":7671.89003264904,"rate_of_return":0.07692307692307693}
{"window":{"start":"2023-10-23T15:14:00.000Z","end":"2023-10-23T15:15:00.000Z"},"country":"Netherlands","OPM":1,"total_sales_volume":68.69999778270721,"rate_of_return":0.0}
{"window":{"start":"2023-10-26T23:25:00.000Z","end":"2023-10-26T23:26:00.000Z"},"country":"United Kingdom","OPM":9,"total_sales_volume":545.7199972271919,"rate_of_return":0.1111111111111111}
{"window":{"start":"2023-10-23T13:20:00.000Z","end":"2023-10-23T13:21:00.000Z"},"country":"EIRE","OPM":1,"total_sales_volume":115.64999809861183,"rate_of_return":0.0}
{"window":{"start":"2023-10-23T23:18:00.000Z","end":"2023-10-23T23:19:00.000Z"},"country":"EIRE","OPM":1,"total_sales_volume":39.90000104904175,"rate_of_return":0.0}
{"window":{"start":"2023-10-27T11:11:00.000Z","end":"2023-10-27T11:12:00.000Z"},"country":"Spain","OPM":1,"total_sales_volume":33.75,"rate_of_return":0.0}
{"window":{"start":"2023-10-26T01:54:00.000Z","end":"2023-10-26T01:55:00.000Z"},"country":"United Kingdom","OPM":7,"total_sales_volume":262.44999837875366,"rate_of_return":0.0}
{"window":{"start":"2023-10-25T18:15:00.000Z","end":"2023-10-25T18:16:00.000Z"},"country":"EIRE","OPM":1,"total_sales_volume":41.30000114440918,"rate_of_return":0.0}
{"window":{"start":"2023-10-26T12:40:00.000Z","end":"2023-10-26T12:41:00.000Z"},"country":"France","OPM":1,"total_sales_volume":-152.78000044822693,"rate_of_return":1.0}
{"window":{"start":"2023-10-23T23:14:00.000Z","end":"2023-10-23T23:15:00.000Z"},"country":"Switzerland","OPM":1,"total_sales_volume":55.920000076293945,"rate_of_return":0.0}
{"window":{"start":"2023-10-25T19:32:00.000Z","end":"2023-10-25T19:33:00.000Z"},"country":"Germany","OPM":1,"total_sales_volume":5.099999904632568,"rate_of_return":0.0}
{"window":{"start":"2023-10-25T11:08:00.000Z","end":"2023-10-25T11:09:00.000Z"},"country":"Germany","OPM":1,"total_sales_volume":17.309999465942383,"rate_of_return":0.0}
{"window":{"start":"2023-10-24T08:12:00.000Z","end":"2023-10-24T08:13:00.000Z"},"country":"France","OPM":1,"total_sales_volume":30.129999697208405,"rate_of_return":0.0}
{"window":{"start":"2023-10-25T20:41:00.000Z","end":"2023-10-25T20:42:00.000Z"},"country":"Germany","OPM":1,"total_sales_volume":34.0,"rate_of_return":0.0}
{"window":{"start":"2023-10-26T11:51:00.000Z","end":"2023-10-26T11:52:00.000Z"},"country":"United Kingdom","OPM":10,"total_sales_volume":788.9600102305412,"rate_of_return":0.0}
{"window":{"start":"2023-10-24T01:24:00.000Z","end":"2023-10-24T01:25:00.000Z"},"country":"Sweden","OPM":1,"total_sales_volume":54.47999942302704,"rate_of_return":0.0}
{"window":{"start":"2023-10-28T03:44:00.000Z","end":"2023-10-28T03:45:00.000Z"},"country":"United Kingdom","OPM":14,"total_sales_volume":1041.200005888939,"rate_of_return":0.07142857142857142}
{"window":{"start":"2023-10-27T03:48:00.000Z","end":"2023-10-27T03:49:00.000Z"},"country":"Germany","OPM":1,"total_sales_volume":35.899999141693115,"rate_of_return":0.0}
{"window":{"start":"2023-10-27T13:54:00.000Z","end":"2023-10-27T13:55:00.000Z"},"country":"United Kingdom","OPM":10,"total_sales_volume":532.5599963068962,"rate_of_return":0.0}
{"window":{"start":"2023-10-25T23:16:00.000Z","end":"2023-10-25T23:17:00.000Z"},"country":"United Kingdom","OPM":16,"total_sales_volume":1006.3499915599823,"rate_of_return":0.0}
{"window":{"start":"2023-10-26T06:46:00.000Z","end":"2023-10-26T06:47:00.000Z"},"country":"United Kingdom","OPM":14,"total_sales_volume":717.2100003361702,"rate_of_return":0.0}
{"window":{"start":"2023-10-27T18:24:00.000Z","end":"2023-10-27T18:25:00.000Z"},"country":"Austria","OPM":1,"total_sales_volume":1.649999976158142,"rate_of_return":0.0}
{"window":{"start":"2023-10-24T17:06:00.000Z","end":"2023-10-24T17:07:00.000Z"},"country":"Japan","OPM":1,"total_sales_volume":15.679999947547913,"rate_of_return":0.0}
{"window":{"start":"2023-10-28T05:22:00.000Z","end":"2023-10-28T05:23:00.000Z"},"country":"France","OPM":1,"total_sales_volume":248.72000074386597,"rate_of_return":0.0}
{"window":{"start":"2023-10-26T14:23:00.000Z","end":"2023-10-26T14:24:00.000Z"},"country":"United Kingdom","OPM":6,"total_sales_volume":3519.329931616783,"rate_of_return":0.0}
{"window":{"start":"2023-10-23T13:00:00.000Z","end":"2023-10-23T13:01:00.000Z"},"country":"United Kingdom","OPM":5,"total_sales_volume":-153.19999587535858,"rate_of_return":0.2}
{"window":{"start":"2023-10-24T04:22:00.000Z","end":"2023-10-24T04:23:00.000Z"},"country":"United Kingdom","OPM":9,"total_sales_volume":930.0400002002716,"rate_of_return":0.0}
{"window":{"start":"2023-10-23T20:47:00.000Z","end":"2023-10-23T20:48:00.000Z"},"country":"United Kingdom","OPM":14,"total_sales_volume":2391.4099205434322,"rate_of_return":0.0}
{"window":{"start":"2023-10-25T23:52:00.000Z","end":"2023-10-25T23:53:00.000Z"},"country":"EIRE","OPM":1,"total_sales_volume":0.8299999833106995,"rate_of_return":0.0}
