{"window":{"start":"2023-10-26T17:16:00.000Z","end":"2023-10-26T17:17:00.000Z"},"country":"United Kingdom","OPM":10,"total_sales_volume":906.2399862110615,"rate_of_return":0.1}
{"window":{"start":"2023-10-26T11:09:00.000Z","end":"2023-10-26T11:10:00.000Z"},"country":"Singapore","OPM":1,"total_sales_volume":152.99999713897705,"rate_of_return":0.0}
{"window":{"start":"2023-10-28T01:10:00.000Z","end":"2023-10-28T01:11:00.000Z"},"country":"Germany","OPM":1,"total_sales_volume":72.08000087738037,"rate_of_return":0.0}
{"window":{"start":"2023-10-23T22:53:00.000Z","end":"2023-10-23T22:54:00.000Z"},"country":"United Kingdom","OPM":7,"total_sales_volume":350.7599997520447,"rate_of_return":0.0}
{"window":{"start":"2023-10-26T09:38:00.000Z","end":"2023-10-26T09:39:00.000Z"},"country":"United Kingdom","OPM":14,"total_sales_volume":1680.9099826216698,"rate_of_return":0.07142857142857142}
{"window":{"start":"2023-10-27T05:55:00.000Z","end":"2023-10-27T05:56:00.000Z"},"country":"Germany","OPM":1,"total_sales_volume":40.709999799728394,"rate_of_return":0.0}
{"window":{"start":"2023-10-26T14:10:00.000Z","end":"2023-10-26T14:11:00.000Z"},"country":"United Kingdom","OPM":12,"total_sales_volume":753.5799941718578,"rate_of_return":0.0}
{"window":{"start":"2023-10-25T00:49:00.000Z","end":"2023-10-25T00:50:00.000Z"},"country":"United Kingdom","OPM":5,"total_sales_volume":120.67000138759613,"rate_of_return":0.0}
{"window":{"start":"2023-10-24T12:18:00.000Z","end":"2023-10-24T12:19:00.000Z"},"country":"Germany","OPM":1,"total_sales_volume":5.039999842643738,"rate_of_return":0.0}
{"window":{"start":"2023-10-27T09:18:00.000Z","end":"2023-10-27T09:19:00.000Z"},"country":"France","OPM":1,"total_sales_volume":123.6500015258789,"rate_of_return":0.0}
{"window":{"start":"2023-10-24T18:57:00.000Z","end":"2023-10-24T18:58:00.000Z"},"country":"France","OPM":1,"total_sales_volume":18.109999656677246,"rate_of_return":0.0}
{"window":{"start":"2023-10-26T20:02:00.000Z","end":"2023-10-26T20:03:00.000Z"},"country":"Netherlands","OPM":1,"total_sales_volume":7.900000095367432,"rate_of_return":0.0}
{"window":{"start":"2023-10-27T05:17:00.000Z","end":"2023-10-27T05:18:00.000Z"},"country":"United Kingdom","OPM":12,"total_sales_volume":930.0100090503693,"rate_of_return":0.0}
{"window":{"start":"2023-10-26T21:40:00.000Z","end":"2023-10-26T21:41:00.000Z"},"country":"United Kingdom","OPM":5,"total_sales_volume":146.55999851226807,"rate_of_return":0.0}
{"window":{"start":"2023-10-27T16:47:00.000Z","end":"2023-10-27T16:48:00.000Z"},"country":"United Kingdom","OPM":5,"total_sales_volume":312.74999701976776,"rate_of_return":0.2}
{"window":{"start":"2023-10-28T00:29:00.000Z","end":"2023-10-28T00:30:00.000Z"},"country":"United Kingdom","OPM":8,"total_sales_volume":1540.4100223481655,"rate_of_return":0.125}
{"window":{"start":"2023-10-24T15:42:00.000Z","end":"2023-10-24T15:43:00.000Z"},"country":"Netherlands","OPM":1,"total_sales_volume":52.21999907493591,"rate_of_return":0.0}
{"window":{"start":"2023-10-26T00:07:00.000Z","end":"2023-10-26T00:08:00.000Z"},"country":"United Kingdom","OPM":17,"total_sales_volume":1076.309987515211,"rate_of_return":0.058823529411764705}
{"window":{"start":"2023-10-25T22:38:00.000Z","end":"2023-10-25T22:39:00.000Z"},"country":"United Kingdom","OPM":10,"total_sales_volume":497.12000235170126,"rate_of_return":0.1}
{"window":{"start":"2023-10-27T21:24:00.000Z","end":"2023-10-27T21:25:00.000Z"},"country":"United Kingdom","OPM":7,"total_sales_volume":533.2199851572514,"rate_of_return":0.14285714285714285}
{"window":{"start":"2023-10-25T09:08:00.000Z","end":"2023-10-25T09:09:00.000Z"},"country":"Belgium","OPM":1,"total_sales_volume":81.95999813079834,"rate_of_return":0.0}
{"window":{"start":"2023-10-24T19:36:00.000Z","end":"2023-10-24T19:37:00.000Z"},"country":"United Kingdom","OPM":7,"total_sales_volume":370.0599985420704,"rate_of_return":0.0}
{"window":{"start":"2023-10-25T18:13:00.000Z","end":"2023-10-25T18:14:00.000Z"},"country":"United Kingdom","OPM":5,"total_sales_volume":860.2099820673466,"rate_of_return":0.0}
{"window":{"start":"2023-10-24T03:58:00.000Z","end":"2023-10-24T03:59:00.000Z"},"country":"France","OPM":1,"total_sales_volume":204.54999601840973,"rate_of_return":0.0}
{"window":{"start":"2023-10-25T11:22:00.000Z","end":"2023-10-25T11:23:00.000Z"},"country":"Belgium","OPM":1,"total_sales_volume":61.41999930143356,"rate_of_return":0.0}
{"window":{"start":"2023-10-25T05:37:00.000Z","end":"2023-10-25T05:38:00.000Z"},"country":"Belgium","OPM":1,"total_sales_volume":3.799999952316284,"rate_of_return":0.0}
{"window":{"start":"2023-10-26T15:49:00.000Z","end":"2023-10-26T15:50:00.000Z"},"country":"United Kingdom","OPM":12,"total_sales_volume":665.9599993824959,"rate_of_return":0.0}
{"window":{"start":"2023-10-27T02:29:00.000Z","end":"2023-10-27T02:30:00.000Z"},"country":"Unspecified","OPM":1,"total_sales_volume":118.02999925613403,"rate_of_return":0.0}
{"window":{"start":"2023-10-25T22:45:00.000Z","end":"2023-10-25T22:46:00.000Z"},"country":"Denmark","OPM":1,"total_sales_volume":35.489999771118164,"rate_of_return":0.0}
{"window":{"start":"2023-10-27T12:23:00.000Z","end":"2023-10-27T12:24:00.000Z"},"country":"Malta","OPM":1,"total_sales_volume":-214.49999952316284,"rate_of_return":1.0}
{"window":{"start":"2023-10-24T21:53:00.000Z","end":"2023-10-24T21:54:00.000Z"},"country":"Japan","OPM":1,"total_sales_volume":18.880000352859497,"rate_of_return":0.0}
{"window":{"start":"2023-10-25T19:23:00.000Z","end":"2023-10-25T19:24:00.000Z"},"country":"United Kingdom","OPM":5,"total_sales_volume":63.649999380111694,"rate_of_return":0.2}
{"window":{"start":"2023-10-26T17:16:00.000Z","end":"2023-10-26T17:17:00.000Z"},"country":"France","OPM":1,"total_sales_volume":29.449999570846558,"rate_of_return":0.0}
{"window":{"start":"2023-10-23T19:23:00.000Z","end":"2023-10-23T19:24:00.000Z"},"country":"United Kingdom","OPM":5,"total_sales_volume":55.16000008583069,"rate_of_return":0.2}
{"window":{"start":"2023-10-25T07:18:00.000Z","end":"2023-10-25T07:19:00.000Z"},"country":"United Kingdom","OPM":11,"total_sales_volume":267.0600032508373,"rate_of_return":0.09090909090909091}
{"window":{"start":"2023-10-26T06:28:00.000Z","end":"2023-10-26T06:29:00.000Z"},"country":"United Kingdom","OPM":12,"total_sales_volume":1425.539992749691,"rate_of_return":0.08333333333333333}
{"window":{"start":"2023-10-27T19:14:00.000Z","end":"2023-10-27T19:15:00.000Z"},"country":"Germany","OPM":1,"total_sales_volume":13.680000066757202,"rate_of_return":0.0}
{"window":{"start":"2023-10-27T19:28:00.000Z","end":"2023-10-27T19:29:00.000Z"},"country":"United Kingdom","OPM":13,"total_sales_volume":582.0999987125397,"rate_of_return":0.0}
{"window":{"start":"2023-10-24T15:37:00.000Z","end":"2023-10-24T15:38:00.000Z"},"country":"EIRE","OPM":1,"total_sales_volume":21.779999494552612,"rate_of_return":0.0}
{"window":{"start":"2023-10-25T01:23:00.000Z","end":"2023-10-25T01:24:00.000Z"},"country":"Brazil","OPM":1,"total_sales_volume":83.4399995803833,"rate_of_return":0.0}
{"window":{"start":"2023-10-24T18:38:00.000Z","end":"2023-10-24T18:39:00.000Z"},"country":"Germany","OPM":1,"total_sales_volume":201.21000111103058,"rate_of_return":0.0}
{"window":{"start":"2023-10-26T16:16:00.000Z","end":"2023-10-26T16:17:00.000Z"},"country":"United Kingdom","OPM":7,"total_sales_volume":451.1799966096878,"rate_of_return":0.14285714285714285}
{"window":{"start":"2023-10-23T19:20:00.000Z","end":"2023-10-23T19:21:00.000Z"},"country":"United Kingdom","OPM":9,"total_sales_volume":221.52999931573868,"rate_of_return":0.0}
{"window":{"start":"2023-10-25T11:06:00.000Z","end":"2023-10-25T11:07:00.000Z"},"country":"EIRE","OPM":1,"total_sales_volume":1.25,"rate_of_return":0.0}
{"window":{"start":"2023-10-25T22:12:00.000Z","end":"2023-10-25T22:13:00.000Z"},"country":"Belgium","OPM":1,"total_sales_volume":21.760000228881836,"rate_of_return":0.0}
{"window":{"start":"2023-10-27T09:51:00.000Z","end":"2023-10-27T09:52:00.000Z"},"country":"United Kingdom","OPM":5,"total_sales_volume":99.0799993276596,"rate_of_return":0.0}
{"window":{"start":"2023-10-25T08:54:00.000Z","end":"2023-10-25T08:55:00.000Z"},"country":"United Kingdom","OPM":11,"total_sales_volume":321.53999477624893,"rate_of_return":0.0}
{"window":{"start":"2023-10-26T06:47:00.000Z","end":"2023-10-26T06:48:00.000Z"},"country":"United Kingdom","OPM":11,"total_sales_volume":625.1399971693754,"rate_of_return":0.0}
{"window":{"start":"2023-10-28T03:21:00.000Z","end":"2023-10-28T03:22:00.000Z"},"country":"France","OPM":1,"total_sales_volume":36.20000088214874,"rate_of_return":0.0}
{"window":{"start":"2023-10-27T19:41:00.000Z","end":"2023-10-27T19:42:00.000Z"},"country":"United Kingdom","OPM":6,"total_sales_volume":155.7299990952015,"rate_of_return":0.0}
{"window":{"start":"2023-10-25T02:40:00.000Z","end":"2023-10-25T02:41:00.000Z"},"country":"United Kingdom","OPM":9,"total_sales_volume":429.04000137746334,"rate_of_return":0.1111111111111111}
{"window":{"start":"2023-10-26T08:56:00.000Z","end":"2023-10-26T08:57:00.000Z"},"country":"United Kingdom","OPM":10,"total_sales_volume":553.3799988403916,"rate_of_return":0.1}
{"window":{"start":"2023-10-26T07:24:00.000Z","end":"2023-10-26T07:25:00.000Z"},"country":"United Kingdom","OPM":11,"total_sales_volume":771.8599986433983,"rate_of_return":0.09090909090909091}
{"window":{"start":"2023-10-27T03:54:00.000Z","end":"2023-10-27T03:55:00.000Z"},"country":"United Kingdom","OPM":11,"total_sales_volume":805.2199955880642,"rate_of_return":0.0}
{"window":{"start":"2023-10-26T15:28:00.000Z","end":"2023-10-26T15:29:00.000Z"},"country":"United Kingdom","OPM":13,"total_sales_volume":687.659999370575,"rate_of_return":0.0}
{"window":{"start":"2023-10-25T15:33:00.000Z","end":"2023-10-25T15:34:00.000Z"},"country":"United Kingdom","OPM":8,"total_sales_volume":449.98999801278114,"rate_of_return":0.0}
{"window":{"start":"2023-10-26T08:45:00.000Z","end":"2023-10-26T08:46:00.000Z"},"country":"Switzerland","OPM":1,"total_sales_volume":4.949999809265137,"rate_of_return":0.0}
{"window":{"start":"2023-10-27T18:43:00.000Z","end":"2023-10-27T18:44:00.000Z"},"country":"France","OPM":1,"total_sales_volume":64.51000022888184,"rate_of_return":0.0}
{"window":{"start":"2023-10-23T13:58:00.000Z","end":"2023-10-23T13:59:00.000Z"},"country":"United Kingdom","OPM":9,"total_sales_volume":345.1500004529953,"rate_of_return":0.1111111111111111}
{"window":{"start":"2023-10-23T23:43:00.000Z","end":"2023-10-23T23:44:00.000Z"},"country":"United Kingdom","OPM":5,"total_sales_volume":336.40999960899353,"rate_of_return":0.0}
{"window":{"start":"2023-10-26T13:15:00.000Z","end":"2023-10-26T13:16:00.000Z"},"country":"Germany","OPM":1,"total_sales_volume":49.84000015258789,"rate_of_return":0.0}
{"window":{"start":"2023-10-27T15:16:00.000Z","end":"2023-10-27T15:17:00.000Z"},"country":"United Kingdom","OPM":7,"total_sales_volume":842.5699891149998,"rate_of_return":0.0}
