{"window":{"start":"2023-10-27T16:07:00.000Z","end":"2023-10-27T16:08:00.000Z"},"country":"France","OPM":2,"total_sales_volume":27.750000715255737,"rate_of_return":0.5}
{"window":{"start":"2023-10-23T19:18:00.000Z","end":"2023-10-23T19:19:00.000Z"},"country":"United Kingdom","OPM":3,"total_sales_volume":-16.89999783039093,"rate_of_return":0.3333333333333333}
{"window":{"start":"2023-10-27T12:35:00.000Z","end":"2023-10-27T12:36:00.000Z"},"country":"United Kingdom","OPM":2,"total_sales_volume":-353.92000782489777,"rate_of_return":0.5}
{"window":{"start":"2023-10-23T21:40:00.000Z","end":"2023-10-23T21:41:00.000Z"},"country":"Finland","OPM":1,"total_sales_volume":26.799999833106995,"rate_of_return":0.0}
{"window":{"start":"2023-10-23T22:56:00.000Z","end":"2023-10-23T22:57:00.000Z"},"country":"Belgium","OPM":1,"total_sales_volume":251.3899917602539,"rate_of_return":0.0}
{"window":{"start":"2023-10-25T21:34:00.000Z","end":"2023-10-25T21:35:00.000Z"},"country":"United Kingdom","OPM":10,"total_sales_volume":121.9899959564209,"rate_of_return":0.3}
{"window":{"start":"2023-10-26T12:59:00.000Z","end":"2023-10-26T13:00:00.000Z"},"country":"Brazil","OPM":1,"total_sales_volume":3.75,"rate_of_return":0.0}
{"window":{"start":"2023-10-25T19:10:00.000Z","end":"2023-10-25T19:11:00.000Z"},"country":"United Kingdom","OPM":7,"total_sales_volume":433.24999955296516,"rate_of_return":0.0}
{"window":{"start":"2023-10-23T19:41:00.000Z","end":"2023-10-23T19:42:00.000Z"},"country":"United Kingdom","OPM":13,"total_sales_volume":868.2299927473068,"rate_of_return":0.15384615384615385}
{"window":{"start":"2023-10-26T05:17:00.000Z","end":"2023-10-26T05:18:00.000Z"},"country":"France","OPM":1,"total_sales_volume":23.5,"rate_of_return":0.0}
{"window":{"start":"2023-10-25T01:43:00.000Z","end":"2023-10-25T01:44:00.000Z"},"country":"Finland","OPM":1,"total_sales_volume":174.74999713152647,"rate_of_return":0.0}
{"window":{"start":"2023-10-23T13:46:00.000Z","end":"2023-10-23T13:47:00.000Z"},"country":"United Kingdom","OPM":12,"total_sales_volume":644.2999996542931,"rate_of_return":0.0}
{"window":{"start":"2023-10-24T17:22:00.000Z","end":"2023-10-24T17:23:00.000Z"},"country":"Netherlands","OPM":1,"total_sales_volume":32.950000047683716,"rate_of_return":0.0}
{"window":{"start":"2023-10-26T18:46:00.000Z","end":"2023-10-26T18:47:00.000Z"},"country":"EIRE","OPM":1,"total_sales_volume":29.869999885559082,"rate_of_return":0.0}
{"window":{"start":"2023-10-27T04:27:00.000Z","end":"2023-10-27T04:28:00.000Z"},"country":"Switzerland","OPM":1,"total_sales_volume":41.82999861240387,"rate_of_return":0.0}
{"window":{"start":"2023-10-24T12:07:00.000Z","end":"2023-10-24T12:08:00.000Z"},"country":"United Kingdom","OPM":5,"total_sales_volume":476.9299918413162,"rate_of_return":0.0}
{"window":{"start":"2023-10-23T14:40:00.000Z","end":"2023-10-23T14:41:00.000Z"},"country":"United Kingdom","OPM":7,"total_sales_volume":228.979998588562,"rate_of_return":0.0}
{"window":{"start":"2023-10-24T07:36:00.000Z","end":"2023-10-24T07:37:00.000Z"},"country":"Germany","OPM":1,"total_sales_volume":37.79000002145767,"rate_of_return":0.0}
{"window":{"start":"2023-10-24T02:15:00.000Z","end":"2023-10-24T02:16:00.000Z"},"country":"United Kingdom","OPM":11,"total_sales_volume":457.1199988722801,"rate_of_return":0.09090909090909091}
{"window":{"start":"2023-10-25T00:17:00.000Z","end":"2023-10-25T00:18:00.000Z"},"country":"United Kingdom","OPM":12,"total_sales_volume":723.4900042414665,"rate_of_return":0.08333333333333333}
{"window":{"start":"2023-10-25T17:53:00.000Z","end":"2023-10-25T17:54:00.000Z"},"country":"Unspecified","OPM":1,"total_sales_volume":114.29999899864197,"rate_of_return":0.0}
{"window":{"start":"2023-10-27T08:46:00.000Z","end":"2023-10-27T08:47:00.000Z"},"country":"United Kingdom","OPM":12,"total_sales_volume":685.4199925065041,"rate_of_return":0.08333333333333333}
{"window":{"start":"2023-10-28T01:59:00.000Z","end":"2023-10-28T02:00:00.000Z"},"country":"Germany","OPM":2,"total_sales_volume":142.67999744415283,"rate_of_return":0.0}
{"window":{"start":"2023-10-27T23:46:00.000Z","end":"2023-10-27T23:47:00.000Z"},"country":"United Kingdom","OPM":4,"total_sales_volume":506.9799968600273,"rate_of_return":0.0}
{"window":{"start":"2023-10-25T11:21:00.000Z","end":"2023-10-25T11:22:00.000Z"},"country":"United Kingdom","OPM":8,"total_sales_volume":117.26999695599079,"rate_of_return":0.125}
{"window":{"start":"2023-10-27T00:05:00.000Z","end":"2023-10-27T00:06:00.000Z"},"country":"United Kingdom","OPM":10,"total_sales_volume":787.2199905216694,"rate_of_return":0.0}
{"window":{"start":"2023-10-24T13:19:00.000Z","end":"2023-10-24T13:20:00.000Z"},"country":"United Kingdom","OPM":6,"total_sales_volume":508.5000005364418,"rate_of_return":0.0}
{"window":{"start":"2023-10-25T09:44:00.000Z","end":"2023-10-25T09:45:00.000Z"},"country":"United Kingdom","OPM":12,"total_sales_volume":1166.139997690916,"rate_of_return":0.0}
{"window":{"start":"2023-10-25T22:13:00.000Z","end":"2023-10-25T22:14:00.000Z"},"country":"United Kingdom","OPM":14,"total_sales_volume":615.6200022399426,"rate_of_return":0.07142857142857142}
{"window":{"start":"2023-10-23T22:28:00.000Z","end":"2023-10-23T22:29:00.000Z"},"country":"United Kingdom","OPM":4,"total_sales_volume":120.52999845147133,"rate_of_return":0.0}
{"window":{"start":"2023-10-24T16:28:00.000Z","end":"2023-10-24T16:29:00.000Z"},"country":"Germany","OPM":1,"total_sales_volume":178.9100000858307,"rate_of_return":0.0}
{"window":{"start":"2023-10-23T12:37:00.000Z","end":"2023-10-23T12:38:00.000Z"},"country":"United Kingdom","OPM":9,"total_sales_volume":193.19000005722046,"rate_of_return":0.0}
{"window":{"start":"2023-10-26T02:27:00.000Z","end":"2023-10-26T02:28:00.000Z"},"country":"United Kingdom","OPM":5,"total_sales_volume":408.86000123620033,"rate_of_return":0.0}
{"window":{"start":"2023-10-24T20:29:00.000Z","end":"2023-10-24T20:30:00.000Z"},"country":"Germany","OPM":1,"total_sales_volume":62.14000046253204,"rate_of_return":0.0}
{"window":{"start":"2023-10-24T22:27:00.000Z","end":"2023-10-24T22:28:00.000Z"},"country":"Germany","OPM":1,"total_sales_volume":34.010000228881836,"rate_of_return":0.0}
{"window":{"start":"2023-10-27T09:58:00.000Z","end":"2023-10-27T09:59:00.000Z"},"country":"EIRE","OPM":1,"total_sales_volume":14.699999332427979,"rate_of_return":0.0}
{"window":{"start":"2023-10-25T04:30:00.000Z","end":"2023-10-25T04:31:00.000Z"},"country":"United Kingdom","OPM":9,"total_sales_volume":297.66999673843384,"rate_of_return":0.1111111111111111}
{"window":{"start":"2023-10-23T15:36:00.000Z","end":"2023-10-23T15:37:00.000Z"},"country":"United Kingdom","OPM":5,"total_sales_volume":220.85999983549118,"rate_of_return":0.0}
{"window":{"start":"2023-10-25T04:53:00.000Z","end":"2023-10-25T04:54:00.000Z"},"country":"United Kingdom","OPM":5,"total_sales_volume":314.86000072956085,"rate_of_return":0.0}
{"window":{"start":"2023-10-25T15:11:00.000Z","end":"2023-10-25T15:12:00.000Z"},"country":"Switzerland","OPM":1,"total_sales_volume":24.999999284744263,"rate_of_return":0.0}
{"window":{"start":"2023-10-24T05:30:00.000Z","end":"2023-10-24T05:31:00.000Z"},"country":"Germany","OPM":1,"total_sales_volume":14.93999969959259,"rate_of_return":0.0}
{"window":{"start":"2023-10-24T19:49:00.000Z","end":"2023-10-24T19:50:00.000Z"},"country":"United Kingdom","OPM":9,"total_sales_volume":208.0499991774559,"rate_of_return":0.1111111111111111}
{"window":{"start":"2023-10-25T04:26:00.000Z","end":"2023-10-25T04:27:00.000Z"},"country":"United Kingdom","OPM":8,"total_sales_volume":563.5900016725063,"rate_of_return":0.0}
{"window":{"start":"2023-10-26T17:15:00.000Z","end":"2023-10-26T17:16:00.000Z"},"country":"United Kingdom","OPM":5,"total_sales_volume":1095.780027270317,"rate_of_return":0.0}
{"window":{"start":"2023-10-27T14:28:00.000Z","end":"2023-10-27T14:29:00.000Z"},"country":"Germany","OPM":1,"total_sales_volume":36.080000162124634,"rate_of_return":0.0}
{"window":{"start":"2023-10-24T05:51:00.000Z","end":"2023-10-24T05:52:00.000Z"},"country":"United Kingdom","OPM":6,"total_sales_volume":342.2400016784668,"rate_of_return":0.0}
{"window":{"start":"2023-10-24T13:53:00.000Z","end":"2023-10-24T13:54:00.000Z"},"country":"United Kingdom","OPM":6,"total_sales_volume":581.7700088024139,"rate_of_return":0.3333333333333333}
{"window":{"start":"2023-10-25T01:17:00.000Z","end":"2023-10-25T01:18:00.000Z"},"country":"United Kingdom","OPM":13,"total_sales_volume":1160.5499856173992,"rate_of_return":0.0}
{"window":{"start":"2023-10-26T16:43:00.000Z","end":"2023-10-26T16:44:00.000Z"},"country":"United Kingdom","OPM":11,"total_sales_volume":847.2699953019619,"rate_of_return":0.0}
{"window":{"start":"2023-10-24T19:02:00.000Z","end":"2023-10-24T19:03:00.000Z"},"country":"United Kingdom","OPM":11,"total_sales_volume":737.3399953842163,"rate_of_return":0.09090909090909091}
{"window":{"start":"2023-10-23T17:42:00.000Z","end":"2023-10-23T17:43:00.000Z"},"country":"Germany","OPM":1,"total_sales_volume":232.8499984741211,"rate_of_return":0.0}
{"window":{"start":"2023-10-28T04:19:00.000Z","end":"2023-10-28T04:20:00.000Z"},"country":"Belgium","OPM":1,"total_sales_volume":34.700000286102295,"rate_of_return":0.0}
{"window":{"start":"2023-10-27T02:44:00.000Z","end":"2023-10-27T02:45:00.000Z"},"country":"United Kingdom","OPM":9,"total_sales_volume":187.34999930858612,"rate_of_return":0.1111111111111111}
{"window":{"start":"2023-10-27T22:33:00.000Z","end":"2023-10-27T22:34:00.000Z"},"country":"United Kingdom","OPM":14,"total_sales_volume":1227.5199984014034,"rate_of_return":0.0}
{"window":{"start":"2023-10-27T05:56:00.000Z","end":"2023-10-27T05:57:00.000Z"},"country":"United Kingdom","OPM":5,"total_sales_volume":910.1099805235863,"rate_of_return":0.0}
{"window":{"start":"2023-10-26T13:16:00.000Z","end":"2023-10-26T13:17:00.000Z"},"country":"EIRE","OPM":2,"total_sales_volume":78.70999896526337,"rate_of_return":0.0}
{"window":{"start":"2023-10-23T15:26:00.000Z","end":"2023-10-23T15:27:00.000Z"},"country":"United Kingdom","OPM":17,"total_sales_volume":1854.4599898159504,"rate_of_return":0.058823529411764705}
{"window":{"start":"2023-10-27T09:45:00.000Z","end":"2023-10-27T09:46:00.000Z"},"country":"United Kingdom","OPM":12,"total_sales_volume":1059.2400112748146,"rate_of_return":0.0}
{"window":{"start":"2023-10-25T07:07:00.000Z","end":"2023-10-25T07:08:00.000Z"},"country":"United Kingdom","OPM":3,"total_sales_volume":148.90999841690063,"rate_of_return":0.0}
