{"window":{"start":"2023-10-25T23:51:00.000Z","end":"2023-10-25T23:52:00.000Z"},"country":"United Kingdom","OPM":16,"total_sales_volume":827.3399922251701,"rate_of_return":0.125}
{"window":{"start":"2023-10-23T23:41:00.000Z","end":"2023-10-23T23:42:00.000Z"},"country":"Netherlands","OPM":1,"total_sales_volume":-6.239999771118164,"rate_of_return":1.0}
{"window":{"start":"2023-10-26T01:33:00.000Z","end":"2023-10-26T01:34:00.000Z"},"country":"United Kingdom","OPM":15,"total_sales_volume":1007.5899985432625,"rate_of_return":0.0}
{"window":{"start":"2023-10-25T01:54:00.000Z","end":"2023-10-25T01:55:00.000Z"},"country":"Switzerland","OPM":1,"total_sales_volume":14.809999942779541,"rate_of_return":0.0}
{"window":{"start":"2023-10-25T16:17:00.000Z","end":"2023-10-25T16:18:00.000Z"},"country":"Switzerland","OPM":1,"total_sales_volume":34.73999905586243,"rate_of_return":0.0}
{"window":{"start":"2023-10-23T22:38:00.000Z","end":"2023-10-23T22:39:00.000Z"},"country":"United Kingdom","OPM":7,"total_sales_volume":335.4599971175194,"rate_of_return":0.14285714285714285}
{"window":{"start":"2023-10-26T05:18:00.000Z","end":"2023-10-26T05:19:00.000Z"},"country":"Germany","OPM":1,"total_sales_volume":9.129999995231628,"rate_of_return":0.0}
{"window":{"start":"2023-10-27T09:43:00.000Z","end":"2023-10-27T09:44:00.000Z"},"country":"EIRE","OPM":1,"total_sales_volume":37.31999921798706,"rate_of_return":0.0}
{"window":{"start":"2023-10-26T03:06:00.000Z","end":"2023-10-26T03:07:00.000Z"},"country":"Australia","OPM":1,"total_sales_volume":-16.129999697208405,"rate_of_return":1.0}
{"window":{"start":"2023-10-23T21:10:00.000Z","end":"2023-10-23T21:11:00.000Z"},"country":"United Kingdom","OPM":11,"total_sales_volume":898.4200000464916,"rate_of_return":0.09090909090909091}
{"window":{"start":"2023-10-24T10:43:00.000Z","end":"2023-10-24T10:44:00.000Z"},"country":"United Kingdom","OPM":6,"total_sales_volume":86.89999985694885,"rate_of_return":0.0}
{"window":{"start":"2023-10-28T03:59:00.000Z","end":"2023-10-28T04:00:00.000Z"},"country":"Switzerland","OPM":1,"total_sales_volume":77.94999980926514,"rate_of_return":0.0}
{"window":{"start":"2023-10-26T09:44:00.000Z","end":"2023-10-26T09:45:00.000Z"},"country":"United Kingdom","OPM":13,"total_sales_volume":1079.0999865531921,"rate_of_return":0.0}
{"window":{"start":"2023-10-26T16:38:00.000Z","end":"2023-10-26T16:39:00.000Z"},"country":"Australia","OPM":1,"total_sales_volume":-31.08999991416931,"rate_of_return":1.0}
{"window":{"start":"2023-10-28T02:21:00.000Z","end":"2023-10-28T02:22:00.000Z"},"country":"United Kingdom","OPM":9,"total_sales_volume":606.2800028920174,"rate_of_return":0.0}
{"window":{"start":"2023-10-25T20:05:00.000Z","end":"2023-10-25T20:06:00.000Z"},"country":"United Kingdom","OPM":15,"total_sales_volume":1031.529995933175,"rate_of_return":0.06666666666666667}
{"window":{"start":"2023-10-26T20:17:00.000Z","end":"2023-10-26T20:18:00.000Z"},"country":"United Kingdom","OPM":4,"total_sales_volume":301.21999955177307,"rate_of_return":0.0}
{"window":{"start":"2023-10-24T00:48:00.000Z","end":"2023-10-24T00:49:00.000Z"},"country":"Belgium","OPM":1,"total_sales_volume":16.649999976158142,"rate_of_return":0.0}
{"window":{"start":"2023-10-27T06:13:00.000Z","end":"2023-10-27T06:14:00.000Z"},"country":"United Kingdom","OPM":7,"total_sales_volume":3172.279975146055,"rate_of_return":0.0}
{"window":{"start":"2023-10-27T04:26:00.000Z","end":"2023-10-27T04:27:00.000Z"},"country":"Germany","OPM":1,"total_sales_volume":7.419999897480011,"rate_of_return":0.0}
{"window":{"start":"2023-10-27T10:35:00.000Z","end":"2023-10-27T10:36:00.000Z"},"country":"United Kingdom","OPM":13,"total_sales_volume":383.6799995005131,"rate_of_return":0.07692307692307693}
{"window":{"start":"2023-10-24T17:42:00.000Z","end":"2023-10-24T17:43:00.000Z"},"country":"United Kingdom","OPM":13,"total_sales_volume":704.2299912273884,"rate_of_return":0.0}
{"window":{"start":"2023-10-25T14:12:00.000Z","end":"2023-10-25T14:13:00.000Z"},"country":"United Kingdom","OPM":14,"total_sales_volume":904.1099909543991,"rate_of_return":0.07142857142857142}
{"window":{"start":"2023-10-27T21:29:00.000Z","end":"2023-10-27T21:30:00.000Z"},"country":"United Kingdom","OPM":10,"total_sales_volume":461.29999345541,"rate_of_return":0.1}
{"window":{"start":"2023-10-25T12:01:00.000Z","end":"2023-10-25T12:02:00.000Z"},"country":"France","OPM":1,"total_sales_volume":17.40000057220459,"rate_of_return":0.0}
{"window":{"start":"2023-10-27T15:37:00.000Z","end":"2023-10-27T15:38:00.000Z"},"country":"Germany","OPM":1,"total_sales_volume":3.2899999618530273,"rate_of_return":0.0}
{"window":{"start":"2023-10-24T21:44:00.000Z","end":"2023-10-24T21:45:00.000Z"},"country":"Germany","OPM":1,"total_sales_volume":2.200000047683716,"rate_of_return":0.0}
{"window":{"start":"2023-10-27T12:21:00.000Z","end":"2023-10-27T12:22:00.000Z"},"country":"United Kingdom","OPM":11,"total_sales_volume":1156.1000024676323,"rate_of_return":0.09090909090909091}
{"window":{"start":"2023-10-26T22:25:00.000Z","end":"2023-10-26T22:26:00.000Z"},"country":"Spain","OPM":1,"total_sales_volume":64.70000064373016,"rate_of_return":0.0}
{"window":{"start":"2023-10-28T03:13:00.000Z","end":"2023-10-28T03:14:00.000Z"},"country":"United Kingdom","OPM":12,"total_sales_volume":517.2499990463257,"rate_of_return":0.16666666666666666}
{"window":{"start":"2023-10-24T05:52:00.000Z","end":"2023-10-24T05:53:00.000Z"},"country":"United Kingdom","OPM":4,"total_sales_volume":144.20999974012375,"rate_of_return":0.25}
{"window":{"start":"2023-10-25T13:21:00.000Z","end":"2023-10-25T13:22:00.000Z"},"country":"United Kingdom","OPM":15,"total_sales_volume":452.19000393152237,"rate_of_return":0.13333333333333333}
{"window":{"start":"2023-10-27T12:00:00.000Z","end":"2023-10-27T12:01:00.000Z"},"country":"United Kingdom","OPM":6,"total_sales_volume":2269.6900413632393,"rate_of_return":0.0}
{"window":{"start":"2023-10-23T15:49:00.000Z","end":"2023-10-23T15:50:00.000Z"},"country":"United Kingdom","OPM":10,"total_sales_volume":684.5999866724014,"rate_of_return":0.0}
{"window":{"start":"2023-10-23T13:39:00.000Z","end":"2023-10-23T13:40:00.000Z"},"country":"EIRE","OPM":1,"total_sales_volume":59.68000030517578,"rate_of_return":0.0}
{"window":{"start":"2023-10-25T22:50:00.000Z","end":"2023-10-25T22:51:00.000Z"},"country":"Germany","OPM":1,"total_sales_volume":2.509999990463257,"rate_of_return":0.0}
{"window":{"start":"2023-10-26T01:18:00.000Z","end":"2023-10-26T01:19:00.000Z"},"country":"Unspecified","OPM":1,"total_sales_volume":5.789999961853027,"rate_of_return":0.0}
{"window":{"start":"2023-10-25T02:35:00.000Z","end":"2023-10-25T02:36:00.000Z"},"country":"France","OPM":1,"total_sales_volume":327.3000018596649,"rate_of_return":0.0}
{"window":{"start":"2023-10-25T08:23:00.000Z","end":"2023-10-25T08:24:00.000Z"},"country":"France","OPM":3,"total_sales_volume":180.40999710559845,"rate_of_return":0.0}
{"window":{"start":"2023-10-28T01:15:00.000Z","end":"2023-10-28T01:16:00.000Z"},"country":"United Kingdom","OPM":10,"total_sales_volume":4665.719896256924,"rate_of_return":0.1}
{"window":{"start":"2023-10-25T15:02:00.000Z","end":"2023-10-25T15:03:00.000Z"},"country":"Poland","OPM":1,"total_sales_volume":2.950000047683716,"rate_of_return":0.0}
{"window":{"start":"2023-10-24T22:16:00.000Z","end":"2023-10-24T22:17:00.000Z"},"country":"United Kingdom","OPM":13,"total_sales_volume":395.77999860048294,"rate_of_return":0.0}
{"window":{"start":"2023-10-25T07:54:00.000Z","end":"2023-10-25T07:55:00.000Z"},"country":"Netherlands","OPM":1,"total_sales_volume":31.44999986886978,"rate_of_return":0.0}
{"window":{"start":"2023-10-26T18:16:00.000Z","end":"2023-10-26T18:17:00.000Z"},"country":"United Kingdom","OPM":5,"total_sales_volume":119.03999930620193,"rate_of_return":0.0}
{"window":{"start":"2023-10-26T19:53:00.000Z","end":"2023-10-26T19:54:00.000Z"},"country":"Germany","OPM":1,"total_sales_volume":69.88000047206879,"rate_of_return":0.0}
{"window":{"start":"2023-10-26T08:00:00.000Z","end":"2023-10-26T08:01:00.000Z"},"country":"United Kingdom","OPM":13,"total_sales_volume":411.2599993646145,"rate_of_return":0.0}
{"window":{"start":"2023-10-28T01:23:00.000Z","end":"2023-10-28T01:24:00.000Z"},"country":"United Kingdom","OPM":10,"total_sales_volume":613.4800002276897,"rate_of_return":0.0}
{"window":{"start":"2023-10-25T02:58:00.000Z","end":"2023-10-25T02:59:00.000Z"},"country":"United Kingdom","OPM":14,"total_sales_volume":910.5899993181229,"rate_of_return":0.0}
{"window":{"start":"2023-10-26T07:18:00.000Z","end":"2023-10-26T07:19:00.000Z"},"country":"United Kingdom","OPM":14,"total_sales_volume":704.7300017476082,"rate_of_return":0.0}
{"window":{"start":"2023-10-25T11:46:00.000Z","end":"2023-10-25T11:47:00.000Z"},"country":"United Kingdom","OPM":5,"total_sales_volume":377.27999979257584,"rate_of_return":0.0}
{"window":{"start":"2023-10-25T01:46:00.000Z","end":"2023-10-25T01:47:00.000Z"},"country":"Switzerland","OPM":1,"total_sales_volume":50.39999771118164,"rate_of_return":0.0}
{"window":{"start":"2023-10-25T02:25:00.000Z","end":"2023-10-25T02:26:00.000Z"},"country":"Austria","OPM":1,"total_sales_volume":95.10000133514404,"rate_of_return":0.0}
{"window":{"start":"2023-10-27T07:37:00.000Z","end":"2023-10-27T07:38:00.000Z"},"country":"Belgium","OPM":1,"total_sales_volume":10.499999672174454,"rate_of_return":0.0}
{"window":{"start":"2023-10-24T07:03:00.000Z","end":"2023-10-24T07:04:00.000Z"},"country":"United Kingdom","OPM":6,"total_sales_volume":160.09000054001808,"rate_of_return":0.0}
{"window":{"start":"2023-10-25T08:46:00.000Z","end":"2023-10-25T08:47:00.000Z"},"country":"France","OPM":1,"total_sales_volume":79.60000002384186,"rate_of_return":0.0}
