{"window":{"start":"2023-10-27T19:56:00.000Z","end":"2023-10-27T19:57:00.000Z"},"country":"EIRE","OPM":1,"total_sales_volume":106.6700010895729,"rate_of_return":0.0}
{"window":{"start":"2023-10-27T08:06:00.000Z","end":"2023-10-27T08:07:00.000Z"},"country":"Unspecified","OPM":1,"total_sales_volume":96.23999965190887,"rate_of_return":0.0}
{"window":{"start":"2023-10-28T05:51:00.000Z","end":"2023-10-28T05:52:00.000Z"},"country":"United Kingdom","OPM":5,"total_sales_volume":273.22999009490013,"rate_of_return":0.2}
{"window":{"start":"2023-10-23T21:34:00.000Z","end":"2023-10-23T21:35:00.000Z"},"country":"United Kingdom","OPM":8,"total_sales_volume":379.18999803066254,"rate_of_return":0.0}
{"window":{"start":"2023-10-24T21:43:00.000Z","end":"2023-10-24T21:44:00.000Z"},"country":"United Kingdom","OPM":7,"total_sales_volume":303.2000014781952,"rate_of_return":0.0}
{"window":{"start":"2023-10-27T00:19:00.000Z","end":"2023-10-27T00:20:00.000Z"},"country":"United Kingdom","OPM":6,"total_sales_volume":812.5300033092499,"rate_of_return":0.0}
{"window":{"start":"2023-10-25T13:55:00.000Z","end":"2023-10-25T13:56:00.000Z"},"country":"Netherlands","OPM":1,"total_sales_volume":10.079999685287476,"rate_of_return":0.0}
{"window":{"start":"2023-10-25T05:26:00.000Z","end":"2023-10-25T05:27:00.000Z"},"country":"Spain","OPM":1,"total_sales_volume":26.950000047683716,"rate_of_return":0.0}
{"window":{"start":"2023-10-23T18:38:00.000Z","end":"2023-10-23T18:39:00.000Z"},"country":"United Kingdom","OPM":15,"total_sales_volume":672.6700020432472,"rate_of_return":0.0}
{"window":{"start":"2023-10-27T03:50:00.000Z","end":"2023-10-27T03:51:00.000Z"},"country":"United Kingdom","OPM":8,"total_sales_volume":421.78999522328377,"rate_of_return":0.0}
{"window":{"start":"2023-10-25T07:22:00.000Z","end":"2023-10-25T07:23:00.000Z"},"country":"United Kingdom","OPM":5,"total_sales_volume":89.41000035405159,"rate_of_return":0.0}
{"window":{"start":"2023-10-25T18:20:00.000Z","end":"2023-10-25T18:21:00.000Z"},"country":"United Kingdom","OPM":5,"total_sales_volume":219.11000096797943,"rate_of_return":0.0}
{"window":{"start":"2023-10-27T03:24:00.000Z","end":"2023-10-27T03:25:00.000Z"},"country":"United Kingdom","OPM":7,"total_sales_volume":271.44999355077744,"rate_of_return":0.0}
{"window":{"start":"2023-10-24T15:44:00.000Z","end":"2023-10-24T15:45:00.000Z"},"country":"Norway","OPM":1,"total_sales_volume":27.950000524520874,"rate_of_return":0.0}
{"window":{"start":"2023-10-25T13:09:00.000Z","end":"2023-10-25T13:10:00.000Z"},"country":"Lebanon","OPM":1,"total_sales_volume":44.96999955177307,"rate_of_return":0.0}
{"window":{"start":"2023-10-27T23:09:00.000Z","end":"2023-10-27T23:10:00.000Z"},"country":"United Kingdom","OPM":14,"total_sales_volume":1406.4499976336956,"rate_of_return":0.07142857142857142}
{"window":{"start":"2023-10-27T01:59:00.000Z","end":"2023-10-27T02:00:00.000Z"},"country":"United Kingdom","OPM":3,"total_sales_volume":162.64999961853027,"rate_of_return":0.0}
{"window":{"start":"2023-10-25T22:43:00.000Z","end":"2023-10-25T22:44:00.000Z"},"country":"United Kingdom","OPM":9,"total_sales_volume":271.659996509552,"rate_of_return":0.1111111111111111}
{"window":{"start":"2023-10-24T12:21:00.000Z","end":"2023-10-24T12:22:00.000Z"},"country":"EIRE","OPM":1,"total_sales_volume":104.64999657869339,"rate_of_return":0.0}
{"window":{"start":"2023-10-26T08:58:00.000Z","end":"2023-10-26T08:59:00.000Z"},"country":"United Kingdom","OPM":11,"total_sales_volume":623.2200051248074,"rate_of_return":0.0}
{"window":{"start":"2023-10-25T18:45:00.000Z","end":"2023-10-25T18:46:00.000Z"},"country":"EIRE","OPM":1,"total_sales_volume":95.09000021219254,"rate_of_return":0.0}
{"window":{"start":"2023-10-26T17:38:00.000Z","end":"2023-10-26T17:39:00.000Z"},"country":"United Kingdom","OPM":9,"total_sales_volume":404.09000039100647,"rate_of_return":0.1111111111111111}
{"window":{"start":"2023-10-25T15:52:00.000Z","end":"2023-10-25T15:53:00.000Z"},"country":"Japan","OPM":1,"total_sales_volume":541.0199947953224,"rate_of_return":0.0}
{"window":{"start":"2023-10-23T15:06:00.000Z","end":"2023-10-23T15:07:00.000Z"},"country":"United Kingdom","OPM":9,"total_sales_volume":472.8099991977215,"rate_of_return":0.1111111111111111}
{"window":{"start":"2023-10-24T01:49:00.000Z","end":"2023-10-24T01:50:00.000Z"},"country":"EIRE","OPM":1,"total_sales_volume":99.6699982881546,"rate_of_return":0.0}
{"window":{"start":"2023-10-26T20:40:00.000Z","end":"2023-10-26T20:41:00.000Z"},"country":"Norway","OPM":1,"total_sales_volume":36.33000123500824,"rate_of_return":0.0}
{"window":{"start":"2023-10-26T21:53:00.000Z","end":"2023-10-26T21:54:00.000Z"},"country":"Norway","OPM":1,"total_sales_volume":50.37999951839447,"rate_of_return":0.0}
{"window":{"start":"2023-10-25T06:16:00.000Z","end":"2023-10-25T06:17:00.000Z"},"country":"United Kingdom","OPM":13,"total_sales_volume":1059.569988310337,"rate_of_return":0.0}
{"window":{"start":"2023-10-23T15:40:00.000Z","end":"2023-10-23T15:41:00.000Z"},"country":"United Kingdom","OPM":8,"total_sales_volume":101.92000570893288,"rate_of_return":0.125}
{"window":{"start":"2023-10-25T04:49:00.000Z","end":"2023-10-25T04:50:00.000Z"},"country":"Netherlands","OPM":1,"total_sales_volume":10.079999685287476,"rate_of_return":0.0}
{"window":{"start":"2023-10-27T05:17:00.000Z","end":"2023-10-27T05:18:00.000Z"},"country":"EIRE","OPM":1,"total_sales_volume":113.07999873161316,"rate_of_return":0.0}
{"window":{"start":"2023-10-24T06:45:00.000Z","end":"2023-10-24T06:46:00.000Z"},"country":"United Kingdom","OPM":11,"total_sales_volume":711.7100015282631,"rate_of_return":0.09090909090909091}
{"window":{"start":"2023-10-27T21:25:00.000Z","end":"2023-10-27T21:26:00.000Z"},"country":"Germany","OPM":1,"total_sales_volume":-95.96999955177307,"rate_of_return":1.0}
{"window":{"start":"2023-10-27T02:39:00.000Z","end":"2023-10-27T02:40:00.000Z"},"country":"United Kingdom","OPM":7,"total_sales_volume":1118.3900081515312,"rate_of_return":0.0}
{"window":{"start":"2023-10-26T05:40:00.000Z","end":"2023-10-26T05:41:00.000Z"},"country":"United Kingdom","OPM":5,"total_sales_volume":144.40999856591225,"rate_of_return":0.0}
{"window":{"start":"2023-10-25T14:29:00.000Z","end":"2023-10-25T14:30:00.000Z"},"country":"United Kingdom","OPM":8,"total_sales_volume":271.819997549057,"rate_of_return":0.125}
{"window":{"start":"2023-10-26T02:25:00.000Z","end":"2023-10-26T02:26:00.000Z"},"country":"United Kingdom","OPM":14,"total_sales_volume":862.6200061440468,"rate_of_return":0.0}
{"window":{"start":"2023-10-27T14:56:00.000Z","end":"2023-10-27T14:57:00.000Z"},"country":"United Kingdom","OPM":15,"total_sales_volume":1267.2099986076355,"rate_of_return":0.0}
{"window":{"start":"2023-10-24T07:25:00.000Z","end":"2023-10-24T07:26:00.000Z"},"country":"Denmark","OPM":1,"total_sales_volume":-206.66998982429504,"rate_of_return":1.0}
{"window":{"start":"2023-10-26T21:23:00.000Z","end":"2023-10-26T21:24:00.000Z"},"country":"United Kingdom","OPM":13,"total_sales_volume":924.1299945116043,"rate_of_return":0.0}
{"window":{"start":"2023-10-24T06:50:00.000Z","end":"2023-10-24T06:51:00.000Z"},"country":"EIRE","OPM":1,"total_sales_volume":219.4000005722046,"rate_of_return":0.0}
{"window":{"start":"2023-10-27T11:02:00.000Z","end":"2023-10-27T11:03:00.000Z"},"country":"Denmark","OPM":1,"total_sales_volume":24.950000047683716,"rate_of_return":0.0}
{"window":{"start":"2023-10-27T03:00:00.000Z","end":"2023-10-27T03:01:00.000Z"},"country":"United Kingdom","OPM":4,"total_sales_volume":101.19999954849482,"rate_of_return":0.25}
{"window":{"start":"2023-10-27T07:26:00.000Z","end":"2023-10-27T07:27:00.000Z"},"country":"EIRE","OPM":2,"total_sales_volume":46.1200008392334,"rate_of_return":0.0}
{"window":{"start":"2023-10-23T21:33:00.000Z","end":"2023-10-23T21:34:00.000Z"},"country":"United Kingdom","OPM":17,"total_sales_volume":1000.6499893963337,"rate_of_return":0.0}
{"window":{"start":"2023-10-25T19:14:00.000Z","end":"2023-10-25T19:15:00.000Z"},"country":"United Kingdom","OPM":8,"total_sales_volume":1020.1499887108803,"rate_of_return":0.0}
{"window":{"start":"2023-10-25T19:40:00.000Z","end":"2023-10-25T19:41:00.000Z"},"country":"United Kingdom","OPM":14,"total_sales_volume":857.0999951958656,"rate_of_return":0.0}
{"window":{"start":"2023-10-24T14:01:00.000Z","end":"2023-10-24T14:02:00.000Z"},"country":"United Kingdom","OPM":15,"total_sales_volume":1128.6299895644188,"rate_of_return":0.0}
{"window":{"start":"2023-10-27T17:26:00.000Z","end":"2023-10-27T17:27:00.000Z"},"country":"Germany","OPM":1,"total_sales_volume":225.05999183654785,"rate_of_return":0.0}
{"window":{"start":"2023-10-25T05:21:00.000Z","end":"2023-10-25T05:22:00.000Z"},"country":"United Kingdom","OPM":9,"total_sales_volume":987.8599856197834,"rate_of_return":0.1111111111111111}
{"window":{"start":"2023-10-26T14:55:00.000Z","end":"2023-10-26T14:56:00.000Z"},"country":"Germany","OPM":1,"total_sales_volume":177.89000034332275,"rate_of_return":0.0}
{"window":{"start":"2023-10-26T03:52:00.000Z","end":"2023-10-26T03:53:00.000Z"},"country":"United Kingdom","OPM":7,"total_sales_volume":528.5399988293648,"rate_of_return":0.0}
{"window":{"start":"2023-10-26T16:34:00.000Z","end":"2023-10-26T16:35:00.000Z"},"country":"United Kingdom","OPM":9,"total_sales_volume":608.7199980318546,"rate_of_return":0.0}
{"window":{"start":"2023-10-23T21:43:00.000Z","end":"2023-10-23T21:44:00.000Z"},"country":"Channel Islands","OPM":1,"total_sales_volume":52.829999566078186,"rate_of_return":0.0}
{"window":{"start":"2023-10-23T15:33:00.000Z","end":"2023-10-23T15:34:00.000Z"},"country":"United Kingdom","OPM":8,"total_sales_volume":508.8999980688095,"rate_of_return":0.0}
{"window":{"start":"2023-10-25T08:46:00.000Z","end":"2023-10-25T08:47:00.000Z"},"country":"Spain","OPM":1,"total_sales_volume":-30.0,"rate_of_return":1.0}
{"window":{"start":"2023-10-26T21:19:00.000Z","end":"2023-10-26T21:20:00.000Z"},"country":"Germany","OPM":1,"total_sales_volume":197.27999797463417,"rate_of_return":0.0}
{"window":{"start":"2023-10-27T08:33:00.000Z","end":"2023-10-27T08:34:00.000Z"},"country":"EIRE","OPM":1,"total_sales_volume":232.5999994277954,"rate_of_return":0.0}
{"window":{"start":"2023-10-24T07:20:00.000Z","end":"2023-10-24T07:21:00.000Z"},"country":"United Kingdom","OPM":4,"total_sales_volume":74.97999846935272,"rate_of_return":0.25}
{"window":{"start":"2023-10-27T13:01:00.000Z","end":"2023-10-27T13:02:00.000Z"},"country":"Spain","OPM":1,"total_sales_volume":24.70000070333481,"rate_of_return":0.0}
{"window":{"start":"2023-10-23T19:51:00.000Z","end":"2023-10-23T19:52:00.000Z"},"country":"USA","OPM":1,"total_sales_volume":6.25,"rate_of_return":0.0}
{"window":{"start":"2023-10-25T10:54:00.000Z","end":"2023-10-25T10:55:00.000Z"},"country":"EIRE","OPM":1,"total_sales_volume":128.95000079274178,"rate_of_return":0.0}
{"window":{"start":"2023-10-25T01:25:00.000Z","end":"2023-10-25T01:26:00.000Z"},"country":"United Kingdom","OPM":12,"total_sales_volume":578.5099949836731,"rate_of_return":0.08333333333333333}
{"window":{"start":"2023-10-24T13:21:00.000Z","end":"2023-10-24T13:22:00.000Z"},"country":"France","OPM":1,"total_sales_volume":-37.70999947190285,"rate_of_return":1.0}
{"window":{"start":"2023-10-27T02:47:00.000Z","end":"2023-10-27T02:48:00.000Z"},"country":"EIRE","OPM":1,"total_sales_volume":29.78999972343445,"rate_of_return":0.0}
{"window":{"start":"2023-10-28T04:49:00.000Z","end":"2023-10-28T04:50:00.000Z"},"country":"Portugal","OPM":1,"total_sales_volume":15.499999672174454,"rate_of_return":0.0}
{"window":{"start":"2023-10-23T16:41:00.000Z","end":"2023-10-23T16:42:00.000Z"},"country":"EIRE","OPM":1,"total_sales_volume":121.92000031471252,"rate_of_return":0.0}
{"window":{"start":"2023-10-24T00:49:00.000Z","end":"2023-10-24T00:50:00.000Z"},"country":"United Kingdom","OPM":4,"total_sales_volume":126.20000100135803,"rate_of_return":0.0}
{"window":{"start":"2023-10-23T12:17:00.000Z","end":"2023-10-23T12:18:00.000Z"},"country":"France","OPM":1,"total_sales_volume":20.34000015258789,"rate_of_return":0.0}
{"window":{"start":"2023-10-27T10:54:00.000Z","end":"2023-10-27T10:55:00.000Z"},"country":"United Kingdom","OPM":11,"total_sales_volume":1510.500003606081,"rate_of_return":0.0}
{"window":{"start":"2023-10-25T23:01:00.000Z","end":"2023-10-25T23:02:00.000Z"},"country":"Germany","OPM":1,"total_sales_volume":29.760000228881836,"rate_of_return":0.0}
{"window":{"start":"2023-10-27T01:12:00.000Z","end":"2023-10-27T01:13:00.000Z"},"country":"Germany","OPM":1,"total_sales_volume":87.12000000476837,"rate_of_return":0.0}
{"window":{"start":"2023-10-23T17:02:00.000Z","end":"2023-10-23T17:03:00.000Z"},"country":"Channel Islands","OPM":1,"total_sales_volume":86.24999856948853,"rate_of_return":0.0}
{"window":{"start":"2023-10-24T18:45:00.000Z","end":"2023-10-24T18:46:00.000Z"},"country":"EIRE","OPM":1,"total_sales_volume":7.219999849796295,"rate_of_return":0.0}
{"window":{"start":"2023-10-26T04:08:00.000Z","end":"2023-10-26T04:09:00.000Z"},"country":"United Kingdom","OPM":11,"total_sales_volume":620.1300034821033,"rate_of_return":0.09090909090909091}
{"window":{"start":"2023-10-27T08:38:00.000Z","end":"2023-10-27T08:39:00.000Z"},"country":"United Kingdom","OPM":4,"total_sales_volume":178.11999768018723,"rate_of_return":0.0}
