{"window":{"start":"2023-10-25T05:05:00.000Z","end":"2023-10-25T05:06:00.000Z"},"country":"United Kingdom","OPM":7,"total_sales_volume":207.46999970078468,"rate_of_return":0.0}
{"window":{"start":"2023-10-27T21:38:00.000Z","end":"2023-10-27T21:39:00.000Z"},"country":"United Kingdom","OPM":5,"total_sales_volume":171.29999995231628,"rate_of_return":0.2}
{"window":{"start":"2023-10-23T13:12:00.000Z","end":"2023-10-23T13:13:00.000Z"},"country":"United Kingdom","OPM":7,"total_sales_volume":1103.9499864280224,"rate_of_return":0.14285714285714285}
{"window":{"start":"2023-10-27T12:56:00.000Z","end":"2023-10-27T12:57:00.000Z"},"country":"France","OPM":1,"total_sales_volume":40.670000314712524,"rate_of_return":0.0}
{"window":{"start":"2023-10-24T16:42:00.000Z","end":"2023-10-24T16:43:00.000Z"},"country":"United Kingdom","OPM":17,"total_sales_volume":1761.2199540771544,"rate_of_return":0.11764705882352941}
{"window":{"start":"2023-10-26T08:56:00.000Z","end":"2023-10-26T08:57:00.000Z"},"country":"EIRE","OPM":1,"total_sales_volume":2.0399999618530273,"rate_of_return":0.0}
{"window":{"start":"2023-10-24T11:55:00.000Z","end":"2023-10-24T11:56:00.000Z"},"country":"United Kingdom","OPM":10,"total_sales_volume":929.4999972581863,"rate_of_return":0.0}
{"window":{"start":"2023-10-28T00:48:00.000Z","end":"2023-10-28T00:49:00.000Z"},"country":"United Kingdom","OPM":12,"total_sales_volume":506.47999584674835,"rate_of_return":0.08333333333333333}
{"window":{"start":"2023-10-28T05:27:00.000Z","end":"2023-10-28T05:28:00.000Z"},"country":"United Kingdom","OPM":8,"total_sales_volume":293.18999499082565,"rate_of_return":0.125}
{"window":{"start":"2023-10-26T14:31:00.000Z","end":"2023-10-26T14:32:00.000Z"},"country":"United Kingdom","OPM":17,"total_sales_volume":1190.2300173342228,"rate_of_return":0.058823529411764705}
{"window":{"start":"2023-10-27T00:47:00.000Z","end":"2023-10-27T00:48:00.000Z"},"country":"United Kingdom","OPM":9,"total_sales_volume":188.65000545978546,"rate_of_return":0.1111111111111111}
{"window":{"start":"2023-10-26T15:27:00.000Z","end":"2023-10-26T15:28:00.000Z"},"country":"United Kingdom","OPM":8,"total_sales_volume":511.81999534368515,"rate_of_return":0.0}
{"window":{"start":"2023-10-24T23:21:00.000Z","end":"2023-10-24T23:22:00.000Z"},"country":"United Kingdom","OPM":7,"total_sales_volume":502.6499951481819,"rate_of_return":0.0}
{"window":{"start":"2023-10-25T01:00:00.000Z","end":"2023-10-25T01:01:00.000Z"},"country":"United Kingdom","OPM":7,"total_sales_volume":185.08000314235687,"rate_of_return":0.14285714285714285}
{"window":{"start":"2023-10-28T02:16:00.000Z","end":"2023-10-28T02:17:00.000Z"},"country":"United Kingdom","OPM":15,"total_sales_volume":931.4900022745132,"rate_of_return":0.0}
{"window":{"start":"2023-10-24T22:49:00.000Z","end":"2023-10-24T22:50:00.000Z"},"country":"France","OPM":1,"total_sales_volume":176.54000282287598,"rate_of_return":0.0}
{"window":{"start":"2023-10-25T03:13:00.000Z","end":"2023-10-25T03:14:00.000Z"},"country":"EIRE","OPM":1,"total_sales_volume":42.749999046325684,"rate_of_return":0.0}
{"window":{"start":"2023-10-24T04:07:00.000Z","end":"2023-10-24T04:08:00.000Z"},"country":"Germany","OPM":1,"total_sales_volume":27.19999933242798,"rate_of_return":0.0}
{"window":{"start":"2023-10-26T01:44:00.000Z","end":"2023-10-26T01:45:00.000Z"},"country":"United Kingdom","OPM":11,"total_sales_volume":297.1200023293495,"rate_of_return":0.0}
{"window":{"start":"2023-10-25T10:02:00.000Z","end":"2023-10-25T10:03:00.000Z"},"country":"United Kingdom","OPM":14,"total_sales_volume":2781.03998953104,"rate_of_return":0.0}
{"window":{"start":"2023-10-28T03:49:00.000Z","end":"2023-10-28T03:50:00.000Z"},"country":"Switzerland","OPM":1,"total_sales_volume":55.41999852657318,"rate_of_return":0.0}
{"window":{"start":"2023-10-25T11:38:00.000Z","end":"2023-10-25T11:39:00.000Z"},"country":"France","OPM":1,"total_sales_volume":9.669999837875366,"rate_of_return":0.0}
{"window":{"start":"2023-10-26T23:28:00.000Z","end":"2023-10-26T23:29:00.000Z"},"country":"United Kingdom","OPM":11,"total_sales_volume":874.2000021636486,"rate_of_return":0.0}
{"window":{"start":"2023-10-23T21:57:00.000Z","end":"2023-10-23T21:58:00.000Z"},"country":"United Kingdom","OPM":8,"total_sales_volume":628.3099926710129,"rate_of_return":0.0}
{"window":{"start":"2023-10-26T04:56:00.000Z","end":"2023-10-26T04:57:00.000Z"},"country":"United Kingdom","OPM":14,"total_sales_volume":1333.339970856905,"rate_of_return":0.07142857142857142}
{"window":{"start":"2023-10-24T20:39:00.000Z","end":"2023-10-24T20:40:00.000Z"},"country":"United Kingdom","OPM":9,"total_sales_volume":210.20999988913536,"rate_of_return":0.0}
{"window":{"start":"2023-10-27T21:01:00.000Z","end":"2023-10-27T21:02:00.000Z"},"country":"United Kingdom","OPM":11,"total_sales_volume":1037.7000156641006,"rate_of_return":0.0}
{"window":{"start":"2023-10-26T22:22:00.000Z","end":"2023-10-26T22:23:00.000Z"},"country":"United Kingdom","OPM":11,"total_sales_volume":1921.5100151598454,"rate_of_return":0.09090909090909091}
{"window":{"start":"2023-10-26T02:01:00.000Z","end":"2023-10-26T02:02:00.000Z"},"country":"United Kingdom","OPM":5,"total_sales_volume":107.1900007724762,"rate_of_return":0.0}
{"window":{"start":"2023-10-24T22:24:00.000Z","end":"2023-10-24T22:25:00.000Z"},"country":"EIRE","OPM":1,"total_sales_volume":2.0799999237060547,"rate_of_return":0.0}
{"window":{"start":"2023-10-23T20:14:00.000Z","end":"2023-10-23T20:15:00.000Z"},"country":"United Kingdom","OPM":14,"total_sales_volume":522.7099951505661,"rate_of_return":0.0}
{"window":{"start":"2023-10-28T03:52:00.000Z","end":"2023-10-28T03:53:00.000Z"},"country":"Spain","OPM":1,"total_sales_volume":232.85999858379364,"rate_of_return":0.0}
{"window":{"start":"2023-10-24T17:30:00.000Z","end":"2023-10-24T17:31:00.000Z"},"country":"United Kingdom","OPM":6,"total_sales_volume":574.4900022745132,"rate_of_return":0.0}
{"window":{"start":"2023-10-25T21:54:00.000Z","end":"2023-10-25T21:55:00.000Z"},"country":"United Kingdom","OPM":13,"total_sales_volume":1422.3100006580353,"rate_of_return":0.0}
{"window":{"start":"2023-10-26T20:24:00.000Z","end":"2023-10-26T20:25:00.000Z"},"country":"United Kingdom","OPM":8,"total_sales_volume":425.4199940562248,"rate_of_return":0.0}
{"window":{"start":"2023-10-28T02:25:00.000Z","end":"2023-10-28T02:26:00.000Z"},"country":"United Kingdom","OPM":21,"total_sales_volume":915.039998114109,"rate_of_return":0.047619047619047616}
{"window":{"start":"2023-10-24T00:22:00.000Z","end":"2023-10-24T00:23:00.000Z"},"country":"France","OPM":2,"total_sales_volume":72.34999907016754,"rate_of_return":0.0}
{"window":{"start":"2023-10-28T01:58:00.000Z","end":"2023-10-28T01:59:00.000Z"},"country":"United Kingdom","OPM":8,"total_sales_volume":1528.559972256422,"rate_of_return":0.125}
{"window":{"start":"2023-10-28T03:51:00.000Z","end":"2023-10-28T03:52:00.000Z"},"country":"United Kingdom","OPM":10,"total_sales_volume":592.359996676445,"rate_of_return":0.0}
{"window":{"start":"2023-10-24T20:28:00.000Z","end":"2023-10-24T20:29:00.000Z"},"country":"Spain","OPM":1,"total_sales_volume":11.90000033378601,"rate_of_return":0.0}
{"window":{"start":"2023-10-28T00:39:00.000Z","end":"2023-10-28T00:40:00.000Z"},"country":"Singapore","OPM":1,"total_sales_volume":85.76000034809113,"rate_of_return":0.0}
{"window":{"start":"2023-10-24T08:24:00.000Z","end":"2023-10-24T08:25:00.000Z"},"country":"United Kingdom","OPM":7,"total_sales_volume":298.18000081181526,"rate_of_return":0.0}
{"window":{"start":"2023-10-27T10:34:00.000Z","end":"2023-10-27T10:35:00.000Z"},"country":"EIRE","OPM":1,"total_sales_volume":29.84000015258789,"rate_of_return":0.0}
{"window":{"start":"2023-10-23T19:00:00.000Z","end":"2023-10-23T19:01:00.000Z"},"country":"Netherlands","OPM":1,"total_sales_volume":45.11999988555908,"rate_of_return":0.0}
{"window":{"start":"2023-10-26T03:03:00.000Z","end":"2023-10-26T03:04:00.000Z"},"country":"United Kingdom","OPM":11,"total_sales_volume":589.8499981760979,"rate_of_return":0.0}
{"window":{"start":"2023-10-27T05:58:00.000Z","end":"2023-10-27T05:59:00.000Z"},"country":"United Kingdom","OPM":8,"total_sales_volume":577.7600031495094,"rate_of_return":0.0}
{"window":{"start":"2023-10-25T22:41:00.000Z","end":"2023-10-25T22:42:00.000Z"},"country":"EIRE","OPM":1,"total_sales_volume":33.14999997615814,"rate_of_return":0.0}
{"window":{"start":"2023-10-27T16:32:00.000Z","end":"2023-10-27T16:33:00.000Z"},"country":"United Kingdom","OPM":12,"total_sales_volume":433.8499985039234,"rate_of_return":0.08333333333333333}
{"window":{"start":"2023-10-27T02:01:00.000Z","end":"2023-10-27T02:02:00.000Z"},"country":"France","OPM":1,"total_sales_volume":-244.1400000154972,"rate_of_return":1.0}
{"window":{"start":"2023-10-27T12:30:00.000Z","end":"2023-10-27T12:31:00.000Z"},"country":"Spain","OPM":1,"total_sales_volume":14.399999976158142,"rate_of_return":0.0}
{"window":{"start":"2023-10-23T18:50:00.000Z","end":"2023-10-23T18:51:00.000Z"},"country":"Germany","OPM":1,"total_sales_volume":4.130000114440918,"rate_of_return":0.0}
{"window":{"start":"2023-10-27T21:10:00.000Z","end":"2023-10-27T21:11:00.000Z"},"country":"Portugal","OPM":1,"total_sales_volume":85.89000034332275,"rate_of_return":0.0}
{"window":{"start":"2023-10-26T10:15:00.000Z","end":"2023-10-26T10:16:00.000Z"},"country":"United Kingdom","OPM":12,"total_sales_volume":973.9099943041801,"rate_of_return":0.0}
{"window":{"start":"2023-10-27T12:06:00.000Z","end":"2023-10-27T12:07:00.000Z"},"country":"United Kingdom","OPM":3,"total_sales_volume":139.38999688625336,"rate_of_return":0.0}
{"window":{"start":"2023-10-25T21:17:00.000Z","end":"2023-10-25T21:18:00.000Z"},"country":"United Kingdom","OPM":6,"total_sales_volume":545.4599997401237,"rate_of_return":0.0}
{"window":{"start":"2023-10-27T17:23:00.000Z","end":"2023-10-27T17:24:00.000Z"},"country":"Germany","OPM":1,"total_sales_volume":79.79999923706055,"rate_of_return":0.0}
{"window":{"start":"2023-10-24T01:14:00.000Z","end":"2023-10-24T01:15:00.000Z"},"country":"United Kingdom","OPM":3,"total_sales_volume":-8.420000195503235,"rate_of_return":0.3333333333333333}
{"window":{"start":"2023-10-24T15:57:00.000Z","end":"2023-10-24T15:58:00.000Z"},"country":"United Kingdom","OPM":3,"total_sales_volume":26.390000224113464,"rate_of_return":0.3333333333333333}
{"window":{"start":"2023-10-26T02:44:00.000Z","end":"2023-10-26T02:45:00.000Z"},"country":"United Kingdom","OPM":4,"total_sales_volume":87.93000102043152,"rate_of_return":0.0}
{"window":{"start":"2023-10-24T18:36:00.000Z","end":"2023-10-24T18:37:00.000Z"},"country":"United Kingdom","OPM":12,"total_sales_volume":356.3600044846535,"rate_of_return":0.0}
{"window":{"start":"2023-10-27T05:12:00.000Z","end":"2023-10-27T05:13:00.000Z"},"country":"United Kingdom","OPM":6,"total_sales_volume":737.5100091695786,"rate_of_return":0.0}
