{"window":{"start":"2023-10-26T17:42:00.000Z","end":"2023-10-26T17:43:00.000Z"},"country":"United Kingdom","OPM":11,"total_sales_volume":617.8300022706389,"rate_of_return":0.09090909090909091}
{"window":{"start":"2023-10-27T05:45:00.000Z","end":"2023-10-27T05:46:00.000Z"},"country":"Germany","OPM":1,"total_sales_volume":415.99998474121094,"rate_of_return":0.0}
{"window":{"start":"2023-10-25T15:02:00.000Z","end":"2023-10-25T15:03:00.000Z"},"country":"United Kingdom","OPM":10,"total_sales_volume":3363.619999587536,"rate_of_return":0.0}
{"window":{"start":"2023-10-26T19:09:00.000Z","end":"2023-10-26T19:10:00.000Z"},"country":"United Kingdom","OPM":8,"total_sales_volume":680.84999781847,"rate_of_return":0.125}
{"window":{"start":"2023-10-24T15:53:00.000Z","end":"2023-10-24T15:54:00.000Z"},"country":"United Kingdom","OPM":10,"total_sales_volume":463.1699950695038,"rate_of_return":0.1}
{"window":{"start":"2023-10-23T16:47:00.000Z","end":"2023-10-23T16:48:00.000Z"},"country":"Germany","OPM":1,"total_sales_volume":1.25,"rate_of_return":0.0}
{"window":{"start":"2023-10-23T23:09:00.000Z","end":"2023-10-23T23:10:00.000Z"},"country":"United Kingdom","OPM":10,"total_sales_volume":494.19000098109245,"rate_of_return":0.0}
{"window":{"start":"2023-10-27T03:46:00.000Z","end":"2023-10-27T03:47:00.000Z"},"country":"United Kingdom","OPM":7,"total_sales_volume":387.06000488996506,"rate_of_return":0.2857142857142857}
{"window":{"start":"2023-10-26T13:31:00.000Z","end":"2023-10-26T13:32:00.000Z"},"country":"Israel","OPM":1,"total_sales_volume":39.0299996137619,"rate_of_return":0.0}
{"window":{"start":"2023-10-24T13:19:00.000Z","end":"2023-10-24T13:20:00.000Z"},"country":"France","OPM":1,"total_sales_volume":37.309999495744705,"rate_of_return":0.0}
{"window":{"start":"2023-10-25T00:25:00.000Z","end":"2023-10-25T00:26:00.000Z"},"country":"Germany","OPM":1,"total_sales_volume":11.450000286102295,"rate_of_return":0.0}
{"window":{"start":"2023-10-25T01:08:00.000Z","end":"2023-10-25T01:09:00.000Z"},"country":"Portugal","OPM":1,"total_sales_volume":15.459999680519104,"rate_of_return":0.0}
{"window":{"start":"2023-10-24T10:54:00.000Z","end":"2023-10-24T10:55:00.000Z"},"country":"France","OPM":1,"total_sales_volume":55.7299998998642,"rate_of_return":0.0}
{"window":{"start":"2023-10-27T01:31:00.000Z","end":"2023-10-27T01:32:00.000Z"},"country":"France","OPM":1,"total_sales_volume":14.84999942779541,"rate_of_return":0.0}
{"window":{"start":"2023-10-24T19:06:00.000Z","end":"2023-10-24T19:07:00.000Z"},"country":"United Kingdom","OPM":5,"total_sales_volume":728.509996175766,"rate_of_return":0.0}
{"window":{"start":"2023-10-27T00:23:00.000Z","end":"2023-10-27T00:24:00.000Z"},"country":"United Kingdom","OPM":8,"total_sales_volume":576.7599947452545,"rate_of_return":0.125}
{"window":{"start":"2023-10-27T08:56:00.000Z","end":"2023-10-27T08:57:00.000Z"},"country":"Belgium","OPM":2,"total_sales_volume":148.17000257968903,"rate_of_return":0.0}
{"window":{"start":"2023-10-27T23:38:00.000Z","end":"2023-10-27T23:39:00.000Z"},"country":"United Kingdom","OPM":7,"total_sales_volume":359.8199996352196,"rate_of_return":0.0}
{"window":{"start":"2023-10-25T00:12:00.000Z","end":"2023-10-25T00:13:00.000Z"},"country":"EIRE","OPM":1,"total_sales_volume":2.5,"rate_of_return":0.0}
{"window":{"start":"2023-10-25T11:01:00.000Z","end":"2023-10-25T11:02:00.000Z"},"country":"United Kingdom","OPM":5,"total_sales_volume":342.2399999499321,"rate_of_return":0.0}
{"window":{"start":"2023-10-26T22:35:00.000Z","end":"2023-10-26T22:36:00.000Z"},"country":"Poland","OPM":1,"total_sales_volume":19.44999986886978,"rate_of_return":0.0}
{"window":{"start":"2023-10-26T12:06:00.000Z","end":"2023-10-26T12:07:00.000Z"},"country":"United Kingdom","OPM":9,"total_sales_volume":313.40999776124954,"rate_of_return":0.1111111111111111}
{"window":{"start":"2023-10-23T22:50:00.000Z","end":"2023-10-23T22:51:00.000Z"},"country":"Portugal","OPM":1,"total_sales_volume":30.41999912261963,"rate_of_return":0.0}
{"window":{"start":"2023-10-25T02:24:00.000Z","end":"2023-10-25T02:25:00.000Z"},"country":"United Kingdom","OPM":11,"total_sales_volume":461.75999623537064,"rate_of_return":0.0}
{"window":{"start":"2023-10-25T22:32:00.000Z","end":"2023-10-25T22:33:00.000Z"},"country":"United Kingdom","OPM":10,"total_sales_volume":802.7099935412407,"rate_of_return":0.4}
{"window":{"start":"2023-10-26T14:56:00.000Z","end":"2023-10-26T14:57:00.000Z"},"country":"United Kingdom","OPM":4,"total_sales_volume":165.53999692201614,"rate_of_return":0.25}
{"window":{"start":"2023-10-24T13:28:00.000Z","end":"2023-10-24T13:29:00.000Z"},"country":"United Kingdom","OPM":7,"total_sales_volume":298.55999928712845,"rate_of_return":0.0}
{"window":{"start":"2023-10-24T18:36:00.000Z","end":"2023-10-24T18:37:00.000Z"},"country":"Denmark","OPM":1,"total_sales_volume":46.6599999666214,"rate_of_return":0.0}
{"window":{"start":"2023-10-25T11:18:00.000Z","end":"2023-10-25T11:19:00.000Z"},"country":"Austria","OPM":1,"total_sales_volume":120.22999650239944,"rate_of_return":0.0}
{"window":{"start":"2023-10-25T08:32:00.000Z","end":"2023-10-25T08:33:00.000Z"},"country":"Switzerland","OPM":1,"total_sales_volume":69.68999832868576,"rate_of_return":0.0}
{"window":{"start":"2023-10-24T02:09:00.000Z","end":"2023-10-24T02:10:00.000Z"},"country":"EIRE","OPM":1,"total_sales_volume":-108.3199987411499,"rate_of_return":1.0}
{"window":{"start":"2023-10-25T23:52:00.000Z","end":"2023-10-25T23:53:00.000Z"},"country":"United Kingdom","OPM":2,"total_sales_volume":62.23999974131584,"rate_of_return":0.0}
{"window":{"start":"2023-10-24T03:38:00.000Z","end":"2023-10-24T03:39:00.000Z"},"country":"EIRE","OPM":1,"total_sales_volume":48.750000953674316,"rate_of_return":0.0}
{"window":{"start":"2023-10-25T00:56:00.000Z","end":"2023-10-25T00:57:00.000Z"},"country":"France","OPM":1,"total_sales_volume":38.27999997138977,"rate_of_return":0.0}
{"window":{"start":"2023-10-26T07:44:00.000Z","end":"2023-10-26T07:45:00.000Z"},"country":"United Kingdom","OPM":12,"total_sales_volume":743.0299850702286,"rate_of_return":0.0}
{"window":{"start":"2023-10-26T07:09:00.000Z","end":"2023-10-26T07:10:00.000Z"},"country":"Hong Kong","OPM":1,"total_sales_volume":86.7799996137619,"rate_of_return":0.0}
{"window":{"start":"2023-10-27T16:03:00.000Z","end":"2023-10-27T16:04:00.000Z"},"country":"Channel Islands","OPM":1,"total_sales_volume":-16.450000405311584,"rate_of_return":1.0}
{"window":{"start":"2023-10-23T15:34:00.000Z","end":"2023-10-23T15:35:00.000Z"},"country":"United Kingdom","OPM":7,"total_sales_volume":387.20999842882156,"rate_of_return":0.14285714285714285}
{"window":{"start":"2023-10-25T01:34:00.000Z","end":"2023-10-25T01:35:00.000Z"},"country":"France","OPM":1,"total_sales_volume":124.52000033855438,"rate_of_return":0.0}
{"window":{"start":"2023-10-26T16:45:00.000Z","end":"2023-10-26T16:46:00.000Z"},"country":"United Kingdom","OPM":11,"total_sales_volume":662.7799985706806,"rate_of_return":0.09090909090909091}
{"window":{"start":"2023-10-25T01:03:00.000Z","end":"2023-10-25T01:04:00.000Z"},"country":"United Kingdom","OPM":9,"total_sales_volume":1029.4199957549572,"rate_of_return":0.0}
{"window":{"start":"2023-10-26T00:46:00.000Z","end":"2023-10-26T00:47:00.000Z"},"country":"United Kingdom","OPM":13,"total_sales_volume":515.8699956536293,"rate_of_return":0.0}
{"window":{"start":"2023-10-25T20:48:00.000Z","end":"2023-10-25T20:49:00.000Z"},"country":"Switzerland","OPM":1,"total_sales_volume":34.739999771118164,"rate_of_return":0.0}
{"window":{"start":"2023-10-26T13:05:00.000Z","end":"2023-10-26T13:06:00.000Z"},"country":"Hong Kong","OPM":1,"total_sales_volume":0.7900000214576721,"rate_of_return":0.0}
{"window":{"start":"2023-10-28T03:40:00.000Z","end":"2023-10-28T03:41:00.000Z"},"country":"United Kingdom","OPM":9,"total_sales_volume":245.630001693964,"rate_of_return":0.0}
{"window":{"start":"2023-10-25T23:45:00.000Z","end":"2023-10-25T23:46:00.000Z"},"country":"Spain","OPM":1,"total_sales_volume":39.999999046325684,"rate_of_return":0.0}
{"window":{"start":"2023-10-26T07:18:00.000Z","end":"2023-10-26T07:19:00.000Z"},"country":"France","OPM":1,"total_sales_volume":2.509999990463257,"rate_of_return":0.0}
{"window":{"start":"2023-10-25T11:09:00.000Z","end":"2023-10-25T11:10:00.000Z"},"country":"Israel","OPM":1,"total_sales_volume":10.020000100135803,"rate_of_return":0.0}
{"window":{"start":"2023-10-27T20:07:00.000Z","end":"2023-10-27T20:08:00.000Z"},"country":"France","OPM":1,"total_sales_volume":24.199999809265137,"rate_of_return":0.0}
{"window":{"start":"2023-10-27T22:44:00.000Z","end":"2023-10-27T22:45:00.000Z"},"country":"Japan","OPM":1,"total_sales_volume":53.44000053405762,"rate_of_return":0.0}
{"window":{"start":"2023-10-23T14:24:00.000Z","end":"2023-10-23T14:25:00.000Z"},"country":"EIRE","OPM":1,"total_sales_volume":4.949999809265137,"rate_of_return":0.0}
{"window":{"start":"2023-10-26T22:54:00.000Z","end":"2023-10-26T22:55:00.000Z"},"country":"Poland","OPM":1,"total_sales_volume":61.58999943733215,"rate_of_return":0.0}
{"window":{"start":"2023-10-28T03:57:00.000Z","end":"2023-10-28T03:58:00.000Z"},"country":"Germany","OPM":1,"total_sales_volume":73.6499995291233,"rate_of_return":0.0}
{"window":{"start":"2023-10-24T13:23:00.000Z","end":"2023-10-24T13:24:00.000Z"},"country":"United Kingdom","OPM":5,"total_sales_volume":313.3199985921383,"rate_of_return":0.0}
{"window":{"start":"2023-10-26T07:29:00.000Z","end":"2023-10-26T07:30:00.000Z"},"country":"United Kingdom","OPM":8,"total_sales_volume":94.02999237179756,"rate_of_return":0.125}
{"window":{"start":"2023-10-26T08:20:00.000Z","end":"2023-10-26T08:21:00.000Z"},"country":"United Kingdom","OPM":13,"total_sales_volume":580.259996265173,"rate_of_return":0.07692307692307693}
{"window":{"start":"2023-10-27T14:18:00.000Z","end":"2023-10-27T14:19:00.000Z"},"country":"Bahrain","OPM":1,"total_sales_volume":78.72000122070312,"rate_of_return":0.0}
{"window":{"start":"2023-10-26T20:22:00.000Z","end":"2023-10-26T20:23:00.000Z"},"country":"France","OPM":1,"total_sales_volume":514.3200017213821,"rate_of_return":0.0}
{"window":{"start":"2023-10-23T17:03:00.000Z","end":"2023-10-23T17:04:00.000Z"},"country":"United Kingdom","OPM":10,"total_sales_volume":710.0899913907051,"rate_of_return":0.0}
{"window":{"start":"2023-10-27T13:30:00.000Z","end":"2023-10-27T13:31:00.000Z"},"country":"Australia","OPM":1,"total_sales_volume":1.1699999570846558,"rate_of_return":0.0}
{"window":{"start":"2023-10-26T10:41:00.000Z","end":"2023-10-26T10:42:00.000Z"},"country":"France","OPM":2,"total_sales_volume":95.4399993121624,"rate_of_return":0.5}
{"window":{"start":"2023-10-27T10:28:00.000Z","end":"2023-10-27T10:29:00.000Z"},"country":"United Kingdom","OPM":10,"total_sales_volume":628.209996342659,"rate_of_return":0.0}
{"window":{"start":"2023-10-25T13:46:00.000Z","end":"2023-10-25T13:47:00.000Z"},"country":"France","OPM":1,"total_sales_volume":94.59000021219254,"rate_of_return":0.0}
{"window":{"start":"2023-10-27T08:44:00.000Z","end":"2023-10-27T08:45:00.000Z"},"country":"Germany","OPM":1,"total_sales_volume":8.5,"rate_of_return":0.0}
{"window":{"start":"2023-10-27T12:02:00.000Z","end":"2023-10-27T12:03:00.000Z"},"country":"United Kingdom","OPM":9,"total_sales_volume":128.6900010034442,"rate_of_return":0.2222222222222222}
{"window":{"start":"2023-10-27T08:31:00.000Z","end":"2023-10-27T08:32:00.000Z"},"country":"United Kingdom","OPM":10,"total_sales_volume":996.5599953830242,"rate_of_return":0.0}
