{"window":{"start":"2023-10-23T17:18:00.000Z","end":"2023-10-23T17:19:00.000Z"},"country":"Norway","OPM":1,"total_sales_volume":10.499999672174454,"rate_of_return":0.0}
{"window":{"start":"2023-10-26T10:10:00.000Z","end":"2023-10-26T10:11:00.000Z"},"country":"United Kingdom","OPM":6,"total_sales_volume":528.0099995434284,"rate_of_return":0.0}
{"window":{"start":"2023-10-24T19:18:00.000Z","end":"2023-10-24T19:19:00.000Z"},"country":"France","OPM":1,"total_sales_volume":305.93999552726746,"rate_of_return":0.0}
{"window":{"start":"2023-10-23T12:53:00.000Z","end":"2023-10-23T12:54:00.000Z"},"country":"EIRE","OPM":1,"total_sales_volume":25.200000286102295,"rate_of_return":0.0}
{"window":{"start":"2023-10-27T20:41:00.000Z","end":"2023-10-27T20:42:00.000Z"},"country":"Germany","OPM":1,"total_sales_volume":15.669999957084656,"rate_of_return":0.0}
{"window":{"start":"2023-10-23T19:12:00.000Z","end":"2023-10-23T19:13:00.000Z"},"country":"France","OPM":1,"total_sales_volume":38.51999866962433,"rate_of_return":0.0}
{"window":{"start":"2023-10-28T00:42:00.000Z","end":"2023-10-28T00:43:00.000Z"},"country":"EIRE","OPM":1,"total_sales_volume":5.3999998569488525,"rate_of_return":0.0}
{"window":{"start":"2023-10-27T00:07:00.000Z","end":"2023-10-27T00:08:00.000Z"},"country":"Germany","OPM":1,"total_sales_volume":7.799999713897705,"rate_of_return":0.0}
{"window":{"start":"2023-10-24T04:11:00.000Z","end":"2023-10-24T04:12:00.000Z"},"country":"France","OPM":1,"total_sales_volume":55.34999942779541,"rate_of_return":0.0}
{"window":{"start":"2023-10-23T14:59:00.000Z","end":"2023-10-23T15:00:00.000Z"},"country":"Japan","OPM":1,"total_sales_volume":19.130000114440918,"rate_of_return":0.0}
{"window":{"start":"2023-10-26T22:43:00.000Z","end":"2023-10-26T22:44:00.000Z"},"country":"United Kingdom","OPM":9,"total_sales_volume":990.4099946320057,"rate_of_return":0.0}
{"window":{"start":"2023-10-27T01:25:00.000Z","end":"2023-10-27T01:26:00.000Z"},"country":"United Kingdom","OPM":15,"total_sales_volume":601.1599984169006,"rate_of_return":0.0}
{"window":{"start":"2023-10-25T18:43:00.000Z","end":"2023-10-25T18:44:00.000Z"},"country":"EIRE","OPM":1,"total_sales_volume":87.33000063896179,"rate_of_return":0.0}
{"window":{"start":"2023-10-26T17:50:00.000Z","end":"2023-10-26T17:51:00.000Z"},"country":"United Kingdom","OPM":5,"total_sales_volume":618.2099942862988,"rate_of_return":0.0}
{"window":{"start":"2023-10-27T06:20:00.000Z","end":"2023-10-27T06:21:00.000Z"},"country":"United Kingdom","OPM":9,"total_sales_volume":573.3800015449524,"rate_of_return":0.1111111111111111}
{"window":{"start":"2023-10-24T06:16:00.000Z","end":"2023-10-24T06:17:00.000Z"},"country":"United Kingdom","OPM":9,"total_sales_volume":216.75000262260437,"rate_of_return":0.1111111111111111}
{"window":{"start":"2023-10-26T21:01:00.000Z","end":"2023-10-26T21:02:00.000Z"},"country":"United Kingdom","OPM":12,"total_sales_volume":777.2100031077862,"rate_of_return":0.0}
{"window":{"start":"2023-10-25T12:59:00.000Z","end":"2023-10-25T13:00:00.000Z"},"country":"United Kingdom","OPM":5,"total_sales_volume":290.7899994254112,"rate_of_return":0.0}
{"window":{"start":"2023-10-28T02:57:00.000Z","end":"2023-10-28T02:58:00.000Z"},"country":"United Kingdom","OPM":13,"total_sales_volume":1167.7200002074242,"rate_of_return":0.07692307692307693}
{"window":{"start":"2023-10-27T17:49:00.000Z","end":"2023-10-27T17:50:00.000Z"},"country":"United Kingdom","OPM":5,"total_sales_volume":258.01000064611435,"rate_of_return":0.0}
{"window":{"start":"2023-10-23T14:15:00.000Z","end":"2023-10-23T14:16:00.000Z"},"country":"Germany","OPM":1,"total_sales_volume":5.900000095367432,"rate_of_return":0.0}
{"window":{"start":"2023-10-25T01:45:00.000Z","end":"2023-10-25T01:46:00.000Z"},"country":"United Kingdom","OPM":12,"total_sales_volume":445.1499964594841,"rate_of_return":0.0}
{"window":{"start":"2023-10-25T23:09:00.000Z","end":"2023-10-25T23:10:00.000Z"},"country":"United Kingdom","OPM":8,"total_sales_volume":1534.5099925100803,"rate_of_return":0.125}
{"window":{"start":"2023-10-26T21:43:00.000Z","end":"2023-10-26T21:44:00.000Z"},"country":"United Kingdom","OPM":11,"total_sales_volume":1290.5499975979328,"rate_of_return":0.09090909090909091}
{"window":{"start":"2023-10-26T19:07:00.000Z","end":"2023-10-26T19:08:00.000Z"},"country":"Singapore","OPM":1,"total_sales_volume":21.049999713897705,"rate_of_return":0.0}
{"window":{"start":"2023-10-27T15:37:00.000Z","end":"2023-10-27T15:38:00.000Z"},"country":"Singapore","OPM":1,"total_sales_volume":-25.600000262260437,"rate_of_return":1.0}
{"window":{"start":"2023-10-27T09:29:00.000Z","end":"2023-10-27T09:30:00.000Z"},"country":"United Kingdom","OPM":10,"total_sales_volume":554.4999940991402,"rate_of_return":0.0}
{"window":{"start":"2023-10-28T04:30:00.000Z","end":"2023-10-28T04:31:00.000Z"},"country":"Switzerland","OPM":1,"total_sales_volume":8.500000238418579,"rate_of_return":0.0}
{"window":{"start":"2023-10-27T03:45:00.000Z","end":"2023-10-27T03:46:00.000Z"},"country":"United Kingdom","OPM":10,"total_sales_volume":402.67000156641006,"rate_of_return":0.1}
{"window":{"start":"2023-10-26T06:01:00.000Z","end":"2023-10-26T06:02:00.000Z"},"country":"EIRE","OPM":1,"total_sales_volume":105.07999920845032,"rate_of_return":0.0}
{"window":{"start":"2023-10-26T18:41:00.000Z","end":"2023-10-26T18:42:00.000Z"},"country":"United Kingdom","OPM":13,"total_sales_volume":783.470011472702,"rate_of_return":0.0}
{"window":{"start":"2023-10-27T14:01:00.000Z","end":"2023-10-27T14:02:00.000Z"},"country":"United Kingdom","OPM":9,"total_sales_volume":942.2700069844723,"rate_of_return":0.0}
{"window":{"start":"2023-10-25T07:39:00.000Z","end":"2023-10-25T07:40:00.000Z"},"country":"United Kingdom","OPM":9,"total_sales_volume":398.23000234365463,"rate_of_return":0.0}
{"window":{"start":"2023-10-25T20:28:00.000Z","end":"2023-10-25T20:29:00.000Z"},"country":"United Kingdom","OPM":12,"total_sales_volume":525.1499969959259,"rate_of_return":0.0}
{"window":{"start":"2023-10-24T00:09:00.000Z","end":"2023-10-24T00:10:00.000Z"},"country":"EIRE","OPM":1,"total_sales_volume":31.49999976158142,"rate_of_return":0.0}
{"window":{"start":"2023-10-25T19:00:00.000Z","end":"2023-10-25T19:01:00.000Z"},"country":"Switzerland","OPM":1,"total_sales_volume":261.460001707077,"rate_of_return":0.0}
{"window":{"start":"2023-10-25T00:43:00.000Z","end":"2023-10-25T00:44:00.000Z"},"country":"United Kingdom","OPM":10,"total_sales_volume":1011.5699871182442,"rate_of_return":0.0}
{"window":{"start":"2023-10-27T07:04:00.000Z","end":"2023-10-27T07:05:00.000Z"},"country":"United Kingdom","OPM":17,"total_sales_volume":629.1399931237102,"rate_of_return":0.058823529411764705}
{"window":{"start":"2023-10-24T06:28:00.000Z","end":"2023-10-24T06:29:00.000Z"},"country":"Germany","OPM":1,"total_sales_volume":52.410000801086426,"rate_of_return":0.0}
{"window":{"start":"2023-10-26T23:33:00.000Z","end":"2023-10-26T23:34:00.000Z"},"country":"United Kingdom","OPM":3,"total_sales_volume":174.21999537944794,"rate_of_return":0.3333333333333333}
{"window":{"start":"2023-10-26T09:38:00.000Z","end":"2023-10-26T09:39:00.000Z"},"country":"EIRE","OPM":1,"total_sales_volume":26.4100002348423,"rate_of_return":0.0}
{"window":{"start":"2023-10-24T03:09:00.000Z","end":"2023-10-24T03:10:00.000Z"},"country":"France","OPM":1,"total_sales_volume":43.679999351501465,"rate_of_return":0.0}
{"window":{"start":"2023-10-26T08:10:00.000Z","end":"2023-10-26T08:11:00.000Z"},"country":"USA","OPM":1,"total_sales_volume":42.28000044822693,"rate_of_return":0.0}
{"window":{"start":"2023-10-23T15:10:00.000Z","end":"2023-10-23T15:11:00.000Z"},"country":"United Kingdom","OPM":10,"total_sales_volume":543.4699972271919,"rate_of_return":0.0}
{"window":{"start":"2023-10-27T19:55:00.000Z","end":"2023-10-27T19:56:00.000Z"},"country":"EIRE","OPM":1,"total_sales_volume":25.4099999666214,"rate_of_return":0.0}
{"window":{"start":"2023-10-27T11:54:00.000Z","end":"2023-10-27T11:55:00.000Z"},"country":"Germany","OPM":1,"total_sales_volume":104.67999914288521,"rate_of_return":0.0}
{"window":{"start":"2023-10-27T22:02:00.000Z","end":"2023-10-27T22:03:00.000Z"},"country":"Germany","OPM":1,"total_sales_volume":335.46999514102936,"rate_of_return":0.0}
{"window":{"start":"2023-10-27T22:08:00.000Z","end":"2023-10-27T22:09:00.000Z"},"country":"United Kingdom","OPM":8,"total_sales_volume":276.9900017082691,"rate_of_return":0.0}
{"window":{"start":"2023-10-28T04:11:00.000Z","end":"2023-10-28T04:12:00.000Z"},"country":"France","OPM":1,"total_sales_volume":84.90000057220459,"rate_of_return":0.0}
{"window":{"start":"2023-10-24T16:49:00.000Z","end":"2023-10-24T16:50:00.000Z"},"country":"United Kingdom","OPM":13,"total_sales_volume":1074.2599947452545,"rate_of_return":0.0}
{"window":{"start":"2023-10-25T06:22:00.000Z","end":"2023-10-25T06:23:00.000Z"},"country":"Israel","OPM":1,"total_sales_volume":20.0600004196167,"rate_of_return":0.0}
{"window":{"start":"2023-10-26T10:14:00.000Z","end":"2023-10-26T10:15:00.000Z"},"country":"United Kingdom","OPM":11,"total_sales_volume":539.8499982357025,"rate_of_return":0.09090909090909091}
{"window":{"start":"2023-10-27T13:56:00.000Z","end":"2023-10-27T13:57:00.000Z"},"country":"Unspecified","OPM":1,"total_sales_volume":33.55999994277954,"rate_of_return":0.0}
{"window":{"start":"2023-10-27T04:55:00.000Z","end":"2023-10-27T04:56:00.000Z"},"country":"United Kingdom","OPM":9,"total_sales_volume":796.3399885892868,"rate_of_return":0.1111111111111111}
