{"window":{"start":"2023-10-27T19:29:00.000Z","end":"2023-10-27T19:30:00.000Z"},"country":"Germany","OPM":1,"total_sales_volume":8.949999809265137,"rate_of_return":0.0}
{"window":{"start":"2023-10-26T10:24:00.000Z","end":"2023-10-26T10:25:00.000Z"},"country":"United Kingdom","OPM":7,"total_sales_volume":403.6199996471405,"rate_of_return":0.14285714285714285}
{"window":{"start":"2023-10-27T10:34:00.000Z","end":"2023-10-27T10:35:00.000Z"},"country":"United Kingdom","OPM":13,"total_sales_volume":788.8400085866451,"rate_of_return":0.07692307692307693}
{"window":{"start":"2023-10-25T03:26:00.000Z","end":"2023-10-25T03:27:00.000Z"},"country":"France","OPM":1,"total_sales_volume":24.269999623298645,"rate_of_return":0.0}
{"window":{"start":"2023-10-25T22:48:00.000Z","end":"2023-10-25T22:49:00.000Z"},"country":"EIRE","OPM":1,"total_sales_volume":26.740000009536743,"rate_of_return":0.0}
{"window":{"start":"2023-10-27T09:18:00.000Z","end":"2023-10-27T09:19:00.000Z"},"country":"Norway","OPM":1,"total_sales_volume":67.60000228881836,"rate_of_return":0.0}
{"window":{"start":"2023-10-27T17:14:00.000Z","end":"2023-10-27T17:15:00.000Z"},"country":"United Kingdom","OPM":16,"total_sales_volume":1144.8800156414509,"rate_of_return":0.0625}
{"window":{"start":"2023-10-25T21:58:00.000Z","end":"2023-10-25T21:59:00.000Z"},"country":"United Kingdom","OPM":7,"total_sales_volume":439.5699958205223,"rate_of_return":0.0}
{"window":{"start":"2023-10-27T11:26:00.000Z","end":"2023-10-27T11:27:00.000Z"},"country":"EIRE","OPM":1,"total_sales_volume":30.0,"rate_of_return":0.0}
{"window":{"start":"2023-10-24T04:46:00.000Z","end":"2023-10-24T04:47:00.000Z"},"country":"United Kingdom","OPM":4,"total_sales_volume":72.73000001907349,"rate_of_return":0.0}
{"window":{"start":"2023-10-24T05:56:00.000Z","end":"2023-10-24T05:57:00.000Z"},"country":"Hong Kong","OPM":1,"total_sales_volume":228.7999978363514,"rate_of_return":0.0}
{"window":{"start":"2023-10-26T19:43:00.000Z","end":"2023-10-26T19:44:00.000Z"},"country":"Norway","OPM":1,"total_sales_volume":54.42999970912933,"rate_of_return":0.0}
{"window":{"start":"2023-10-24T17:07:00.000Z","end":"2023-10-24T17:08:00.000Z"},"country":"United Kingdom","OPM":5,"total_sales_volume":656.789999127388,"rate_of_return":0.0}
{"window":{"start":"2023-10-24T16:45:00.000Z","end":"2023-10-24T16:46:00.000Z"},"country":"United Kingdom","OPM":6,"total_sales_volume":218.72999620437622,"rate_of_return":0.16666666666666666}
{"window":{"start":"2023-10-25T09:57:00.000Z","end":"2023-10-25T09:58:00.000Z"},"country":"United Kingdom","OPM":11,"total_sales_volume":912.6399899423122,"rate_of_return":0.09090909090909091}
{"window":{"start":"2023-10-28T00:28:00.000Z","end":"2023-10-28T00:29:00.000Z"},"country":"EIRE","OPM":1,"total_sales_volume":123.21000102162361,"rate_of_return":0.0}
{"window":{"start":"2023-10-23T16:53:00.000Z","end":"2023-10-23T16:54:00.000Z"},"country":"France","OPM":1,"total_sales_volume":21.9399995803833,"rate_of_return":0.0}
{"window":{"start":"2023-10-23T20:35:00.000Z","end":"2023-10-23T20:36:00.000Z"},"country":"United Kingdom","OPM":5,"total_sales_volume":107.49999940395355,"rate_of_return":0.0}
{"window":{"start":"2023-10-27T21:05:00.000Z","end":"2023-10-27T21:06:00.000Z"},"country":"United Kingdom","OPM":16,"total_sales_volume":484.57000201940536,"rate_of_return":0.0625}
{"window":{"start":"2023-10-25T14:14:00.000Z","end":"2023-10-25T14:15:00.000Z"},"country":"United Kingdom","OPM":8,"total_sales_volume":332.6900013387203,"rate_of_return":0.125}
{"window":{"start":"2023-10-25T10:23:00.000Z","end":"2023-10-25T10:24:00.000Z"},"country":"United Arab Emirates","OPM":1,"total_sales_volume":29.789999842643738,"rate_of_return":0.0}
{"window":{"start":"2023-10-24T19:49:00.000Z","end":"2023-10-24T19:50:00.000Z"},"country":"Spain","OPM":1,"total_sales_volume":2.950000047683716,"rate_of_return":0.0}
{"window":{"start":"2023-10-26T09:21:00.000Z","end":"2023-10-26T09:22:00.000Z"},"country":"United Kingdom","OPM":9,"total_sales_volume":147.8000005185604,"rate_of_return":0.0}
{"window":{"start":"2023-10-25T20:02:00.000Z","end":"2023-10-25T20:03:00.000Z"},"country":"United Kingdom","OPM":13,"total_sales_volume":765.2999976575375,"rate_of_return":0.07692307692307693}
{"window":{"start":"2023-10-26T21:12:00.000Z","end":"2023-10-26T21:13:00.000Z"},"country":"United Kingdom","OPM":10,"total_sales_volume":464.3099998533726,"rate_of_return":0.1}
{"window":{"start":"2023-10-25T00:56:00.000Z","end":"2023-10-25T00:57:00.000Z"},"country":"United Kingdom","OPM":5,"total_sales_volume":173.03000411391258,"rate_of_return":0.2}
{"window":{"start":"2023-10-23T16:47:00.000Z","end":"2023-10-23T16:48:00.000Z"},"country":"United Kingdom","OPM":9,"total_sales_volume":363.2799983024597,"rate_of_return":0.0}
{"window":{"start":"2023-10-26T21:30:00.000Z","end":"2023-10-26T21:31:00.000Z"},"country":"United Kingdom","OPM":6,"total_sales_volume":821.229983240366,"rate_of_return":0.16666666666666666}
{"window":{"start":"2023-10-25T13:55:00.000Z","end":"2023-10-25T13:56:00.000Z"},"country":"France","OPM":1,"total_sales_volume":37.249999821186066,"rate_of_return":0.0}
{"window":{"start":"2023-10-27T01:22:00.000Z","end":"2023-10-27T01:23:00.000Z"},"country":"Belgium","OPM":1,"total_sales_volume":40.200000286102295,"rate_of_return":0.0}
{"window":{"start":"2023-10-27T10:23:00.000Z","end":"2023-10-27T10:24:00.000Z"},"country":"United Kingdom","OPM":8,"total_sales_volume":335.7799925804138,"rate_of_return":0.125}
{"window":{"start":"2023-10-25T11:59:00.000Z","end":"2023-10-25T12:00:00.000Z"},"country":"United Kingdom","OPM":7,"total_sales_volume":1332.1499880552292,"rate_of_return":0.2857142857142857}
{"window":{"start":"2023-10-23T14:12:00.000Z","end":"2023-10-23T14:13:00.000Z"},"country":"Poland","OPM":1,"total_sales_volume":17.34999978542328,"rate_of_return":0.0}
{"window":{"start":"2023-10-24T21:15:00.000Z","end":"2023-10-24T21:16:00.000Z"},"country":"Portugal","OPM":1,"total_sales_volume":277.07999885082245,"rate_of_return":0.0}
{"window":{"start":"2023-10-24T19:57:00.000Z","end":"2023-10-24T19:58:00.000Z"},"country":"United Kingdom","OPM":10,"total_sales_volume":774.9399932026863,"rate_of_return":0.0}
{"window":{"start":"2023-10-25T20:49:00.000Z","end":"2023-10-25T20:50:00.000Z"},"country":"United Kingdom","OPM":9,"total_sales_volume":943.7999987602234,"rate_of_return":0.1111111111111111}
{"window":{"start":"2023-10-25T05:25:00.000Z","end":"2023-10-25T05:26:00.000Z"},"country":"United Kingdom","OPM":10,"total_sales_volume":461.7099966406822,"rate_of_return":0.0}
{"window":{"start":"2023-10-27T20:02:00.000Z","end":"2023-10-27T20:03:00.000Z"},"country":"France","OPM":1,"total_sales_volume":68.27999877929688,"rate_of_return":0.0}
{"window":{"start":"2023-10-25T14:44:00.000Z","end":"2023-10-25T14:45:00.000Z"},"country":"France","OPM":1,"total_sales_volume":28.290000915527344,"rate_of_return":0.0}
{"window":{"start":"2023-10-23T14:27:00.000Z","end":"2023-10-23T14:28:00.000Z"},"country":"United Kingdom","OPM":13,"total_sales_volume":956.6600004434586,"rate_of_return":0.0}
{"window":{"start":"2023-10-26T03:11:00.000Z","end":"2023-10-26T03:12:00.000Z"},"country":"United Kingdom","OPM":8,"total_sales_volume":1906.6600257456303,"rate_of_return":0.0}
{"window":{"start":"2023-10-25T21:57:00.000Z","end":"2023-10-25T21:58:00.000Z"},"country":"France","OPM":1,"total_sales_volume":65.54000163078308,"rate_of_return":0.0}
{"window":{"start":"2023-10-26T07:25:00.000Z","end":"2023-10-26T07:26:00.000Z"},"country":"United Kingdom","OPM":6,"total_sales_volume":506.5699988603592,"rate_of_return":0.0}
{"window":{"start":"2023-10-26T12:00:00.000Z","end":"2023-10-26T12:01:00.000Z"},"country":"United Kingdom","OPM":6,"total_sales_volume":858.7399898469448,"rate_of_return":0.0}
{"window":{"start":"2023-10-27T20:57:00.000Z","end":"2023-10-27T20:58:00.000Z"},"country":"EIRE","OPM":1,"total_sales_volume":-9.899999618530273,"rate_of_return":1.0}
{"window":{"start":"2023-10-27T22:00:00.000Z","end":"2023-10-27T22:01:00.000Z"},"country":"United Kingdom","OPM":11,"total_sales_volume":1020.5599983036518,"rate_of_return":0.09090909090909091}
{"window":{"start":"2023-10-27T03:21:00.000Z","end":"2023-10-27T03:22:00.000Z"},"country":"United Kingdom","OPM":12,"total_sales_volume":401.0999949872494,"rate_of_return":0.08333333333333333}
{"window":{"start":"2023-10-24T11:47:00.000Z","end":"2023-10-24T11:48:00.000Z"},"country":"United Kingdom","OPM":16,"total_sales_volume":763.3499963879585,"rate_of_return":0.0}
{"window":{"start":"2023-10-26T12:25:00.000Z","end":"2023-10-26T12:26:00.000Z"},"country":"United Kingdom","OPM":8,"total_sales_volume":347.31999310851097,"rate_of_return":0.125}
{"window":{"start":"2023-10-26T12:01:00.000Z","end":"2023-10-26T12:02:00.000Z"},"country":"France","OPM":2,"total_sales_volume":828.0199995040894,"rate_of_return":0.0}
