{"window":{"start":"2023-10-26T15:25:00.000Z","end":"2023-10-26T15:26:00.000Z"},"country":"Germany","OPM":1,"total_sales_volume":67.53999873995781,"rate_of_return":0.0}
{"window":{"start":"2023-10-27T11:30:00.000Z","end":"2023-10-27T11:31:00.000Z"},"country":"United Kingdom","OPM":11,"total_sales_volume":2703.80003708601,"rate_of_return":0.18181818181818182}
{"window":{"start":"2023-10-24T02:55:00.000Z","end":"2023-10-24T02:56:00.000Z"},"country":"United Kingdom","OPM":8,"total_sales_volume":680.4399924278259,"rate_of_return":0.125}
{"window":{"start":"2023-10-27T07:29:00.000Z","end":"2023-10-27T07:30:00.000Z"},"country":"United Kingdom","OPM":7,"total_sales_volume":127.90999934077263,"rate_of_return":0.0}
{"window":{"start":"2023-10-27T04:08:00.000Z","end":"2023-10-27T04:09:00.000Z"},"country":"Germany","OPM":1,"total_sales_volume":1.25,"rate_of_return":0.0}
{"window":{"start":"2023-10-27T05:07:00.000Z","end":"2023-10-27T05:08:00.000Z"},"country":"United Kingdom","OPM":4,"total_sales_volume":161.65999692678452,"rate_of_return":0.0}
{"window":{"start":"2023-10-25T22:22:00.000Z","end":"2023-10-25T22:23:00.000Z"},"country":"Germany","OPM":1,"total_sales_volume":68.56999844312668,"rate_of_return":0.0}
{"window":{"start":"2023-10-26T05:22:00.000Z","end":"2023-10-26T05:23:00.000Z"},"country":"EIRE","OPM":1,"total_sales_volume":161.14999616146088,"rate_of_return":0.0}
{"window":{"start":"2023-10-25T09:30:00.000Z","end":"2023-10-25T09:31:00.000Z"},"country":"France","OPM":1,"total_sales_volume":134.5799961090088,"rate_of_return":0.0}
{"window":{"start":"2023-10-23T14:53:00.000Z","end":"2023-10-23T14:54:00.000Z"},"country":"Italy","OPM":1,"total_sales_volume":101.8700008392334,"rate_of_return":0.0}
{"window":{"start":"2023-10-27T01:20:00.000Z","end":"2023-10-27T01:21:00.000Z"},"country":"Germany","OPM":1,"total_sales_volume":50.209999084472656,"rate_of_return":0.0}
{"window":{"start":"2023-10-26T01:02:00.000Z","end":"2023-10-26T01:03:00.000Z"},"country":"EIRE","OPM":1,"total_sales_volume":91.3899989426136,"rate_of_return":0.0}
{"window":{"start":"2023-10-24T07:49:00.000Z","end":"2023-10-24T07:50:00.000Z"},"country":"United Kingdom","OPM":4,"total_sales_volume":343.2400019168854,"rate_of_return":0.0}
{"window":{"start":"2023-10-27T05:15:00.000Z","end":"2023-10-27T05:16:00.000Z"},"country":"USA","OPM":1,"total_sales_volume":79.85999810695648,"rate_of_return":0.0}
{"window":{"start":"2023-10-26T03:33:00.000Z","end":"2023-10-26T03:34:00.000Z"},"country":"Sweden","OPM":1,"total_sales_volume":54.28999924659729,"rate_of_return":0.0}
{"window":{"start":"2023-10-25T03:55:00.000Z","end":"2023-10-25T03:56:00.000Z"},"country":"United Kingdom","OPM":12,"total_sales_volume":453.03999558091164,"rate_of_return":0.0}
{"window":{"start":"2023-10-23T20:25:00.000Z","end":"2023-10-23T20:26:00.000Z"},"country":"United Kingdom","OPM":7,"total_sales_volume":1302.219974040985,"rate_of_return":0.0}
{"window":{"start":"2023-10-25T17:38:00.000Z","end":"2023-10-25T17:39:00.000Z"},"country":"Spain","OPM":2,"total_sales_volume":333.7000062465668,"rate_of_return":0.0}
{"window":{"start":"2023-10-25T03:39:00.000Z","end":"2023-10-25T03:40:00.000Z"},"country":"United Kingdom","OPM":11,"total_sales_volume":519.9499945342541,"rate_of_return":0.09090909090909091}
{"window":{"start":"2023-10-27T01:30:00.000Z","end":"2023-10-27T01:31:00.000Z"},"country":"Spain","OPM":1,"total_sales_volume":35.15999889373779,"rate_of_return":0.0}
{"window":{"start":"2023-10-24T18:44:00.000Z","end":"2023-10-24T18:45:00.000Z"},"country":"United Kingdom","OPM":11,"total_sales_volume":617.5399928689003,"rate_of_return":0.0}
{"window":{"start":"2023-10-27T07:05:00.000Z","end":"2023-10-27T07:06:00.000Z"},"country":"France","OPM":1,"total_sales_volume":42.880001187324524,"rate_of_return":0.0}
{"window":{"start":"2023-10-24T00:16:00.000Z","end":"2023-10-24T00:17:00.000Z"},"country":"United Kingdom","OPM":16,"total_sales_volume":634.5599932819605,"rate_of_return":0.0625}
{"window":{"start":"2023-10-27T19:51:00.000Z","end":"2023-10-27T19:52:00.000Z"},"country":"United Kingdom","OPM":7,"total_sales_volume":941.759993314743,"rate_of_return":0.0}
{"window":{"start":"2023-10-26T15:35:00.000Z","end":"2023-10-26T15:36:00.000Z"},"country":"United Kingdom","OPM":11,"total_sales_volume":663.9999963343143,"rate_of_return":0.0}
{"window":{"start":"2023-10-26T12:02:00.000Z","end":"2023-10-26T12:03:00.000Z"},"country":"United Kingdom","OPM":10,"total_sales_volume":386.67000073194504,"rate_of_return":0.0}
{"window":{"start":"2023-10-24T16:36:00.000Z","end":"2023-10-24T16:37:00.000Z"},"country":"EIRE","OPM":1,"total_sales_volume":41.49999928474426,"rate_of_return":0.0}
{"window":{"start":"2023-10-26T02:45:00.000Z","end":"2023-10-26T02:46:00.000Z"},"country":"United Kingdom","OPM":11,"total_sales_volume":525.2899930179119,"rate_of_return":0.09090909090909091}
{"window":{"start":"2023-10-26T12:38:00.000Z","end":"2023-10-26T12:39:00.000Z"},"country":"United Kingdom","OPM":7,"total_sales_volume":470.3900010585785,"rate_of_return":0.0}
{"window":{"start":"2023-10-26T11:22:00.000Z","end":"2023-10-26T11:23:00.000Z"},"country":"United Kingdom","OPM":5,"total_sales_volume":283.23999869823456,"rate_of_return":0.0}
{"window":{"start":"2023-10-26T03:06:00.000Z","end":"2023-10-26T03:07:00.000Z"},"country":"United Kingdom","OPM":9,"total_sales_volume":803.3600071370602,"rate_of_return":0.0}
{"window":{"start":"2023-10-24T20:09:00.000Z","end":"2023-10-24T20:10:00.000Z"},"country":"United Kingdom","OPM":12,"total_sales_volume":671.8699962198734,"rate_of_return":0.08333333333333333}
{"window":{"start":"2023-10-27T08:34:00.000Z","end":"2023-10-27T08:35:00.000Z"},"country":"Unspecified","OPM":1,"total_sales_volume":18.929999828338623,"rate_of_return":0.0}
{"window":{"start":"2023-10-24T14:32:00.000Z","end":"2023-10-24T14:33:00.000Z"},"country":"United Kingdom","OPM":6,"total_sales_volume":416.39999771118164,"rate_of_return":0.0}
{"window":{"start":"2023-10-25T19:19:00.000Z","end":"2023-10-25T19:20:00.000Z"},"country":"Netherlands","OPM":1,"total_sales_volume":72.20999872684479,"rate_of_return":0.0}
{"window":{"start":"2023-10-25T00:18:00.000Z","end":"2023-10-25T00:19:00.000Z"},"country":"Japan","OPM":1,"total_sales_volume":20.969999611377716,"rate_of_return":0.0}
{"window":{"start":"2023-10-25T06:06:00.000Z","end":"2023-10-25T06:07:00.000Z"},"country":"France","OPM":1,"total_sales_volume":53.13999956846237,"rate_of_return":0.0}
{"window":{"start":"2023-10-27T03:44:00.000Z","end":"2023-10-27T03:45:00.000Z"},"country":"United Kingdom","OPM":10,"total_sales_volume":209.099998742342,"rate_of_return":0.0}
{"window":{"start":"2023-10-25T00:33:00.000Z","end":"2023-10-25T00:34:00.000Z"},"country":"Spain","OPM":1,"total_sales_volume":4.289999961853027,"rate_of_return":0.0}
{"window":{"start":"2023-10-23T16:05:00.000Z","end":"2023-10-23T16:06:00.000Z"},"country":"United Kingdom","OPM":7,"total_sales_volume":145.78999853134155,"rate_of_return":0.14285714285714285}
{"window":{"start":"2023-10-24T15:09:00.000Z","end":"2023-10-24T15:10:00.000Z"},"country":"Belgium","OPM":1,"total_sales_volume":39.94999957084656,"rate_of_return":0.0}
{"window":{"start":"2023-10-25T11:25:00.000Z","end":"2023-10-25T11:26:00.000Z"},"country":"Germany","OPM":1,"total_sales_volume":50.95000058412552,"rate_of_return":0.0}
{"window":{"start":"2023-10-26T04:48:00.000Z","end":"2023-10-26T04:49:00.000Z"},"country":"France","OPM":1,"total_sales_volume":4.949999988079071,"rate_of_return":0.0}
{"window":{"start":"2023-10-26T12:55:00.000Z","end":"2023-10-26T12:56:00.000Z"},"country":"Singapore","OPM":1,"total_sales_volume":13.949999868869781,"rate_of_return":0.0}
{"window":{"start":"2023-10-24T00:35:00.000Z","end":"2023-10-24T00:36:00.000Z"},"country":"EIRE","OPM":1,"total_sales_volume":16.950000762939453,"rate_of_return":0.0}
{"window":{"start":"2023-10-26T08:08:00.000Z","end":"2023-10-26T08:09:00.000Z"},"country":"France","OPM":1,"total_sales_volume":78.79999828338623,"rate_of_return":0.0}
{"window":{"start":"2023-10-27T16:22:00.000Z","end":"2023-10-27T16:23:00.000Z"},"country":"United Kingdom","OPM":5,"total_sales_volume":69.6599988937378,"rate_of_return":0.0}
{"window":{"start":"2023-10-28T04:16:00.000Z","end":"2023-10-28T04:17:00.000Z"},"country":"Italy","OPM":1,"total_sales_volume":55.44999897480011,"rate_of_return":0.0}
{"window":{"start":"2023-10-25T11:17:00.000Z","end":"2023-10-25T11:18:00.000Z"},"country":"Australia","OPM":1,"total_sales_volume":24.749999672174454,"rate_of_return":0.0}
{"window":{"start":"2023-10-24T07:33:00.000Z","end":"2023-10-24T07:34:00.000Z"},"country":"United Kingdom","OPM":10,"total_sales_volume":241.26999861001968,"rate_of_return":0.0}
{"window":{"start":"2023-10-26T16:37:00.000Z","end":"2023-10-26T16:38:00.000Z"},"country":"Spain","OPM":1,"total_sales_volume":83.72999781370163,"rate_of_return":0.0}
{"window":{"start":"2023-10-26T05:19:00.000Z","end":"2023-10-26T05:20:00.000Z"},"country":"United Kingdom","OPM":15,"total_sales_volume":855.1699995398521,"rate_of_return":0.06666666666666667}
{"window":{"start":"2023-10-24T23:07:00.000Z","end":"2023-10-24T23:08:00.000Z"},"country":"EIRE","OPM":1,"total_sales_volume":23.390000104904175,"rate_of_return":0.0}
{"window":{"start":"2023-10-27T13:02:00.000Z","end":"2023-10-27T13:03:00.000Z"},"country":"United Kingdom","OPM":9,"total_sales_volume":353.8699984550476,"rate_of_return":0.2222222222222222}
{"window":{"start":"2023-10-24T06:40:00.000Z","end":"2023-10-24T06:41:00.000Z"},"country":"United Kingdom","OPM":4,"total_sales_volume":1004.7400080561638,"rate_of_return":0.0}
{"window":{"start":"2023-10-27T21:04:00.000Z","end":"2023-10-27T21:05:00.000Z"},"country":"United Kingdom","OPM":11,"total_sales_volume":379.5899969935417,"rate_of_return":0.09090909090909091}
{"window":{"start":"2023-10-24T19:40:00.000Z","end":"2023-10-24T19:41:00.000Z"},"country":"Germany","OPM":2,"total_sales_volume":33.0999995470047,"rate_of_return":0.0}
{"window":{"start":"2023-10-24T11:22:00.000Z","end":"2023-10-24T11:23:00.000Z"},"country":"United Kingdom","OPM":11,"total_sales_volume":1028.5400004982948,"rate_of_return":0.0}
{"window":{"start":"2023-10-27T09:38:00.000Z","end":"2023-10-27T09:39:00.000Z"},"country":"United Kingdom","OPM":8,"total_sales_volume":222.82999753952026,"rate_of_return":0.125}
{"window":{"start":"2023-10-23T14:58:00.000Z","end":"2023-10-23T14:59:00.000Z"},"country":"United Kingdom","OPM":12,"total_sales_volume":1282.1699806153774,"rate_of_return":0.0}
{"window":{"start":"2023-10-27T06:53:00.000Z","end":"2023-10-27T06:54:00.000Z"},"country":"Germany","OPM":1,"total_sales_volume":39.15000057220459,"rate_of_return":0.0}
{"window":{"start":"2023-10-26T23:35:00.000Z","end":"2023-10-26T23:36:00.000Z"},"country":"EIRE","OPM":1,"total_sales_volume":-74.69999742507935,"rate_of_return":1.0}
