{"window":{"start":"2023-10-27T23:16:00.000Z","end":"2023-10-27T23:17:00.000Z"},"country":"United Kingdom","OPM":10,"total_sales_volume":1060.589988052845,"rate_of_return":0.0}
{"window":{"start":"2023-10-24T22:57:00.000Z","end":"2023-10-24T22:58:00.000Z"},"country":"United Kingdom","OPM":10,"total_sales_volume":874.5300103127956,"rate_of_return":0.1}
{"window":{"start":"2023-10-23T17:29:00.000Z","end":"2023-10-23T17:30:00.000Z"},"country":"United Kingdom","OPM":5,"total_sales_volume":658.5500075817108,"rate_of_return":0.0}
{"window":{"start":"2023-10-23T15:01:00.000Z","end":"2023-10-23T15:02:00.000Z"},"country":"United Kingdom","OPM":14,"total_sales_volume":869.9599989950657,"rate_of_return":0.14285714285714285}
{"window":{"start":"2023-10-24T12:55:00.000Z","end":"2023-10-24T12:56:00.000Z"},"country":"United Kingdom","OPM":4,"total_sales_volume":309.66000086069107,"rate_of_return":0.0}
{"window":{"start":"2023-10-27T18:01:00.000Z","end":"2023-10-27T18:02:00.000Z"},"country":"France","OPM":1,"total_sales_volume":51.16999816894531,"rate_of_return":0.0}
{"window":{"start":"2023-10-24T15:29:00.000Z","end":"2023-10-24T15:30:00.000Z"},"country":"United Kingdom","OPM":10,"total_sales_volume":275.4699957370758,"rate_of_return":0.1}
{"window":{"start":"2023-10-26T14:45:00.000Z","end":"2023-10-26T14:46:00.000Z"},"country":"United Kingdom","OPM":13,"total_sales_volume":1013.1199805140495,"rate_of_return":0.0}
{"window":{"start":"2023-10-25T13:30:00.000Z","end":"2023-10-25T13:31:00.000Z"},"country":"France","OPM":1,"total_sales_volume":20.799999237060547,"rate_of_return":0.0}
{"window":{"start":"2023-10-24T21:40:00.000Z","end":"2023-10-24T21:41:00.000Z"},"country":"Iceland","OPM":1,"total_sales_volume":173.52999567985535,"rate_of_return":0.0}
{"window":{"start":"2023-10-25T11:57:00.000Z","end":"2023-10-25T11:58:00.000Z"},"country":"Germany","OPM":1,"total_sales_volume":171.0400066971779,"rate_of_return":0.0}
{"window":{"start":"2023-10-25T10:54:00.000Z","end":"2023-10-25T10:55:00.000Z"},"country":"Netherlands","OPM":1,"total_sales_volume":61.71999999880791,"rate_of_return":0.0}
{"window":{"start":"2023-10-27T14:30:00.000Z","end":"2023-10-27T14:31:00.000Z"},"country":"United Kingdom","OPM":12,"total_sales_volume":563.8599962592125,"rate_of_return":0.0}
{"window":{"start":"2023-10-25T19:53:00.000Z","end":"2023-10-25T19:54:00.000Z"},"country":"United Kingdom","OPM":4,"total_sales_volume":18.71999943256378,"rate_of_return":0.25}
{"window":{"start":"2023-10-26T17:25:00.000Z","end":"2023-10-26T17:26:00.000Z"},"country":"United Kingdom","OPM":9,"total_sales_volume":241.30000066757202,"rate_of_return":0.1111111111111111}
{"window":{"start":"2023-10-24T23:53:00.000Z","end":"2023-10-24T23:54:00.000Z"},"country":"Germany","OPM":1,"total_sales_volume":60.290000915527344,"rate_of_return":0.0}
{"window":{"start":"2023-10-23T16:31:00.000Z","end":"2023-10-23T16:32:00.000Z"},"country":"United Kingdom","OPM":9,"total_sales_volume":523.5599912405014,"rate_of_return":0.0}
{"window":{"start":"2023-10-25T06:53:00.000Z","end":"2023-10-25T06:54:00.000Z"},"country":"United Kingdom","OPM":11,"total_sales_volume":595.5499967932701,"rate_of_return":0.0}
{"window":{"start":"2023-10-24T03:02:00.000Z","end":"2023-10-24T03:03:00.000Z"},"country":"EIRE","OPM":1,"total_sales_volume":19.949999928474426,"rate_of_return":0.0}
{"window":{"start":"2023-10-23T15:54:00.000Z","end":"2023-10-23T15:55:00.000Z"},"country":"United Kingdom","OPM":13,"total_sales_volume":1098.180003464222,"rate_of_return":0.07692307692307693}
{"window":{"start":"2023-10-25T04:00:00.000Z","end":"2023-10-25T04:01:00.000Z"},"country":"United Kingdom","OPM":10,"total_sales_volume":957.8599999547005,"rate_of_return":0.0}
{"window":{"start":"2023-10-23T21:47:00.000Z","end":"2023-10-23T21:48:00.000Z"},"country":"United Kingdom","OPM":9,"total_sales_volume":243.12999778985977,"rate_of_return":0.1111111111111111}
{"window":{"start":"2023-10-24T12:02:00.000Z","end":"2023-10-24T12:03:00.000Z"},"country":"United Kingdom","OPM":12,"total_sales_volume":240.01999747753143,"rate_of_return":0.08333333333333333}
{"window":{"start":"2023-10-24T00:48:00.000Z","end":"2023-10-24T00:49:00.000Z"},"country":"EIRE","OPM":1,"total_sales_volume":73.76000061631203,"rate_of_return":0.0}
{"window":{"start":"2023-10-24T13:34:00.000Z","end":"2023-10-24T13:35:00.000Z"},"country":"France","OPM":1,"total_sales_volume":-74.40000057220459,"rate_of_return":1.0}
{"window":{"start":"2023-10-24T15:56:00.000Z","end":"2023-10-24T15:57:00.000Z"},"country":"United Kingdom","OPM":10,"total_sales_volume":812.5899937152863,"rate_of_return":0.0}
{"window":{"start":"2023-10-27T17:43:00.000Z","end":"2023-10-27T17:44:00.000Z"},"country":"United Kingdom","OPM":15,"total_sales_volume":625.2299994826317,"rate_of_return":0.13333333333333333}
{"window":{"start":"2023-10-23T21:54:00.000Z","end":"2023-10-23T21:55:00.000Z"},"country":"Germany","OPM":1,"total_sales_volume":22.99999976158142,"rate_of_return":0.0}
{"window":{"start":"2023-10-27T10:07:00.000Z","end":"2023-10-27T10:08:00.000Z"},"country":"United Kingdom","OPM":5,"total_sales_volume":268.09999883174896,"rate_of_return":0.2}
{"window":{"start":"2023-10-27T13:51:00.000Z","end":"2023-10-27T13:52:00.000Z"},"country":"Switzerland","OPM":1,"total_sales_volume":283.6299915909767,"rate_of_return":0.0}
{"window":{"start":"2023-10-27T10:13:00.000Z","end":"2023-10-27T10:14:00.000Z"},"country":"United Kingdom","OPM":7,"total_sales_volume":749.8099961280823,"rate_of_return":0.14285714285714285}
{"window":{"start":"2023-10-28T04:00:00.000Z","end":"2023-10-28T04:01:00.000Z"},"country":"United Kingdom","OPM":5,"total_sales_volume":152.39999750256538,"rate_of_return":0.2}
{"window":{"start":"2023-10-24T23:55:00.000Z","end":"2023-10-24T23:56:00.000Z"},"country":"United Kingdom","OPM":3,"total_sales_volume":549.9399847388268,"rate_of_return":0.0}
{"window":{"start":"2023-10-26T06:56:00.000Z","end":"2023-10-26T06:57:00.000Z"},"country":"United Kingdom","OPM":12,"total_sales_volume":1701.6299951076508,"rate_of_return":0.16666666666666666}
{"window":{"start":"2023-10-25T06:47:00.000Z","end":"2023-10-25T06:48:00.000Z"},"country":"EIRE","OPM":1,"total_sales_volume":3.799999952316284,"rate_of_return":0.0}
{"window":{"start":"2023-10-27T21:52:00.000Z","end":"2023-10-27T21:53:00.000Z"},"country":"United Kingdom","OPM":9,"total_sales_volume":403.96000415086746,"rate_of_return":0.0}
{"window":{"start":"2023-10-25T04:12:00.000Z","end":"2023-10-25T04:13:00.000Z"},"country":"United Kingdom","OPM":5,"total_sales_volume":255.1999988257885,"rate_of_return":0.0}
{"window":{"start":"2023-10-24T03:44:00.000Z","end":"2023-10-24T03:45:00.000Z"},"country":"United Kingdom","OPM":5,"total_sales_volume":130.93999907374382,"rate_of_return":0.0}
{"window":{"start":"2023-10-28T02:27:00.000Z","end":"2023-10-28T02:28:00.000Z"},"country":"Germany","OPM":1,"total_sales_volume":30.049999833106995,"rate_of_return":0.0}
{"window":{"start":"2023-10-24T15:49:00.000Z","end":"2023-10-24T15:50:00.000Z"},"country":"United Kingdom","OPM":16,"total_sales_volume":2368.879940599203,"rate_of_return":0.0}
{"window":{"start":"2023-10-27T02:58:00.000Z","end":"2023-10-27T02:59:00.000Z"},"country":"Spain","OPM":1,"total_sales_volume":66.07000005245209,"rate_of_return":0.0}
{"window":{"start":"2023-10-27T14:43:00.000Z","end":"2023-10-27T14:44:00.000Z"},"country":"EIRE","OPM":1,"total_sales_volume":266.5699988901615,"rate_of_return":0.0}
{"window":{"start":"2023-10-26T04:24:00.000Z","end":"2023-10-26T04:25:00.000Z"},"country":"United Kingdom","OPM":10,"total_sales_volume":462.57999962568283,"rate_of_return":0.0}
{"window":{"start":"2023-10-24T19:40:00.000Z","end":"2023-10-24T19:41:00.000Z"},"country":"United Kingdom","OPM":9,"total_sales_volume":198.36999875307083,"rate_of_return":0.1111111111111111}
{"window":{"start":"2023-10-24T12:47:00.000Z","end":"2023-10-24T12:48:00.000Z"},"country":"Portugal","OPM":1,"total_sales_volume":1.25,"rate_of_return":0.0}
{"window":{"start":"2023-10-26T22:55:00.000Z","end":"2023-10-26T22:56:00.000Z"},"country":"Japan","OPM":1,"total_sales_volume":18.950000286102295,"rate_of_return":0.0}
{"window":{"start":"2023-10-27T23:57:00.000Z","end":"2023-10-27T23:58:00.000Z"},"country":"United Kingdom","OPM":9,"total_sales_volume":351.44000175595284,"rate_of_return":0.1111111111111111}
{"window":{"start":"2023-10-28T01:17:00.000Z","end":"2023-10-28T01:18:00.000Z"},"country":"United Kingdom","OPM":13,"total_sales_volume":1199.4800032675266,"rate_of_return":0.07692307692307693}
{"window":{"start":"2023-10-24T15:23:00.000Z","end":"2023-10-24T15:24:00.000Z"},"country":"France","OPM":1,"total_sales_volume":38.12999999523163,"rate_of_return":0.0}
{"window":{"start":"2023-10-24T17:03:00.000Z","end":"2023-10-24T17:04:00.000Z"},"country":"United Kingdom","OPM":15,"total_sales_volume":1573.8000011146069,"rate_of_return":0.06666666666666667}
{"window":{"start":"2023-10-27T23:40:00.000Z","end":"2023-10-27T23:41:00.000Z"},"country":"United Kingdom","OPM":14,"total_sales_volume":944.3000009059906,"rate_of_return":0.0}
{"window":{"start":"2023-10-26T00:47:00.000Z","end":"2023-10-26T00:48:00.000Z"},"country":"United Kingdom","OPM":8,"total_sales_volume":432.4100015461445,"rate_of_return":0.0}
{"window":{"start":"2023-10-27T05:10:00.000Z","end":"2023-10-27T05:11:00.000Z"},"country":"United Kingdom","OPM":6,"total_sales_volume":101.92999929189682,"rate_of_return":0.0}
{"window":{"start":"2023-10-23T22:24:00.000Z","end":"2023-10-23T22:25:00.000Z"},"country":"Netherlands","OPM":1,"total_sales_volume":275.59999763965607,"rate_of_return":0.0}
{"window":{"start":"2023-10-24T00:29:00.000Z","end":"2023-10-24T00:30:00.000Z"},"country":"United Kingdom","OPM":2,"total_sales_volume":34.08999979496002,"rate_of_return":0.0}
{"window":{"start":"2023-10-26T04:41:00.000Z","end":"2023-10-26T04:42:00.000Z"},"country":"United Kingdom","OPM":5,"total_sales_volume":616.3799891769886,"rate_of_return":0.0}
{"window":{"start":"2023-10-27T12:56:00.000Z","end":"2023-10-27T12:57:00.000Z"},"country":"United Kingdom","OPM":8,"total_sales_volume":277.5799988210201,"rate_of_return":0.0}
{"window":{"start":"2023-10-25T00:05:00.000Z","end":"2023-10-25T00:06:00.000Z"},"country":"United Kingdom","OPM":10,"total_sales_volume":670.9899913668633,"rate_of_return":0.0}
{"window":{"start":"2023-10-25T20:39:00.000Z","end":"2023-10-25T20:40:00.000Z"},"country":"United Kingdom","OPM":6,"total_sales_volume":444.7499922811985,"rate_of_return":0.16666666666666666}
{"window":{"start":"2023-10-26T13:38:00.000Z","end":"2023-10-26T13:39:00.000Z"},"country":"Germany","OPM":1,"total_sales_volume":154.46000254154205,"rate_of_return":0.0}
{"window":{"start":"2023-10-26T06:06:00.000Z","end":"2023-10-26T06:07:00.000Z"},"country":"United Kingdom","OPM":8,"total_sales_volume":215.58999779820442,"rate_of_return":0.0}
{"window":{"start":"2023-10-23T14:56:00.000Z","end":"2023-10-23T14:57:00.000Z"},"country":"United Kingdom","OPM":14,"total_sales_volume":589.0999998450279,"rate_of_return":0.07142857142857142}
{"window":{"start":"2023-10-23T17:33:00.000Z","end":"2023-10-23T17:34:00.000Z"},"country":"United Kingdom","OPM":5,"total_sales_volume":308.2299988530576,"rate_of_return":0.0}
{"window":{"start":"2023-10-25T20:39:00.000Z","end":"2023-10-25T20:40:00.000Z"},"country":"EIRE","OPM":1,"total_sales_volume":3.299999952316284,"rate_of_return":0.0}
{"window":{"start":"2023-10-27T02:36:00.000Z","end":"2023-10-27T02:37:00.000Z"},"country":"Netherlands","OPM":1,"total_sales_volume":8.5,"rate_of_return":0.0}
{"window":{"start":"2023-10-26T18:26:00.000Z","end":"2023-10-26T18:27:00.000Z"},"country":"United Kingdom","OPM":9,"total_sales_volume":871.3599928617477,"rate_of_return":0.0}
