{"window":{"start":"2023-10-24T03:22:00.000Z","end":"2023-10-24T03:23:00.000Z"},"country":"France","OPM":1,"total_sales_volume":42.559998750686646,"rate_of_return":0.0}
{"window":{"start":"2023-10-27T11:28:00.000Z","end":"2023-10-27T11:29:00.000Z"},"country":"United Kingdom","OPM":7,"total_sales_volume":399.399994879961,"rate_of_return":0.0}
{"window":{"start":"2023-10-26T06:38:00.000Z","end":"2023-10-26T06:39:00.000Z"},"country":"EIRE","OPM":1,"total_sales_volume":119.83999899029732,"rate_of_return":0.0}
{"window":{"start":"2023-10-25T13:51:00.000Z","end":"2023-10-25T13:52:00.000Z"},"country":"Germany","OPM":1,"total_sales_volume":135.10999590158463,"rate_of_return":0.0}
{"window":{"start":"2023-10-27T19:54:00.000Z","end":"2023-10-27T19:55:00.000Z"},"country":"Germany","OPM":1,"total_sales_volume":38.48999980092049,"rate_of_return":0.0}
{"window":{"start":"2023-10-28T02:35:00.000Z","end":"2023-10-28T02:36:00.000Z"},"country":"France","OPM":2,"total_sales_volume":35.50999999046326,"rate_of_return":0.0}
{"window":{"start":"2023-10-25T22:16:00.000Z","end":"2023-10-25T22:17:00.000Z"},"country":"United Kingdom","OPM":5,"total_sales_volume":293.77000093460083,"rate_of_return":0.0}
{"window":{"start":"2023-10-23T12:38:00.000Z","end":"2023-10-23T12:39:00.000Z"},"country":"United Kingdom","OPM":6,"total_sales_volume":392.6199984252453,"rate_of_return":0.0}
{"window":{"start":"2023-10-26T21:16:00.000Z","end":"2023-10-26T21:17:00.000Z"},"country":"United Kingdom","OPM":8,"total_sales_volume":865.0400092899799,"rate_of_return":0.0}
{"window":{"start":"2023-10-27T20:26:00.000Z","end":"2023-10-27T20:27:00.000Z"},"country":"United Kingdom","OPM":6,"total_sales_volume":199.94999930262566,"rate_of_return":0.0}
{"window":{"start":"2023-10-25T05:24:00.000Z","end":"2023-10-25T05:25:00.000Z"},"country":"United Kingdom","OPM":7,"total_sales_volume":515.9699989259243,"rate_of_return":0.0}
{"window":{"start":"2023-10-27T01:43:00.000Z","end":"2023-10-27T01:44:00.000Z"},"country":"United Kingdom","OPM":6,"total_sales_volume":612.2400047779083,"rate_of_return":0.0}
{"window":{"start":"2023-10-23T17:55:00.000Z","end":"2023-10-23T17:56:00.000Z"},"country":"United Kingdom","OPM":13,"total_sales_volume":434.9499934017658,"rate_of_return":0.07692307692307693}
{"window":{"start":"2023-10-27T10:11:00.000Z","end":"2023-10-27T10:12:00.000Z"},"country":"Germany","OPM":1,"total_sales_volume":7.449999928474426,"rate_of_return":0.0}
{"window":{"start":"2023-10-25T12:11:00.000Z","end":"2023-10-25T12:12:00.000Z"},"country":"United Kingdom","OPM":7,"total_sales_volume":1259.019978761673,"rate_of_return":0.0}
{"window":{"start":"2023-10-26T19:31:00.000Z","end":"2023-10-26T19:32:00.000Z"},"country":"Austria","OPM":1,"total_sales_volume":46.280001163482666,"rate_of_return":0.0}
{"window":{"start":"2023-10-27T05:26:00.000Z","end":"2023-10-27T05:27:00.000Z"},"country":"United Kingdom","OPM":8,"total_sales_volume":816.9899968653917,"rate_of_return":0.0}
{"window":{"start":"2023-10-25T08:59:00.000Z","end":"2023-10-25T09:00:00.000Z"},"country":"United Kingdom","OPM":7,"total_sales_volume":134.5099992454052,"rate_of_return":0.0}
{"window":{"start":"2023-10-24T12:08:00.000Z","end":"2023-10-24T12:09:00.000Z"},"country":"EIRE","OPM":1,"total_sales_volume":49.21999979019165,"rate_of_return":0.0}
{"window":{"start":"2023-10-26T22:21:00.000Z","end":"2023-10-26T22:22:00.000Z"},"country":"Germany","OPM":1,"total_sales_volume":29.47000002861023,"rate_of_return":0.0}
{"window":{"start":"2023-10-26T12:11:00.000Z","end":"2023-10-26T12:12:00.000Z"},"country":"Germany","OPM":1,"total_sales_volume":199.43000102043152,"rate_of_return":0.0}
{"window":{"start":"2023-10-24T02:08:00.000Z","end":"2023-10-24T02:09:00.000Z"},"country":"United Kingdom","OPM":8,"total_sales_volume":343.50999796390533,"rate_of_return":0.125}
{"window":{"start":"2023-10-23T14:07:00.000Z","end":"2023-10-23T14:08:00.000Z"},"country":"Switzerland","OPM":1,"total_sales_volume":467.41998541355133,"rate_of_return":0.0}
{"window":{"start":"2023-10-27T21:48:00.000Z","end":"2023-10-27T21:49:00.000Z"},"country":"France","OPM":1,"total_sales_volume":67.44000005722046,"rate_of_return":0.0}
{"window":{"start":"2023-10-26T02:05:00.000Z","end":"2023-10-26T02:06:00.000Z"},"country":"United Kingdom","OPM":11,"total_sales_volume":-243.55999840795994,"rate_of_return":0.09090909090909091}
{"window":{"start":"2023-10-23T13:54:00.000Z","end":"2023-10-23T13:55:00.000Z"},"country":"EIRE","OPM":1,"total_sales_volume":210.59999799728394,"rate_of_return":0.0}
{"window":{"start":"2023-10-23T21:39:00.000Z","end":"2023-10-23T21:40:00.000Z"},"country":"EIRE","OPM":1,"total_sales_volume":162.62999868392944,"rate_of_return":0.0}
{"window":{"start":"2023-10-24T15:38:00.000Z","end":"2023-10-24T15:39:00.000Z"},"country":"United Kingdom","OPM":7,"total_sales_volume":879.2099998891354,"rate_of_return":0.0}
{"window":{"start":"2023-10-25T01:02:00.000Z","end":"2023-10-25T01:03:00.000Z"},"country":"United Kingdom","OPM":8,"total_sales_volume":692.1000125706196,"rate_of_return":0.125}
{"window":{"start":"2023-10-27T08:39:00.000Z","end":"2023-10-27T08:40:00.000Z"},"country":"United Kingdom","OPM":6,"total_sales_volume":247.55999904870987,"rate_of_return":0.0}
{"window":{"start":"2023-10-25T16:21:00.000Z","end":"2023-10-25T16:22:00.000Z"},"country":"United Kingdom","OPM":6,"total_sales_volume":199.4500013589859,"rate_of_return":0.0}
{"window":{"start":"2023-10-27T16:11:00.000Z","end":"2023-10-27T16:12:00.000Z"},"country":"EIRE","OPM":1,"total_sales_volume":119.0900022983551,"rate_of_return":0.0}
{"window":{"start":"2023-10-27T00:07:00.000Z","end":"2023-10-27T00:08:00.000Z"},"country":"France","OPM":1,"total_sales_volume":8.25,"rate_of_return":0.0}
{"window":{"start":"2023-10-25T13:53:00.000Z","end":"2023-10-25T13:54:00.000Z"},"country":"Belgium","OPM":1,"total_sales_volume":29.87999990582466,"rate_of_return":0.0}
{"window":{"start":"2023-10-27T09:34:00.000Z","end":"2023-10-27T09:35:00.000Z"},"country":"EIRE","OPM":1,"total_sales_volume":51.86999988555908,"rate_of_return":0.0}
{"window":{"start":"2023-10-25T10:40:00.000Z","end":"2023-10-25T10:41:00.000Z"},"country":"United Kingdom","OPM":7,"total_sales_volume":535.4500054121017,"rate_of_return":0.0}
{"window":{"start":"2023-10-24T05:46:00.000Z","end":"2023-10-24T05:47:00.000Z"},"country":"United Kingdom","OPM":5,"total_sales_volume":283.56999826431274,"rate_of_return":0.0}
{"window":{"start":"2023-10-27T11:03:00.000Z","end":"2023-10-27T11:04:00.000Z"},"country":"Sweden","OPM":1,"total_sales_volume":252.8299958705902,"rate_of_return":0.0}
{"window":{"start":"2023-10-27T06:26:00.000Z","end":"2023-10-27T06:27:00.000Z"},"country":"Spain","OPM":1,"total_sales_volume":62.419999837875366,"rate_of_return":0.0}
{"window":{"start":"2023-10-28T04:38:00.000Z","end":"2023-10-28T04:39:00.000Z"},"country":"Switzerland","OPM":1,"total_sales_volume":10.130000233650208,"rate_of_return":0.0}
{"window":{"start":"2023-10-25T19:35:00.000Z","end":"2023-10-25T19:36:00.000Z"},"country":"United Kingdom","OPM":5,"total_sales_volume":94.8300007879734,"rate_of_return":0.2}
{"window":{"start":"2023-10-26T17:42:00.000Z","end":"2023-10-26T17:43:00.000Z"},"country":"Netherlands","OPM":1,"total_sales_volume":22.40000009536743,"rate_of_return":0.0}
{"window":{"start":"2023-10-27T23:01:00.000Z","end":"2023-10-27T23:02:00.000Z"},"country":"United Kingdom","OPM":10,"total_sales_volume":369.7399995326996,"rate_of_return":0.0}
{"window":{"start":"2023-10-27T09:38:00.000Z","end":"2023-10-27T09:39:00.000Z"},"country":"Australia","OPM":1,"total_sales_volume":110.48999989032745,"rate_of_return":0.0}
{"window":{"start":"2023-10-25T15:40:00.000Z","end":"2023-10-25T15:41:00.000Z"},"country":"United Kingdom","OPM":7,"total_sales_volume":152.07999658584595,"rate_of_return":0.0}
{"window":{"start":"2023-10-27T11:48:00.000Z","end":"2023-10-27T11:49:00.000Z"},"country":"United Kingdom","OPM":5,"total_sales_volume":223.9999976158142,"rate_of_return":0.0}
{"window":{"start":"2023-10-23T23:51:00.000Z","end":"2023-10-23T23:52:00.000Z"},"country":"Unspecified","OPM":1,"total_sales_volume":8.599999904632568,"rate_of_return":0.0}
{"window":{"start":"2023-10-24T10:29:00.000Z","end":"2023-10-24T10:30:00.000Z"},"country":"Netherlands","OPM":1,"total_sales_volume":-72.7500010728836,"rate_of_return":1.0}
{"window":{"start":"2023-10-24T18:53:00.000Z","end":"2023-10-24T18:54:00.000Z"},"country":"United Kingdom","OPM":3,"total_sales_volume":355.7699940800667,"rate_of_return":0.0}
{"window":{"start":"2023-10-25T02:31:00.000Z","end":"2023-10-25T02:32:00.000Z"},"country":"France","OPM":2,"total_sales_volume":924.4099829792976,"rate_of_return":0.0}
{"window":{"start":"2023-10-26T13:38:00.000Z","end":"2023-10-26T13:39:00.000Z"},"country":"United Kingdom","OPM":18,"total_sales_volume":1646.6500003039837,"rate_of_return":0.0}
{"window":{"start":"2023-10-27T20:47:00.000Z","end":"2023-10-27T20:48:00.000Z"},"country":"United Kingdom","OPM":9,"total_sales_volume":395.92999190092087,"rate_of_return":0.1111111111111111}
{"window":{"start":"2023-10-25T20:07:00.000Z","end":"2023-10-25T20:08:00.000Z"},"country":"United Kingdom","OPM":10,"total_sales_volume":485.4499945938587,"rate_of_return":0.0}
{"window":{"start":"2023-10-24T23:53:00.000Z","end":"2023-10-24T23:54:00.000Z"},"country":"United Kingdom","OPM":13,"total_sales_volume":1488.4700136780739,"rate_of_return":0.0}
{"window":{"start":"2023-10-26T21:58:00.000Z","end":"2023-10-26T21:59:00.000Z"},"country":"EIRE","OPM":1,"total_sales_volume":44.9099999666214,"rate_of_return":0.0}
{"window":{"start":"2023-10-27T15:42:00.000Z","end":"2023-10-27T15:43:00.000Z"},"country":"United Kingdom","OPM":8,"total_sales_volume":53.28000259399414,"rate_of_return":0.125}
{"window":{"start":"2023-10-27T22:54:00.000Z","end":"2023-10-27T22:55:00.000Z"},"country":"EIRE","OPM":1,"total_sales_volume":139.64999532699585,"rate_of_return":0.0}
{"window":{"start":"2023-10-25T00:38:00.000Z","end":"2023-10-25T00:39:00.000Z"},"country":"United Kingdom","OPM":12,"total_sales_volume":323.2799982726574,"rate_of_return":0.08333333333333333}
{"window":{"start":"2023-10-23T16:14:00.000Z","end":"2023-10-23T16:15:00.000Z"},"country":"United Kingdom","OPM":16,"total_sales_volume":646.6799952983856,"rate_of_return":0.0}
{"window":{"start":"2023-10-24T19:30:00.000Z","end":"2023-10-24T19:31:00.000Z"},"country":"EIRE","OPM":1,"total_sales_volume":100.36000204086304,"rate_of_return":0.0}
{"window":{"start":"2023-10-25T13:23:00.000Z","end":"2023-10-25T13:24:00.000Z"},"country":"United Kingdom","OPM":6,"total_sales_volume":-195.28000128269196,"rate_of_return":0.3333333333333333}
