{"window":{"start":"2023-10-23T16:13:00.000Z","end":"2023-10-23T16:14:00.000Z"},"country":"Belgium","OPM":1,"total_sales_volume":2.46999990940094,"rate_of_return":0.0}
{"window":{"start":"2023-10-24T17:24:00.000Z","end":"2023-10-24T17:25:00.000Z"},"country":"United Kingdom","OPM":10,"total_sales_volume":492.410002887249,"rate_of_return":0.0}
{"window":{"start":"2023-10-23T22:09:00.000Z","end":"2023-10-23T22:10:00.000Z"},"country":"Germany","OPM":1,"total_sales_volume":246.90000367164612,"rate_of_return":0.0}
{"window":{"start":"2023-10-25T17:55:00.000Z","end":"2023-10-25T17:56:00.000Z"},"country":"France","OPM":1,"total_sales_volume":256.4799912571907,"rate_of_return":0.0}
{"window":{"start":"2023-10-25T10:28:00.000Z","end":"2023-10-25T10:29:00.000Z"},"country":"United Kingdom","OPM":7,"total_sales_volume":339.10999505221844,"rate_of_return":0.14285714285714285}
{"window":{"start":"2023-10-27T23:33:00.000Z","end":"2023-10-27T23:34:00.000Z"},"country":"United Kingdom","OPM":10,"total_sales_volume":1211.0599959790707,"rate_of_return":0.1}
{"window":{"start":"2023-10-27T09:27:00.000Z","end":"2023-10-27T09:28:00.000Z"},"country":"Germany","OPM":1,"total_sales_volume":6.68999981880188,"rate_of_return":0.0}
{"window":{"start":"2023-10-26T11:48:00.000Z","end":"2023-10-26T11:49:00.000Z"},"country":"Australia","OPM":1,"total_sales_volume":128.55999970436096,"rate_of_return":0.0}
{"window":{"start":"2023-10-24T08:02:00.000Z","end":"2023-10-24T08:03:00.000Z"},"country":"United Kingdom","OPM":8,"total_sales_volume":653.6700143516064,"rate_of_return":0.0}
{"window":{"start":"2023-10-26T06:44:00.000Z","end":"2023-10-26T06:45:00.000Z"},"country":"EIRE","OPM":1,"total_sales_volume":23.040000438690186,"rate_of_return":0.0}
{"window":{"start":"2023-10-28T01:41:00.000Z","end":"2023-10-28T01:42:00.000Z"},"country":"United Kingdom","OPM":5,"total_sales_volume":256.0099951028824,"rate_of_return":0.0}
{"window":{"start":"2023-10-23T12:57:00.000Z","end":"2023-10-23T12:58:00.000Z"},"country":"United Kingdom","OPM":14,"total_sales_volume":6024.969997644424,"rate_of_return":0.21428571428571427}
{"window":{"start":"2023-10-25T22:25:00.000Z","end":"2023-10-25T22:26:00.000Z"},"country":"Denmark","OPM":1,"total_sales_volume":28.349999099969864,"rate_of_return":0.0}
{"window":{"start":"2023-10-27T07:31:00.000Z","end":"2023-10-27T07:32:00.000Z"},"country":"United Kingdom","OPM":13,"total_sales_volume":2364.6299624741077,"rate_of_return":0.15384615384615385}
{"window":{"start":"2023-10-25T02:31:00.000Z","end":"2023-10-25T02:32:00.000Z"},"country":"United Kingdom","OPM":7,"total_sales_volume":187.18999859690666,"rate_of_return":0.14285714285714285}
{"window":{"start":"2023-10-25T08:43:00.000Z","end":"2023-10-25T08:44:00.000Z"},"country":"Germany","OPM":1,"total_sales_volume":85.42000237107277,"rate_of_return":0.0}
{"window":{"start":"2023-10-23T22:47:00.000Z","end":"2023-10-23T22:48:00.000Z"},"country":"United Kingdom","OPM":16,"total_sales_volume":416.1400018334389,"rate_of_return":0.0}
{"window":{"start":"2023-10-25T22:28:00.000Z","end":"2023-10-25T22:29:00.000Z"},"country":"EIRE","OPM":1,"total_sales_volume":15.680000066757202,"rate_of_return":0.0}
{"window":{"start":"2023-10-27T22:02:00.000Z","end":"2023-10-27T22:03:00.000Z"},"country":"United Kingdom","OPM":9,"total_sales_volume":576.4399994313717,"rate_of_return":0.1111111111111111}
{"window":{"start":"2023-10-26T07:17:00.000Z","end":"2023-10-26T07:18:00.000Z"},"country":"USA","OPM":1,"total_sales_volume":4.320000171661377,"rate_of_return":0.0}
{"window":{"start":"2023-10-28T01:31:00.000Z","end":"2023-10-28T01:32:00.000Z"},"country":"United Kingdom","OPM":6,"total_sales_volume":167.19999980926514,"rate_of_return":0.0}
{"window":{"start":"2023-10-27T08:14:00.000Z","end":"2023-10-27T08:15:00.000Z"},"country":"Germany","OPM":1,"total_sales_volume":134.510000705719,"rate_of_return":0.0}
{"window":{"start":"2023-10-25T16:38:00.000Z","end":"2023-10-25T16:39:00.000Z"},"country":"United Kingdom","OPM":7,"total_sales_volume":216.0699987411499,"rate_of_return":0.14285714285714285}
{"window":{"start":"2023-10-25T04:38:00.000Z","end":"2023-10-25T04:39:00.000Z"},"country":"United Kingdom","OPM":5,"total_sales_volume":162.58000126481056,"rate_of_return":0.0}
{"window":{"start":"2023-10-24T23:11:00.000Z","end":"2023-10-24T23:12:00.000Z"},"country":"United Kingdom","OPM":9,"total_sales_volume":677.6599955558777,"rate_of_return":0.1111111111111111}
{"window":{"start":"2023-10-27T23:16:00.000Z","end":"2023-10-27T23:17:00.000Z"},"country":"Germany","OPM":1,"total_sales_volume":66.99999952316284,"rate_of_return":0.0}
{"window":{"start":"2023-10-26T22:38:00.000Z","end":"2023-10-26T22:39:00.000Z"},"country":"United Kingdom","OPM":16,"total_sales_volume":1497.5100090503693,"rate_of_return":0.0}
{"window":{"start":"2023-10-24T21:51:00.000Z","end":"2023-10-24T21:52:00.000Z"},"country":"United Kingdom","OPM":7,"total_sales_volume":773.7000039219856,"rate_of_return":0.0}
{"window":{"start":"2023-10-25T15:19:00.000Z","end":"2023-10-25T15:20:00.000Z"},"country":"United Kingdom","OPM":14,"total_sales_volume":-62.699980705976486,"rate_of_return":0.07142857142857142}
{"window":{"start":"2023-10-27T04:47:00.000Z","end":"2023-10-27T04:48:00.000Z"},"country":"United Kingdom","OPM":9,"total_sales_volume":418.1100007593632,"rate_of_return":0.0}
{"window":{"start":"2023-10-25T15:49:00.000Z","end":"2023-10-25T15:50:00.000Z"},"country":"Spain","OPM":1,"total_sales_volume":57.14999985694885,"rate_of_return":0.0}
{"window":{"start":"2023-10-27T13:06:00.000Z","end":"2023-10-27T13:07:00.000Z"},"country":"United Kingdom","OPM":13,"total_sales_volume":276.7899965643883,"rate_of_return":0.07692307692307693}
{"window":{"start":"2023-10-27T21:46:00.000Z","end":"2023-10-27T21:47:00.000Z"},"country":"United Kingdom","OPM":10,"total_sales_volume":208.49000084400177,"rate_of_return":0.0}
{"window":{"start":"2023-10-25T05:24:00.000Z","end":"2023-10-25T05:25:00.000Z"},"country":"Germany","OPM":1,"total_sales_volume":67.78999888896942,"rate_of_return":0.0}
{"window":{"start":"2023-10-27T17:07:00.000Z","end":"2023-10-27T17:08:00.000Z"},"country":"France","OPM":1,"total_sales_volume":62.48000085353851,"rate_of_return":0.0}
{"window":{"start":"2023-10-27T09:25:00.000Z","end":"2023-10-27T09:26:00.000Z"},"country":"United Kingdom","OPM":12,"total_sales_volume":1060.8899844884872,"rate_of_return":0.0}
{"window":{"start":"2023-10-27T17:18:00.000Z","end":"2023-10-27T17:19:00.000Z"},"country":"United Kingdom","OPM":16,"total_sales_volume":1253.29996830225,"rate_of_return":0.0625}
{"window":{"start":"2023-10-28T05:06:00.000Z","end":"2023-10-28T05:07:00.000Z"},"country":"Spain","OPM":1,"total_sales_volume":16.290000438690186,"rate_of_return":0.0}
{"window":{"start":"2023-10-27T16:56:00.000Z","end":"2023-10-27T16:57:00.000Z"},"country":"Portugal","OPM":1,"total_sales_volume":65.39000058174133,"rate_of_return":0.0}
{"window":{"start":"2023-10-26T15:06:00.000Z","end":"2023-10-26T15:07:00.000Z"},"country":"EIRE","OPM":1,"total_sales_volume":93.42999827861786,"rate_of_return":0.0}
{"window":{"start":"2023-10-25T17:27:00.000Z","end":"2023-10-25T17:28:00.000Z"},"country":"United Kingdom","OPM":9,"total_sales_volume":378.5500019788742,"rate_of_return":0.0}
{"window":{"start":"2023-10-26T15:02:00.000Z","end":"2023-10-26T15:03:00.000Z"},"country":"EIRE","OPM":1,"total_sales_volume":16.5,"rate_of_return":0.0}
{"window":{"start":"2023-10-25T11:31:00.000Z","end":"2023-10-25T11:32:00.000Z"},"country":"Spain","OPM":1,"total_sales_volume":38.71000051498413,"rate_of_return":0.0}
{"window":{"start":"2023-10-25T03:12:00.000Z","end":"2023-10-25T03:13:00.000Z"},"country":"Spain","OPM":1,"total_sales_volume":24.880000084638596,"rate_of_return":0.0}
{"window":{"start":"2023-10-26T02:31:00.000Z","end":"2023-10-26T02:32:00.000Z"},"country":"United Kingdom","OPM":8,"total_sales_volume":340.42000114917755,"rate_of_return":0.0}
{"window":{"start":"2023-10-25T19:37:00.000Z","end":"2023-10-25T19:38:00.000Z"},"country":"Portugal","OPM":1,"total_sales_volume":19.399999856948853,"rate_of_return":0.0}
{"window":{"start":"2023-10-24T12:05:00.000Z","end":"2023-10-24T12:06:00.000Z"},"country":"Israel","OPM":1,"total_sales_volume":8.850000143051147,"rate_of_return":0.0}
{"window":{"start":"2023-10-27T13:23:00.000Z","end":"2023-10-27T13:24:00.000Z"},"country":"United Kingdom","OPM":6,"total_sales_volume":473.55000153183937,"rate_of_return":0.0}
{"window":{"start":"2023-10-27T18:50:00.000Z","end":"2023-10-27T18:51:00.000Z"},"country":"EIRE","OPM":1,"total_sales_volume":14.84999942779541,"rate_of_return":0.0}
{"window":{"start":"2023-10-27T23:39:00.000Z","end":"2023-10-27T23:40:00.000Z"},"country":"United Kingdom","OPM":13,"total_sales_volume":1298.269994109869,"rate_of_return":0.0}
{"window":{"start":"2023-10-25T10:11:00.000Z","end":"2023-10-25T10:12:00.000Z"},"country":"United Kingdom","OPM":17,"total_sales_volume":1012.060001283884,"rate_of_return":0.058823529411764705}
{"window":{"start":"2023-10-25T17:24:00.000Z","end":"2023-10-25T17:25:00.000Z"},"country":"United Kingdom","OPM":5,"total_sales_volume":483.6699994802475,"rate_of_return":0.0}
{"window":{"start":"2023-10-25T10:48:00.000Z","end":"2023-10-25T10:49:00.000Z"},"country":"France","OPM":1,"total_sales_volume":0.8399999737739563,"rate_of_return":0.0}
{"window":{"start":"2023-10-25T05:01:00.000Z","end":"2023-10-25T05:02:00.000Z"},"country":"Netherlands","OPM":1,"total_sales_volume":90.54999935626984,"rate_of_return":0.0}
{"window":{"start":"2023-10-24T18:12:00.000Z","end":"2023-10-24T18:13:00.000Z"},"country":"Cyprus","OPM":1,"total_sales_volume":25.6199988424778,"rate_of_return":0.0}
{"window":{"start":"2023-10-27T13:18:00.000Z","end":"2023-10-27T13:19:00.000Z"},"country":"Australia","OPM":1,"total_sales_volume":74.75000041723251,"rate_of_return":0.0}
