{"window":{"start":"2023-10-25T07:49:00.000Z","end":"2023-10-25T07:50:00.000Z"},"country":"United Kingdom","OPM":15,"total_sales_volume":558.4699899554253,"rate_of_return":0.13333333333333333}
{"window":{"start":"2023-10-26T15:21:00.000Z","end":"2023-10-26T15:22:00.000Z"},"country":"United Kingdom","OPM":10,"total_sales_volume":642.8299950063229,"rate_of_return":0.1}
{"window":{"start":"2023-10-26T22:37:00.000Z","end":"2023-10-26T22:38:00.000Z"},"country":"United Kingdom","OPM":10,"total_sales_volume":690.6399962157011,"rate_of_return":0.0}
{"window":{"start":"2023-10-27T17:19:00.000Z","end":"2023-10-27T17:20:00.000Z"},"country":"Switzerland","OPM":1,"total_sales_volume":73.45999974012375,"rate_of_return":0.0}
{"window":{"start":"2023-10-25T06:53:00.000Z","end":"2023-10-25T06:54:00.000Z"},"country":"Switzerland","OPM":1,"total_sales_volume":51.279998779296875,"rate_of_return":0.0}
{"window":{"start":"2023-10-27T00:43:00.000Z","end":"2023-10-27T00:44:00.000Z"},"country":"Malta","OPM":1,"total_sales_volume":20.69999933242798,"rate_of_return":0.0}
{"window":{"start":"2023-10-23T16:10:00.000Z","end":"2023-10-23T16:11:00.000Z"},"country":"Japan","OPM":1,"total_sales_volume":5.5,"rate_of_return":0.0}
{"window":{"start":"2023-10-26T12:16:00.000Z","end":"2023-10-26T12:17:00.000Z"},"country":"Netherlands","OPM":1,"total_sales_volume":20.54000049829483,"rate_of_return":0.0}
{"window":{"start":"2023-10-25T15:22:00.000Z","end":"2023-10-25T15:23:00.000Z"},"country":"Denmark","OPM":1,"total_sales_volume":19.799999713897705,"rate_of_return":0.0}
{"window":{"start":"2023-10-25T11:30:00.000Z","end":"2023-10-25T11:31:00.000Z"},"country":"United Kingdom","OPM":7,"total_sales_volume":290.03999945521355,"rate_of_return":0.0}
{"window":{"start":"2023-10-24T21:36:00.000Z","end":"2023-10-24T21:37:00.000Z"},"country":"United Kingdom","OPM":12,"total_sales_volume":518.4799958765507,"rate_of_return":0.08333333333333333}
{"window":{"start":"2023-10-25T13:58:00.000Z","end":"2023-10-25T13:59:00.000Z"},"country":"United Kingdom","OPM":11,"total_sales_volume":864.3000038266182,"rate_of_return":0.0}
{"window":{"start":"2023-10-24T04:04:00.000Z","end":"2023-10-24T04:05:00.000Z"},"country":"United Kingdom","OPM":8,"total_sales_volume":639.7199928164482,"rate_of_return":0.0}
{"window":{"start":"2023-10-25T21:16:00.000Z","end":"2023-10-25T21:17:00.000Z"},"country":"United Kingdom","OPM":8,"total_sales_volume":353.39000141620636,"rate_of_return":0.0}
{"window":{"start":"2023-10-23T17:08:00.000Z","end":"2023-10-23T17:09:00.000Z"},"country":"United Kingdom","OPM":14,"total_sales_volume":1322.6300005316734,"rate_of_return":0.0}
{"window":{"start":"2023-10-25T10:49:00.000Z","end":"2023-10-25T10:50:00.000Z"},"country":"Germany","OPM":1,"total_sales_volume":266.28000128269196,"rate_of_return":0.0}
{"window":{"start":"2023-10-25T06:14:00.000Z","end":"2023-10-25T06:15:00.000Z"},"country":"United Kingdom","OPM":12,"total_sales_volume":306.77000004053116,"rate_of_return":0.0}
{"window":{"start":"2023-10-25T01:51:00.000Z","end":"2023-10-25T01:52:00.000Z"},"country":"United Kingdom","OPM":11,"total_sales_volume":1642.0300007089972,"rate_of_return":0.0}
{"window":{"start":"2023-10-24T18:25:00.000Z","end":"2023-10-24T18:26:00.000Z"},"country":"United Kingdom","OPM":14,"total_sales_volume":320.24999928474426,"rate_of_return":0.14285714285714285}
{"window":{"start":"2023-10-24T02:01:00.000Z","end":"2023-10-24T02:02:00.000Z"},"country":"United Kingdom","OPM":13,"total_sales_volume":519.1099946796894,"rate_of_return":0.0}
{"window":{"start":"2023-10-27T15:12:00.000Z","end":"2023-10-27T15:13:00.000Z"},"country":"United Kingdom","OPM":11,"total_sales_volume":901.5199902653694,"rate_of_return":0.09090909090909091}
{"window":{"start":"2023-10-27T20:47:00.000Z","end":"2023-10-27T20:48:00.000Z"},"country":"Germany","OPM":1,"total_sales_volume":6.579999923706055,"rate_of_return":0.0}
{"window":{"start":"2023-10-23T15:57:00.000Z","end":"2023-10-23T15:58:00.000Z"},"country":"France","OPM":1,"total_sales_volume":33.3299999833107,"rate_of_return":0.0}
{"window":{"start":"2023-10-24T05:01:00.000Z","end":"2023-10-24T05:02:00.000Z"},"country":"Australia","OPM":1,"total_sales_volume":11.329999655485153,"rate_of_return":0.0}
{"window":{"start":"2023-10-23T22:07:00.000Z","end":"2023-10-23T22:08:00.000Z"},"country":"France","OPM":1,"total_sales_volume":4.130000114440918,"rate_of_return":0.0}
{"window":{"start":"2023-10-25T23:07:00.000Z","end":"2023-10-25T23:08:00.000Z"},"country":"United Kingdom","OPM":6,"total_sales_volume":429.95999825000763,"rate_of_return":0.0}
{"window":{"start":"2023-10-27T19:21:00.000Z","end":"2023-10-27T19:22:00.000Z"},"country":"United Kingdom","OPM":13,"total_sales_volume":1503.9300069510937,"rate_of_return":0.07692307692307693}
{"window":{"start":"2023-10-26T13:12:00.000Z","end":"2023-10-26T13:13:00.000Z"},"country":"Belgium","OPM":1,"total_sales_volume":2.120000034570694,"rate_of_return":0.0}
{"window":{"start":"2023-10-26T12:27:00.000Z","end":"2023-10-26T12:28:00.000Z"},"country":"United Kingdom","OPM":15,"total_sales_volume":646.5199958458543,"rate_of_return":0.0}
{"window":{"start":"2023-10-24T16:18:00.000Z","end":"2023-10-24T16:19:00.000Z"},"country":"United Kingdom","OPM":11,"total_sales_volume":330.32999816536903,"rate_of_return":0.0}
{"window":{"start":"2023-10-27T23:26:00.000Z","end":"2023-10-27T23:27:00.000Z"},"country":"United Kingdom","OPM":15,"total_sales_volume":1057.4800081551075,"rate_of_return":0.0}
{"window":{"start":"2023-10-26T06:41:00.000Z","end":"2023-10-26T06:42:00.000Z"},"country":"United Kingdom","OPM":3,"total_sales_volume":847.8999980092049,"rate_of_return":0.0}
{"window":{"start":"2023-10-28T05:39:00.000Z","end":"2023-10-28T05:40:00.000Z"},"country":"Spain","OPM":1,"total_sales_volume":144.39000058174133,"rate_of_return":0.0}
{"window":{"start":"2023-10-24T06:04:00.000Z","end":"2023-10-24T06:05:00.000Z"},"country":"United Kingdom","OPM":11,"total_sales_volume":-70.2299787402153,"rate_of_return":0.2727272727272727}
{"window":{"start":"2023-10-23T20:53:00.000Z","end":"2023-10-23T20:54:00.000Z"},"country":"Norway","OPM":1,"total_sales_volume":9.579999923706055,"rate_of_return":0.0}
{"window":{"start":"2023-10-25T13:04:00.000Z","end":"2023-10-25T13:05:00.000Z"},"country":"Spain","OPM":1,"total_sales_volume":29.520000457763672,"rate_of_return":0.0}
{"window":{"start":"2023-10-27T02:46:00.000Z","end":"2023-10-27T02:47:00.000Z"},"country":"France","OPM":1,"total_sales_volume":31.649999976158142,"rate_of_return":0.0}
{"window":{"start":"2023-10-24T10:25:00.000Z","end":"2023-10-24T10:26:00.000Z"},"country":"Channel Islands","OPM":1,"total_sales_volume":7.53000009059906,"rate_of_return":0.0}
{"window":{"start":"2023-10-24T12:13:00.000Z","end":"2023-10-24T12:14:00.000Z"},"country":"Italy","OPM":1,"total_sales_volume":46.46999990940094,"rate_of_return":0.0}
{"window":{"start":"2023-10-26T04:57:00.000Z","end":"2023-10-26T04:58:00.000Z"},"country":"Germany","OPM":1,"total_sales_volume":601.0899972915649,"rate_of_return":0.0}
{"window":{"start":"2023-10-24T13:45:00.000Z","end":"2023-10-24T13:46:00.000Z"},"country":"United Kingdom","OPM":12,"total_sales_volume":1965.399999678135,"rate_of_return":0.0}
{"window":{"start":"2023-10-26T13:56:00.000Z","end":"2023-10-26T13:57:00.000Z"},"country":"United Kingdom","OPM":12,"total_sales_volume":1145.549989104271,"rate_of_return":0.08333333333333333}
{"window":{"start":"2023-10-27T08:52:00.000Z","end":"2023-10-27T08:53:00.000Z"},"country":"United Kingdom","OPM":12,"total_sales_volume":251.72999888658524,"rate_of_return":0.25}
{"window":{"start":"2023-10-25T07:11:00.000Z","end":"2023-10-25T07:12:00.000Z"},"country":"United Kingdom","OPM":6,"total_sales_volume":478.59000384807587,"rate_of_return":0.0}
{"window":{"start":"2023-10-25T04:54:00.000Z","end":"2023-10-25T04:55:00.000Z"},"country":"United Kingdom","OPM":5,"total_sales_volume":351.29999792575836,"rate_of_return":0.0}
{"window":{"start":"2023-10-26T09:38:00.000Z","end":"2023-10-26T09:39:00.000Z"},"country":"France","OPM":1,"total_sales_volume":63.100000858306885,"rate_of_return":0.0}
{"window":{"start":"2023-10-27T07:45:00.000Z","end":"2023-10-27T07:46:00.000Z"},"country":"United Kingdom","OPM":10,"total_sales_volume":723.5799955427647,"rate_of_return":0.0}
{"window":{"start":"2023-10-24T16:01:00.000Z","end":"2023-10-24T16:02:00.000Z"},"country":"United Kingdom","OPM":15,"total_sales_volume":2302.48999902606,"rate_of_return":0.13333333333333333}
{"window":{"start":"2023-10-24T18:56:00.000Z","end":"2023-10-24T18:57:00.000Z"},"country":"United Kingdom","OPM":13,"total_sales_volume":909.7799952328205,"rate_of_return":0.0}
{"window":{"start":"2023-10-25T06:36:00.000Z","end":"2023-10-25T06:37:00.000Z"},"country":"United Kingdom","OPM":10,"total_sales_volume":603.6400029063225,"rate_of_return":0.0}
{"window":{"start":"2023-10-25T06:29:00.000Z","end":"2023-10-25T06:30:00.000Z"},"country":"Germany","OPM":1,"total_sales_volume":3.8199999630451202,"rate_of_return":0.0}
{"window":{"start":"2023-10-27T14:26:00.000Z","end":"2023-10-27T14:27:00.000Z"},"country":"United Kingdom","OPM":16,"total_sales_volume":831.1999963223934,"rate_of_return":0.0625}
{"window":{"start":"2023-10-27T14:48:00.000Z","end":"2023-10-27T14:49:00.000Z"},"country":"United Kingdom","OPM":5,"total_sales_volume":460.53000327944756,"rate_of_return":0.0}
{"window":{"start":"2023-10-24T10:24:00.000Z","end":"2023-10-24T10:25:00.000Z"},"country":"EIRE","OPM":1,"total_sales_volume":41.409998178482056,"rate_of_return":0.0}
{"window":{"start":"2023-10-24T10:15:00.000Z","end":"2023-10-24T10:16:00.000Z"},"country":"United Kingdom","OPM":8,"total_sales_volume":1280.4599832296371,"rate_of_return":0.0}
{"window":{"start":"2023-10-24T05:10:00.000Z","end":"2023-10-24T05:11:00.000Z"},"country":"Australia","OPM":1,"total_sales_volume":17.769999980926514,"rate_of_return":0.0}
{"window":{"start":"2023-10-25T17:26:00.000Z","end":"2023-10-25T17:27:00.000Z"},"country":"United Kingdom","OPM":16,"total_sales_volume":983.8899968117476,"rate_of_return":0.0}
{"window":{"start":"2023-10-24T15:50:00.000Z","end":"2023-10-24T15:51:00.000Z"},"country":"France","OPM":1,"total_sales_volume":259.9999933242798,"rate_of_return":0.0}
{"window":{"start":"2023-10-25T22:09:00.000Z","end":"2023-10-25T22:10:00.000Z"},"country":"United Kingdom","OPM":10,"total_sales_volume":568.7599987387657,"rate_of_return":0.2}
{"window":{"start":"2023-10-26T13:59:00.000Z","end":"2023-10-26T14:00:00.000Z"},"country":"France","OPM":1,"total_sales_volume":113.39999914169312,"rate_of_return":0.0}
{"window":{"start":"2023-10-24T14:39:00.000Z","end":"2023-10-24T14:40:00.000Z"},"country":"United Kingdom","OPM":11,"total_sales_volume":524.1299999952316,"rate_of_return":0.0}
{"window":{"start":"2023-10-25T03:22:00.000Z","end":"2023-10-25T03:23:00.000Z"},"country":"Spain","OPM":1,"total_sales_volume":25.15000009536743,"rate_of_return":0.0}
{"window":{"start":"2023-10-27T14:29:00.000Z","end":"2023-10-27T14:30:00.000Z"},"country":"Denmark","OPM":1,"total_sales_volume":9.949999988079071,"rate_of_return":0.0}
{"window":{"start":"2023-10-24T05:45:00.000Z","end":"2023-10-24T05:46:00.000Z"},"country":"United Kingdom","OPM":14,"total_sales_volume":484.959995418787,"rate_of_return":0.07142857142857142}
