{"window":{"start":"2023-10-25T21:14:00.000Z","end":"2023-10-25T21:15:00.000Z"},"country":"France","OPM":1,"total_sales_volume":3.319999933242798,"rate_of_return":0.0}
{"window":{"start":"2023-10-25T10:18:00.000Z","end":"2023-10-25T10:19:00.000Z"},"country":"EIRE","OPM":1,"total_sales_volume":40.94999980926514,"rate_of_return":0.0}
{"window":{"start":"2023-10-27T08:13:00.000Z","end":"2023-10-27T08:14:00.000Z"},"country":"Italy","OPM":1,"total_sales_volume":70.80000114440918,"rate_of_return":0.0}
{"window":{"start":"2023-10-25T02:14:00.000Z","end":"2023-10-25T02:15:00.000Z"},"country":"United Kingdom","OPM":10,"total_sales_volume":257.2299946844578,"rate_of_return":0.2}
{"window":{"start":"2023-10-27T13:34:00.000Z","end":"2023-10-27T13:35:00.000Z"},"country":"Switzerland","OPM":1,"total_sales_volume":36.799999356269836,"rate_of_return":0.0}
{"window":{"start":"2023-10-27T16:04:00.000Z","end":"2023-10-27T16:05:00.000Z"},"country":"United Kingdom","OPM":12,"total_sales_volume":886.5499939024448,"rate_of_return":0.0}
{"window":{"start":"2023-10-27T17:11:00.000Z","end":"2023-10-27T17:12:00.000Z"},"country":"United Kingdom","OPM":8,"total_sales_volume":2683.9800031781197,"rate_of_return":0.125}
{"window":{"start":"2023-10-28T05:38:00.000Z","end":"2023-10-28T05:39:00.000Z"},"country":"Australia","OPM":1,"total_sales_volume":-45.23999944329262,"rate_of_return":1.0}
{"window":{"start":"2023-10-25T09:03:00.000Z","end":"2023-10-25T09:04:00.000Z"},"country":"United Kingdom","OPM":11,"total_sales_volume":644.9599997699261,"rate_of_return":0.0}
{"window":{"start":"2023-10-28T00:15:00.000Z","end":"2023-10-28T00:16:00.000Z"},"country":"Germany","OPM":1,"total_sales_volume":33.75,"rate_of_return":0.0}
{"window":{"start":"2023-10-27T05:45:00.000Z","end":"2023-10-27T05:46:00.000Z"},"country":"Belgium","OPM":1,"total_sales_volume":6.78000020980835,"rate_of_return":0.0}
{"window":{"start":"2023-10-26T14:08:00.000Z","end":"2023-10-26T14:09:00.000Z"},"country":"Germany","OPM":2,"total_sales_volume":56.309999227523804,"rate_of_return":0.0}
{"window":{"start":"2023-10-27T00:31:00.000Z","end":"2023-10-27T00:32:00.000Z"},"country":"Germany","OPM":1,"total_sales_volume":76.91000017523766,"rate_of_return":0.0}
{"window":{"start":"2023-10-26T08:16:00.000Z","end":"2023-10-26T08:17:00.000Z"},"country":"United Kingdom","OPM":6,"total_sales_volume":515.2899902462959,"rate_of_return":0.16666666666666666}
{"window":{"start":"2023-10-27T06:38:00.000Z","end":"2023-10-27T06:39:00.000Z"},"country":"EIRE","OPM":1,"total_sales_volume":19.06999957561493,"rate_of_return":0.0}
{"window":{"start":"2023-10-27T16:44:00.000Z","end":"2023-10-27T16:45:00.000Z"},"country":"United Kingdom","OPM":10,"total_sales_volume":406.70000115036964,"rate_of_return":0.0}
{"window":{"start":"2023-10-27T02:37:00.000Z","end":"2023-10-27T02:38:00.000Z"},"country":"United Kingdom","OPM":8,"total_sales_volume":812.9899971187115,"rate_of_return":0.0}
{"window":{"start":"2023-10-27T03:19:00.000Z","end":"2023-10-27T03:20:00.000Z"},"country":"United Kingdom","OPM":13,"total_sales_volume":441.0500030517578,"rate_of_return":0.0}
{"window":{"start":"2023-10-24T09:32:00.000Z","end":"2023-10-24T09:33:00.000Z"},"country":"Channel Islands","OPM":1,"total_sales_volume":4.579999923706055,"rate_of_return":0.0}
{"window":{"start":"2023-10-27T09:43:00.000Z","end":"2023-10-27T09:44:00.000Z"},"country":"United Kingdom","OPM":5,"total_sales_volume":452.7899983525276,"rate_of_return":0.0}
{"window":{"start":"2023-10-27T07:48:00.000Z","end":"2023-10-27T07:49:00.000Z"},"country":"United Kingdom","OPM":10,"total_sales_volume":606.6899841427803,"rate_of_return":0.0}
{"window":{"start":"2023-10-25T16:07:00.000Z","end":"2023-10-25T16:08:00.000Z"},"country":"Germany","OPM":2,"total_sales_volume":330.10999751091003,"rate_of_return":0.0}
{"window":{"start":"2023-10-27T08:01:00.000Z","end":"2023-10-27T08:02:00.000Z"},"country":"United Kingdom","OPM":12,"total_sales_volume":934.6699983477592,"rate_of_return":0.0}
{"window":{"start":"2023-10-26T19:21:00.000Z","end":"2023-10-26T19:22:00.000Z"},"country":"United Kingdom","OPM":6,"total_sales_volume":49.289992928504944,"rate_of_return":0.16666666666666666}
{"window":{"start":"2023-10-23T14:09:00.000Z","end":"2023-10-23T14:10:00.000Z"},"country":"Spain","OPM":1,"total_sales_volume":11.46999990940094,"rate_of_return":0.0}
{"window":{"start":"2023-10-25T00:45:00.000Z","end":"2023-10-25T00:46:00.000Z"},"country":"Austria","OPM":1,"total_sales_volume":53.80000114440918,"rate_of_return":0.0}
{"window":{"start":"2023-10-25T18:56:00.000Z","end":"2023-10-25T18:57:00.000Z"},"country":"United Kingdom","OPM":11,"total_sales_volume":838.9499948918819,"rate_of_return":0.0}
{"window":{"start":"2023-10-27T17:15:00.000Z","end":"2023-10-27T17:16:00.000Z"},"country":"United Kingdom","OPM":13,"total_sales_volume":405.98999643325806,"rate_of_return":0.0}
{"window":{"start":"2023-10-26T01:08:00.000Z","end":"2023-10-26T01:09:00.000Z"},"country":"United Kingdom","OPM":13,"total_sales_volume":768.2799986302853,"rate_of_return":0.0}
{"window":{"start":"2023-10-27T19:23:00.000Z","end":"2023-10-27T19:24:00.000Z"},"country":"United Kingdom","OPM":11,"total_sales_volume":603.0599922537804,"rate_of_return":0.0}
{"window":{"start":"2023-10-26T15:44:00.000Z","end":"2023-10-26T15:45:00.000Z"},"country":"United Kingdom","OPM":9,"total_sales_volume":234.20000049471855,"rate_of_return":0.0}
{"window":{"start":"2023-10-27T17:46:00.000Z","end":"2023-10-27T17:47:00.000Z"},"country":"United Kingdom","OPM":12,"total_sales_volume":1364.19001609087,"rate_of_return":0.16666666666666666}
{"window":{"start":"2023-10-24T14:56:00.000Z","end":"2023-10-24T14:57:00.000Z"},"country":"United Kingdom","OPM":15,"total_sales_volume":392.7500040233135,"rate_of_return":0.0}
{"window":{"start":"2023-10-24T16:44:00.000Z","end":"2023-10-24T16:45:00.000Z"},"country":"France","OPM":1,"total_sales_volume":36.130000591278076,"rate_of_return":0.0}
{"window":{"start":"2023-10-25T04:16:00.000Z","end":"2023-10-25T04:17:00.000Z"},"country":"Germany","OPM":1,"total_sales_volume":60.429999351501465,"rate_of_return":0.0}
{"window":{"start":"2023-10-24T08:03:00.000Z","end":"2023-10-24T08:04:00.000Z"},"country":"United Kingdom","OPM":7,"total_sales_volume":700.8099800944328,"rate_of_return":0.0}
{"window":{"start":"2023-10-26T23:08:00.000Z","end":"2023-10-26T23:09:00.000Z"},"country":"France","OPM":1,"total_sales_volume":42.989999890327454,"rate_of_return":0.0}
{"window":{"start":"2023-10-25T04:27:00.000Z","end":"2023-10-25T04:28:00.000Z"},"country":"Germany","OPM":1,"total_sales_volume":106.84000217914581,"rate_of_return":0.0}
{"window":{"start":"2023-10-26T00:09:00.000Z","end":"2023-10-26T00:10:00.000Z"},"country":"United Kingdom","OPM":14,"total_sales_volume":1044.4699833393097,"rate_of_return":0.14285714285714285}
{"window":{"start":"2023-10-26T10:26:00.000Z","end":"2023-10-26T10:27:00.000Z"},"country":"France","OPM":1,"total_sales_volume":16.230000138282776,"rate_of_return":0.0}
{"window":{"start":"2023-10-27T12:00:00.000Z","end":"2023-10-27T12:01:00.000Z"},"country":"Spain","OPM":1,"total_sales_volume":84.26999950408936,"rate_of_return":0.0}
{"window":{"start":"2023-10-28T03:48:00.000Z","end":"2023-10-28T03:49:00.000Z"},"country":"United Kingdom","OPM":4,"total_sales_volume":187.24000281095505,"rate_of_return":0.0}
{"window":{"start":"2023-10-26T18:24:00.000Z","end":"2023-10-26T18:25:00.000Z"},"country":"United Kingdom","OPM":11,"total_sales_volume":641.4300024211407,"rate_of_return":0.09090909090909091}
{"window":{"start":"2023-10-24T10:09:00.000Z","end":"2023-10-24T10:10:00.000Z"},"country":"United Kingdom","OPM":8,"total_sales_volume":671.0199902057648,"rate_of_return":0.0}
{"window":{"start":"2023-10-25T11:03:00.000Z","end":"2023-10-25T11:04:00.000Z"},"country":"European Community","OPM":1,"total_sales_volume":19.40000033378601,"rate_of_return":0.0}
{"window":{"start":"2023-10-23T12:44:00.000Z","end":"2023-10-23T12:45:00.000Z"},"country":"United Kingdom","OPM":8,"total_sales_volume":1047.6899833083153,"rate_of_return":0.0}
{"window":{"start":"2023-10-28T05:18:00.000Z","end":"2023-10-28T05:19:00.000Z"},"country":"Netherlands","OPM":1,"total_sales_volume":76.58999824523926,"rate_of_return":0.0}
{"window":{"start":"2023-10-27T20:36:00.000Z","end":"2023-10-27T20:37:00.000Z"},"country":"Netherlands","OPM":1,"total_sales_volume":136.0700011253357,"rate_of_return":0.0}
{"window":{"start":"2023-10-26T03:13:00.000Z","end":"2023-10-26T03:14:00.000Z"},"country":"Finland","OPM":1,"total_sales_volume":393.23999524116516,"rate_of_return":0.0}
{"window":{"start":"2023-10-26T08:11:00.000Z","end":"2023-10-26T08:12:00.000Z"},"country":"Netherlands","OPM":1,"total_sales_volume":35.73999881744385,"rate_of_return":0.0}
{"window":{"start":"2023-10-25T00:12:00.000Z","end":"2023-10-25T00:13:00.000Z"},"country":"Italy","OPM":1,"total_sales_volume":73.45999908447266,"rate_of_return":0.0}
{"window":{"start":"2023-10-25T07:15:00.000Z","end":"2023-10-25T07:16:00.000Z"},"country":"United Kingdom","OPM":8,"total_sales_volume":114.52999976277351,"rate_of_return":0.0}
{"window":{"start":"2023-10-27T21:34:00.000Z","end":"2023-10-27T21:35:00.000Z"},"country":"United Kingdom","OPM":4,"total_sales_volume":54.39000004529953,"rate_of_return":0.25}
{"window":{"start":"2023-10-25T23:09:00.000Z","end":"2023-10-25T23:10:00.000Z"},"country":"Germany","OPM":1,"total_sales_volume":11.579999923706055,"rate_of_return":0.0}
{"window":{"start":"2023-10-27T06:52:00.000Z","end":"2023-10-27T06:53:00.000Z"},"country":"United Kingdom","OPM":8,"total_sales_volume":351.46000653505325,"rate_of_return":0.125}
{"window":{"start":"2023-10-24T01:25:00.000Z","end":"2023-10-24T01:26:00.000Z"},"country":"France","OPM":1,"total_sales_volume":6.579999804496765,"rate_of_return":0.0}
{"window":{"start":"2023-10-25T08:04:00.000Z","end":"2023-10-25T08:05:00.000Z"},"country":"United Kingdom","OPM":9,"total_sales_volume":334.27999863028526,"rate_of_return":0.0}
{"window":{"start":"2023-10-28T04:53:00.000Z","end":"2023-10-28T04:54:00.000Z"},"country":"United Kingdom","OPM":6,"total_sales_volume":424.1099965572357,"rate_of_return":0.0}
{"window":{"start":"2023-10-24T15:01:00.000Z","end":"2023-10-24T15:02:00.000Z"},"country":"Spain","OPM":1,"total_sales_volume":-5.810000061988831,"rate_of_return":1.0}
{"window":{"start":"2023-10-23T14:51:00.000Z","end":"2023-10-23T14:52:00.000Z"},"country":"Switzerland","OPM":2,"total_sales_volume":44.13999950885773,"rate_of_return":0.0}
{"window":{"start":"2023-10-26T16:09:00.000Z","end":"2023-10-26T16:10:00.000Z"},"country":"United Kingdom","OPM":8,"total_sales_volume":298.8799972087145,"rate_of_return":0.0}
{"window":{"start":"2023-10-27T03:37:00.000Z","end":"2023-10-27T03:38:00.000Z"},"country":"Germany","OPM":1,"total_sales_volume":37.47000026702881,"rate_of_return":0.0}
{"window":{"start":"2023-10-27T00:41:00.000Z","end":"2023-10-27T00:42:00.000Z"},"country":"United Kingdom","OPM":6,"total_sales_volume":215.7600063085556,"rate_of_return":0.16666666666666666}
{"window":{"start":"2023-10-26T00:48:00.000Z","end":"2023-10-26T00:49:00.000Z"},"country":"United Kingdom","OPM":8,"total_sales_volume":397.8900062441826,"rate_of_return":0.0}
{"window":{"start":"2023-10-24T13:01:00.000Z","end":"2023-10-24T13:02:00.000Z"},"country":"Belgium","OPM":1,"total_sales_volume":75.78000104427338,"rate_of_return":0.0}
{"window":{"start":"2023-10-25T03:49:00.000Z","end":"2023-10-25T03:50:00.000Z"},"country":"United Kingdom","OPM":13,"total_sales_volume":2971.039989501238,"rate_of_return":0.15384615384615385}
{"window":{"start":"2023-10-24T17:31:00.000Z","end":"2023-10-24T17:32:00.000Z"},"country":"United Kingdom","OPM":5,"total_sales_volume":440.59999483823776,"rate_of_return":0.4}
