{"window":{"start":"2023-10-24T18:15:00.000Z","end":"2023-10-24T18:16:00.000Z"},"country":"Switzerland","OPM":1,"total_sales_volume":9.750000238418579,"rate_of_return":0.0}
{"window":{"start":"2023-10-25T08:58:00.000Z","end":"2023-10-25T08:59:00.000Z"},"country":"United Kingdom","OPM":9,"total_sales_volume":378.810000538826,"rate_of_return":0.2222222222222222}
{"window":{"start":"2023-10-27T22:57:00.000Z","end":"2023-10-27T22:58:00.000Z"},"country":"United Kingdom","OPM":12,"total_sales_volume":876.8399915099144,"rate_of_return":0.0}
{"window":{"start":"2023-10-25T17:04:00.000Z","end":"2023-10-25T17:05:00.000Z"},"country":"United Kingdom","OPM":11,"total_sales_volume":566.1699996590614,"rate_of_return":0.0}
{"window":{"start":"2023-10-24T03:26:00.000Z","end":"2023-10-24T03:27:00.000Z"},"country":"United Kingdom","OPM":6,"total_sales_volume":194.32000017166138,"rate_of_return":0.0}
{"window":{"start":"2023-10-25T20:05:00.000Z","end":"2023-10-25T20:06:00.000Z"},"country":"EIRE","OPM":1,"total_sales_volume":1.659999966621399,"rate_of_return":0.0}
{"window":{"start":"2023-10-27T05:21:00.000Z","end":"2023-10-27T05:22:00.000Z"},"country":"United Kingdom","OPM":14,"total_sales_volume":2249.6199704408646,"rate_of_return":0.07142857142857142}
{"window":{"start":"2023-10-23T15:12:00.000Z","end":"2023-10-23T15:13:00.000Z"},"country":"United Kingdom","OPM":9,"total_sales_volume":475.84999537467957,"rate_of_return":0.0}
{"window":{"start":"2023-10-27T05:47:00.000Z","end":"2023-10-27T05:48:00.000Z"},"country":"Belgium","OPM":1,"total_sales_volume":28.139999121427536,"rate_of_return":0.0}
{"window":{"start":"2023-10-24T10:24:00.000Z","end":"2023-10-24T10:25:00.000Z"},"country":"United Kingdom","OPM":2,"total_sales_volume":172.8299994468689,"rate_of_return":0.0}
{"window":{"start":"2023-10-26T00:28:00.000Z","end":"2023-10-26T00:29:00.000Z"},"country":"United Kingdom","OPM":6,"total_sales_volume":460.1499859690666,"rate_of_return":0.16666666666666666}
{"window":{"start":"2023-10-23T23:03:00.000Z","end":"2023-10-23T23:04:00.000Z"},"country":"United Kingdom","OPM":8,"total_sales_volume":401.539999961853,"rate_of_return":0.125}
{"window":{"start":"2023-10-27T22:11:00.000Z","end":"2023-10-27T22:12:00.000Z"},"country":"EIRE","OPM":1,"total_sales_volume":13.84999966621399,"rate_of_return":0.0}
{"window":{"start":"2023-10-24T21:55:00.000Z","end":"2023-10-24T21:56:00.000Z"},"country":"Cyprus","OPM":1,"total_sales_volume":15.25,"rate_of_return":0.0}
{"window":{"start":"2023-10-27T14:42:00.000Z","end":"2023-10-27T14:43:00.000Z"},"country":"United Kingdom","OPM":5,"total_sales_volume":713.9400083422661,"rate_of_return":0.0}
{"window":{"start":"2023-10-26T16:10:00.000Z","end":"2023-10-26T16:11:00.000Z"},"country":"United Kingdom","OPM":13,"total_sales_volume":815.369999140501,"rate_of_return":0.0}
{"window":{"start":"2023-10-27T17:20:00.000Z","end":"2023-10-27T17:21:00.000Z"},"country":"Norway","OPM":1,"total_sales_volume":41.50999927520752,"rate_of_return":0.0}
{"window":{"start":"2023-10-23T22:38:00.000Z","end":"2023-10-23T22:39:00.000Z"},"country":"EIRE","OPM":1,"total_sales_volume":56.1699994802475,"rate_of_return":0.0}
{"window":{"start":"2023-10-24T02:53:00.000Z","end":"2023-10-24T02:54:00.000Z"},"country":"United Kingdom","OPM":12,"total_sales_volume":278.7099989056587,"rate_of_return":0.16666666666666666}
{"window":{"start":"2023-10-26T05:51:00.000Z","end":"2023-10-26T05:52:00.000Z"},"country":"United Kingdom","OPM":13,"total_sales_volume":702.430001616478,"rate_of_return":0.07692307692307693}
{"window":{"start":"2023-10-26T22:27:00.000Z","end":"2023-10-26T22:28:00.000Z"},"country":"France","OPM":1,"total_sales_volume":25.06999969482422,"rate_of_return":0.0}
{"window":{"start":"2023-10-24T19:26:00.000Z","end":"2023-10-24T19:27:00.000Z"},"country":"EIRE","OPM":1,"total_sales_volume":1.25,"rate_of_return":0.0}
{"window":{"start":"2023-10-27T22:06:00.000Z","end":"2023-10-27T22:07:00.000Z"},"country":"Japan","OPM":1,"total_sales_volume":70.38999783992767,"rate_of_return":0.0}
{"window":{"start":"2023-10-24T01:57:00.000Z","end":"2023-10-24T01:58:00.000Z"},"country":"Unspecified","OPM":1,"total_sales_volume":20.5099995136261,"rate_of_return":0.0}
{"window":{"start":"2023-10-26T23:45:00.000Z","end":"2023-10-26T23:46:00.000Z"},"country":"Germany","OPM":1,"total_sales_volume":2.4600000381469727,"rate_of_return":0.0}
{"window":{"start":"2023-10-25T18:33:00.000Z","end":"2023-10-25T18:34:00.000Z"},"country":"EIRE","OPM":1,"total_sales_volume":12.75,"rate_of_return":0.0}
{"window":{"start":"2023-10-26T12:35:00.000Z","end":"2023-10-26T12:36:00.000Z"},"country":"United Kingdom","OPM":11,"total_sales_volume":806.1799992322922,"rate_of_return":0.09090909090909091}
{"window":{"start":"2023-10-26T15:48:00.000Z","end":"2023-10-26T15:49:00.000Z"},"country":"United Kingdom","OPM":18,"total_sales_volume":1604.940006494522,"rate_of_return":0.16666666666666666}
{"window":{"start":"2023-10-27T08:33:00.000Z","end":"2023-10-27T08:34:00.000Z"},"country":"United Kingdom","OPM":6,"total_sales_volume":169.0299997329712,"rate_of_return":0.0}
{"window":{"start":"2023-10-25T17:01:00.000Z","end":"2023-10-25T17:02:00.000Z"},"country":"United Kingdom","OPM":13,"total_sales_volume":469.119996458292,"rate_of_return":0.0}
{"window":{"start":"2023-10-25T07:04:00.000Z","end":"2023-10-25T07:05:00.000Z"},"country":"EIRE","OPM":1,"total_sales_volume":1.25,"rate_of_return":0.0}
{"window":{"start":"2023-10-27T21:56:00.000Z","end":"2023-10-27T21:57:00.000Z"},"country":"France","OPM":1,"total_sales_volume":55.53999999165535,"rate_of_return":0.0}
{"window":{"start":"2023-10-28T03:11:00.000Z","end":"2023-10-28T03:12:00.000Z"},"country":"United Kingdom","OPM":14,"total_sales_volume":6234.619775772095,"rate_of_return":0.07142857142857142}
{"window":{"start":"2023-10-26T19:52:00.000Z","end":"2023-10-26T19:53:00.000Z"},"country":"United Kingdom","OPM":6,"total_sales_volume":114.40999898314476,"rate_of_return":0.16666666666666666}
{"window":{"start":"2023-10-25T05:45:00.000Z","end":"2023-10-25T05:46:00.000Z"},"country":"United Kingdom","OPM":10,"total_sales_volume":653.7799977660179,"rate_of_return":0.0}
{"window":{"start":"2023-10-26T17:10:00.000Z","end":"2023-10-26T17:11:00.000Z"},"country":"France","OPM":1,"total_sales_volume":119.90000057220459,"rate_of_return":0.0}
{"window":{"start":"2023-10-24T02:30:00.000Z","end":"2023-10-24T02:31:00.000Z"},"country":"United Kingdom","OPM":15,"total_sales_volume":1296.8499909341335,"rate_of_return":0.0}
{"window":{"start":"2023-10-27T13:15:00.000Z","end":"2023-10-27T13:16:00.000Z"},"country":"United Kingdom","OPM":5,"total_sales_volume":378.6100000143051,"rate_of_return":0.0}
{"window":{"start":"2023-10-24T20:56:00.000Z","end":"2023-10-24T20:57:00.000Z"},"country":"United Kingdom","OPM":8,"total_sales_volume":774.0999828577042,"rate_of_return":0.25}
{"window":{"start":"2023-10-24T15:47:00.000Z","end":"2023-10-24T15:48:00.000Z"},"country":"United Kingdom","OPM":7,"total_sales_volume":543.1599974036217,"rate_of_return":0.0}
{"window":{"start":"2023-10-25T21:33:00.000Z","end":"2023-10-25T21:34:00.000Z"},"country":"United Kingdom","OPM":14,"total_sales_volume":847.729997754097,"rate_of_return":0.0}
{"window":{"start":"2023-10-24T10:55:00.000Z","end":"2023-10-24T10:56:00.000Z"},"country":"Germany","OPM":1,"total_sales_volume":146.6200009584427,"rate_of_return":0.0}
{"window":{"start":"2023-10-27T09:55:00.000Z","end":"2023-10-27T09:56:00.000Z"},"country":"United Kingdom","OPM":9,"total_sales_volume":494.33999717235565,"rate_of_return":0.1111111111111111}
{"window":{"start":"2023-10-24T23:56:00.000Z","end":"2023-10-24T23:57:00.000Z"},"country":"EIRE","OPM":1,"total_sales_volume":50.80999970436096,"rate_of_return":0.0}
{"window":{"start":"2023-10-28T04:24:00.000Z","end":"2023-10-28T04:25:00.000Z"},"country":"United Kingdom","OPM":9,"total_sales_volume":479.210001707077,"rate_of_return":0.1111111111111111}
{"window":{"start":"2023-10-23T15:14:00.000Z","end":"2023-10-23T15:15:00.000Z"},"country":"France","OPM":2,"total_sales_volume":247.5699942111969,"rate_of_return":0.0}
{"window":{"start":"2023-10-23T19:09:00.000Z","end":"2023-10-23T19:10:00.000Z"},"country":"Greece","OPM":1,"total_sales_volume":21.429999828338623,"rate_of_return":0.0}
{"window":{"start":"2023-10-26T11:03:00.000Z","end":"2023-10-26T11:04:00.000Z"},"country":"United Kingdom","OPM":7,"total_sales_volume":681.3099988400936,"rate_of_return":0.0}
{"window":{"start":"2023-10-28T04:58:00.000Z","end":"2023-10-28T04:59:00.000Z"},"country":"United Kingdom","OPM":17,"total_sales_volume":818.0300020575523,"rate_of_return":0.0}
{"window":{"start":"2023-10-27T08:50:00.000Z","end":"2023-10-27T08:51:00.000Z"},"country":"United Kingdom","OPM":10,"total_sales_volume":514.9400009810925,"rate_of_return":0.1}
{"window":{"start":"2023-10-25T23:14:00.000Z","end":"2023-10-25T23:15:00.000Z"},"country":"Norway","OPM":1,"total_sales_volume":28.799999952316284,"rate_of_return":0.0}
{"window":{"start":"2023-10-26T13:08:00.000Z","end":"2023-10-26T13:09:00.000Z"},"country":"United Kingdom","OPM":14,"total_sales_volume":943.7499897778034,"rate_of_return":0.0}
{"window":{"start":"2023-10-25T21:04:00.000Z","end":"2023-10-25T21:05:00.000Z"},"country":"Germany","OPM":1,"total_sales_volume":38.919999837875366,"rate_of_return":0.0}
{"window":{"start":"2023-10-26T23:18:00.000Z","end":"2023-10-26T23:19:00.000Z"},"country":"Germany","OPM":1,"total_sales_volume":6.7099997997283936,"rate_of_return":0.0}
{"window":{"start":"2023-10-23T15:44:00.000Z","end":"2023-10-23T15:45:00.000Z"},"country":"EIRE","OPM":1,"total_sales_volume":107.83999991416931,"rate_of_return":0.0}
{"window":{"start":"2023-10-26T03:49:00.000Z","end":"2023-10-26T03:50:00.000Z"},"country":"Channel Islands","OPM":1,"total_sales_volume":71.98000049591064,"rate_of_return":0.0}
{"window":{"start":"2023-10-23T22:55:00.000Z","end":"2023-10-23T22:56:00.000Z"},"country":"United Kingdom","OPM":15,"total_sales_volume":355.2599964439869,"rate_of_return":0.13333333333333333}
