{"window":{"start":"2023-10-23T17:04:00.000Z","end":"2023-10-23T17:05:00.000Z"},"country":"United Kingdom","OPM":13,"total_sales_volume":633.0000020265579,"rate_of_return":0.15384615384615385}
{"window":{"start":"2023-10-24T05:53:00.000Z","end":"2023-10-24T05:54:00.000Z"},"country":"United Kingdom","OPM":5,"total_sales_volume":125.33999940752983,"rate_of_return":0.0}
{"window":{"start":"2023-10-24T10:19:00.000Z","end":"2023-10-24T10:20:00.000Z"},"country":"United Kingdom","OPM":10,"total_sales_volume":873.6499944925308,"rate_of_return":0.1}
{"window":{"start":"2023-10-23T16:57:00.000Z","end":"2023-10-23T16:58:00.000Z"},"country":"United Kingdom","OPM":9,"total_sales_volume":637.0700013935566,"rate_of_return":0.1111111111111111}
{"window":{"start":"2023-10-27T17:36:00.000Z","end":"2023-10-27T17:37:00.000Z"},"country":"EIRE","OPM":1,"total_sales_volume":18.030000269412994,"rate_of_return":0.0}
{"window":{"start":"2023-10-23T18:31:00.000Z","end":"2023-10-23T18:32:00.000Z"},"country":"France","OPM":1,"total_sales_volume":54.55000042915344,"rate_of_return":0.0}
{"window":{"start":"2023-10-25T10:32:00.000Z","end":"2023-10-25T10:33:00.000Z"},"country":"Australia","OPM":1,"total_sales_volume":30.680000126361847,"rate_of_return":0.0}
{"window":{"start":"2023-10-25T08:37:00.000Z","end":"2023-10-25T08:38:00.000Z"},"country":"United Kingdom","OPM":16,"total_sales_volume":1107.4099962115288,"rate_of_return":0.0}
{"window":{"start":"2023-10-27T14:02:00.000Z","end":"2023-10-27T14:03:00.000Z"},"country":"United Kingdom","OPM":10,"total_sales_volume":494.5299974679947,"rate_of_return":0.0}
{"window":{"start":"2023-10-23T17:18:00.000Z","end":"2023-10-23T17:19:00.000Z"},"country":"United Kingdom","OPM":15,"total_sales_volume":727.4299965202808,"rate_of_return":0.0}
{"window":{"start":"2023-10-28T02:12:00.000Z","end":"2023-10-28T02:13:00.000Z"},"country":"EIRE","OPM":1,"total_sales_volume":51.30999958515167,"rate_of_return":0.0}
{"window":{"start":"2023-10-25T05:51:00.000Z","end":"2023-10-25T05:52:00.000Z"},"country":"United Kingdom","OPM":7,"total_sales_volume":636.2100080251694,"rate_of_return":0.0}
{"window":{"start":"2023-10-26T11:11:00.000Z","end":"2023-10-26T11:12:00.000Z"},"country":"Netherlands","OPM":1,"total_sales_volume":13.5,"rate_of_return":0.0}
{"window":{"start":"2023-10-24T03:10:00.000Z","end":"2023-10-24T03:11:00.000Z"},"country":"United Kingdom","OPM":11,"total_sales_volume":644.0499961972237,"rate_of_return":0.0}
{"window":{"start":"2023-10-24T08:13:00.000Z","end":"2023-10-24T08:14:00.000Z"},"country":"Germany","OPM":2,"total_sales_volume":643.310010433197,"rate_of_return":0.5}
{"window":{"start":"2023-10-26T22:47:00.000Z","end":"2023-10-26T22:48:00.000Z"},"country":"United Kingdom","OPM":13,"total_sales_volume":228.72999992966652,"rate_of_return":0.0}
{"window":{"start":"2023-10-25T00:23:00.000Z","end":"2023-10-25T00:24:00.000Z"},"country":"United Kingdom","OPM":8,"total_sales_volume":405.86999693512917,"rate_of_return":0.0}
{"window":{"start":"2023-10-25T08:29:00.000Z","end":"2023-10-25T08:30:00.000Z"},"country":"United Kingdom","OPM":12,"total_sales_volume":281.8499900996685,"rate_of_return":0.08333333333333333}
{"window":{"start":"2023-10-27T20:42:00.000Z","end":"2023-10-27T20:43:00.000Z"},"country":"Germany","OPM":1,"total_sales_volume":52.19999980926514,"rate_of_return":0.0}
{"window":{"start":"2023-10-23T17:50:00.000Z","end":"2023-10-23T17:51:00.000Z"},"country":"United Kingdom","OPM":11,"total_sales_volume":513.4700011014938,"rate_of_return":0.09090909090909091}
{"window":{"start":"2023-10-28T04:38:00.000Z","end":"2023-10-28T04:39:00.000Z"},"country":"United Kingdom","OPM":6,"total_sales_volume":555.6299915611744,"rate_of_return":0.0}
{"window":{"start":"2023-10-24T19:02:00.000Z","end":"2023-10-24T19:03:00.000Z"},"country":"Denmark","OPM":1,"total_sales_volume":6.400000035762787,"rate_of_return":0.0}
{"window":{"start":"2023-10-27T15:38:00.000Z","end":"2023-10-27T15:39:00.000Z"},"country":"United Kingdom","OPM":9,"total_sales_volume":1083.709993571043,"rate_of_return":0.0}
{"window":{"start":"2023-10-23T17:55:00.000Z","end":"2023-10-23T17:56:00.000Z"},"country":"Australia","OPM":1,"total_sales_volume":104.73999977111816,"rate_of_return":0.0}
{"window":{"start":"2023-10-25T21:57:00.000Z","end":"2023-10-25T21:58:00.000Z"},"country":"United Kingdom","OPM":11,"total_sales_volume":373.9399973154068,"rate_of_return":0.09090909090909091}
{"window":{"start":"2023-10-26T02:09:00.000Z","end":"2023-10-26T02:10:00.000Z"},"country":"Germany","OPM":1,"total_sales_volume":146.55000185966492,"rate_of_return":0.0}
{"window":{"start":"2023-10-25T02:56:00.000Z","end":"2023-10-25T02:57:00.000Z"},"country":"EIRE","OPM":1,"total_sales_volume":151.09999525547028,"rate_of_return":0.0}
{"window":{"start":"2023-10-24T17:10:00.000Z","end":"2023-10-24T17:11:00.000Z"},"country":"United Kingdom","OPM":6,"total_sales_volume":566.9599951505661,"rate_of_return":0.0}
{"window":{"start":"2023-10-27T01:57:00.000Z","end":"2023-10-27T01:58:00.000Z"},"country":"United Kingdom","OPM":11,"total_sales_volume":1005.100000500679,"rate_of_return":0.0}
{"window":{"start":"2023-10-23T22:04:00.000Z","end":"2023-10-23T22:05:00.000Z"},"country":"United Kingdom","OPM":9,"total_sales_volume":934.6199942827225,"rate_of_return":0.0}
{"window":{"start":"2023-10-27T17:47:00.000Z","end":"2023-10-27T17:48:00.000Z"},"country":"United Kingdom","OPM":15,"total_sales_volume":1592.0300153195858,"rate_of_return":0.06666666666666667}
{"window":{"start":"2023-10-25T08:29:00.000Z","end":"2023-10-25T08:30:00.000Z"},"country":"Belgium","OPM":1,"total_sales_volume":4.180000007152557,"rate_of_return":0.0}
{"window":{"start":"2023-10-24T05:08:00.000Z","end":"2023-10-24T05:09:00.000Z"},"country":"United Kingdom","OPM":11,"total_sales_volume":1618.7599919438362,"rate_of_return":0.0}
{"window":{"start":"2023-10-24T22:22:00.000Z","end":"2023-10-24T22:23:00.000Z"},"country":"Netherlands","OPM":1,"total_sales_volume":3.259999990463257,"rate_of_return":0.0}
{"window":{"start":"2023-10-24T11:16:00.000Z","end":"2023-10-24T11:17:00.000Z"},"country":"Netherlands","OPM":1,"total_sales_volume":119.27999925613403,"rate_of_return":0.0}
{"window":{"start":"2023-10-27T13:58:00.000Z","end":"2023-10-27T13:59:00.000Z"},"country":"United Kingdom","OPM":9,"total_sales_volume":536.3299968540668,"rate_of_return":0.0}
{"window":{"start":"2023-10-25T14:50:00.000Z","end":"2023-10-25T14:51:00.000Z"},"country":"Italy","OPM":1,"total_sales_volume":173.31999731063843,"rate_of_return":0.0}
{"window":{"start":"2023-10-27T00:21:00.000Z","end":"2023-10-27T00:22:00.000Z"},"country":"United Kingdom","OPM":4,"total_sales_volume":144.3900009393692,"rate_of_return":0.0}
{"window":{"start":"2023-10-27T23:17:00.000Z","end":"2023-10-27T23:18:00.000Z"},"country":"United Kingdom","OPM":10,"total_sales_volume":502.44999704509974,"rate_of_return":0.0}
{"window":{"start":"2023-10-23T14:44:00.000Z","end":"2023-10-23T14:45:00.000Z"},"country":"United Kingdom","OPM":11,"total_sales_volume":1605.2800092697144,"rate_of_return":0.0}
{"window":{"start":"2023-10-26T20:40:00.000Z","end":"2023-10-26T20:41:00.000Z"},"country":"United Kingdom","OPM":9,"total_sales_volume":355.6099938452244,"rate_of_return":0.1111111111111111}
{"window":{"start":"2023-10-25T23:26:00.000Z","end":"2023-10-25T23:27:00.000Z"},"country":"United Kingdom","OPM":10,"total_sales_volume":752.9199800491333,"rate_of_return":0.0}
{"window":{"start":"2023-10-25T23:10:00.000Z","end":"2023-10-25T23:11:00.000Z"},"country":"Germany","OPM":1,"total_sales_volume":17.700000286102295,"rate_of_return":0.0}
{"window":{"start":"2023-10-26T18:35:00.000Z","end":"2023-10-26T18:36:00.000Z"},"country":"United Kingdom","OPM":12,"total_sales_volume":777.0499864220619,"rate_of_return":0.08333333333333333}
{"window":{"start":"2023-10-25T04:46:00.000Z","end":"2023-10-25T04:47:00.000Z"},"country":"United Kingdom","OPM":4,"total_sales_volume":97.99000096321106,"rate_of_return":0.0}
{"window":{"start":"2023-10-27T21:50:00.000Z","end":"2023-10-27T21:51:00.000Z"},"country":"United Kingdom","OPM":9,"total_sales_volume":249.91000105440617,"rate_of_return":0.1111111111111111}
{"window":{"start":"2023-10-25T03:54:00.000Z","end":"2023-10-25T03:55:00.000Z"},"country":"EIRE","OPM":1,"total_sales_volume":44.95000106096268,"rate_of_return":0.0}
{"window":{"start":"2023-10-24T13:22:00.000Z","end":"2023-10-24T13:23:00.000Z"},"country":"Switzerland","OPM":1,"total_sales_volume":1.1999999731779099,"rate_of_return":0.0}
{"window":{"start":"2023-10-27T08:59:00.000Z","end":"2023-10-27T09:00:00.000Z"},"country":"United Kingdom","OPM":9,"total_sales_volume":325.2699990570545,"rate_of_return":0.0}
{"window":{"start":"2023-10-25T23:04:00.000Z","end":"2023-10-25T23:05:00.000Z"},"country":"United Kingdom","OPM":10,"total_sales_volume":429.1699973344803,"rate_of_return":0.1}
{"window":{"start":"2023-10-23T14:54:00.000Z","end":"2023-10-23T14:55:00.000Z"},"country":"United Kingdom","OPM":7,"total_sales_volume":832.2299978733063,"rate_of_return":0.0}
{"window":{"start":"2023-10-27T07:23:00.000Z","end":"2023-10-27T07:24:00.000Z"},"country":"United Kingdom","OPM":9,"total_sales_volume":314.02999699115753,"rate_of_return":0.2222222222222222}
{"window":{"start":"2023-10-25T16:55:00.000Z","end":"2023-10-25T16:56:00.000Z"},"country":"France","OPM":1,"total_sales_volume":31.609999895095825,"rate_of_return":0.0}
{"window":{"start":"2023-10-24T22:43:00.000Z","end":"2023-10-24T22:44:00.000Z"},"country":"United Kingdom","OPM":10,"total_sales_volume":331.8799983263016,"rate_of_return":0.0}
{"window":{"start":"2023-10-25T05:54:00.000Z","end":"2023-10-25T05:55:00.000Z"},"country":"United Kingdom","OPM":5,"total_sales_volume":451.71999502182007,"rate_of_return":0.0}
{"window":{"start":"2023-10-23T21:55:00.000Z","end":"2023-10-23T21:56:00.000Z"},"country":"Channel Islands","OPM":1,"total_sales_volume":37.059999614953995,"rate_of_return":0.0}
{"window":{"start":"2023-10-25T02:30:00.000Z","end":"2023-10-25T02:31:00.000Z"},"country":"EIRE","OPM":2,"total_sales_volume":30.699999690055847,"rate_of_return":0.0}
{"window":{"start":"2023-10-27T18:08:00.000Z","end":"2023-10-27T18:09:00.000Z"},"country":"EIRE","OPM":1,"total_sales_volume":3.799999952316284,"rate_of_return":0.0}
{"window":{"start":"2023-10-28T00:27:00.000Z","end":"2023-10-28T00:28:00.000Z"},"country":"Channel Islands","OPM":1,"total_sales_volume":9.149999856948853,"rate_of_return":0.0}
{"window":{"start":"2023-10-24T19:39:00.000Z","end":"2023-10-24T19:40:00.000Z"},"country":"Sweden","OPM":1,"total_sales_volume":13.15999984741211,"rate_of_return":0.0}
{"window":{"start":"2023-10-23T12:25:00.000Z","end":"2023-10-23T12:26:00.000Z"},"country":"EIRE","OPM":1,"total_sales_volume":169.4500009417534,"rate_of_return":0.0}
{"window":{"start":"2023-10-26T02:42:00.000Z","end":"2023-10-26T02:43:00.000Z"},"country":"Austria","OPM":1,"total_sales_volume":47.60999929904938,"rate_of_return":0.0}
{"window":{"start":"2023-10-24T03:50:00.000Z","end":"2023-10-24T03:51:00.000Z"},"country":"France","OPM":3,"total_sales_volume":62.299999713897705,"rate_of_return":0.0}
{"window":{"start":"2023-10-25T03:32:00.000Z","end":"2023-10-25T03:33:00.000Z"},"country":"United Kingdom","OPM":14,"total_sales_volume":716.7600003480911,"rate_of_return":0.0}
{"window":{"start":"2023-10-25T03:51:00.000Z","end":"2023-10-25T03:52:00.000Z"},"country":"Belgium","OPM":1,"total_sales_volume":62.61000049114227,"rate_of_return":0.0}
{"window":{"start":"2023-10-24T08:15:00.000Z","end":"2023-10-24T08:16:00.000Z"},"country":"United Kingdom","OPM":8,"total_sales_volume":1635.1100110411644,"rate_of_return":0.0}
{"window":{"start":"2023-10-25T10:50:00.000Z","end":"2023-10-25T10:51:00.000Z"},"country":"United Kingdom","OPM":17,"total_sales_volume":635.4999979436398,"rate_of_return":0.0}
{"window":{"start":"2023-10-25T17:13:00.000Z","end":"2023-10-25T17:14:00.000Z"},"country":"United Kingdom","OPM":17,"total_sales_volume":599.0699987709522,"rate_of_return":0.11764705882352941}
{"window":{"start":"2023-10-26T21:24:00.000Z","end":"2023-10-26T21:25:00.000Z"},"country":"Germany","OPM":1,"total_sales_volume":128.31000006198883,"rate_of_return":0.0}
{"window":{"start":"2023-10-27T10:31:00.000Z","end":"2023-10-27T10:32:00.000Z"},"country":"United Kingdom","OPM":4,"total_sales_volume":99.23000049591064,"rate_of_return":0.0}
{"window":{"start":"2023-10-27T19:07:00.000Z","end":"2023-10-27T19:08:00.000Z"},"country":"Germany","OPM":2,"total_sales_volume":91.04999959468842,"rate_of_return":0.0}
{"window":{"start":"2023-10-28T03:26:00.000Z","end":"2023-10-28T03:27:00.000Z"},"country":"United Kingdom","OPM":8,"total_sales_volume":2243.070009946823,"rate_of_return":0.0}
{"window":{"start":"2023-10-24T00:35:00.000Z","end":"2023-10-24T00:36:00.000Z"},"country":"Australia","OPM":1,"total_sales_volume":54.19999837875366,"rate_of_return":0.0}
{"window":{"start":"2023-10-24T02:29:00.000Z","end":"2023-10-24T02:30:00.000Z"},"country":"Switzerland","OPM":1,"total_sales_volume":160.09999656677246,"rate_of_return":0.0}
{"window":{"start":"2023-10-28T00:31:00.000Z","end":"2023-10-28T00:32:00.000Z"},"country":"Canada","OPM":1,"total_sales_volume":61.02000018954277,"rate_of_return":0.0}
{"window":{"start":"2023-10-25T03:46:00.000Z","end":"2023-10-25T03:47:00.000Z"},"country":"France","OPM":1,"total_sales_volume":65.739999294281,"rate_of_return":0.0}
{"window":{"start":"2023-10-25T11:44:00.000Z","end":"2023-10-25T11:45:00.000Z"},"country":"United Kingdom","OPM":7,"total_sales_volume":549.400000333786,"rate_of_return":0.0}
{"window":{"start":"2023-10-24T00:18:00.000Z","end":"2023-10-24T00:19:00.000Z"},"country":"United Kingdom","OPM":13,"total_sales_volume":659.3999867141247,"rate_of_return":0.0}
{"window":{"start":"2023-10-24T13:33:00.000Z","end":"2023-10-24T13:34:00.000Z"},"country":"United Kingdom","OPM":6,"total_sales_volume":990.4499877691269,"rate_of_return":0.0}
