{"window":{"start":"2023-10-24T04:15:00.000Z","end":"2023-10-24T04:16:00.000Z"},"country":"Germany","OPM":1,"total_sales_volume":42.47999811172485,"rate_of_return":0.0}
{"window":{"start":"2023-10-26T23:34:00.000Z","end":"2023-10-26T23:35:00.000Z"},"country":"United Kingdom","OPM":4,"total_sales_volume":126.51999807357788,"rate_of_return":0.0}
{"window":{"start":"2023-10-28T03:10:00.000Z","end":"2023-10-28T03:11:00.000Z"},"country":"United Kingdom","OPM":8,"total_sales_volume":593.3500042259693,"rate_of_return":0.0}
{"window":{"start":"2023-10-26T19:07:00.000Z","end":"2023-10-26T19:08:00.000Z"},"country":"United Kingdom","OPM":17,"total_sales_volume":9153.899972826242,"rate_of_return":0.058823529411764705}
{"window":{"start":"2023-10-25T22:24:00.000Z","end":"2023-10-25T22:25:00.000Z"},"country":"Belgium","OPM":1,"total_sales_volume":6.6700000166893005,"rate_of_return":0.0}
{"window":{"start":"2023-10-25T11:55:00.000Z","end":"2023-10-25T11:56:00.000Z"},"country":"United Kingdom","OPM":15,"total_sales_volume":1372.0199904441833,"rate_of_return":0.06666666666666667}
{"window":{"start":"2023-10-24T04:11:00.000Z","end":"2023-10-24T04:12:00.000Z"},"country":"United Kingdom","OPM":16,"total_sales_volume":1156.5600010752678,"rate_of_return":0.0}
{"window":{"start":"2023-10-26T12:45:00.000Z","end":"2023-10-26T12:46:00.000Z"},"country":"EIRE","OPM":1,"total_sales_volume":37.25999969244003,"rate_of_return":0.0}
{"window":{"start":"2023-10-28T04:45:00.000Z","end":"2023-10-28T04:46:00.000Z"},"country":"Spain","OPM":1,"total_sales_volume":-119.00000178813934,"rate_of_return":1.0}
{"window":{"start":"2023-10-24T13:47:00.000Z","end":"2023-10-24T13:48:00.000Z"},"country":"United Kingdom","OPM":11,"total_sales_volume":1124.939994007349,"rate_of_return":0.0}
{"window":{"start":"2023-10-25T20:26:00.000Z","end":"2023-10-25T20:27:00.000Z"},"country":"Germany","OPM":1,"total_sales_volume":125.33999770879745,"rate_of_return":0.0}
{"window":{"start":"2023-10-25T03:13:00.000Z","end":"2023-10-25T03:14:00.000Z"},"country":"United Kingdom","OPM":11,"total_sales_volume":930.0900064259768,"rate_of_return":0.18181818181818182}
{"window":{"start":"2023-10-27T00:43:00.000Z","end":"2023-10-27T00:44:00.000Z"},"country":"Netherlands","OPM":1,"total_sales_volume":103.16000011563301,"rate_of_return":0.0}
{"window":{"start":"2023-10-25T01:57:00.000Z","end":"2023-10-25T01:58:00.000Z"},"country":"United Kingdom","OPM":12,"total_sales_volume":1291.5400042235851,"rate_of_return":0.0}
{"window":{"start":"2023-10-26T05:47:00.000Z","end":"2023-10-26T05:48:00.000Z"},"country":"United Kingdom","OPM":4,"total_sales_volume":206.5399969816208,"rate_of_return":0.0}
{"window":{"start":"2023-10-26T23:55:00.000Z","end":"2023-10-26T23:56:00.000Z"},"country":"United Kingdom","OPM":14,"total_sales_volume":1085.9800010323524,"rate_of_return":0.0}
{"window":{"start":"2023-10-26T21:14:00.000Z","end":"2023-10-26T21:15:00.000Z"},"country":"EIRE","OPM":1,"total_sales_volume":94.5,"rate_of_return":0.0}
{"window":{"start":"2023-10-25T02:13:00.000Z","end":"2023-10-25T02:14:00.000Z"},"country":"United Kingdom","OPM":10,"total_sales_volume":465.39999881386757,"rate_of_return":0.0}
{"window":{"start":"2023-10-23T19:08:00.000Z","end":"2023-10-23T19:09:00.000Z"},"country":"United Kingdom","OPM":10,"total_sales_volume":959.1300029456615,"rate_of_return":0.1}
{"window":{"start":"2023-10-24T12:47:00.000Z","end":"2023-10-24T12:48:00.000Z"},"country":"France","OPM":2,"total_sales_volume":557.6400009691715,"rate_of_return":0.0}
{"window":{"start":"2023-10-24T00:13:00.000Z","end":"2023-10-24T00:14:00.000Z"},"country":"United Kingdom","OPM":5,"total_sales_volume":142.6600013896823,"rate_of_return":0.0}
{"window":{"start":"2023-10-24T00:36:00.000Z","end":"2023-10-24T00:37:00.000Z"},"country":"United Kingdom","OPM":15,"total_sales_volume":1320.5700006186962,"rate_of_return":0.0}
{"window":{"start":"2023-10-27T05:15:00.000Z","end":"2023-10-27T05:16:00.000Z"},"country":"Germany","OPM":1,"total_sales_volume":-5.099999904632568,"rate_of_return":1.0}
{"window":{"start":"2023-10-26T23:04:00.000Z","end":"2023-10-26T23:05:00.000Z"},"country":"United Kingdom","OPM":7,"total_sales_volume":1351.770007789135,"rate_of_return":0.0}
{"window":{"start":"2023-10-26T00:16:00.000Z","end":"2023-10-26T00:17:00.000Z"},"country":"United Kingdom","OPM":17,"total_sales_volume":409.25999319553375,"rate_of_return":0.11764705882352941}
{"window":{"start":"2023-10-24T21:24:00.000Z","end":"2023-10-24T21:25:00.000Z"},"country":"United Kingdom","OPM":14,"total_sales_volume":1233.7099968492985,"rate_of_return":0.0}
{"window":{"start":"2023-10-27T18:27:00.000Z","end":"2023-10-27T18:28:00.000Z"},"country":"United Kingdom","OPM":16,"total_sales_volume":1041.8499964475632,"rate_of_return":0.0625}
{"window":{"start":"2023-10-25T00:05:00.000Z","end":"2023-10-25T00:06:00.000Z"},"country":"Channel Islands","OPM":1,"total_sales_volume":1.659999966621399,"rate_of_return":0.0}
{"window":{"start":"2023-10-26T15:53:00.000Z","end":"2023-10-26T15:54:00.000Z"},"country":"United Kingdom","OPM":8,"total_sales_volume":347.6400021314621,"rate_of_return":0.125}
{"window":{"start":"2023-10-27T06:23:00.000Z","end":"2023-10-27T06:24:00.000Z"},"country":"United Kingdom","OPM":14,"total_sales_volume":573.2000044584274,"rate_of_return":0.07142857142857142}
{"window":{"start":"2023-10-27T05:42:00.000Z","end":"2023-10-27T05:43:00.000Z"},"country":"United Kingdom","OPM":8,"total_sales_volume":512.9199896454811,"rate_of_return":0.125}
{"window":{"start":"2023-10-24T09:14:00.000Z","end":"2023-10-24T09:15:00.000Z"},"country":"United Kingdom","OPM":16,"total_sales_volume":531.3299892246723,"rate_of_return":0.0}
{"window":{"start":"2023-10-27T12:43:00.000Z","end":"2023-10-27T12:44:00.000Z"},"country":"Belgium","OPM":1,"total_sales_volume":129.66999906301498,"rate_of_return":0.0}
{"window":{"start":"2023-10-23T13:46:00.000Z","end":"2023-10-23T13:47:00.000Z"},"country":"EIRE","OPM":1,"total_sales_volume":88.86999797821045,"rate_of_return":0.0}
{"window":{"start":"2023-10-25T00:08:00.000Z","end":"2023-10-25T00:09:00.000Z"},"country":"Greece","OPM":1,"total_sales_volume":2.8300000429153442,"rate_of_return":0.0}
{"window":{"start":"2023-10-25T08:28:00.000Z","end":"2023-10-25T08:29:00.000Z"},"country":"Germany","OPM":1,"total_sales_volume":102.80999672412872,"rate_of_return":0.0}
{"window":{"start":"2023-10-27T09:19:00.000Z","end":"2023-10-27T09:20:00.000Z"},"country":"United Kingdom","OPM":12,"total_sales_volume":877.4199870526791,"rate_of_return":0.0}
{"window":{"start":"2023-10-23T19:38:00.000Z","end":"2023-10-23T19:39:00.000Z"},"country":"Belgium","OPM":1,"total_sales_volume":0.7799999713897705,"rate_of_return":0.0}
{"window":{"start":"2023-10-24T23:30:00.000Z","end":"2023-10-24T23:31:00.000Z"},"country":"France","OPM":1,"total_sales_volume":7.5,"rate_of_return":0.0}
{"window":{"start":"2023-10-26T23:39:00.000Z","end":"2023-10-26T23:40:00.000Z"},"country":"Austria","OPM":1,"total_sales_volume":33.599998474121094,"rate_of_return":0.0}
{"window":{"start":"2023-10-26T05:56:00.000Z","end":"2023-10-26T05:57:00.000Z"},"country":"United Kingdom","OPM":7,"total_sales_volume":210.6999990940094,"rate_of_return":0.14285714285714285}
{"window":{"start":"2023-10-25T14:36:00.000Z","end":"2023-10-25T14:37:00.000Z"},"country":"United Kingdom","OPM":6,"total_sales_volume":266.44999873638153,"rate_of_return":0.16666666666666666}
{"window":{"start":"2023-10-23T18:44:00.000Z","end":"2023-10-23T18:45:00.000Z"},"country":"Spain","OPM":1,"total_sales_volume":1.25,"rate_of_return":0.0}
{"window":{"start":"2023-10-27T03:21:00.000Z","end":"2023-10-27T03:22:00.000Z"},"country":"EIRE","OPM":1,"total_sales_volume":121.76999688148499,"rate_of_return":0.0}
{"window":{"start":"2023-10-23T14:40:00.000Z","end":"2023-10-23T14:41:00.000Z"},"country":"Spain","OPM":1,"total_sales_volume":74.05999866127968,"rate_of_return":0.0}
{"window":{"start":"2023-10-24T22:38:00.000Z","end":"2023-10-24T22:39:00.000Z"},"country":"United Kingdom","OPM":12,"total_sales_volume":957.4699926674366,"rate_of_return":0.0}
{"window":{"start":"2023-10-26T23:53:00.000Z","end":"2023-10-26T23:54:00.000Z"},"country":"United Kingdom","OPM":11,"total_sales_volume":650.860002964735,"rate_of_return":0.09090909090909091}
{"window":{"start":"2023-10-25T04:50:00.000Z","end":"2023-10-25T04:51:00.000Z"},"country":"EIRE","OPM":1,"total_sales_volume":42.09999990463257,"rate_of_return":0.0}
{"window":{"start":"2023-10-27T23:20:00.000Z","end":"2023-10-27T23:21:00.000Z"},"country":"United Kingdom","OPM":9,"total_sales_volume":576.6900057196617,"rate_of_return":0.0}
{"window":{"start":"2023-10-25T03:34:00.000Z","end":"2023-10-25T03:35:00.000Z"},"country":"United Kingdom","OPM":6,"total_sales_volume":189.51999658346176,"rate_of_return":0.16666666666666666}
{"window":{"start":"2023-10-26T18:55:00.000Z","end":"2023-10-26T18:56:00.000Z"},"country":"United Kingdom","OPM":10,"total_sales_volume":1075.5999880731106,"rate_of_return":0.1}
{"window":{"start":"2023-10-27T05:25:00.000Z","end":"2023-10-27T05:26:00.000Z"},"country":"United Kingdom","OPM":7,"total_sales_volume":181.27999970316887,"rate_of_return":0.0}
{"window":{"start":"2023-10-25T10:54:00.000Z","end":"2023-10-25T10:55:00.000Z"},"country":"Portugal","OPM":1,"total_sales_volume":20.0,"rate_of_return":0.0}
{"window":{"start":"2023-10-26T01:54:00.000Z","end":"2023-10-26T01:55:00.000Z"},"country":"EIRE","OPM":1,"total_sales_volume":24.93000018596649,"rate_of_return":0.0}
{"window":{"start":"2023-10-26T12:13:00.000Z","end":"2023-10-26T12:14:00.000Z"},"country":"Germany","OPM":3,"total_sales_volume":762.1000055074692,"rate_of_return":0.0}
{"window":{"start":"2023-10-25T03:07:00.000Z","end":"2023-10-25T03:08:00.000Z"},"country":"France","OPM":1,"total_sales_volume":19.799999713897705,"rate_of_return":0.0}
