{"window":{"start":"2023-10-26T08:42:00.000Z","end":"2023-10-26T08:43:00.000Z"},"country":"Switzerland","OPM":1,"total_sales_volume":45.899999141693115,"rate_of_return":0.0}
{"window":{"start":"2023-10-27T16:39:00.000Z","end":"2023-10-27T16:40:00.000Z"},"country":"United Kingdom","OPM":9,"total_sales_volume":1116.0300044417381,"rate_of_return":0.0}
{"window":{"start":"2023-10-27T02:23:00.000Z","end":"2023-10-27T02:24:00.000Z"},"country":"France","OPM":1,"total_sales_volume":-28.619999557733536,"rate_of_return":1.0}
{"window":{"start":"2023-10-24T15:48:00.000Z","end":"2023-10-24T15:49:00.000Z"},"country":"Germany","OPM":1,"total_sales_volume":34.37999892234802,"rate_of_return":0.0}
{"window":{"start":"2023-10-24T14:28:00.000Z","end":"2023-10-24T14:29:00.000Z"},"country":"United Kingdom","OPM":9,"total_sales_volume":265.87000048160553,"rate_of_return":0.0}
{"window":{"start":"2023-10-28T00:08:00.000Z","end":"2023-10-28T00:09:00.000Z"},"country":"United Kingdom","OPM":12,"total_sales_volume":651.6000023186207,"rate_of_return":0.08333333333333333}
{"window":{"start":"2023-10-25T10:45:00.000Z","end":"2023-10-25T10:46:00.000Z"},"country":"Germany","OPM":1,"total_sales_volume":11.800000190734863,"rate_of_return":0.0}
{"window":{"start":"2023-10-27T17:32:00.000Z","end":"2023-10-27T17:33:00.000Z"},"country":"United Kingdom","OPM":9,"total_sales_volume":485.7199883759022,"rate_of_return":0.1111111111111111}
{"window":{"start":"2023-10-25T18:16:00.000Z","end":"2023-10-25T18:17:00.000Z"},"country":"United Kingdom","OPM":10,"total_sales_volume":1296.2199985682964,"rate_of_return":0.0}
{"window":{"start":"2023-10-25T03:47:00.000Z","end":"2023-10-25T03:48:00.000Z"},"country":"United Kingdom","OPM":14,"total_sales_volume":863.5899816155434,"rate_of_return":0.14285714285714285}
{"window":{"start":"2023-10-27T14:08:00.000Z","end":"2023-10-27T14:09:00.000Z"},"country":"Germany","OPM":1,"total_sales_volume":468.4199959039688,"rate_of_return":0.0}
{"window":{"start":"2023-10-26T12:40:00.000Z","end":"2023-10-26T12:41:00.000Z"},"country":"United Kingdom","OPM":15,"total_sales_volume":635.8499923050404,"rate_of_return":0.06666666666666667}
{"window":{"start":"2023-10-24T06:28:00.000Z","end":"2023-10-24T06:29:00.000Z"},"country":"United Kingdom","OPM":11,"total_sales_volume":852.3499966710806,"rate_of_return":0.0}
{"window":{"start":"2023-10-25T01:33:00.000Z","end":"2023-10-25T01:34:00.000Z"},"country":"United Kingdom","OPM":8,"total_sales_volume":534.4300045371056,"rate_of_return":0.125}
{"window":{"start":"2023-10-24T02:54:00.000Z","end":"2023-10-24T02:55:00.000Z"},"country":"Germany","OPM":1,"total_sales_volume":2.0999999046325684,"rate_of_return":0.0}
{"window":{"start":"2023-10-23T15:23:00.000Z","end":"2023-10-23T15:24:00.000Z"},"country":"United Kingdom","OPM":8,"total_sales_volume":489.2000000476837,"rate_of_return":0.0}
{"window":{"start":"2023-10-28T03:21:00.000Z","end":"2023-10-28T03:22:00.000Z"},"country":"Germany","OPM":1,"total_sales_volume":59.0299996137619,"rate_of_return":0.0}
{"window":{"start":"2023-10-24T11:50:00.000Z","end":"2023-10-24T11:51:00.000Z"},"country":"United Kingdom","OPM":8,"total_sales_volume":123.39000317454338,"rate_of_return":0.25}
{"window":{"start":"2023-10-25T04:06:00.000Z","end":"2023-10-25T04:07:00.000Z"},"country":"United Kingdom","OPM":9,"total_sales_volume":1460.959995687008,"rate_of_return":0.1111111111111111}
{"window":{"start":"2023-10-24T07:28:00.000Z","end":"2023-10-24T07:29:00.000Z"},"country":"United Kingdom","OPM":6,"total_sales_volume":91.96000277996063,"rate_of_return":0.16666666666666666}
{"window":{"start":"2023-10-26T06:57:00.000Z","end":"2023-10-26T06:58:00.000Z"},"country":"Norway","OPM":1,"total_sales_volume":16.600000381469727,"rate_of_return":0.0}
{"window":{"start":"2023-10-27T12:32:00.000Z","end":"2023-10-27T12:33:00.000Z"},"country":"United Kingdom","OPM":8,"total_sales_volume":645.9399987459183,"rate_of_return":0.125}
{"window":{"start":"2023-10-27T10:24:00.000Z","end":"2023-10-27T10:25:00.000Z"},"country":"Norway","OPM":1,"total_sales_volume":82.50999927520752,"rate_of_return":0.0}
{"window":{"start":"2023-10-27T15:47:00.000Z","end":"2023-10-27T15:48:00.000Z"},"country":"United Kingdom","OPM":12,"total_sales_volume":996.3599891960621,"rate_of_return":0.0}
{"window":{"start":"2023-10-27T06:44:00.000Z","end":"2023-10-27T06:45:00.000Z"},"country":"France","OPM":1,"total_sales_volume":42.50999975204468,"rate_of_return":0.0}
{"window":{"start":"2023-10-27T11:08:00.000Z","end":"2023-10-27T11:09:00.000Z"},"country":"United Kingdom","OPM":9,"total_sales_volume":425.5099980831146,"rate_of_return":0.0}
{"window":{"start":"2023-10-27T12:53:00.000Z","end":"2023-10-27T12:54:00.000Z"},"country":"United Kingdom","OPM":7,"total_sales_volume":407.7299998998642,"rate_of_return":0.0}
{"window":{"start":"2023-10-24T11:26:00.000Z","end":"2023-10-24T11:27:00.000Z"},"country":"United Kingdom","OPM":11,"total_sales_volume":-375.9399991929531,"rate_of_return":0.09090909090909091}
{"window":{"start":"2023-10-27T14:28:00.000Z","end":"2023-10-27T14:29:00.000Z"},"country":"Spain","OPM":1,"total_sales_volume":44.64000070095062,"rate_of_return":0.0}
{"window":{"start":"2023-10-26T20:04:00.000Z","end":"2023-10-26T20:05:00.000Z"},"country":"United Kingdom","OPM":6,"total_sales_volume":482.0599912703037,"rate_of_return":0.0}
{"window":{"start":"2023-10-24T18:04:00.000Z","end":"2023-10-24T18:05:00.000Z"},"country":"United Kingdom","OPM":13,"total_sales_volume":831.5100011229515,"rate_of_return":0.0}
{"window":{"start":"2023-10-24T02:00:00.000Z","end":"2023-10-24T02:01:00.000Z"},"country":"Channel Islands","OPM":1,"total_sales_volume":21.289999961853027,"rate_of_return":0.0}
{"window":{"start":"2023-10-26T17:07:00.000Z","end":"2023-10-26T17:08:00.000Z"},"country":"France","OPM":1,"total_sales_volume":5.450000047683716,"rate_of_return":0.0}
{"window":{"start":"2023-10-28T02:32:00.000Z","end":"2023-10-28T02:33:00.000Z"},"country":"United Kingdom","OPM":7,"total_sales_volume":479.10000012815,"rate_of_return":0.14285714285714285}
{"window":{"start":"2023-10-24T14:35:00.000Z","end":"2023-10-24T14:36:00.000Z"},"country":"United Kingdom","OPM":9,"total_sales_volume":496.2799993753433,"rate_of_return":0.1111111111111111}
{"window":{"start":"2023-10-23T15:38:00.000Z","end":"2023-10-23T15:39:00.000Z"},"country":"United Kingdom","OPM":8,"total_sales_volume":142.77999743819237,"rate_of_return":0.25}
{"window":{"start":"2023-10-24T18:48:00.000Z","end":"2023-10-24T18:49:00.000Z"},"country":"United Kingdom","OPM":8,"total_sales_volume":285.7499994337559,"rate_of_return":0.0}
{"window":{"start":"2023-10-23T19:17:00.000Z","end":"2023-10-23T19:18:00.000Z"},"country":"France","OPM":1,"total_sales_volume":-104.35999965667725,"rate_of_return":1.0}
{"window":{"start":"2023-10-25T22:34:00.000Z","end":"2023-10-25T22:35:00.000Z"},"country":"Israel","OPM":1,"total_sales_volume":17.399999618530273,"rate_of_return":0.0}
{"window":{"start":"2023-10-26T17:38:00.000Z","end":"2023-10-26T17:39:00.000Z"},"country":"Belgium","OPM":1,"total_sales_volume":55.34999942779541,"rate_of_return":0.0}
{"window":{"start":"2023-10-28T04:40:00.000Z","end":"2023-10-28T04:41:00.000Z"},"country":"United Kingdom","OPM":7,"total_sales_volume":341.1400029063225,"rate_of_return":0.0}
{"window":{"start":"2023-10-27T13:49:00.000Z","end":"2023-10-27T13:50:00.000Z"},"country":"EIRE","OPM":1,"total_sales_volume":63.389999866485596,"rate_of_return":0.0}
{"window":{"start":"2023-10-24T06:58:00.000Z","end":"2023-10-24T06:59:00.000Z"},"country":"United Kingdom","OPM":12,"total_sales_volume":1172.4400151073933,"rate_of_return":0.0}
{"window":{"start":"2023-10-25T00:53:00.000Z","end":"2023-10-25T00:54:00.000Z"},"country":"Belgium","OPM":1,"total_sales_volume":77.27999985218048,"rate_of_return":0.0}
{"window":{"start":"2023-10-27T00:44:00.000Z","end":"2023-10-27T00:45:00.000Z"},"country":"United Kingdom","OPM":6,"total_sales_volume":233.6199991106987,"rate_of_return":0.0}
{"window":{"start":"2023-10-26T10:14:00.000Z","end":"2023-10-26T10:15:00.000Z"},"country":"France","OPM":1,"total_sales_volume":15.0,"rate_of_return":0.0}
{"window":{"start":"2023-10-25T11:44:00.000Z","end":"2023-10-25T11:45:00.000Z"},"country":"Netherlands","OPM":1,"total_sales_volume":79.52999925613403,"rate_of_return":0.0}
{"window":{"start":"2023-10-27T12:05:00.000Z","end":"2023-10-27T12:06:00.000Z"},"country":"United Kingdom","OPM":5,"total_sales_volume":171.5099993944168,"rate_of_return":0.0}
{"window":{"start":"2023-10-27T10:31:00.000Z","end":"2023-10-27T10:32:00.000Z"},"country":"Australia","OPM":1,"total_sales_volume":33.44999983906746,"rate_of_return":0.0}
{"window":{"start":"2023-10-26T00:23:00.000Z","end":"2023-10-26T00:24:00.000Z"},"country":"United Kingdom","OPM":6,"total_sales_volume":436.42999774217606,"rate_of_return":0.0}
{"window":{"start":"2023-10-27T22:29:00.000Z","end":"2023-10-27T22:30:00.000Z"},"country":"United Kingdom","OPM":10,"total_sales_volume":505.84999361634254,"rate_of_return":0.0}
{"window":{"start":"2023-10-27T02:18:00.000Z","end":"2023-10-27T02:19:00.000Z"},"country":"United Kingdom","OPM":10,"total_sales_volume":376.5100028514862,"rate_of_return":0.1}
{"window":{"start":"2023-10-24T14:05:00.000Z","end":"2023-10-24T14:06:00.000Z"},"country":"United Kingdom","OPM":14,"total_sales_volume":482.73000276088715,"rate_of_return":0.14285714285714285}
