{"window":{"start":"2023-10-28T02:41:00.000Z","end":"2023-10-28T02:42:00.000Z"},"country":"Lithuania","OPM":1,"total_sales_volume":6.25,"rate_of_return":0.0}
{"window":{"start":"2023-10-25T08:12:00.000Z","end":"2023-10-25T08:13:00.000Z"},"country":"United Kingdom","OPM":12,"total_sales_volume":1287.3599707186222,"rate_of_return":0.08333333333333333}
{"window":{"start":"2023-10-25T16:47:00.000Z","end":"2023-10-25T16:48:00.000Z"},"country":"United Kingdom","OPM":7,"total_sales_volume":416.66999542713165,"rate_of_return":0.0}
{"window":{"start":"2023-10-26T09:33:00.000Z","end":"2023-10-26T09:34:00.000Z"},"country":"United Kingdom","OPM":12,"total_sales_volume":433.31999880075455,"rate_of_return":0.0}
{"window":{"start":"2023-10-24T16:51:00.000Z","end":"2023-10-24T16:52:00.000Z"},"country":"United Kingdom","OPM":15,"total_sales_volume":630.5199962854385,"rate_of_return":0.06666666666666667}
{"window":{"start":"2023-10-27T07:56:00.000Z","end":"2023-10-27T07:57:00.000Z"},"country":"United Kingdom","OPM":13,"total_sales_volume":828.6900109350681,"rate_of_return":0.07692307692307693}
{"window":{"start":"2023-10-25T13:03:00.000Z","end":"2023-10-25T13:04:00.000Z"},"country":"Germany","OPM":1,"total_sales_volume":66.01000028848648,"rate_of_return":0.0}
{"window":{"start":"2023-10-24T03:35:00.000Z","end":"2023-10-24T03:36:00.000Z"},"country":"United Kingdom","OPM":11,"total_sales_volume":364.1799974888563,"rate_of_return":0.09090909090909091}
{"window":{"start":"2023-10-25T18:36:00.000Z","end":"2023-10-25T18:37:00.000Z"},"country":"France","OPM":2,"total_sales_volume":188.72999846935272,"rate_of_return":0.0}
{"window":{"start":"2023-10-26T18:33:00.000Z","end":"2023-10-26T18:34:00.000Z"},"country":"Portugal","OPM":1,"total_sales_volume":238.51000428199768,"rate_of_return":0.0}
{"window":{"start":"2023-10-25T22:20:00.000Z","end":"2023-10-25T22:21:00.000Z"},"country":"United Kingdom","OPM":5,"total_sales_volume":334.9599965810776,"rate_of_return":0.2}
{"window":{"start":"2023-10-24T05:06:00.000Z","end":"2023-10-24T05:07:00.000Z"},"country":"United Kingdom","OPM":11,"total_sales_volume":512.5100020468235,"rate_of_return":0.0}
{"window":{"start":"2023-10-24T21:19:00.000Z","end":"2023-10-24T21:20:00.000Z"},"country":"United Kingdom","OPM":16,"total_sales_volume":767.4600023627281,"rate_of_return":0.0625}
{"window":{"start":"2023-10-25T23:53:00.000Z","end":"2023-10-25T23:54:00.000Z"},"country":"United Kingdom","OPM":15,"total_sales_volume":1449.5799869894981,"rate_of_return":0.0}
{"window":{"start":"2023-10-25T02:19:00.000Z","end":"2023-10-25T02:20:00.000Z"},"country":"Cyprus","OPM":1,"total_sales_volume":120.98999977111816,"rate_of_return":0.0}
{"window":{"start":"2023-10-25T01:15:00.000Z","end":"2023-10-25T01:16:00.000Z"},"country":"EIRE","OPM":1,"total_sales_volume":57.31000089645386,"rate_of_return":0.0}
{"window":{"start":"2023-10-25T02:28:00.000Z","end":"2023-10-25T02:29:00.000Z"},"country":"United Kingdom","OPM":12,"total_sales_volume":-29.33999864757061,"rate_of_return":0.08333333333333333}
{"window":{"start":"2023-10-27T22:16:00.000Z","end":"2023-10-27T22:17:00.000Z"},"country":"United Kingdom","OPM":15,"total_sales_volume":530.0099981427193,"rate_of_return":0.06666666666666667}
{"window":{"start":"2023-10-24T18:13:00.000Z","end":"2023-10-24T18:14:00.000Z"},"country":"Norway","OPM":1,"total_sales_volume":191.51999938488007,"rate_of_return":0.0}
{"window":{"start":"2023-10-24T13:12:00.000Z","end":"2023-10-24T13:13:00.000Z"},"country":"France","OPM":1,"total_sales_volume":166.57999865710735,"rate_of_return":0.0}
{"window":{"start":"2023-10-25T09:30:00.000Z","end":"2023-10-25T09:31:00.000Z"},"country":"United Kingdom","OPM":8,"total_sales_volume":327.9999974966049,"rate_of_return":0.0}
{"window":{"start":"2023-10-27T20:41:00.000Z","end":"2023-10-27T20:42:00.000Z"},"country":"United Kingdom","OPM":10,"total_sales_volume":293.3799999952316,"rate_of_return":0.1}
{"window":{"start":"2023-10-24T19:47:00.000Z","end":"2023-10-24T19:48:00.000Z"},"country":"United Kingdom","OPM":15,"total_sales_volume":565.27999573946,"rate_of_return":0.06666666666666667}
{"window":{"start":"2023-10-24T13:07:00.000Z","end":"2023-10-24T13:08:00.000Z"},"country":"United Kingdom","OPM":5,"total_sales_volume":435.06999173760414,"rate_of_return":0.0}
{"window":{"start":"2023-10-27T04:09:00.000Z","end":"2023-10-27T04:10:00.000Z"},"country":"United Kingdom","OPM":15,"total_sales_volume":1244.1399894356728,"rate_of_return":0.06666666666666667}
{"window":{"start":"2023-10-27T03:09:00.000Z","end":"2023-10-27T03:10:00.000Z"},"country":"United Kingdom","OPM":4,"total_sales_volume":106.51000028848648,"rate_of_return":0.0}
{"window":{"start":"2023-10-26T02:17:00.000Z","end":"2023-10-26T02:18:00.000Z"},"country":"United Kingdom","OPM":7,"total_sales_volume":135.50999799370766,"rate_of_return":0.2857142857142857}
{"window":{"start":"2023-10-24T04:16:00.000Z","end":"2023-10-24T04:17:00.000Z"},"country":"EIRE","OPM":2,"total_sales_volume":57.83999967575073,"rate_of_return":0.0}
{"window":{"start":"2023-10-25T17:47:00.000Z","end":"2023-10-25T17:48:00.000Z"},"country":"Germany","OPM":2,"total_sales_volume":249.12999829649925,"rate_of_return":0.0}
{"window":{"start":"2023-10-28T03:04:00.000Z","end":"2023-10-28T03:05:00.000Z"},"country":"United Kingdom","OPM":10,"total_sales_volume":691.5899952948093,"rate_of_return":0.1}
{"window":{"start":"2023-10-26T13:32:00.000Z","end":"2023-10-26T13:33:00.000Z"},"country":"United Kingdom","OPM":5,"total_sales_volume":240.16999846696854,"rate_of_return":0.0}
{"window":{"start":"2023-10-23T14:31:00.000Z","end":"2023-10-23T14:32:00.000Z"},"country":"Portugal","OPM":1,"total_sales_volume":8.740000009536743,"rate_of_return":0.0}
{"window":{"start":"2023-10-24T05:24:00.000Z","end":"2023-10-24T05:25:00.000Z"},"country":"United Kingdom","OPM":5,"total_sales_volume":386.95000272989273,"rate_of_return":0.0}
{"window":{"start":"2023-10-24T21:13:00.000Z","end":"2023-10-24T21:14:00.000Z"},"country":"United Kingdom","OPM":10,"total_sales_volume":949.5199987888336,"rate_of_return":0.0}
{"window":{"start":"2023-10-25T09:33:00.000Z","end":"2023-10-25T09:34:00.000Z"},"country":"Poland","OPM":1,"total_sales_volume":212.40000012516975,"rate_of_return":0.0}
{"window":{"start":"2023-10-25T13:06:00.000Z","end":"2023-10-25T13:07:00.000Z"},"country":"United Kingdom","OPM":6,"total_sales_volume":283.7099968791008,"rate_of_return":0.0}
{"window":{"start":"2023-10-26T17:08:00.000Z","end":"2023-10-26T17:09:00.000Z"},"country":"Germany","OPM":1,"total_sales_volume":3.7799998819828033,"rate_of_return":0.0}
{"window":{"start":"2023-10-26T16:39:00.000Z","end":"2023-10-26T16:40:00.000Z"},"country":"Germany","OPM":1,"total_sales_volume":33.99999952316284,"rate_of_return":0.0}
{"window":{"start":"2023-10-25T06:04:00.000Z","end":"2023-10-25T06:05:00.000Z"},"country":"United Kingdom","OPM":5,"total_sales_volume":409.3999936133623,"rate_of_return":0.2}
{"window":{"start":"2023-10-23T19:32:00.000Z","end":"2023-10-23T19:33:00.000Z"},"country":"United Kingdom","OPM":11,"total_sales_volume":243.31999814510345,"rate_of_return":0.18181818181818182}
{"window":{"start":"2023-10-23T12:31:00.000Z","end":"2023-10-23T12:32:00.000Z"},"country":"Germany","OPM":1,"total_sales_volume":30.079999327659607,"rate_of_return":0.0}
{"window":{"start":"2023-10-27T08:23:00.000Z","end":"2023-10-27T08:24:00.000Z"},"country":"United Kingdom","OPM":14,"total_sales_volume":696.0800099372864,"rate_of_return":0.07142857142857142}
{"window":{"start":"2023-10-25T05:48:00.000Z","end":"2023-10-25T05:49:00.000Z"},"country":"EIRE","OPM":1,"total_sales_volume":6.579999923706055,"rate_of_return":0.0}
{"window":{"start":"2023-10-27T14:07:00.000Z","end":"2023-10-27T14:08:00.000Z"},"country":"United Kingdom","OPM":6,"total_sales_volume":346.6900016069412,"rate_of_return":0.0}
{"window":{"start":"2023-10-27T21:28:00.000Z","end":"2023-10-27T21:29:00.000Z"},"country":"France","OPM":1,"total_sales_volume":306.8999991416931,"rate_of_return":0.0}
{"window":{"start":"2023-10-24T15:41:00.000Z","end":"2023-10-24T15:42:00.000Z"},"country":"United Kingdom","OPM":13,"total_sales_volume":1041.9300012290478,"rate_of_return":0.07692307692307693}
{"window":{"start":"2023-10-26T13:36:00.000Z","end":"2023-10-26T13:37:00.000Z"},"country":"United Kingdom","OPM":14,"total_sales_volume":525.4799991846085,"rate_of_return":0.0}
{"window":{"start":"2023-10-26T11:52:00.000Z","end":"2023-10-26T11:53:00.000Z"},"country":"Germany","OPM":1,"total_sales_volume":149.58999824523926,"rate_of_return":0.0}
{"window":{"start":"2023-10-24T09:12:00.000Z","end":"2023-10-24T09:13:00.000Z"},"country":"Netherlands","OPM":1,"total_sales_volume":37.40000081062317,"rate_of_return":0.0}
{"window":{"start":"2023-10-25T23:08:00.000Z","end":"2023-10-25T23:09:00.000Z"},"country":"United Kingdom","OPM":10,"total_sales_volume":184.42999884486198,"rate_of_return":0.1}
{"window":{"start":"2023-10-28T00:51:00.000Z","end":"2023-10-28T00:52:00.000Z"},"country":"United Kingdom","OPM":14,"total_sales_volume":1519.2899904847145,"rate_of_return":0.07142857142857142}
{"window":{"start":"2023-10-27T15:15:00.000Z","end":"2023-10-27T15:16:00.000Z"},"country":"EIRE","OPM":1,"total_sales_volume":25.699999809265137,"rate_of_return":0.0}
{"window":{"start":"2023-10-25T06:34:00.000Z","end":"2023-10-25T06:35:00.000Z"},"country":"United Kingdom","OPM":5,"total_sales_volume":406.1100006699562,"rate_of_return":0.0}
{"window":{"start":"2023-10-26T01:03:00.000Z","end":"2023-10-26T01:04:00.000Z"},"country":"Australia","OPM":1,"total_sales_volume":42.08000111579895,"rate_of_return":0.0}
{"window":{"start":"2023-10-23T12:40:00.000Z","end":"2023-10-23T12:41:00.000Z"},"country":"Germany","OPM":1,"total_sales_volume":43.209999084472656,"rate_of_return":0.0}
{"window":{"start":"2023-10-25T13:40:00.000Z","end":"2023-10-25T13:41:00.000Z"},"country":"United Kingdom","OPM":7,"total_sales_volume":356.1200025379658,"rate_of_return":0.0}
{"window":{"start":"2023-10-25T22:59:00.000Z","end":"2023-10-25T23:00:00.000Z"},"country":"France","OPM":1,"total_sales_volume":2.5,"rate_of_return":0.0}
{"window":{"start":"2023-10-24T01:02:00.000Z","end":"2023-10-24T01:03:00.000Z"},"country":"Channel Islands","OPM":1,"total_sales_volume":-24.959999084472656,"rate_of_return":1.0}
