{"window":{"start":"2023-10-26T00:00:00.000Z","end":"2023-10-26T00:01:00.000Z"},"country":"United Kingdom","OPM":9,"total_sales_volume":677.2500009983778,"rate_of_return":0.1111111111111111}
{"window":{"start":"2023-10-27T00:43:00.000Z","end":"2023-10-27T00:44:00.000Z"},"country":"United Kingdom","OPM":7,"total_sales_volume":544.7899965047836,"rate_of_return":0.0}
{"window":{"start":"2023-10-28T02:09:00.000Z","end":"2023-10-28T02:10:00.000Z"},"country":"EIRE","OPM":1,"total_sales_volume":43.9300000667572,"rate_of_return":0.0}
{"window":{"start":"2023-10-27T03:08:00.000Z","end":"2023-10-27T03:09:00.000Z"},"country":"United Kingdom","OPM":10,"total_sales_volume":1013.2100129425526,"rate_of_return":0.2}
{"window":{"start":"2023-10-23T13:09:00.000Z","end":"2023-10-23T13:10:00.000Z"},"country":"France","OPM":1,"total_sales_volume":3.8299999833106995,"rate_of_return":0.0}
{"window":{"start":"2023-10-25T23:47:00.000Z","end":"2023-10-25T23:48:00.000Z"},"country":"United Kingdom","OPM":12,"total_sales_volume":866.1799963712692,"rate_of_return":0.08333333333333333}
{"window":{"start":"2023-10-24T08:43:00.000Z","end":"2023-10-24T08:44:00.000Z"},"country":"United Kingdom","OPM":4,"total_sales_volume":679.2399892807007,"rate_of_return":0.0}
{"window":{"start":"2023-10-25T18:26:00.000Z","end":"2023-10-25T18:27:00.000Z"},"country":"United Kingdom","OPM":9,"total_sales_volume":282.24000230431557,"rate_of_return":0.0}
{"window":{"start":"2023-10-24T19:27:00.000Z","end":"2023-10-24T19:28:00.000Z"},"country":"United Kingdom","OPM":12,"total_sales_volume":444.3199971616268,"rate_of_return":0.0}
{"window":{"start":"2023-10-26T17:14:00.000Z","end":"2023-10-26T17:15:00.000Z"},"country":"EIRE","OPM":1,"total_sales_volume":173.55999875068665,"rate_of_return":0.0}
{"window":{"start":"2023-10-27T08:16:00.000Z","end":"2023-10-27T08:17:00.000Z"},"country":"Austria","OPM":1,"total_sales_volume":12.750000238418579,"rate_of_return":0.0}
{"window":{"start":"2023-10-23T16:02:00.000Z","end":"2023-10-23T16:03:00.000Z"},"country":"Poland","OPM":1,"total_sales_volume":43.98999983072281,"rate_of_return":0.0}
{"window":{"start":"2023-10-23T18:20:00.000Z","end":"2023-10-23T18:21:00.000Z"},"country":"Hong Kong","OPM":1,"total_sales_volume":53.84999918937683,"rate_of_return":0.0}
{"window":{"start":"2023-10-28T01:34:00.000Z","end":"2023-10-28T01:35:00.000Z"},"country":"France","OPM":1,"total_sales_volume":70.82000064849854,"rate_of_return":0.0}
{"window":{"start":"2023-10-26T01:43:00.000Z","end":"2023-10-26T01:44:00.000Z"},"country":"Germany","OPM":1,"total_sales_volume":120.4000015258789,"rate_of_return":0.0}
{"window":{"start":"2023-10-25T03:33:00.000Z","end":"2023-10-25T03:34:00.000Z"},"country":"Germany","OPM":1,"total_sales_volume":17.350000381469727,"rate_of_return":0.0}
{"window":{"start":"2023-10-26T15:40:00.000Z","end":"2023-10-26T15:41:00.000Z"},"country":"Germany","OPM":1,"total_sales_volume":14.239999771118164,"rate_of_return":0.0}
{"window":{"start":"2023-10-25T13:07:00.000Z","end":"2023-10-25T13:08:00.000Z"},"country":"Belgium","OPM":1,"total_sales_volume":2.3399999141693115,"rate_of_return":0.0}
{"window":{"start":"2023-10-24T05:37:00.000Z","end":"2023-10-24T05:38:00.000Z"},"country":"United Kingdom","OPM":7,"total_sales_volume":235.15999990701675,"rate_of_return":0.14285714285714285}
{"window":{"start":"2023-10-25T13:42:00.000Z","end":"2023-10-25T13:43:00.000Z"},"country":"EIRE","OPM":1,"total_sales_volume":169.72000324726105,"rate_of_return":0.0}
{"window":{"start":"2023-10-26T08:48:00.000Z","end":"2023-10-26T08:49:00.000Z"},"country":"Germany","OPM":1,"total_sales_volume":40.28000020980835,"rate_of_return":0.0}
{"window":{"start":"2023-10-25T19:55:00.000Z","end":"2023-10-25T19:56:00.000Z"},"country":"Germany","OPM":1,"total_sales_volume":46.59999942779541,"rate_of_return":0.0}
{"window":{"start":"2023-10-26T16:20:00.000Z","end":"2023-10-26T16:21:00.000Z"},"country":"United Kingdom","OPM":6,"total_sales_volume":153.5400012433529,"rate_of_return":0.0}
{"window":{"start":"2023-10-25T12:38:00.000Z","end":"2023-10-25T12:39:00.000Z"},"country":"Netherlands","OPM":1,"total_sales_volume":216.92999625205994,"rate_of_return":0.0}
{"window":{"start":"2023-10-26T14:50:00.000Z","end":"2023-10-26T14:51:00.000Z"},"country":"United Kingdom","OPM":9,"total_sales_volume":1700.0699574053288,"rate_of_return":0.0}
{"window":{"start":"2023-10-23T21:27:00.000Z","end":"2023-10-23T21:28:00.000Z"},"country":"United Kingdom","OPM":15,"total_sales_volume":652.6399912834167,"rate_of_return":0.13333333333333333}
{"window":{"start":"2023-10-26T11:18:00.000Z","end":"2023-10-26T11:19:00.000Z"},"country":"United Kingdom","OPM":12,"total_sales_volume":800.1199956536293,"rate_of_return":0.08333333333333333}
{"window":{"start":"2023-10-27T06:44:00.000Z","end":"2023-10-27T06:45:00.000Z"},"country":"United Kingdom","OPM":7,"total_sales_volume":521.9599988162518,"rate_of_return":0.14285714285714285}
{"window":{"start":"2023-10-26T01:58:00.000Z","end":"2023-10-26T01:59:00.000Z"},"country":"United Kingdom","OPM":10,"total_sales_volume":409.8599945604801,"rate_of_return":0.0}
{"window":{"start":"2023-10-25T12:04:00.000Z","end":"2023-10-25T12:05:00.000Z"},"country":"Norway","OPM":1,"total_sales_volume":53.8199987411499,"rate_of_return":0.0}
{"window":{"start":"2023-10-23T21:00:00.000Z","end":"2023-10-23T21:01:00.000Z"},"country":"Belgium","OPM":1,"total_sales_volume":11.630000114440918,"rate_of_return":0.0}
{"window":{"start":"2023-10-26T16:31:00.000Z","end":"2023-10-26T16:32:00.000Z"},"country":"United Kingdom","OPM":8,"total_sales_volume":1012.3300142586231,"rate_of_return":0.125}
{"window":{"start":"2023-10-24T16:47:00.000Z","end":"2023-10-24T16:48:00.000Z"},"country":"United Kingdom","OPM":10,"total_sales_volume":216.3499931395054,"rate_of_return":0.2}
{"window":{"start":"2023-10-24T00:26:00.000Z","end":"2023-10-24T00:27:00.000Z"},"country":"United Kingdom","OPM":3,"total_sales_volume":132.9700002670288,"rate_of_return":0.0}
{"window":{"start":"2023-10-27T17:06:00.000Z","end":"2023-10-27T17:07:00.000Z"},"country":"United Kingdom","OPM":14,"total_sales_volume":2298.929990798235,"rate_of_return":0.0}
{"window":{"start":"2023-10-25T03:00:00.000Z","end":"2023-10-25T03:01:00.000Z"},"country":"France","OPM":1,"total_sales_volume":95.6199996471405,"rate_of_return":0.0}
{"window":{"start":"2023-10-27T04:33:00.000Z","end":"2023-10-27T04:34:00.000Z"},"country":"United Kingdom","OPM":8,"total_sales_volume":93.71000018715858,"rate_of_return":0.375}
{"window":{"start":"2023-10-23T21:52:00.000Z","end":"2023-10-23T21:53:00.000Z"},"country":"Switzerland","OPM":1,"total_sales_volume":88.35999971628189,"rate_of_return":0.0}
{"window":{"start":"2023-10-26T14:05:00.000Z","end":"2023-10-26T14:06:00.000Z"},"country":"United Kingdom","OPM":6,"total_sales_volume":670.3999963104725,"rate_of_return":0.0}
{"window":{"start":"2023-10-27T11:08:00.000Z","end":"2023-10-27T11:09:00.000Z"},"country":"EIRE","OPM":1,"total_sales_volume":53.25999975204468,"rate_of_return":0.0}
{"window":{"start":"2023-10-26T15:43:00.000Z","end":"2023-10-26T15:44:00.000Z"},"country":"Portugal","OPM":1,"total_sales_volume":24.749999523162842,"rate_of_return":0.0}
{"window":{"start":"2023-10-24T13:54:00.000Z","end":"2023-10-24T13:55:00.000Z"},"country":"Spain","OPM":1,"total_sales_volume":13.919999599456787,"rate_of_return":0.0}
{"window":{"start":"2023-10-25T21:22:00.000Z","end":"2023-10-25T21:23:00.000Z"},"country":"Germany","OPM":1,"total_sales_volume":28.109999895095825,"rate_of_return":0.0}
{"window":{"start":"2023-10-27T09:04:00.000Z","end":"2023-10-27T09:05:00.000Z"},"country":"United Kingdom","OPM":10,"total_sales_volume":236.62000170350075,"rate_of_return":0.1}
{"window":{"start":"2023-10-24T19:53:00.000Z","end":"2023-10-24T19:54:00.000Z"},"country":"United Kingdom","OPM":11,"total_sales_volume":650.5700009465218,"rate_of_return":0.0}
{"window":{"start":"2023-10-26T02:04:00.000Z","end":"2023-10-26T02:05:00.000Z"},"country":"Germany","OPM":1,"total_sales_volume":31.600000381469727,"rate_of_return":0.0}
{"window":{"start":"2023-10-27T16:51:00.000Z","end":"2023-10-27T16:52:00.000Z"},"country":"United Kingdom","OPM":12,"total_sales_volume":587.1799979805946,"rate_of_return":0.0}
{"window":{"start":"2023-10-27T17:54:00.000Z","end":"2023-10-27T17:55:00.000Z"},"country":"United Kingdom","OPM":7,"total_sales_volume":376.44999665021896,"rate_of_return":0.0}
{"window":{"start":"2023-10-24T09:15:00.000Z","end":"2023-10-24T09:16:00.000Z"},"country":"France","OPM":1,"total_sales_volume":0.949999988079071,"rate_of_return":0.0}
{"window":{"start":"2023-10-24T05:48:00.000Z","end":"2023-10-24T05:49:00.000Z"},"country":"United Kingdom","OPM":5,"total_sales_volume":1856.949966430664,"rate_of_return":0.0}
{"window":{"start":"2023-10-25T06:44:00.000Z","end":"2023-10-25T06:45:00.000Z"},"country":"Germany","OPM":2,"total_sales_volume":10.59000039100647,"rate_of_return":0.5}
