{"window":{"start":"2023-10-26T17:03:00.000Z","end":"2023-10-26T17:04:00.000Z"},"country":"United Kingdom","OPM":8,"total_sales_volume":379.3399923443794,"rate_of_return":0.125}
{"window":{"start":"2023-10-28T01:16:00.000Z","end":"2023-10-28T01:17:00.000Z"},"country":"United Kingdom","OPM":14,"total_sales_volume":914.2899992465973,"rate_of_return":0.14285714285714285}
{"window":{"start":"2023-10-23T18:11:00.000Z","end":"2023-10-23T18:12:00.000Z"},"country":"United Kingdom","OPM":7,"total_sales_volume":1771.5699643194675,"rate_of_return":0.14285714285714285}
{"window":{"start":"2023-10-24T17:53:00.000Z","end":"2023-10-24T17:54:00.000Z"},"country":"United Kingdom","OPM":9,"total_sales_volume":1224.1099886000156,"rate_of_return":0.0}
{"window":{"start":"2023-10-23T15:46:00.000Z","end":"2023-10-23T15:47:00.000Z"},"country":"United Kingdom","OPM":13,"total_sales_volume":741.1099973320961,"rate_of_return":0.0}
{"window":{"start":"2023-10-27T16:19:00.000Z","end":"2023-10-27T16:20:00.000Z"},"country":"EIRE","OPM":1,"total_sales_volume":21.119999796152115,"rate_of_return":0.0}
{"window":{"start":"2023-10-26T18:09:00.000Z","end":"2023-10-26T18:10:00.000Z"},"country":"EIRE","OPM":1,"total_sales_volume":15.450000047683716,"rate_of_return":0.0}
{"window":{"start":"2023-10-24T11:00:00.000Z","end":"2023-10-24T11:01:00.000Z"},"country":"United Kingdom","OPM":9,"total_sales_volume":404.9900006353855,"rate_of_return":0.1111111111111111}
{"window":{"start":"2023-10-24T05:22:00.000Z","end":"2023-10-24T05:23:00.000Z"},"country":"United Kingdom","OPM":12,"total_sales_volume":661.4699909687042,"rate_of_return":0.08333333333333333}
{"window":{"start":"2023-10-26T16:23:00.000Z","end":"2023-10-26T16:24:00.000Z"},"country":"United Kingdom","OPM":11,"total_sales_volume":202.72999460995197,"rate_of_return":0.18181818181818182}
{"window":{"start":"2023-10-27T22:27:00.000Z","end":"2023-10-27T22:28:00.000Z"},"country":"Germany","OPM":1,"total_sales_volume":2.5,"rate_of_return":0.0}
{"window":{"start":"2023-10-24T13:13:00.000Z","end":"2023-10-24T13:14:00.000Z"},"country":"United Kingdom","OPM":11,"total_sales_volume":215.32999977469444,"rate_of_return":0.0}
{"window":{"start":"2023-10-25T10:58:00.000Z","end":"2023-10-25T10:59:00.000Z"},"country":"United Kingdom","OPM":5,"total_sales_volume":252.3999996483326,"rate_of_return":0.0}
{"window":{"start":"2023-10-27T03:14:00.000Z","end":"2023-10-27T03:15:00.000Z"},"country":"United Kingdom","OPM":8,"total_sales_volume":1050.660000771284,"rate_of_return":0.0}
{"window":{"start":"2023-10-24T09:24:00.000Z","end":"2023-10-24T09:25:00.000Z"},"country":"United Kingdom","OPM":10,"total_sales_volume":913.7999865710735,"rate_of_return":0.0}
{"window":{"start":"2023-10-23T18:51:00.000Z","end":"2023-10-23T18:52:00.000Z"},"country":"United Kingdom","OPM":11,"total_sales_volume":526.0500020682812,"rate_of_return":0.09090909090909091}
{"window":{"start":"2023-10-27T19:09:00.000Z","end":"2023-10-27T19:10:00.000Z"},"country":"United Kingdom","OPM":8,"total_sales_volume":51.069999516010284,"rate_of_return":0.125}
{"window":{"start":"2023-10-23T15:59:00.000Z","end":"2023-10-23T16:00:00.000Z"},"country":"United Kingdom","OPM":13,"total_sales_volume":613.6799948811531,"rate_of_return":0.0}
{"window":{"start":"2023-10-24T07:59:00.000Z","end":"2023-10-24T08:00:00.000Z"},"country":"United Kingdom","OPM":8,"total_sales_volume":1435.6300211250782,"rate_of_return":0.0}
{"window":{"start":"2023-10-23T14:30:00.000Z","end":"2023-10-23T14:31:00.000Z"},"country":"United Kingdom","OPM":9,"total_sales_volume":182.26999858021736,"rate_of_return":0.3333333333333333}
{"window":{"start":"2023-10-24T18:37:00.000Z","end":"2023-10-24T18:38:00.000Z"},"country":"Spain","OPM":1,"total_sales_volume":23.80999994277954,"rate_of_return":0.0}
{"window":{"start":"2023-10-26T13:44:00.000Z","end":"2023-10-26T13:45:00.000Z"},"country":"United Kingdom","OPM":13,"total_sales_volume":1228.9599964916706,"rate_of_return":0.0}
{"window":{"start":"2023-10-26T08:59:00.000Z","end":"2023-10-26T09:00:00.000Z"},"country":"France","OPM":1,"total_sales_volume":-15.0,"rate_of_return":1.0}
{"window":{"start":"2023-10-24T17:32:00.000Z","end":"2023-10-24T17:33:00.000Z"},"country":"United Kingdom","OPM":3,"total_sales_volume":33.430000483989716,"rate_of_return":0.0}
{"window":{"start":"2023-10-28T04:03:00.000Z","end":"2023-10-28T04:04:00.000Z"},"country":"United Kingdom","OPM":15,"total_sales_volume":749.0300022661686,"rate_of_return":0.06666666666666667}
{"window":{"start":"2023-10-23T22:21:00.000Z","end":"2023-10-23T22:22:00.000Z"},"country":"United Kingdom","OPM":14,"total_sales_volume":710.1399946808815,"rate_of_return":0.0}
{"window":{"start":"2023-10-24T08:34:00.000Z","end":"2023-10-24T08:35:00.000Z"},"country":"Germany","OPM":1,"total_sales_volume":46.07000017166138,"rate_of_return":0.0}
{"window":{"start":"2023-10-24T10:02:00.000Z","end":"2023-10-24T10:03:00.000Z"},"country":"France","OPM":1,"total_sales_volume":241.1000039577484,"rate_of_return":0.0}
{"window":{"start":"2023-10-26T22:30:00.000Z","end":"2023-10-26T22:31:00.000Z"},"country":"United Kingdom","OPM":10,"total_sales_volume":532.9399952292442,"rate_of_return":0.0}
{"window":{"start":"2023-10-27T11:00:00.000Z","end":"2023-10-27T11:01:00.000Z"},"country":"United Kingdom","OPM":11,"total_sales_volume":345.4900007843971,"rate_of_return":0.18181818181818182}
{"window":{"start":"2023-10-27T04:40:00.000Z","end":"2023-10-27T04:41:00.000Z"},"country":"France","OPM":1,"total_sales_volume":96.05999946594238,"rate_of_return":0.0}
{"window":{"start":"2023-10-27T21:40:00.000Z","end":"2023-10-27T21:41:00.000Z"},"country":"United Kingdom","OPM":11,"total_sales_volume":593.7699964642525,"rate_of_return":0.09090909090909091}
{"window":{"start":"2023-10-25T03:51:00.000Z","end":"2023-10-25T03:52:00.000Z"},"country":"United Kingdom","OPM":9,"total_sales_volume":856.0899923741817,"rate_of_return":0.0}
{"window":{"start":"2023-10-24T08:33:00.000Z","end":"2023-10-24T08:34:00.000Z"},"country":"Switzerland","OPM":1,"total_sales_volume":-417.35001158714294,"rate_of_return":1.0}
{"window":{"start":"2023-10-24T02:33:00.000Z","end":"2023-10-24T02:34:00.000Z"},"country":"United Kingdom","OPM":15,"total_sales_volume":740.3100065588951,"rate_of_return":0.06666666666666667}
{"window":{"start":"2023-10-23T23:13:00.000Z","end":"2023-10-23T23:14:00.000Z"},"country":"United Kingdom","OPM":11,"total_sales_volume":610.0400024950504,"rate_of_return":0.0}
{"window":{"start":"2023-10-24T23:58:00.000Z","end":"2023-10-24T23:59:00.000Z"},"country":"United Kingdom","OPM":10,"total_sales_volume":566.620002835989,"rate_of_return":0.0}
{"window":{"start":"2023-10-27T00:45:00.000Z","end":"2023-10-27T00:46:00.000Z"},"country":"EIRE","OPM":1,"total_sales_volume":149.72000017762184,"rate_of_return":0.0}
{"window":{"start":"2023-10-26T10:27:00.000Z","end":"2023-10-26T10:28:00.000Z"},"country":"United Kingdom","OPM":13,"total_sales_volume":425.5499993264675,"rate_of_return":0.0}
{"window":{"start":"2023-10-24T23:08:00.000Z","end":"2023-10-24T23:09:00.000Z"},"country":"United Kingdom","OPM":7,"total_sales_volume":394.3199952840805,"rate_of_return":0.0}
{"window":{"start":"2023-10-26T17:19:00.000Z","end":"2023-10-26T17:20:00.000Z"},"country":"United Kingdom","OPM":14,"total_sales_volume":964.8999883532524,"rate_of_return":0.14285714285714285}
{"window":{"start":"2023-10-24T11:12:00.000Z","end":"2023-10-24T11:13:00.000Z"},"country":"United Kingdom","OPM":8,"total_sales_volume":664.4399967193604,"rate_of_return":0.125}
{"window":{"start":"2023-10-27T23:37:00.000Z","end":"2023-10-27T23:38:00.000Z"},"country":"United Kingdom","OPM":7,"total_sales_volume":1210.729978352785,"rate_of_return":0.0}
{"window":{"start":"2023-10-25T01:57:00.000Z","end":"2023-10-25T01:58:00.000Z"},"country":"Germany","OPM":1,"total_sales_volume":40.79999923706055,"rate_of_return":0.0}
{"window":{"start":"2023-10-26T12:04:00.000Z","end":"2023-10-26T12:05:00.000Z"},"country":"United Kingdom","OPM":4,"total_sales_volume":284.3699947297573,"rate_of_return":0.0}
{"window":{"start":"2023-10-25T23:13:00.000Z","end":"2023-10-25T23:14:00.000Z"},"country":"United Kingdom","OPM":4,"total_sales_volume":819.9300117492676,"rate_of_return":0.0}
{"window":{"start":"2023-10-27T00:31:00.000Z","end":"2023-10-27T00:32:00.000Z"},"country":"United Kingdom","OPM":15,"total_sales_volume":2423.0799589157104,"rate_of_return":0.0}
{"window":{"start":"2023-10-27T20:58:00.000Z","end":"2023-10-27T20:59:00.000Z"},"country":"United Kingdom","OPM":7,"total_sales_volume":248.20999705791473,"rate_of_return":0.0}
{"window":{"start":"2023-10-24T12:00:00.000Z","end":"2023-10-24T12:01:00.000Z"},"country":"United Kingdom","OPM":15,"total_sales_volume":691.3399930596352,"rate_of_return":0.0}
{"window":{"start":"2023-10-25T13:23:00.000Z","end":"2023-10-25T13:24:00.000Z"},"country":"Germany","OPM":1,"total_sales_volume":100.57000279426575,"rate_of_return":0.0}
{"window":{"start":"2023-10-27T04:53:00.000Z","end":"2023-10-27T04:54:00.000Z"},"country":"United Kingdom","OPM":14,"total_sales_volume":724.7899976968765,"rate_of_return":0.07142857142857142}
{"window":{"start":"2023-10-23T17:41:00.000Z","end":"2023-10-23T17:42:00.000Z"},"country":"United Kingdom","OPM":4,"total_sales_volume":1966.6399985551834,"rate_of_return":0.0}
{"window":{"start":"2023-10-27T10:29:00.000Z","end":"2023-10-27T10:30:00.000Z"},"country":"United Kingdom","OPM":12,"total_sales_volume":358.70000064373016,"rate_of_return":0.25}
{"window":{"start":"2023-10-26T04:42:00.000Z","end":"2023-10-26T04:43:00.000Z"},"country":"France","OPM":1,"total_sales_volume":36.05999970436096,"rate_of_return":0.0}
{"window":{"start":"2023-10-27T11:27:00.000Z","end":"2023-10-27T11:28:00.000Z"},"country":"United Kingdom","OPM":6,"total_sales_volume":451.42999798059464,"rate_of_return":0.0}
{"window":{"start":"2023-10-25T03:40:00.000Z","end":"2023-10-25T03:41:00.000Z"},"country":"United Kingdom","OPM":10,"total_sales_volume":12.289995640516281,"rate_of_return":0.2}
{"window":{"start":"2023-10-26T12:53:00.000Z","end":"2023-10-26T12:54:00.000Z"},"country":"United Kingdom","OPM":11,"total_sales_volume":383.3800028562546,"rate_of_return":0.09090909090909091}
{"window":{"start":"2023-10-24T01:58:00.000Z","end":"2023-10-24T01:59:00.000Z"},"country":"United Kingdom","OPM":8,"total_sales_volume":177.40000051259995,"rate_of_return":0.125}
{"window":{"start":"2023-10-25T16:08:00.000Z","end":"2023-10-25T16:09:00.000Z"},"country":"United Kingdom","OPM":7,"total_sales_volume":364.9399966597557,"rate_of_return":0.0}
{"window":{"start":"2023-10-24T01:44:00.000Z","end":"2023-10-24T01:45:00.000Z"},"country":"United Kingdom","OPM":6,"total_sales_volume":331.3099985271692,"rate_of_return":0.0}
{"window":{"start":"2023-10-23T20:40:00.000Z","end":"2023-10-23T20:41:00.000Z"},"country":"USA","OPM":1,"total_sales_volume":42.700000286102295,"rate_of_return":0.0}
{"window":{"start":"2023-10-26T17:03:00.000Z","end":"2023-10-26T17:04:00.000Z"},"country":"Germany","OPM":2,"total_sales_volume":160.7300000488758,"rate_of_return":0.0}
{"window":{"start":"2023-10-27T02:07:00.000Z","end":"2023-10-27T02:08:00.000Z"},"country":"United Kingdom","OPM":17,"total_sales_volume":865.2299879193306,"rate_of_return":0.058823529411764705}
{"window":{"start":"2023-10-25T09:51:00.000Z","end":"2023-10-25T09:52:00.000Z"},"country":"EIRE","OPM":1,"total_sales_volume":-267.3599942922592,"rate_of_return":1.0}
{"window":{"start":"2023-10-26T19:25:00.000Z","end":"2023-10-26T19:26:00.000Z"},"country":"United Kingdom","OPM":12,"total_sales_volume":710.0899831652641,"rate_of_return":0.0}
{"window":{"start":"2023-10-24T23:35:00.000Z","end":"2023-10-24T23:36:00.000Z"},"country":"United Kingdom","OPM":15,"total_sales_volume":-277.7300215959549,"rate_of_return":0.06666666666666667}
{"window":{"start":"2023-10-26T14:43:00.000Z","end":"2023-10-26T14:44:00.000Z"},"country":"EIRE","OPM":1,"total_sales_volume":153.69999587535858,"rate_of_return":0.0}
{"window":{"start":"2023-10-24T10:39:00.000Z","end":"2023-10-24T10:40:00.000Z"},"country":"United Kingdom","OPM":13,"total_sales_volume":1411.5799897015095,"rate_of_return":0.07692307692307693}
