{"window":{"start":"2023-10-27T09:05:00.000Z","end":"2023-10-27T09:06:00.000Z"},"country":"United Kingdom","OPM":11,"total_sales_volume":383.92999947071075,"rate_of_return":0.0}
{"window":{"start":"2023-10-23T15:32:00.000Z","end":"2023-10-23T15:33:00.000Z"},"country":"United Kingdom","OPM":10,"total_sales_volume":2503.230005323887,"rate_of_return":0.0}
{"window":{"start":"2023-10-27T20:08:00.000Z","end":"2023-10-27T20:09:00.000Z"},"country":"United Kingdom","OPM":11,"total_sales_volume":548.4999964237213,"rate_of_return":0.0}
{"window":{"start":"2023-10-25T21:39:00.000Z","end":"2023-10-25T21:40:00.000Z"},"country":"United Kingdom","OPM":13,"total_sales_volume":667.2099952995777,"rate_of_return":0.07692307692307693}
{"window":{"start":"2023-10-25T13:49:00.000Z","end":"2023-10-25T13:50:00.000Z"},"country":"United Kingdom","OPM":6,"total_sales_volume":410.97999933362007,"rate_of_return":0.16666666666666666}
{"window":{"start":"2023-10-25T00:58:00.000Z","end":"2023-10-25T00:59:00.000Z"},"country":"EIRE","OPM":1,"total_sales_volume":64.9799992442131,"rate_of_return":0.0}
{"window":{"start":"2023-10-25T08:45:00.000Z","end":"2023-10-25T08:46:00.000Z"},"country":"United Kingdom","OPM":5,"total_sales_volume":300.4899993240833,"rate_of_return":0.0}
{"window":{"start":"2023-10-27T11:42:00.000Z","end":"2023-10-27T11:43:00.000Z"},"country":"Australia","OPM":1,"total_sales_volume":119.33000147342682,"rate_of_return":0.0}
{"window":{"start":"2023-10-24T05:43:00.000Z","end":"2023-10-24T05:44:00.000Z"},"country":"France","OPM":1,"total_sales_volume":63.08999991416931,"rate_of_return":0.0}
{"window":{"start":"2023-10-27T11:47:00.000Z","end":"2023-10-27T11:48:00.000Z"},"country":"United Kingdom","OPM":5,"total_sales_volume":237.1099937558174,"rate_of_return":0.2}
{"window":{"start":"2023-10-24T04:18:00.000Z","end":"2023-10-24T04:19:00.000Z"},"country":"Japan","OPM":1,"total_sales_volume":34.44999969005585,"rate_of_return":0.0}
{"window":{"start":"2023-10-24T19:17:00.000Z","end":"2023-10-24T19:18:00.000Z"},"country":"Switzerland","OPM":1,"total_sales_volume":0.8299999833106995,"rate_of_return":0.0}
{"window":{"start":"2023-10-26T00:07:00.000Z","end":"2023-10-26T00:08:00.000Z"},"country":"Belgium","OPM":1,"total_sales_volume":8.010000169277191,"rate_of_return":0.0}
{"window":{"start":"2023-10-24T19:11:00.000Z","end":"2023-10-24T19:12:00.000Z"},"country":"United Kingdom","OPM":8,"total_sales_volume":565.6599932909012,"rate_of_return":0.125}
{"window":{"start":"2023-10-27T01:42:00.000Z","end":"2023-10-27T01:43:00.000Z"},"country":"United Kingdom","OPM":4,"total_sales_volume":212.2999987900257,"rate_of_return":0.0}
{"window":{"start":"2023-10-25T17:37:00.000Z","end":"2023-10-25T17:38:00.000Z"},"country":"United Kingdom","OPM":13,"total_sales_volume":581.6699983477592,"rate_of_return":0.15384615384615385}
{"window":{"start":"2023-10-23T19:48:00.000Z","end":"2023-10-23T19:49:00.000Z"},"country":"United Kingdom","OPM":8,"total_sales_volume":7601.540077894926,"rate_of_return":0.0}
{"window":{"start":"2023-10-25T16:34:00.000Z","end":"2023-10-25T16:35:00.000Z"},"country":"United Kingdom","OPM":9,"total_sales_volume":357.1000000089407,"rate_of_return":0.1111111111111111}
{"window":{"start":"2023-10-25T11:24:00.000Z","end":"2023-10-25T11:25:00.000Z"},"country":"United Kingdom","OPM":10,"total_sales_volume":1013.2099867463112,"rate_of_return":0.1}
{"window":{"start":"2023-10-24T02:50:00.000Z","end":"2023-10-24T02:51:00.000Z"},"country":"France","OPM":1,"total_sales_volume":169.08999598026276,"rate_of_return":0.0}
{"window":{"start":"2023-10-25T18:26:00.000Z","end":"2023-10-25T18:27:00.000Z"},"country":"France","OPM":1,"total_sales_volume":163.54000282287598,"rate_of_return":0.0}
{"window":{"start":"2023-10-26T16:34:00.000Z","end":"2023-10-26T16:35:00.000Z"},"country":"France","OPM":1,"total_sales_volume":30.299999833106995,"rate_of_return":0.0}
{"window":{"start":"2023-10-23T23:27:00.000Z","end":"2023-10-23T23:28:00.000Z"},"country":"France","OPM":1,"total_sales_volume":326.609994828701,"rate_of_return":0.0}
{"window":{"start":"2023-10-24T10:05:00.000Z","end":"2023-10-24T10:06:00.000Z"},"country":"United Kingdom","OPM":12,"total_sales_volume":5761.689921051264,"rate_of_return":0.16666666666666666}
{"window":{"start":"2023-10-26T01:26:00.000Z","end":"2023-10-26T01:27:00.000Z"},"country":"France","OPM":1,"total_sales_volume":120.68999814987183,"rate_of_return":0.0}
{"window":{"start":"2023-10-26T03:49:00.000Z","end":"2023-10-26T03:50:00.000Z"},"country":"Norway","OPM":1,"total_sales_volume":69.8999981880188,"rate_of_return":0.0}
{"window":{"start":"2023-10-23T21:11:00.000Z","end":"2023-10-23T21:12:00.000Z"},"country":"Spain","OPM":1,"total_sales_volume":130.89999890327454,"rate_of_return":0.0}
{"window":{"start":"2023-10-25T19:26:00.000Z","end":"2023-10-25T19:27:00.000Z"},"country":"Iceland","OPM":1,"total_sales_volume":1944.5000132322311,"rate_of_return":0.0}
{"window":{"start":"2023-10-26T04:22:00.000Z","end":"2023-10-26T04:23:00.000Z"},"country":"United Kingdom","OPM":8,"total_sales_volume":339.3700024187565,"rate_of_return":0.0}
{"window":{"start":"2023-10-25T09:49:00.000Z","end":"2023-10-25T09:50:00.000Z"},"country":"Norway","OPM":1,"total_sales_volume":25.53999936580658,"rate_of_return":0.0}
{"window":{"start":"2023-10-25T14:11:00.000Z","end":"2023-10-25T14:12:00.000Z"},"country":"United Kingdom","OPM":3,"total_sales_volume":113.89000225067139,"rate_of_return":0.0}
{"window":{"start":"2023-10-23T18:37:00.000Z","end":"2023-10-23T18:38:00.000Z"},"country":"United Kingdom","OPM":6,"total_sales_volume":474.8300005197525,"rate_of_return":0.0}
{"window":{"start":"2023-10-25T22:28:00.000Z","end":"2023-10-25T22:29:00.000Z"},"country":"United Kingdom","OPM":5,"total_sales_volume":322.3999972343445,"rate_of_return":0.0}
{"window":{"start":"2023-10-25T14:45:00.000Z","end":"2023-10-25T14:46:00.000Z"},"country":"France","OPM":1,"total_sales_volume":0.8299999833106995,"rate_of_return":0.0}
{"window":{"start":"2023-10-27T19:07:00.000Z","end":"2023-10-27T19:08:00.000Z"},"country":"EIRE","OPM":1,"total_sales_volume":63.999998807907104,"rate_of_return":0.0}
{"window":{"start":"2023-10-24T01:18:00.000Z","end":"2023-10-24T01:19:00.000Z"},"country":"Switzerland","OPM":1,"total_sales_volume":1.2599999904632568,"rate_of_return":0.0}
{"window":{"start":"2023-10-24T23:34:00.000Z","end":"2023-10-24T23:35:00.000Z"},"country":"EIRE","OPM":1,"total_sales_volume":28.369999885559082,"rate_of_return":0.0}
{"window":{"start":"2023-10-28T05:22:00.000Z","end":"2023-10-28T05:23:00.000Z"},"country":"EIRE","OPM":1,"total_sales_volume":22.34999966621399,"rate_of_return":0.0}
{"window":{"start":"2023-10-27T09:14:00.000Z","end":"2023-10-27T09:15:00.000Z"},"country":"United Kingdom","OPM":4,"total_sales_volume":264.27000254392624,"rate_of_return":0.0}
{"window":{"start":"2023-10-25T10:43:00.000Z","end":"2023-10-25T10:44:00.000Z"},"country":"United Kingdom","OPM":17,"total_sales_volume":825.0999953523278,"rate_of_return":0.0}
{"window":{"start":"2023-10-24T04:24:00.000Z","end":"2023-10-24T04:25:00.000Z"},"country":"United Kingdom","OPM":13,"total_sales_volume":1102.6800112724304,"rate_of_return":0.0}
{"window":{"start":"2023-10-27T08:48:00.000Z","end":"2023-10-27T08:49:00.000Z"},"country":"Germany","OPM":1,"total_sales_volume":50.15000081062317,"rate_of_return":0.0}
{"window":{"start":"2023-10-26T17:07:00.000Z","end":"2023-10-26T17:08:00.000Z"},"country":"United Kingdom","OPM":9,"total_sales_volume":637.7099990546703,"rate_of_return":0.0}
{"window":{"start":"2023-10-23T22:17:00.000Z","end":"2023-10-23T22:18:00.000Z"},"country":"Spain","OPM":1,"total_sales_volume":60.53999900817871,"rate_of_return":0.0}
{"window":{"start":"2023-10-24T17:23:00.000Z","end":"2023-10-24T17:24:00.000Z"},"country":"France","OPM":1,"total_sales_volume":24.84000062942505,"rate_of_return":0.0}
{"window":{"start":"2023-10-24T04:40:00.000Z","end":"2023-10-24T04:41:00.000Z"},"country":"United Kingdom","OPM":15,"total_sales_volume":480.38999804854393,"rate_of_return":0.06666666666666667}
{"window":{"start":"2023-10-25T08:05:00.000Z","end":"2023-10-25T08:06:00.000Z"},"country":"United Kingdom","OPM":3,"total_sales_volume":122.6100002527237,"rate_of_return":0.0}
{"window":{"start":"2023-10-25T04:14:00.000Z","end":"2023-10-25T04:15:00.000Z"},"country":"Germany","OPM":1,"total_sales_volume":44.20000123977661,"rate_of_return":0.0}
{"window":{"start":"2023-10-26T00:56:00.000Z","end":"2023-10-26T00:57:00.000Z"},"country":"Portugal","OPM":1,"total_sales_volume":92.0899988412857,"rate_of_return":0.0}
{"window":{"start":"2023-10-27T14:58:00.000Z","end":"2023-10-27T14:59:00.000Z"},"country":"United Kingdom","OPM":16,"total_sales_volume":2573.5499883294106,"rate_of_return":0.0625}
{"window":{"start":"2023-10-23T17:57:00.000Z","end":"2023-10-23T17:58:00.000Z"},"country":"Sweden","OPM":1,"total_sales_volume":228.60000085830688,"rate_of_return":0.0}
{"window":{"start":"2023-10-23T14:24:00.000Z","end":"2023-10-23T14:25:00.000Z"},"country":"United Kingdom","OPM":10,"total_sales_volume":909.449999243021,"rate_of_return":0.0}
{"window":{"start":"2023-10-26T09:36:00.000Z","end":"2023-10-26T09:37:00.000Z"},"country":"United Kingdom","OPM":8,"total_sales_volume":297.5099986195564,"rate_of_return":0.0}
{"window":{"start":"2023-10-26T20:55:00.000Z","end":"2023-10-26T20:56:00.000Z"},"country":"Italy","OPM":1,"total_sales_volume":12.13999992609024,"rate_of_return":0.0}
{"window":{"start":"2023-10-27T05:34:00.000Z","end":"2023-10-27T05:35:00.000Z"},"country":"United Kingdom","OPM":7,"total_sales_volume":228.03000056743622,"rate_of_return":0.0}
{"window":{"start":"2023-10-25T11:47:00.000Z","end":"2023-10-25T11:48:00.000Z"},"country":"United Kingdom","OPM":5,"total_sales_volume":126.5000008046627,"rate_of_return":0.2}
{"window":{"start":"2023-10-24T11:53:00.000Z","end":"2023-10-24T11:54:00.000Z"},"country":"Switzerland","OPM":1,"total_sales_volume":45.07999888062477,"rate_of_return":0.0}
{"window":{"start":"2023-10-23T21:04:00.000Z","end":"2023-10-23T21:05:00.000Z"},"country":"United Kingdom","OPM":8,"total_sales_volume":620.250000089407,"rate_of_return":0.0}
{"window":{"start":"2023-10-26T22:17:00.000Z","end":"2023-10-26T22:18:00.000Z"},"country":"United Kingdom","OPM":8,"total_sales_volume":-2564.6100181639194,"rate_of_return":0.125}
{"window":{"start":"2023-10-26T05:54:00.000Z","end":"2023-10-26T05:55:00.000Z"},"country":"EIRE","OPM":1,"total_sales_volume":20.40000057220459,"rate_of_return":0.0}
{"window":{"start":"2023-10-25T03:57:00.000Z","end":"2023-10-25T03:58:00.000Z"},"country":"United Kingdom","OPM":9,"total_sales_volume":482.37000182271004,"rate_of_return":0.0}
{"window":{"start":"2023-10-24T06:14:00.000Z","end":"2023-10-24T06:15:00.000Z"},"country":"United Kingdom","OPM":5,"total_sales_volume":254.60999837517738,"rate_of_return":0.0}
