{"window":{"start":"2023-10-24T18:33:00.000Z","end":"2023-10-24T18:34:00.000Z"},"country":"United Kingdom","OPM":10,"total_sales_volume":1193.6400236785412,"rate_of_return":0.0}
{"window":{"start":"2023-10-27T01:27:00.000Z","end":"2023-10-27T01:28:00.000Z"},"country":"United Kingdom","OPM":11,"total_sales_volume":644.8499870747328,"rate_of_return":0.09090909090909091}
{"window":{"start":"2023-10-24T01:25:00.000Z","end":"2023-10-24T01:26:00.000Z"},"country":"United Kingdom","OPM":6,"total_sales_volume":130.79999959468842,"rate_of_return":0.16666666666666666}
{"window":{"start":"2023-10-26T13:20:00.000Z","end":"2023-10-26T13:21:00.000Z"},"country":"United Kingdom","OPM":9,"total_sales_volume":229.97999900579453,"rate_of_return":0.1111111111111111}
{"window":{"start":"2023-10-28T03:18:00.000Z","end":"2023-10-28T03:19:00.000Z"},"country":"France","OPM":1,"total_sales_volume":49.54000109434128,"rate_of_return":0.0}
{"window":{"start":"2023-10-23T21:14:00.000Z","end":"2023-10-23T21:15:00.000Z"},"country":"Netherlands","OPM":1,"total_sales_volume":24.559999465942383,"rate_of_return":0.0}
{"window":{"start":"2023-10-26T04:01:00.000Z","end":"2023-10-26T04:02:00.000Z"},"country":"United Kingdom","OPM":11,"total_sales_volume":813.369994521141,"rate_of_return":0.0}
{"window":{"start":"2023-10-24T02:48:00.000Z","end":"2023-10-24T02:49:00.000Z"},"country":"EIRE","OPM":1,"total_sales_volume":177.4000005722046,"rate_of_return":0.0}
{"window":{"start":"2023-10-25T07:05:00.000Z","end":"2023-10-25T07:06:00.000Z"},"country":"United Kingdom","OPM":13,"total_sales_volume":631.9700060933828,"rate_of_return":0.0}
{"window":{"start":"2023-10-25T11:40:00.000Z","end":"2023-10-25T11:41:00.000Z"},"country":"Germany","OPM":1,"total_sales_volume":34.130000591278076,"rate_of_return":0.0}
{"window":{"start":"2023-10-24T20:36:00.000Z","end":"2023-10-24T20:37:00.000Z"},"country":"United Kingdom","OPM":6,"total_sales_volume":421.17000019550323,"rate_of_return":0.0}
{"window":{"start":"2023-10-27T22:17:00.000Z","end":"2023-10-27T22:18:00.000Z"},"country":"Belgium","OPM":1,"total_sales_volume":211.10999965667725,"rate_of_return":0.0}
{"window":{"start":"2023-10-24T15:07:00.000Z","end":"2023-10-24T15:08:00.000Z"},"country":"United Kingdom","OPM":6,"total_sales_volume":438.7799950838089,"rate_of_return":0.3333333333333333}
{"window":{"start":"2023-10-25T07:37:00.000Z","end":"2023-10-25T07:38:00.000Z"},"country":"United Kingdom","OPM":6,"total_sales_volume":676.3400023579597,"rate_of_return":0.0}
{"window":{"start":"2023-10-25T19:15:00.000Z","end":"2023-10-25T19:16:00.000Z"},"country":"Norway","OPM":1,"total_sales_volume":34.1599999666214,"rate_of_return":0.0}
{"window":{"start":"2023-10-24T08:28:00.000Z","end":"2023-10-24T08:29:00.000Z"},"country":"Spain","OPM":1,"total_sales_volume":3.2899999618530273,"rate_of_return":0.0}
{"window":{"start":"2023-10-26T12:54:00.000Z","end":"2023-10-26T12:55:00.000Z"},"country":"Poland","OPM":1,"total_sales_volume":15.0,"rate_of_return":0.0}
{"window":{"start":"2023-10-26T04:40:00.000Z","end":"2023-10-26T04:41:00.000Z"},"country":"Spain","OPM":1,"total_sales_volume":29.049999237060547,"rate_of_return":0.0}
{"window":{"start":"2023-10-24T02:42:00.000Z","end":"2023-10-24T02:43:00.000Z"},"country":"United Kingdom","OPM":10,"total_sales_volume":955.2199874520302,"rate_of_return":0.1}
{"window":{"start":"2023-10-25T02:56:00.000Z","end":"2023-10-25T02:57:00.000Z"},"country":"France","OPM":1,"total_sales_volume":301.5599938631058,"rate_of_return":0.0}
{"window":{"start":"2023-10-27T09:22:00.000Z","end":"2023-10-27T09:23:00.000Z"},"country":"United Kingdom","OPM":3,"total_sales_volume":20.17000025510788,"rate_of_return":0.0}
{"window":{"start":"2023-10-24T02:36:00.000Z","end":"2023-10-24T02:37:00.000Z"},"country":"Germany","OPM":1,"total_sales_volume":163.44000482559204,"rate_of_return":0.0}
{"window":{"start":"2023-10-25T19:26:00.000Z","end":"2023-10-25T19:27:00.000Z"},"country":"United Kingdom","OPM":12,"total_sales_volume":508.9699936211109,"rate_of_return":0.16666666666666666}
{"window":{"start":"2023-10-24T16:00:00.000Z","end":"2023-10-24T16:01:00.000Z"},"country":"United Kingdom","OPM":12,"total_sales_volume":1040.2499970197678,"rate_of_return":0.08333333333333333}
{"window":{"start":"2023-10-24T18:57:00.000Z","end":"2023-10-24T18:58:00.000Z"},"country":"United Kingdom","OPM":8,"total_sales_volume":314.3000023365021,"rate_of_return":0.0}
{"window":{"start":"2023-10-24T03:23:00.000Z","end":"2023-10-24T03:24:00.000Z"},"country":"Cyprus","OPM":1,"total_sales_volume":2.3000000715255737,"rate_of_return":0.0}
{"window":{"start":"2023-10-25T20:57:00.000Z","end":"2023-10-25T20:58:00.000Z"},"country":"EIRE","OPM":1,"total_sales_volume":66.50999975204468,"rate_of_return":0.0}
{"window":{"start":"2023-10-23T13:29:00.000Z","end":"2023-10-23T13:30:00.000Z"},"country":"United Kingdom","OPM":9,"total_sales_volume":160.18000161647797,"rate_of_return":0.1111111111111111}
{"window":{"start":"2023-10-24T23:03:00.000Z","end":"2023-10-24T23:04:00.000Z"},"country":"Unspecified","OPM":1,"total_sales_volume":28.46999979019165,"rate_of_return":0.0}
{"window":{"start":"2023-10-26T20:56:00.000Z","end":"2023-10-26T20:57:00.000Z"},"country":"United Kingdom","OPM":6,"total_sales_volume":294.8099976181984,"rate_of_return":0.0}
{"window":{"start":"2023-10-27T00:04:00.000Z","end":"2023-10-27T00:05:00.000Z"},"country":"EIRE","OPM":1,"total_sales_volume":10.150000214576721,"rate_of_return":0.0}
{"window":{"start":"2023-10-27T04:07:00.000Z","end":"2023-10-27T04:08:00.000Z"},"country":"United Kingdom","OPM":5,"total_sales_volume":332.579999178648,"rate_of_return":0.0}
{"window":{"start":"2023-10-27T20:41:00.000Z","end":"2023-10-27T20:42:00.000Z"},"country":"Australia","OPM":1,"total_sales_volume":10.079999685287476,"rate_of_return":0.0}
{"window":{"start":"2023-10-27T02:14:00.000Z","end":"2023-10-27T02:15:00.000Z"},"country":"France","OPM":2,"total_sales_volume":19.760000109672546,"rate_of_return":0.0}
{"window":{"start":"2023-10-25T07:35:00.000Z","end":"2023-10-25T07:36:00.000Z"},"country":"Norway","OPM":1,"total_sales_volume":34.200000047683716,"rate_of_return":0.0}
{"window":{"start":"2023-10-23T17:56:00.000Z","end":"2023-10-23T17:57:00.000Z"},"country":"Netherlands","OPM":1,"total_sales_volume":28.349999964237213,"rate_of_return":0.0}
{"window":{"start":"2023-10-26T15:36:00.000Z","end":"2023-10-26T15:37:00.000Z"},"country":"Poland","OPM":1,"total_sales_volume":12.999999523162842,"rate_of_return":0.0}
{"window":{"start":"2023-10-28T04:16:00.000Z","end":"2023-10-28T04:17:00.000Z"},"country":"Netherlands","OPM":1,"total_sales_volume":169.74000191688538,"rate_of_return":0.0}
{"window":{"start":"2023-10-25T12:02:00.000Z","end":"2023-10-25T12:03:00.000Z"},"country":"Switzerland","OPM":1,"total_sales_volume":101.85000002384186,"rate_of_return":0.0}
{"window":{"start":"2023-10-27T09:13:00.000Z","end":"2023-10-27T09:14:00.000Z"},"country":"United Kingdom","OPM":3,"total_sales_volume":110.38999629020691,"rate_of_return":0.0}
{"window":{"start":"2023-10-26T07:22:00.000Z","end":"2023-10-26T07:23:00.000Z"},"country":"United Kingdom","OPM":12,"total_sales_volume":6840.319974660873,"rate_of_return":0.08333333333333333}
{"window":{"start":"2023-10-28T04:47:00.000Z","end":"2023-10-28T04:48:00.000Z"},"country":"United Kingdom","OPM":5,"total_sales_volume":100.8899997472763,"rate_of_return":0.0}
{"window":{"start":"2023-10-27T20:54:00.000Z","end":"2023-10-27T20:55:00.000Z"},"country":"EIRE","OPM":3,"total_sales_volume":540.8699981570244,"rate_of_return":0.0}
{"window":{"start":"2023-10-23T20:40:00.000Z","end":"2023-10-23T20:41:00.000Z"},"country":"United Kingdom","OPM":12,"total_sales_volume":3930.389994740486,"rate_of_return":0.0}
{"window":{"start":"2023-10-27T01:14:00.000Z","end":"2023-10-27T01:15:00.000Z"},"country":"United Kingdom","OPM":14,"total_sales_volume":1218.4599982500076,"rate_of_return":0.0}
{"window":{"start":"2023-10-25T03:24:00.000Z","end":"2023-10-25T03:25:00.000Z"},"country":"United Kingdom","OPM":7,"total_sales_volume":1221.9999960660934,"rate_of_return":0.0}
{"window":{"start":"2023-10-26T19:23:00.000Z","end":"2023-10-26T19:24:00.000Z"},"country":"United Kingdom","OPM":11,"total_sales_volume":88.09998816251755,"rate_of_return":0.09090909090909091}
{"window":{"start":"2023-10-26T01:26:00.000Z","end":"2023-10-26T01:27:00.000Z"},"country":"United Arab Emirates","OPM":1,"total_sales_volume":4.949999809265137,"rate_of_return":0.0}
{"window":{"start":"2023-10-23T19:13:00.000Z","end":"2023-10-23T19:14:00.000Z"},"country":"United Kingdom","OPM":12,"total_sales_volume":658.6899951994419,"rate_of_return":0.0}
{"window":{"start":"2023-10-25T09:58:00.000Z","end":"2023-10-25T09:59:00.000Z"},"country":"Germany","OPM":1,"total_sales_volume":47.15999889373779,"rate_of_return":0.0}
{"window":{"start":"2023-10-23T16:28:00.000Z","end":"2023-10-23T16:29:00.000Z"},"country":"Norway","OPM":1,"total_sales_volume":19.799999237060547,"rate_of_return":0.0}
{"window":{"start":"2023-10-24T10:16:00.000Z","end":"2023-10-24T10:17:00.000Z"},"country":"Germany","OPM":1,"total_sales_volume":-74.19000148773193,"rate_of_return":1.0}
{"window":{"start":"2023-10-24T19:13:00.000Z","end":"2023-10-24T19:14:00.000Z"},"country":"France","OPM":1,"total_sales_volume":14.84999942779541,"rate_of_return":0.0}
{"window":{"start":"2023-10-25T12:35:00.000Z","end":"2023-10-25T12:36:00.000Z"},"country":"United Kingdom","OPM":8,"total_sales_volume":399.1299994289875,"rate_of_return":0.0}
{"window":{"start":"2023-10-26T13:23:00.000Z","end":"2023-10-26T13:24:00.000Z"},"country":"United Kingdom","OPM":16,"total_sales_volume":466.50999078154564,"rate_of_return":0.0625}
{"window":{"start":"2023-10-26T20:12:00.000Z","end":"2023-10-26T20:13:00.000Z"},"country":"United Kingdom","OPM":11,"total_sales_volume":454.70999482274055,"rate_of_return":0.0}
{"window":{"start":"2023-10-27T22:38:00.000Z","end":"2023-10-27T22:39:00.000Z"},"country":"United Kingdom","OPM":15,"total_sales_volume":630.7699980959296,"rate_of_return":0.0}
{"window":{"start":"2023-10-23T21:12:00.000Z","end":"2023-10-23T21:13:00.000Z"},"country":"France","OPM":1,"total_sales_volume":7.310000061988831,"rate_of_return":0.0}
{"window":{"start":"2023-10-24T11:19:00.000Z","end":"2023-10-24T11:20:00.000Z"},"country":"EIRE","OPM":2,"total_sales_volume":19.00999966263771,"rate_of_return":0.0}
{"window":{"start":"2023-10-25T09:56:00.000Z","end":"2023-10-25T09:57:00.000Z"},"country":"United Kingdom","OPM":11,"total_sales_volume":821.9000147283077,"rate_of_return":0.18181818181818182}
{"window":{"start":"2023-10-28T03:15:00.000Z","end":"2023-10-28T03:16:00.000Z"},"country":"Hong Kong","OPM":1,"total_sales_volume":93.08999919891357,"rate_of_return":0.0}
{"window":{"start":"2023-10-26T06:18:00.000Z","end":"2023-10-26T06:19:00.000Z"},"country":"United Kingdom","OPM":5,"total_sales_volume":56.73000192642212,"rate_of_return":0.2}
{"window":{"start":"2023-10-28T03:17:00.000Z","end":"2023-10-28T03:18:00.000Z"},"country":"United Kingdom","OPM":7,"total_sales_volume":401.8100005686283,"rate_of_return":0.14285714285714285}
{"window":{"start":"2023-10-26T04:54:00.000Z","end":"2023-10-26T04:55:00.000Z"},"country":"Israel","OPM":1,"total_sales_volume":56.179999589920044,"rate_of_return":0.0}
{"window":{"start":"2023-10-26T22:02:00.000Z","end":"2023-10-26T22:03:00.000Z"},"country":"EIRE","OPM":1,"total_sales_volume":151.47000098228455,"rate_of_return":0.0}
{"window":{"start":"2023-10-25T00:10:00.000Z","end":"2023-10-25T00:11:00.000Z"},"country":"France","OPM":1,"total_sales_volume":16.600000381469727,"rate_of_return":0.0}
{"window":{"start":"2023-10-26T03:12:00.000Z","end":"2023-10-26T03:13:00.000Z"},"country":"United Kingdom","OPM":9,"total_sales_volume":338.73000025749207,"rate_of_return":0.0}
{"window":{"start":"2023-10-25T04:18:00.000Z","end":"2023-10-25T04:19:00.000Z"},"country":"United Kingdom","OPM":5,"total_sales_volume":261.0000005364418,"rate_of_return":0.0}
{"window":{"start":"2023-10-25T19:10:00.000Z","end":"2023-10-25T19:11:00.000Z"},"country":"EIRE","OPM":1,"total_sales_volume":15.329999804496765,"rate_of_return":0.0}
{"window":{"start":"2023-10-28T00:02:00.000Z","end":"2023-10-28T00:03:00.000Z"},"country":"Germany","OPM":1,"total_sales_volume":33.6700005531311,"rate_of_return":0.0}
{"window":{"start":"2023-10-25T17:09:00.000Z","end":"2023-10-25T17:10:00.000Z"},"country":"United Kingdom","OPM":9,"total_sales_volume":186.8299978673458,"rate_of_return":0.0}
{"window":{"start":"2023-10-26T15:59:00.000Z","end":"2023-10-26T16:00:00.000Z"},"country":"Germany","OPM":1,"total_sales_volume":43.95000076293945,"rate_of_return":0.0}
{"window":{"start":"2023-10-25T14:30:00.000Z","end":"2023-10-25T14:31:00.000Z"},"country":"United Kingdom","OPM":12,"total_sales_volume":2284.7999535799026,"rate_of_return":0.0}
