{"window":{"start":"2023-10-25T03:03:00.000Z","end":"2023-10-25T03:04:00.000Z"},"country":"United Kingdom","OPM":5,"total_sales_volume":-3.360000491142273,"rate_of_return":0.2}
{"window":{"start":"2023-10-25T06:00:00.000Z","end":"2023-10-25T06:01:00.000Z"},"country":"United Kingdom","OPM":6,"total_sales_volume":269.2399951815605,"rate_of_return":0.16666666666666666}
{"window":{"start":"2023-10-26T20:07:00.000Z","end":"2023-10-26T20:08:00.000Z"},"country":"Channel Islands","OPM":1,"total_sales_volume":78.31000113487244,"rate_of_return":0.0}
{"window":{"start":"2023-10-26T12:02:00.000Z","end":"2023-10-26T12:03:00.000Z"},"country":"EIRE","OPM":1,"total_sales_volume":47.499998331069946,"rate_of_return":0.0}
{"window":{"start":"2023-10-26T11:45:00.000Z","end":"2023-10-26T11:46:00.000Z"},"country":"United Kingdom","OPM":11,"total_sales_volume":516.1599960327148,"rate_of_return":0.09090909090909091}
{"window":{"start":"2023-10-26T02:36:00.000Z","end":"2023-10-26T02:37:00.000Z"},"country":"United Kingdom","OPM":7,"total_sales_volume":295.9899961948395,"rate_of_return":0.0}
{"window":{"start":"2023-10-28T02:13:00.000Z","end":"2023-10-28T02:14:00.000Z"},"country":"United Kingdom","OPM":12,"total_sales_volume":532.3900029957294,"rate_of_return":0.0}
{"window":{"start":"2023-10-27T00:10:00.000Z","end":"2023-10-27T00:11:00.000Z"},"country":"Netherlands","OPM":1,"total_sales_volume":56.54999923706055,"rate_of_return":0.0}
{"window":{"start":"2023-10-27T04:38:00.000Z","end":"2023-10-27T04:39:00.000Z"},"country":"United Kingdom","OPM":7,"total_sales_volume":536.0699931383133,"rate_of_return":0.0}
{"window":{"start":"2023-10-25T02:03:00.000Z","end":"2023-10-25T02:04:00.000Z"},"country":"Netherlands","OPM":1,"total_sales_volume":-7.799999713897705,"rate_of_return":1.0}
{"window":{"start":"2023-10-27T04:50:00.000Z","end":"2023-10-27T04:51:00.000Z"},"country":"European Community","OPM":1,"total_sales_volume":130.7900012731552,"rate_of_return":0.0}
{"window":{"start":"2023-10-24T12:28:00.000Z","end":"2023-10-24T12:29:00.000Z"},"country":"United Kingdom","OPM":10,"total_sales_volume":195.67999628186226,"rate_of_return":0.2}
{"window":{"start":"2023-10-28T04:22:00.000Z","end":"2023-10-28T04:23:00.000Z"},"country":"France","OPM":1,"total_sales_volume":36.170000076293945,"rate_of_return":0.0}
{"window":{"start":"2023-10-27T12:46:00.000Z","end":"2023-10-27T12:47:00.000Z"},"country":"United Kingdom","OPM":8,"total_sales_volume":222.24999848008156,"rate_of_return":0.0}
{"window":{"start":"2023-10-24T14:11:00.000Z","end":"2023-10-24T14:12:00.000Z"},"country":"United Kingdom","OPM":8,"total_sales_volume":573.9200024604797,"rate_of_return":0.0}
{"window":{"start":"2023-10-26T18:10:00.000Z","end":"2023-10-26T18:11:00.000Z"},"country":"Germany","OPM":1,"total_sales_volume":48.09999990463257,"rate_of_return":0.0}
{"window":{"start":"2023-10-23T14:38:00.000Z","end":"2023-10-23T14:39:00.000Z"},"country":"France","OPM":1,"total_sales_volume":44.189998626708984,"rate_of_return":0.0}
{"window":{"start":"2023-10-25T17:59:00.000Z","end":"2023-10-25T18:00:00.000Z"},"country":"United Kingdom","OPM":11,"total_sales_volume":670.4699922502041,"rate_of_return":0.09090909090909091}
{"window":{"start":"2023-10-25T17:39:00.000Z","end":"2023-10-25T17:40:00.000Z"},"country":"Denmark","OPM":1,"total_sales_volume":29.149998903274536,"rate_of_return":0.0}
{"window":{"start":"2023-10-27T04:17:00.000Z","end":"2023-10-27T04:18:00.000Z"},"country":"United Kingdom","OPM":7,"total_sales_volume":537.039995610714,"rate_of_return":0.0}
{"window":{"start":"2023-10-25T11:53:00.000Z","end":"2023-10-25T11:54:00.000Z"},"country":"United Kingdom","OPM":11,"total_sales_volume":528.2999981641769,"rate_of_return":0.0}
{"window":{"start":"2023-10-26T10:58:00.000Z","end":"2023-10-26T10:59:00.000Z"},"country":"Germany","OPM":1,"total_sales_volume":61.30000114440918,"rate_of_return":0.0}
{"window":{"start":"2023-10-27T07:22:00.000Z","end":"2023-10-27T07:23:00.000Z"},"country":"Germany","OPM":1,"total_sales_volume":18.28999972343445,"rate_of_return":0.0}
{"window":{"start":"2023-10-23T18:41:00.000Z","end":"2023-10-23T18:42:00.000Z"},"country":"Germany","OPM":1,"total_sales_volume":17.40000057220459,"rate_of_return":0.0}
{"window":{"start":"2023-10-27T07:15:00.000Z","end":"2023-10-27T07:16:00.000Z"},"country":"EIRE","OPM":1,"total_sales_volume":-58.04999876022339,"rate_of_return":1.0}
{"window":{"start":"2023-10-23T14:21:00.000Z","end":"2023-10-23T14:22:00.000Z"},"country":"United Kingdom","OPM":7,"total_sales_volume":111.14000111818314,"rate_of_return":0.0}
{"window":{"start":"2023-10-27T08:55:00.000Z","end":"2023-10-27T08:56:00.000Z"},"country":"Unspecified","OPM":1,"total_sales_volume":25.5,"rate_of_return":0.0}
{"window":{"start":"2023-10-27T20:14:00.000Z","end":"2023-10-27T20:15:00.000Z"},"country":"United Kingdom","OPM":4,"total_sales_volume":94.57000055909157,"rate_of_return":0.0}
{"window":{"start":"2023-10-24T01:24:00.000Z","end":"2023-10-24T01:25:00.000Z"},"country":"United Kingdom","OPM":14,"total_sales_volume":901.9799962341785,"rate_of_return":0.0}
{"window":{"start":"2023-10-26T22:57:00.000Z","end":"2023-10-26T22:58:00.000Z"},"country":"Finland","OPM":1,"total_sales_volume":100.45000097155571,"rate_of_return":0.0}
{"window":{"start":"2023-10-24T00:24:00.000Z","end":"2023-10-24T00:25:00.000Z"},"country":"Belgium","OPM":1,"total_sales_volume":546.1600005030632,"rate_of_return":0.0}
{"window":{"start":"2023-10-25T09:58:00.000Z","end":"2023-10-25T09:59:00.000Z"},"country":"EIRE","OPM":1,"total_sales_volume":157.63999935984612,"rate_of_return":0.0}
{"window":{"start":"2023-10-27T07:51:00.000Z","end":"2023-10-27T07:52:00.000Z"},"country":"United Kingdom","OPM":4,"total_sales_volume":342.2199969291687,"rate_of_return":0.0}
{"window":{"start":"2023-10-23T14:14:00.000Z","end":"2023-10-23T14:15:00.000Z"},"country":"United Kingdom","OPM":15,"total_sales_volume":332.5499944090843,"rate_of_return":0.2}
{"window":{"start":"2023-10-26T22:45:00.000Z","end":"2023-10-26T22:46:00.000Z"},"country":"Israel","OPM":1,"total_sales_volume":39.75,"rate_of_return":0.0}
{"window":{"start":"2023-10-26T18:44:00.000Z","end":"2023-10-26T18:45:00.000Z"},"country":"United Kingdom","OPM":10,"total_sales_volume":281.7099976539612,"rate_of_return":0.0}
{"window":{"start":"2023-10-26T02:51:00.000Z","end":"2023-10-26T02:52:00.000Z"},"country":"United Kingdom","OPM":13,"total_sales_volume":886.3499926924706,"rate_of_return":0.07692307692307693}
{"window":{"start":"2023-10-27T20:52:00.000Z","end":"2023-10-27T20:53:00.000Z"},"country":"EIRE","OPM":1,"total_sales_volume":38.369999289512634,"rate_of_return":0.0}
{"window":{"start":"2023-10-25T22:33:00.000Z","end":"2023-10-25T22:34:00.000Z"},"country":"United Arab Emirates","OPM":1,"total_sales_volume":14.889999866485596,"rate_of_return":0.0}
{"window":{"start":"2023-10-26T15:39:00.000Z","end":"2023-10-26T15:40:00.000Z"},"country":"Germany","OPM":1,"total_sales_volume":10.699999690055847,"rate_of_return":0.0}
{"window":{"start":"2023-10-23T12:53:00.000Z","end":"2023-10-23T12:54:00.000Z"},"country":"United Kingdom","OPM":6,"total_sales_volume":513.4199996888638,"rate_of_return":0.0}
{"window":{"start":"2023-10-27T00:24:00.000Z","end":"2023-10-27T00:25:00.000Z"},"country":"United Kingdom","OPM":10,"total_sales_volume":2285.0599895119667,"rate_of_return":0.0}
{"window":{"start":"2023-10-28T01:20:00.000Z","end":"2023-10-28T01:21:00.000Z"},"country":"United Kingdom","OPM":13,"total_sales_volume":889.0700025558472,"rate_of_return":0.07692307692307693}
{"window":{"start":"2023-10-27T12:47:00.000Z","end":"2023-10-27T12:48:00.000Z"},"country":"United Kingdom","OPM":12,"total_sales_volume":381.8000019788742,"rate_of_return":0.08333333333333333}
{"window":{"start":"2023-10-23T14:48:00.000Z","end":"2023-10-23T14:49:00.000Z"},"country":"United Kingdom","OPM":10,"total_sales_volume":531.0299960076809,"rate_of_return":0.0}
{"window":{"start":"2023-10-27T16:11:00.000Z","end":"2023-10-27T16:12:00.000Z"},"country":"USA","OPM":1,"total_sales_volume":23.579999834299088,"rate_of_return":0.0}
{"window":{"start":"2023-10-23T13:01:00.000Z","end":"2023-10-23T13:02:00.000Z"},"country":"Germany","OPM":1,"total_sales_volume":35.050000071525574,"rate_of_return":0.0}
