{"window":{"start":"2023-10-27T15:14:00.000Z","end":"2023-10-27T15:15:00.000Z"},"country":"Germany","OPM":1,"total_sales_volume":50.89999961853027,"rate_of_return":0.0}
{"window":{"start":"2023-10-27T08:32:00.000Z","end":"2023-10-27T08:33:00.000Z"},"country":"Germany","OPM":1,"total_sales_volume":25.459999918937683,"rate_of_return":0.0}
{"window":{"start":"2023-10-26T07:01:00.000Z","end":"2023-10-26T07:02:00.000Z"},"country":"United Kingdom","OPM":8,"total_sales_volume":720.5099914371967,"rate_of_return":0.0}
{"window":{"start":"2023-10-25T21:59:00.000Z","end":"2023-10-25T22:00:00.000Z"},"country":"United Kingdom","OPM":11,"total_sales_volume":106.50999689102173,"rate_of_return":0.09090909090909091}
{"window":{"start":"2023-10-27T14:23:00.000Z","end":"2023-10-27T14:24:00.000Z"},"country":"Belgium","OPM":1,"total_sales_volume":31.799999803304672,"rate_of_return":0.0}
{"window":{"start":"2023-10-24T03:24:00.000Z","end":"2023-10-24T03:25:00.000Z"},"country":"United Kingdom","OPM":9,"total_sales_volume":705.9799900054932,"rate_of_return":0.1111111111111111}
{"window":{"start":"2023-10-24T02:04:00.000Z","end":"2023-10-24T02:05:00.000Z"},"country":"United Kingdom","OPM":5,"total_sales_volume":680.2000011503696,"rate_of_return":0.0}
{"window":{"start":"2023-10-24T18:45:00.000Z","end":"2023-10-24T18:46:00.000Z"},"country":"United Kingdom","OPM":16,"total_sales_volume":175.22000360488892,"rate_of_return":0.125}
{"window":{"start":"2023-10-24T00:35:00.000Z","end":"2023-10-24T00:36:00.000Z"},"country":"United Kingdom","OPM":6,"total_sales_volume":293.789999127388,"rate_of_return":0.0}
{"window":{"start":"2023-10-25T09:23:00.000Z","end":"2023-10-25T09:24:00.000Z"},"country":"United Kingdom","OPM":10,"total_sales_volume":274.0899967253208,"rate_of_return":0.0}
{"window":{"start":"2023-10-27T01:05:00.000Z","end":"2023-10-27T01:06:00.000Z"},"country":"France","OPM":1,"total_sales_volume":1.649999976158142,"rate_of_return":0.0}
{"window":{"start":"2023-10-25T15:51:00.000Z","end":"2023-10-25T15:52:00.000Z"},"country":"United Kingdom","OPM":9,"total_sales_volume":773.2899844050407,"rate_of_return":0.0}
{"window":{"start":"2023-10-26T18:45:00.000Z","end":"2023-10-26T18:46:00.000Z"},"country":"Austria","OPM":1,"total_sales_volume":292.9199959039688,"rate_of_return":0.0}
{"window":{"start":"2023-10-26T04:45:00.000Z","end":"2023-10-26T04:46:00.000Z"},"country":"EIRE","OPM":1,"total_sales_volume":74.79999852180481,"rate_of_return":0.0}
{"window":{"start":"2023-10-27T16:57:00.000Z","end":"2023-10-27T16:58:00.000Z"},"country":"Cyprus","OPM":1,"total_sales_volume":27.5,"rate_of_return":0.0}
{"window":{"start":"2023-10-24T14:03:00.000Z","end":"2023-10-24T14:04:00.000Z"},"country":"Germany","OPM":2,"total_sales_volume":51.40000033378601,"rate_of_return":0.0}
{"window":{"start":"2023-10-23T16:08:00.000Z","end":"2023-10-23T16:09:00.000Z"},"country":"France","OPM":1,"total_sales_volume":70.4100011587143,"rate_of_return":0.0}
{"window":{"start":"2023-10-26T09:37:00.000Z","end":"2023-10-26T09:38:00.000Z"},"country":"Netherlands","OPM":1,"total_sales_volume":-369.0899994671345,"rate_of_return":1.0}
{"window":{"start":"2023-10-23T15:19:00.000Z","end":"2023-10-23T15:20:00.000Z"},"country":"Channel Islands","OPM":1,"total_sales_volume":52.71999931335449,"rate_of_return":0.0}
{"window":{"start":"2023-10-28T01:37:00.000Z","end":"2023-10-28T01:38:00.000Z"},"country":"United Kingdom","OPM":13,"total_sales_volume":629.1900088787079,"rate_of_return":0.0}
{"window":{"start":"2023-10-25T07:21:00.000Z","end":"2023-10-25T07:22:00.000Z"},"country":"Channel Islands","OPM":1,"total_sales_volume":46.78000110387802,"rate_of_return":0.0}
{"window":{"start":"2023-10-27T10:18:00.000Z","end":"2023-10-27T10:19:00.000Z"},"country":"United Kingdom","OPM":8,"total_sales_volume":692.1200035810471,"rate_of_return":0.0}
{"window":{"start":"2023-10-24T07:57:00.000Z","end":"2023-10-24T07:58:00.000Z"},"country":"United Kingdom","OPM":5,"total_sales_volume":-67.39000219106674,"rate_of_return":0.2}
{"window":{"start":"2023-10-24T09:58:00.000Z","end":"2023-10-24T09:59:00.000Z"},"country":"United Kingdom","OPM":13,"total_sales_volume":465.2500001490116,"rate_of_return":0.0}
{"window":{"start":"2023-10-27T06:15:00.000Z","end":"2023-10-27T06:16:00.000Z"},"country":"United Kingdom","OPM":8,"total_sales_volume":450.4199995994568,"rate_of_return":0.125}
{"window":{"start":"2023-10-25T12:39:00.000Z","end":"2023-10-25T12:40:00.000Z"},"country":"United Kingdom","OPM":9,"total_sales_volume":190.71000015735626,"rate_of_return":0.0}
{"window":{"start":"2023-10-24T17:39:00.000Z","end":"2023-10-24T17:40:00.000Z"},"country":"Portugal","OPM":1,"total_sales_volume":31.59999993443489,"rate_of_return":0.0}
{"window":{"start":"2023-10-24T03:34:00.000Z","end":"2023-10-24T03:35:00.000Z"},"country":"United Kingdom","OPM":2,"total_sales_volume":72.91999959945679,"rate_of_return":0.0}
{"window":{"start":"2023-10-27T12:58:00.000Z","end":"2023-10-27T12:59:00.000Z"},"country":"United Kingdom","OPM":9,"total_sales_volume":3531.849886059761,"rate_of_return":0.1111111111111111}
{"window":{"start":"2023-10-26T15:41:00.000Z","end":"2023-10-26T15:42:00.000Z"},"country":"United Kingdom","OPM":6,"total_sales_volume":254.2600016593933,"rate_of_return":0.0}
{"window":{"start":"2023-10-23T12:24:00.000Z","end":"2023-10-23T12:25:00.000Z"},"country":"EIRE","OPM":1,"total_sales_volume":257.76000595092773,"rate_of_return":0.0}
{"window":{"start":"2023-10-26T07:59:00.000Z","end":"2023-10-26T08:00:00.000Z"},"country":"Belgium","OPM":1,"total_sales_volume":42.74999988079071,"rate_of_return":0.0}
{"window":{"start":"2023-10-27T22:41:00.000Z","end":"2023-10-27T22:42:00.000Z"},"country":"France","OPM":1,"total_sales_volume":4.159999847412109,"rate_of_return":0.0}
{"window":{"start":"2023-10-27T19:05:00.000Z","end":"2023-10-27T19:06:00.000Z"},"country":"United Kingdom","OPM":6,"total_sales_volume":139.08999624848366,"rate_of_return":0.0}
{"window":{"start":"2023-10-28T03:54:00.000Z","end":"2023-10-28T03:55:00.000Z"},"country":"United Kingdom","OPM":6,"total_sales_volume":176.77999877929688,"rate_of_return":0.0}
{"window":{"start":"2023-10-26T20:42:00.000Z","end":"2023-10-26T20:43:00.000Z"},"country":"United Kingdom","OPM":12,"total_sales_volume":1239.8999821096659,"rate_of_return":0.0}
{"window":{"start":"2023-10-28T00:17:00.000Z","end":"2023-10-28T00:18:00.000Z"},"country":"United Kingdom","OPM":9,"total_sales_volume":-343.2600212097168,"rate_of_return":0.1111111111111111}
{"window":{"start":"2023-10-23T21:21:00.000Z","end":"2023-10-23T21:22:00.000Z"},"country":"Germany","OPM":1,"total_sales_volume":67.58999919891357,"rate_of_return":0.0}
{"window":{"start":"2023-10-25T03:10:00.000Z","end":"2023-10-25T03:11:00.000Z"},"country":"France","OPM":1,"total_sales_volume":40.11000037193298,"rate_of_return":0.0}
{"window":{"start":"2023-10-24T21:14:00.000Z","end":"2023-10-24T21:15:00.000Z"},"country":"United Kingdom","OPM":6,"total_sales_volume":1301.8800115585327,"rate_of_return":0.16666666666666666}
{"window":{"start":"2023-10-23T22:48:00.000Z","end":"2023-10-23T22:49:00.000Z"},"country":"Belgium","OPM":1,"total_sales_volume":45.579999923706055,"rate_of_return":0.0}
{"window":{"start":"2023-10-25T23:22:00.000Z","end":"2023-10-25T23:23:00.000Z"},"country":"Norway","OPM":1,"total_sales_volume":239.5999999642372,"rate_of_return":0.0}
{"window":{"start":"2023-10-23T20:37:00.000Z","end":"2023-10-23T20:38:00.000Z"},"country":"United Kingdom","OPM":10,"total_sales_volume":3258.020009994507,"rate_of_return":0.0}
{"window":{"start":"2023-10-26T11:54:00.000Z","end":"2023-10-26T11:55:00.000Z"},"country":"United Kingdom","OPM":5,"total_sales_volume":236.60999646782875,"rate_of_return":0.0}
{"window":{"start":"2023-10-23T14:25:00.000Z","end":"2023-10-23T14:26:00.000Z"},"country":"EIRE","OPM":1,"total_sales_volume":41.59999895095825,"rate_of_return":0.0}
{"window":{"start":"2023-10-28T04:08:00.000Z","end":"2023-10-28T04:09:00.000Z"},"country":"United Kingdom","OPM":4,"total_sales_volume":40.14000082015991,"rate_of_return":0.25}
{"window":{"start":"2023-10-25T00:00:00.000Z","end":"2023-10-25T00:01:00.000Z"},"country":"United Kingdom","OPM":5,"total_sales_volume":1164.2000168561935,"rate_of_return":0.0}
{"window":{"start":"2023-10-27T02:19:00.000Z","end":"2023-10-27T02:20:00.000Z"},"country":"United Kingdom","OPM":7,"total_sales_volume":547.4199990034103,"rate_of_return":0.0}
{"window":{"start":"2023-10-26T06:07:00.000Z","end":"2023-10-26T06:08:00.000Z"},"country":"United Kingdom","OPM":11,"total_sales_volume":682.6700017750263,"rate_of_return":0.0}
{"window":{"start":"2023-10-26T10:50:00.000Z","end":"2023-10-26T10:51:00.000Z"},"country":"United Kingdom","OPM":12,"total_sales_volume":484.20999628305435,"rate_of_return":0.0}
{"window":{"start":"2023-10-28T02:51:00.000Z","end":"2023-10-28T02:52:00.000Z"},"country":"United Kingdom","OPM":4,"total_sales_volume":47.70000076293945,"rate_of_return":0.0}
{"window":{"start":"2023-10-24T16:11:00.000Z","end":"2023-10-24T16:12:00.000Z"},"country":"United Kingdom","OPM":11,"total_sales_volume":896.230003118515,"rate_of_return":0.09090909090909091}
{"window":{"start":"2023-10-24T13:50:00.000Z","end":"2023-10-24T13:51:00.000Z"},"country":"United Kingdom","OPM":6,"total_sales_volume":292.4600020647049,"rate_of_return":0.0}
{"window":{"start":"2023-10-26T07:21:00.000Z","end":"2023-10-26T07:22:00.000Z"},"country":"United Kingdom","OPM":8,"total_sales_volume":992.6499962806702,"rate_of_return":0.125}
{"window":{"start":"2023-10-26T22:35:00.000Z","end":"2023-10-26T22:36:00.000Z"},"country":"Portugal","OPM":1,"total_sales_volume":55.51000118255615,"rate_of_return":0.0}
{"window":{"start":"2023-10-24T23:37:00.000Z","end":"2023-10-24T23:38:00.000Z"},"country":"United Kingdom","OPM":6,"total_sales_volume":226.36999881267548,"rate_of_return":0.0}
{"window":{"start":"2023-10-25T04:00:00.000Z","end":"2023-10-25T04:01:00.000Z"},"country":"Spain","OPM":1,"total_sales_volume":1.9500000476837158,"rate_of_return":0.0}
{"window":{"start":"2023-10-26T16:03:00.000Z","end":"2023-10-26T16:04:00.000Z"},"country":"United Kingdom","OPM":14,"total_sales_volume":752.7499952912331,"rate_of_return":0.0}
{"window":{"start":"2023-10-26T12:30:00.000Z","end":"2023-10-26T12:31:00.000Z"},"country":"United Kingdom","OPM":11,"total_sales_volume":489.29999807477,"rate_of_return":0.0}
{"window":{"start":"2023-10-26T00:58:00.000Z","end":"2023-10-26T00:59:00.000Z"},"country":"Portugal","OPM":1,"total_sales_volume":77.30999898910522,"rate_of_return":0.0}
{"window":{"start":"2023-10-23T17:18:00.000Z","end":"2023-10-23T17:19:00.000Z"},"country":"Germany","OPM":1,"total_sales_volume":640.3299771547318,"rate_of_return":0.0}
{"window":{"start":"2023-10-24T18:29:00.000Z","end":"2023-10-24T18:30:00.000Z"},"country":"United Kingdom","OPM":17,"total_sales_volume":776.4299986064434,"rate_of_return":0.058823529411764705}
{"window":{"start":"2023-10-25T12:23:00.000Z","end":"2023-10-25T12:24:00.000Z"},"country":"United Kingdom","OPM":5,"total_sales_volume":252.9700014591217,"rate_of_return":0.0}
{"window":{"start":"2023-10-27T05:01:00.000Z","end":"2023-10-27T05:02:00.000Z"},"country":"United Kingdom","OPM":6,"total_sales_volume":193.83999800682068,"rate_of_return":0.16666666666666666}
{"window":{"start":"2023-10-27T16:54:00.000Z","end":"2023-10-27T16:55:00.000Z"},"country":"United Kingdom","OPM":4,"total_sales_volume":86.87999963760376,"rate_of_return":0.0}
