{"window":{"start":"2023-10-24T06:46:00.000Z","end":"2023-10-24T06:47:00.000Z"},"country":"United Kingdom","OPM":11,"total_sales_volume":664.5599925816059,"rate_of_return":0.0}
{"window":{"start":"2023-10-27T03:08:00.000Z","end":"2023-10-27T03:09:00.000Z"},"country":"EIRE","OPM":1,"total_sales_volume":13.010000467300415,"rate_of_return":0.0}
{"window":{"start":"2023-10-26T19:53:00.000Z","end":"2023-10-26T19:54:00.000Z"},"country":"United Kingdom","OPM":12,"total_sales_volume":808.9400154650211,"rate_of_return":0.16666666666666666}
{"window":{"start":"2023-10-28T03:08:00.000Z","end":"2023-10-28T03:09:00.000Z"},"country":"United Kingdom","OPM":9,"total_sales_volume":801.7499960362911,"rate_of_return":0.0}
{"window":{"start":"2023-10-26T09:04:00.000Z","end":"2023-10-26T09:05:00.000Z"},"country":"United Kingdom","OPM":11,"total_sales_volume":1159.8700135350227,"rate_of_return":0.09090909090909091}
{"window":{"start":"2023-10-24T10:59:00.000Z","end":"2023-10-24T11:00:00.000Z"},"country":"United Kingdom","OPM":13,"total_sales_volume":1248.270001590252,"rate_of_return":0.15384615384615385}
{"window":{"start":"2023-10-24T12:54:00.000Z","end":"2023-10-24T12:55:00.000Z"},"country":"Austria","OPM":1,"total_sales_volume":42.07000011205673,"rate_of_return":0.0}
{"window":{"start":"2023-10-26T22:35:00.000Z","end":"2023-10-26T22:36:00.000Z"},"country":"EIRE","OPM":1,"total_sales_volume":0.8399999737739563,"rate_of_return":0.0}
{"window":{"start":"2023-10-25T15:41:00.000Z","end":"2023-10-25T15:42:00.000Z"},"country":"United Kingdom","OPM":11,"total_sales_volume":643.4500032961369,"rate_of_return":0.0}
{"window":{"start":"2023-10-27T09:15:00.000Z","end":"2023-10-27T09:16:00.000Z"},"country":"United Kingdom","OPM":5,"total_sales_volume":66.60000014305115,"rate_of_return":0.0}
{"window":{"start":"2023-10-28T05:15:00.000Z","end":"2023-10-28T05:16:00.000Z"},"country":"United Kingdom","OPM":11,"total_sales_volume":3211.1999974250793,"rate_of_return":0.0}
{"window":{"start":"2023-10-23T22:25:00.000Z","end":"2023-10-23T22:26:00.000Z"},"country":"United Kingdom","OPM":11,"total_sales_volume":434.9100014567375,"rate_of_return":0.18181818181818182}
{"window":{"start":"2023-10-26T01:56:00.000Z","end":"2023-10-26T01:57:00.000Z"},"country":"United Kingdom","OPM":8,"total_sales_volume":179.01999905705452,"rate_of_return":0.125}
{"window":{"start":"2023-10-25T03:16:00.000Z","end":"2023-10-25T03:17:00.000Z"},"country":"France","OPM":1,"total_sales_volume":-21.079999804496765,"rate_of_return":1.0}
{"window":{"start":"2023-10-25T01:08:00.000Z","end":"2023-10-25T01:09:00.000Z"},"country":"United Kingdom","OPM":13,"total_sales_volume":1004.979989528656,"rate_of_return":0.0}
{"window":{"start":"2023-10-26T17:17:00.000Z","end":"2023-10-26T17:18:00.000Z"},"country":"United Kingdom","OPM":12,"total_sales_volume":929.5699924826622,"rate_of_return":0.0}
{"window":{"start":"2023-10-24T12:02:00.000Z","end":"2023-10-24T12:03:00.000Z"},"country":"Norway","OPM":1,"total_sales_volume":-25.79999938607216,"rate_of_return":1.0}
{"window":{"start":"2023-10-25T15:21:00.000Z","end":"2023-10-25T15:22:00.000Z"},"country":"Spain","OPM":1,"total_sales_volume":133.4499968290329,"rate_of_return":0.0}
{"window":{"start":"2023-10-25T13:16:00.000Z","end":"2023-10-25T13:17:00.000Z"},"country":"United Kingdom","OPM":3,"total_sales_volume":162.03999963402748,"rate_of_return":0.0}
{"window":{"start":"2023-10-25T02:47:00.000Z","end":"2023-10-25T02:48:00.000Z"},"country":"Iceland","OPM":1,"total_sales_volume":19.799999713897705,"rate_of_return":0.0}
{"window":{"start":"2023-10-25T17:18:00.000Z","end":"2023-10-25T17:19:00.000Z"},"country":"United Kingdom","OPM":7,"total_sales_volume":209.61000138521194,"rate_of_return":0.0}
{"window":{"start":"2023-10-27T09:46:00.000Z","end":"2023-10-27T09:47:00.000Z"},"country":"United Kingdom","OPM":17,"total_sales_volume":1058.150011241436,"rate_of_return":0.058823529411764705}
{"window":{"start":"2023-10-27T12:14:00.000Z","end":"2023-10-27T12:15:00.000Z"},"country":"Iceland","OPM":1,"total_sales_volume":52.579999566078186,"rate_of_return":0.0}
{"window":{"start":"2023-10-25T00:27:00.000Z","end":"2023-10-25T00:28:00.000Z"},"country":"EIRE","OPM":1,"total_sales_volume":15.480000257492065,"rate_of_return":0.0}
{"window":{"start":"2023-10-26T22:25:00.000Z","end":"2023-10-26T22:26:00.000Z"},"country":"United Kingdom","OPM":7,"total_sales_volume":275.5299973487854,"rate_of_return":0.0}
{"window":{"start":"2023-10-24T08:12:00.000Z","end":"2023-10-24T08:13:00.000Z"},"country":"Germany","OPM":1,"total_sales_volume":166.32999873161316,"rate_of_return":0.0}
{"window":{"start":"2023-10-24T21:21:00.000Z","end":"2023-10-24T21:22:00.000Z"},"country":"Singapore","OPM":1,"total_sales_volume":4.269999980926514,"rate_of_return":0.0}
{"window":{"start":"2023-10-24T02:52:00.000Z","end":"2023-10-24T02:53:00.000Z"},"country":"United Kingdom","OPM":13,"total_sales_volume":541.5499933212996,"rate_of_return":0.07692307692307693}
{"window":{"start":"2023-10-23T19:03:00.000Z","end":"2023-10-23T19:04:00.000Z"},"country":"United Kingdom","OPM":3,"total_sales_volume":266.8299968242645,"rate_of_return":0.0}
{"window":{"start":"2023-10-26T04:46:00.000Z","end":"2023-10-26T04:47:00.000Z"},"country":"Spain","OPM":1,"total_sales_volume":27.44999885559082,"rate_of_return":0.0}
{"window":{"start":"2023-10-27T08:06:00.000Z","end":"2023-10-27T08:07:00.000Z"},"country":"United Kingdom","OPM":9,"total_sales_volume":1615.8800123631954,"rate_of_return":0.0}
{"window":{"start":"2023-10-25T22:57:00.000Z","end":"2023-10-25T22:58:00.000Z"},"country":"United Kingdom","OPM":7,"total_sales_volume":333.7699989080429,"rate_of_return":0.0}
{"window":{"start":"2023-10-27T15:11:00.000Z","end":"2023-10-27T15:12:00.000Z"},"country":"United Kingdom","OPM":8,"total_sales_volume":740.2299882769585,"rate_of_return":0.0}
{"window":{"start":"2023-10-24T21:26:00.000Z","end":"2023-10-24T21:27:00.000Z"},"country":"EIRE","OPM":1,"total_sales_volume":35.61000049114227,"rate_of_return":0.0}
{"window":{"start":"2023-10-27T05:29:00.000Z","end":"2023-10-27T05:30:00.000Z"},"country":"United Kingdom","OPM":9,"total_sales_volume":358.03000485897064,"rate_of_return":0.0}
{"window":{"start":"2023-10-27T15:51:00.000Z","end":"2023-10-27T15:52:00.000Z"},"country":"United Kingdom","OPM":11,"total_sales_volume":1366.4600201249123,"rate_of_return":0.0}
{"window":{"start":"2023-10-26T21:19:00.000Z","end":"2023-10-26T21:20:00.000Z"},"country":"United Kingdom","OPM":10,"total_sales_volume":259.4799962937832,"rate_of_return":0.1}
{"window":{"start":"2023-10-25T14:14:00.000Z","end":"2023-10-25T14:15:00.000Z"},"country":"Germany","OPM":1,"total_sales_volume":65.13999927043915,"rate_of_return":0.0}
{"window":{"start":"2023-10-25T22:12:00.000Z","end":"2023-10-25T22:13:00.000Z"},"country":"United Kingdom","OPM":9,"total_sales_volume":448.5499978065491,"rate_of_return":0.0}
{"window":{"start":"2023-10-26T01:40:00.000Z","end":"2023-10-26T01:41:00.000Z"},"country":"United Kingdom","OPM":10,"total_sales_volume":620.8800033181906,"rate_of_return":0.0}
{"window":{"start":"2023-10-27T00:38:00.000Z","end":"2023-10-27T00:39:00.000Z"},"country":"United Kingdom","OPM":7,"total_sales_volume":295.4000017940998,"rate_of_return":0.0}
{"window":{"start":"2023-10-23T12:32:00.000Z","end":"2023-10-23T12:33:00.000Z"},"country":"Portugal","OPM":1,"total_sales_volume":41.89999961853027,"rate_of_return":0.0}
{"window":{"start":"2023-10-24T03:30:00.000Z","end":"2023-10-24T03:31:00.000Z"},"country":"United Kingdom","OPM":10,"total_sales_volume":561.619990259409,"rate_of_return":0.2}
{"window":{"start":"2023-10-27T23:30:00.000Z","end":"2023-10-27T23:31:00.000Z"},"country":"United Kingdom","OPM":11,"total_sales_volume":310.6199990808964,"rate_of_return":0.09090909090909091}
{"window":{"start":"2023-10-27T16:57:00.000Z","end":"2023-10-27T16:58:00.000Z"},"country":"Channel Islands","OPM":1,"total_sales_volume":30.119999885559082,"rate_of_return":0.0}
{"window":{"start":"2023-10-24T01:16:00.000Z","end":"2023-10-24T01:17:00.000Z"},"country":"EIRE","OPM":1,"total_sales_volume":20.0,"rate_of_return":0.0}
{"window":{"start":"2023-10-23T21:45:00.000Z","end":"2023-10-23T21:46:00.000Z"},"country":"Germany","OPM":1,"total_sales_volume":-82.51999998092651,"rate_of_return":1.0}
{"window":{"start":"2023-10-26T18:07:00.000Z","end":"2023-10-26T18:08:00.000Z"},"country":"United Kingdom","OPM":11,"total_sales_volume":7629.390154391527,"rate_of_return":0.09090909090909091}
{"window":{"start":"2023-10-26T09:10:00.000Z","end":"2023-10-26T09:11:00.000Z"},"country":"Switzerland","OPM":1,"total_sales_volume":8.249999761581421,"rate_of_return":0.0}
{"window":{"start":"2023-10-24T05:19:00.000Z","end":"2023-10-24T05:20:00.000Z"},"country":"Germany","OPM":1,"total_sales_volume":2.7299998998641968,"rate_of_return":0.0}
{"window":{"start":"2023-10-25T11:58:00.000Z","end":"2023-10-25T11:59:00.000Z"},"country":"Australia","OPM":1,"total_sales_volume":19.799999713897705,"rate_of_return":0.0}
{"window":{"start":"2023-10-27T12:38:00.000Z","end":"2023-10-27T12:39:00.000Z"},"country":"Spain","OPM":1,"total_sales_volume":30.59999942779541,"rate_of_return":0.0}
{"window":{"start":"2023-10-25T19:28:00.000Z","end":"2023-10-25T19:29:00.000Z"},"country":"Austria","OPM":1,"total_sales_volume":10.390000104904175,"rate_of_return":0.0}
{"window":{"start":"2023-10-27T22:11:00.000Z","end":"2023-10-27T22:12:00.000Z"},"country":"United Kingdom","OPM":9,"total_sales_volume":712.929999768734,"rate_of_return":0.2222222222222222}
{"window":{"start":"2023-10-24T23:17:00.000Z","end":"2023-10-24T23:18:00.000Z"},"country":"Singapore","OPM":1,"total_sales_volume":41.70000043511391,"rate_of_return":0.0}
{"window":{"start":"2023-10-27T10:42:00.000Z","end":"2023-10-27T10:43:00.000Z"},"country":"United Kingdom","OPM":11,"total_sales_volume":1229.889997780323,"rate_of_return":0.0}
{"window":{"start":"2023-10-26T12:58:00.000Z","end":"2023-10-26T12:59:00.000Z"},"country":"United Kingdom","OPM":9,"total_sales_volume":316.61000180244446,"rate_of_return":0.0}
{"window":{"start":"2023-10-26T00:52:00.000Z","end":"2023-10-26T00:53:00.000Z"},"country":"United Kingdom","OPM":5,"total_sales_volume":241.0400025397539,"rate_of_return":0.0}
{"window":{"start":"2023-10-23T21:13:00.000Z","end":"2023-10-23T21:14:00.000Z"},"country":"Australia","OPM":1,"total_sales_volume":33.70999985933304,"rate_of_return":0.0}
{"window":{"start":"2023-10-26T04:53:00.000Z","end":"2023-10-26T04:54:00.000Z"},"country":"United Kingdom","OPM":7,"total_sales_volume":197.70000275969505,"rate_of_return":0.14285714285714285}
{"window":{"start":"2023-10-27T22:51:00.000Z","end":"2023-10-27T22:52:00.000Z"},"country":"United Kingdom","OPM":9,"total_sales_volume":340.10999631881714,"rate_of_return":0.0}
{"window":{"start":"2023-10-23T16:58:00.000Z","end":"2023-10-23T16:59:00.000Z"},"country":"Spain","OPM":1,"total_sales_volume":-22.449999690055847,"rate_of_return":1.0}
{"window":{"start":"2023-10-26T09:14:00.000Z","end":"2023-10-26T09:15:00.000Z"},"country":"United Kingdom","OPM":7,"total_sales_volume":304.4299991130829,"rate_of_return":0.14285714285714285}
{"window":{"start":"2023-10-26T19:37:00.000Z","end":"2023-10-26T19:38:00.000Z"},"country":"Germany","OPM":1,"total_sales_volume":51.52999773621559,"rate_of_return":0.0}
{"window":{"start":"2023-10-25T02:04:00.000Z","end":"2023-10-25T02:05:00.000Z"},"country":"Norway","OPM":1,"total_sales_volume":1.649999976158142,"rate_of_return":0.0}
{"window":{"start":"2023-10-24T19:38:00.000Z","end":"2023-10-24T19:39:00.000Z"},"country":"United Kingdom","OPM":12,"total_sales_volume":233.42999505996704,"rate_of_return":0.16666666666666666}
{"window":{"start":"2023-10-27T07:05:00.000Z","end":"2023-10-27T07:06:00.000Z"},"country":"United Kingdom","OPM":9,"total_sales_volume":1733.969985038042,"rate_of_return":0.0}
{"window":{"start":"2023-10-25T04:44:00.000Z","end":"2023-10-25T04:45:00.000Z"},"country":"United Kingdom","OPM":15,"total_sales_volume":1250.8900129199028,"rate_of_return":0.06666666666666667}
{"window":{"start":"2023-10-27T20:38:00.000Z","end":"2023-10-27T20:39:00.000Z"},"country":"United Kingdom","OPM":8,"total_sales_volume":436.2099975645542,"rate_of_return":0.0}
