{"window":{"start":"2023-10-25T15:55:00.000Z","end":"2023-10-25T15:56:00.000Z"},"country":"Australia","OPM":1,"total_sales_volume":9.959999799728394,"rate_of_return":0.0}
{"window":{"start":"2023-10-24T20:25:00.000Z","end":"2023-10-24T20:26:00.000Z"},"country":"United Kingdom","OPM":6,"total_sales_volume":257.94000136852264,"rate_of_return":0.0}
{"window":{"start":"2023-10-25T14:35:00.000Z","end":"2023-10-25T14:36:00.000Z"},"country":"EIRE","OPM":1,"total_sales_volume":10.450000166893005,"rate_of_return":0.0}
{"window":{"start":"2023-10-24T03:34:00.000Z","end":"2023-10-24T03:35:00.000Z"},"country":"Spain","OPM":1,"total_sales_volume":22.64999943971634,"rate_of_return":0.0}
{"window":{"start":"2023-10-25T02:54:00.000Z","end":"2023-10-25T02:55:00.000Z"},"country":"United Kingdom","OPM":10,"total_sales_volume":521.6399932205677,"rate_of_return":0.3}
{"window":{"start":"2023-10-26T05:12:00.000Z","end":"2023-10-26T05:13:00.000Z"},"country":"United Kingdom","OPM":10,"total_sales_volume":779.3599948883057,"rate_of_return":0.0}
{"window":{"start":"2023-10-27T10:32:00.000Z","end":"2023-10-27T10:33:00.000Z"},"country":"United Kingdom","OPM":6,"total_sales_volume":360.2600011229515,"rate_of_return":0.0}
{"window":{"start":"2023-10-25T22:40:00.000Z","end":"2023-10-25T22:41:00.000Z"},"country":"Germany","OPM":1,"total_sales_volume":38.12000036239624,"rate_of_return":0.0}
{"window":{"start":"2023-10-23T18:11:00.000Z","end":"2023-10-23T18:12:00.000Z"},"country":"France","OPM":1,"total_sales_volume":4.239999771118164,"rate_of_return":0.0}
{"window":{"start":"2023-10-24T21:54:00.000Z","end":"2023-10-24T21:55:00.000Z"},"country":"United Kingdom","OPM":9,"total_sales_volume":377.5700017809868,"rate_of_return":0.0}
{"window":{"start":"2023-10-26T01:01:00.000Z","end":"2023-10-26T01:02:00.000Z"},"country":"EIRE","OPM":1,"total_sales_volume":38.19000029563904,"rate_of_return":0.0}
{"window":{"start":"2023-10-28T00:58:00.000Z","end":"2023-10-28T00:59:00.000Z"},"country":"Germany","OPM":2,"total_sales_volume":51.70000034570694,"rate_of_return":0.0}
{"window":{"start":"2023-10-26T11:44:00.000Z","end":"2023-10-26T11:45:00.000Z"},"country":"United Kingdom","OPM":11,"total_sales_volume":324.81999999284744,"rate_of_return":0.09090909090909091}
{"window":{"start":"2023-10-27T18:03:00.000Z","end":"2023-10-27T18:04:00.000Z"},"country":"United Kingdom","OPM":7,"total_sales_volume":469.42999893426895,"rate_of_return":0.14285714285714285}
{"window":{"start":"2023-10-26T15:47:00.000Z","end":"2023-10-26T15:48:00.000Z"},"country":"United Kingdom","OPM":13,"total_sales_volume":644.099984228611,"rate_of_return":0.0}
{"window":{"start":"2023-10-27T21:26:00.000Z","end":"2023-10-27T21:27:00.000Z"},"country":"Germany","OPM":1,"total_sales_volume":45.4399995803833,"rate_of_return":0.0}
{"window":{"start":"2023-10-26T13:46:00.000Z","end":"2023-10-26T13:47:00.000Z"},"country":"France","OPM":1,"total_sales_volume":94.80000138282776,"rate_of_return":0.0}
{"window":{"start":"2023-10-28T02:38:00.000Z","end":"2023-10-28T02:39:00.000Z"},"country":"United Kingdom","OPM":14,"total_sales_volume":1108.629996240139,"rate_of_return":0.0}
{"window":{"start":"2023-10-25T13:43:00.000Z","end":"2023-10-25T13:44:00.000Z"},"country":"Netherlands","OPM":1,"total_sales_volume":34.59999966621399,"rate_of_return":0.0}
{"window":{"start":"2023-10-23T13:44:00.000Z","end":"2023-10-23T13:45:00.000Z"},"country":"United Kingdom","OPM":7,"total_sales_volume":302.4199970960617,"rate_of_return":0.0}
{"window":{"start":"2023-10-25T09:50:00.000Z","end":"2023-10-25T09:51:00.000Z"},"country":"United Kingdom","OPM":9,"total_sales_volume":2416.899991005659,"rate_of_return":0.0}
{"window":{"start":"2023-10-25T16:02:00.000Z","end":"2023-10-25T16:03:00.000Z"},"country":"United Kingdom","OPM":10,"total_sales_volume":684.1999989449978,"rate_of_return":0.1}
{"window":{"start":"2023-10-27T08:15:00.000Z","end":"2023-10-27T08:16:00.000Z"},"country":"United Kingdom","OPM":11,"total_sales_volume":228.6999996304512,"rate_of_return":0.09090909090909091}
{"window":{"start":"2023-10-27T12:08:00.000Z","end":"2023-10-27T12:09:00.000Z"},"country":"United Kingdom","OPM":9,"total_sales_volume":617.159992530942,"rate_of_return":0.3333333333333333}
{"window":{"start":"2023-10-27T05:52:00.000Z","end":"2023-10-27T05:53:00.000Z"},"country":"Japan","OPM":1,"total_sales_volume":22.59999990463257,"rate_of_return":0.0}
{"window":{"start":"2023-10-28T02:53:00.000Z","end":"2023-10-28T02:54:00.000Z"},"country":"United Kingdom","OPM":5,"total_sales_volume":196.66000300645828,"rate_of_return":0.0}
{"window":{"start":"2023-10-25T06:26:00.000Z","end":"2023-10-25T06:27:00.000Z"},"country":"Finland","OPM":1,"total_sales_volume":70.77999925613403,"rate_of_return":0.0}
{"window":{"start":"2023-10-25T01:26:00.000Z","end":"2023-10-25T01:27:00.000Z"},"country":"EIRE","OPM":1,"total_sales_volume":35.129999577999115,"rate_of_return":0.0}
{"window":{"start":"2023-10-25T14:09:00.000Z","end":"2023-10-25T14:10:00.000Z"},"country":"United Kingdom","OPM":8,"total_sales_volume":10.710019439458847,"rate_of_return":0.125}
{"window":{"start":"2023-10-25T15:29:00.000Z","end":"2023-10-25T15:30:00.000Z"},"country":"Hong Kong","OPM":1,"total_sales_volume":23.059999704360962,"rate_of_return":0.0}
{"window":{"start":"2023-10-24T00:22:00.000Z","end":"2023-10-24T00:23:00.000Z"},"country":"United Kingdom","OPM":7,"total_sales_volume":460.57999658584595,"rate_of_return":0.0}
{"window":{"start":"2023-10-23T19:53:00.000Z","end":"2023-10-23T19:54:00.000Z"},"country":"Switzerland","OPM":1,"total_sales_volume":9.949999809265137,"rate_of_return":0.0}
{"window":{"start":"2023-10-25T04:20:00.000Z","end":"2023-10-25T04:21:00.000Z"},"country":"France","OPM":1,"total_sales_volume":3.75,"rate_of_return":0.0}
{"window":{"start":"2023-10-25T23:17:00.000Z","end":"2023-10-25T23:18:00.000Z"},"country":"United Kingdom","OPM":12,"total_sales_volume":953.4799870848656,"rate_of_return":0.08333333333333333}
{"window":{"start":"2023-10-26T21:20:00.000Z","end":"2023-10-26T21:21:00.000Z"},"country":"Italy","OPM":1,"total_sales_volume":7.070000171661377,"rate_of_return":0.0}
{"window":{"start":"2023-10-27T03:02:00.000Z","end":"2023-10-27T03:03:00.000Z"},"country":"Netherlands","OPM":1,"total_sales_volume":80.40000057220459,"rate_of_return":0.0}
{"window":{"start":"2023-10-23T21:35:00.000Z","end":"2023-10-23T21:36:00.000Z"},"country":"France","OPM":1,"total_sales_volume":97.9000015258789,"rate_of_return":0.0}
{"window":{"start":"2023-10-24T13:06:00.000Z","end":"2023-10-24T13:07:00.000Z"},"country":"United Kingdom","OPM":10,"total_sales_volume":533.8499995470047,"rate_of_return":0.1}
{"window":{"start":"2023-10-27T16:29:00.000Z","end":"2023-10-27T16:30:00.000Z"},"country":"Finland","OPM":1,"total_sales_volume":19.94999986886978,"rate_of_return":0.0}
{"window":{"start":"2023-10-27T23:10:00.000Z","end":"2023-10-27T23:11:00.000Z"},"country":"Finland","OPM":1,"total_sales_volume":46.649999022483826,"rate_of_return":0.0}
{"window":{"start":"2023-10-27T07:54:00.000Z","end":"2023-10-27T07:55:00.000Z"},"country":"United Kingdom","OPM":11,"total_sales_volume":1119.8100268542767,"rate_of_return":0.18181818181818182}
{"window":{"start":"2023-10-23T19:13:00.000Z","end":"2023-10-23T19:14:00.000Z"},"country":"Portugal","OPM":1,"total_sales_volume":-344.55999147892,"rate_of_return":1.0}
{"window":{"start":"2023-10-28T00:36:00.000Z","end":"2023-10-28T00:37:00.000Z"},"country":"United Kingdom","OPM":13,"total_sales_volume":707.3199861347675,"rate_of_return":0.15384615384615385}
{"window":{"start":"2023-10-23T18:14:00.000Z","end":"2023-10-23T18:15:00.000Z"},"country":"United Kingdom","OPM":12,"total_sales_volume":589.5499957501888,"rate_of_return":0.08333333333333333}
{"window":{"start":"2023-10-26T22:17:00.000Z","end":"2023-10-26T22:18:00.000Z"},"country":"EIRE","OPM":1,"total_sales_volume":18.279999136924744,"rate_of_return":0.0}
{"window":{"start":"2023-10-28T02:18:00.000Z","end":"2023-10-28T02:19:00.000Z"},"country":"United Kingdom","OPM":8,"total_sales_volume":417.2700026035309,"rate_of_return":0.0}
{"window":{"start":"2023-10-23T18:12:00.000Z","end":"2023-10-23T18:13:00.000Z"},"country":"United Kingdom","OPM":4,"total_sales_volume":181.67999902367592,"rate_of_return":0.0}
{"window":{"start":"2023-10-26T15:09:00.000Z","end":"2023-10-26T15:10:00.000Z"},"country":"United Kingdom","OPM":8,"total_sales_volume":892.500004529953,"rate_of_return":0.0}
{"window":{"start":"2023-10-26T20:50:00.000Z","end":"2023-10-26T20:51:00.000Z"},"country":"United Kingdom","OPM":6,"total_sales_volume":227.38000187277794,"rate_of_return":0.0}
{"window":{"start":"2023-10-25T20:06:00.000Z","end":"2023-10-25T20:07:00.000Z"},"country":"United Kingdom","OPM":15,"total_sales_volume":906.4900005161762,"rate_of_return":0.0}
{"window":{"start":"2023-10-28T03:08:00.000Z","end":"2023-10-28T03:09:00.000Z"},"country":"Finland","OPM":1,"total_sales_volume":17.700000286102295,"rate_of_return":0.0}
{"window":{"start":"2023-10-26T15:01:00.000Z","end":"2023-10-26T15:02:00.000Z"},"country":"Netherlands","OPM":1,"total_sales_volume":86.91000139713287,"rate_of_return":0.0}
{"window":{"start":"2023-10-26T13:19:00.000Z","end":"2023-10-26T13:20:00.000Z"},"country":"United Kingdom","OPM":4,"total_sales_volume":202.33999609947205,"rate_of_return":0.0}
{"window":{"start":"2023-10-25T09:53:00.000Z","end":"2023-10-25T09:54:00.000Z"},"country":"United Kingdom","OPM":5,"total_sales_volume":222.950000166893,"rate_of_return":0.0}
{"window":{"start":"2023-10-26T11:37:00.000Z","end":"2023-10-26T11:38:00.000Z"},"country":"United Kingdom","OPM":3,"total_sales_volume":823.0499890074134,"rate_of_return":0.0}
