{"window":{"start":"2023-10-24T06:33:00.000Z","end":"2023-10-24T06:34:00.000Z"},"country":"United Kingdom","OPM":6,"total_sales_volume":306.42000275850296,"rate_of_return":0.0}
{"window":{"start":"2023-10-26T10:40:00.000Z","end":"2023-10-26T10:41:00.000Z"},"country":"United Kingdom","OPM":7,"total_sales_volume":233.41999799013138,"rate_of_return":0.0}
{"window":{"start":"2023-10-26T11:09:00.000Z","end":"2023-10-26T11:10:00.000Z"},"country":"Belgium","OPM":1,"total_sales_volume":106.84000062942505,"rate_of_return":0.0}
{"window":{"start":"2023-10-27T04:20:00.000Z","end":"2023-10-27T04:21:00.000Z"},"country":"EIRE","OPM":1,"total_sales_volume":-11.749999672174454,"rate_of_return":1.0}
{"window":{"start":"2023-10-24T18:55:00.000Z","end":"2023-10-24T18:56:00.000Z"},"country":"United Kingdom","OPM":11,"total_sales_volume":292.6499986946583,"rate_of_return":0.09090909090909091}
{"window":{"start":"2023-10-26T04:02:00.000Z","end":"2023-10-26T04:03:00.000Z"},"country":"Cyprus","OPM":1,"total_sales_volume":12.549999713897705,"rate_of_return":0.0}
{"window":{"start":"2023-10-24T02:03:00.000Z","end":"2023-10-24T02:04:00.000Z"},"country":"United Kingdom","OPM":7,"total_sales_volume":336.83000230789185,"rate_of_return":0.14285714285714285}
{"window":{"start":"2023-10-26T04:02:00.000Z","end":"2023-10-26T04:03:00.000Z"},"country":"Germany","OPM":1,"total_sales_volume":11.5600004196167,"rate_of_return":0.0}
{"window":{"start":"2023-10-26T14:49:00.000Z","end":"2023-10-26T14:50:00.000Z"},"country":"United Kingdom","OPM":11,"total_sales_volume":1008.3300048708916,"rate_of_return":0.0}
{"window":{"start":"2023-10-25T14:37:00.000Z","end":"2023-10-25T14:38:00.000Z"},"country":"United Kingdom","OPM":10,"total_sales_volume":567.7299982309341,"rate_of_return":0.0}
{"window":{"start":"2023-10-25T02:50:00.000Z","end":"2023-10-25T02:51:00.000Z"},"country":"United Kingdom","OPM":5,"total_sales_volume":198.85999965667725,"rate_of_return":0.0}
{"window":{"start":"2023-10-28T05:04:00.000Z","end":"2023-10-28T05:05:00.000Z"},"country":"United Kingdom","OPM":4,"total_sales_volume":283.15999510884285,"rate_of_return":0.0}
{"window":{"start":"2023-10-25T21:55:00.000Z","end":"2023-10-25T21:56:00.000Z"},"country":"United Kingdom","OPM":8,"total_sales_volume":141.5599992275238,"rate_of_return":0.125}
{"window":{"start":"2023-10-23T23:17:00.000Z","end":"2023-10-23T23:18:00.000Z"},"country":"Switzerland","OPM":2,"total_sales_volume":-276.7999895811081,"rate_of_return":0.5}
{"window":{"start":"2023-10-25T08:56:00.000Z","end":"2023-10-25T08:57:00.000Z"},"country":"United Kingdom","OPM":10,"total_sales_volume":230.51999774575233,"rate_of_return":0.1}
{"window":{"start":"2023-10-27T03:25:00.000Z","end":"2023-10-27T03:26:00.000Z"},"country":"Belgium","OPM":1,"total_sales_volume":44.00999987125397,"rate_of_return":0.0}
{"window":{"start":"2023-10-27T02:40:00.000Z","end":"2023-10-27T02:41:00.000Z"},"country":"Germany","OPM":1,"total_sales_volume":6.450000047683716,"rate_of_return":0.0}
{"window":{"start":"2023-10-23T22:37:00.000Z","end":"2023-10-23T22:38:00.000Z"},"country":"United Kingdom","OPM":3,"total_sales_volume":105.76999735832214,"rate_of_return":0.0}
{"window":{"start":"2023-10-27T00:42:00.000Z","end":"2023-10-27T00:43:00.000Z"},"country":"United Kingdom","OPM":5,"total_sales_volume":203.66000026464462,"rate_of_return":0.0}
{"window":{"start":"2023-10-24T23:40:00.000Z","end":"2023-10-24T23:41:00.000Z"},"country":"United Kingdom","OPM":4,"total_sales_volume":164.9999988079071,"rate_of_return":0.0}
{"window":{"start":"2023-10-23T16:15:00.000Z","end":"2023-10-23T16:16:00.000Z"},"country":"EIRE","OPM":1,"total_sales_volume":18.640000075101852,"rate_of_return":0.0}
{"window":{"start":"2023-10-27T05:37:00.000Z","end":"2023-10-27T05:38:00.000Z"},"country":"United Kingdom","OPM":10,"total_sales_volume":996.4899868667126,"rate_of_return":0.1}
{"window":{"start":"2023-10-25T14:54:00.000Z","end":"2023-10-25T14:55:00.000Z"},"country":"Portugal","OPM":1,"total_sales_volume":2.9000000953674316,"rate_of_return":0.0}
{"window":{"start":"2023-10-23T23:45:00.000Z","end":"2023-10-23T23:46:00.000Z"},"country":"United Kingdom","OPM":7,"total_sales_volume":376.65999686717987,"rate_of_return":0.0}
{"window":{"start":"2023-10-24T00:08:00.000Z","end":"2023-10-24T00:09:00.000Z"},"country":"EIRE","OPM":1,"total_sales_volume":15.0,"rate_of_return":0.0}
{"window":{"start":"2023-10-25T17:20:00.000Z","end":"2023-10-25T17:21:00.000Z"},"country":"EIRE","OPM":1,"total_sales_volume":8.379999995231628,"rate_of_return":0.0}
{"window":{"start":"2023-10-25T13:45:00.000Z","end":"2023-10-25T13:46:00.000Z"},"country":"Sweden","OPM":1,"total_sales_volume":44.09999990463257,"rate_of_return":0.0}
{"window":{"start":"2023-10-24T03:06:00.000Z","end":"2023-10-24T03:07:00.000Z"},"country":"United Kingdom","OPM":8,"total_sales_volume":638.2899985015392,"rate_of_return":0.0}
{"window":{"start":"2023-10-24T05:21:00.000Z","end":"2023-10-24T05:22:00.000Z"},"country":"United Kingdom","OPM":6,"total_sales_volume":190.12999480962753,"rate_of_return":0.0}
{"window":{"start":"2023-10-25T06:02:00.000Z","end":"2023-10-25T06:03:00.000Z"},"country":"United Kingdom","OPM":9,"total_sales_volume":323.5799980163574,"rate_of_return":0.0}
{"window":{"start":"2023-10-24T17:03:00.000Z","end":"2023-10-24T17:04:00.000Z"},"country":"France","OPM":1,"total_sales_volume":101.02999892830849,"rate_of_return":0.0}
{"window":{"start":"2023-10-23T23:30:00.000Z","end":"2023-10-23T23:31:00.000Z"},"country":"Belgium","OPM":1,"total_sales_volume":81.04999923706055,"rate_of_return":0.0}
{"window":{"start":"2023-10-27T08:04:00.000Z","end":"2023-10-27T08:05:00.000Z"},"country":"Netherlands","OPM":1,"total_sales_volume":29.90000057220459,"rate_of_return":0.0}
{"window":{"start":"2023-10-26T00:15:00.000Z","end":"2023-10-26T00:16:00.000Z"},"country":"Portugal","OPM":1,"total_sales_volume":19.799999713897705,"rate_of_return":0.0}
{"window":{"start":"2023-10-27T23:50:00.000Z","end":"2023-10-27T23:51:00.000Z"},"country":"Germany","OPM":1,"total_sales_volume":23.459999322891235,"rate_of_return":0.0}
{"window":{"start":"2023-10-23T12:49:00.000Z","end":"2023-10-23T12:50:00.000Z"},"country":"Belgium","OPM":1,"total_sales_volume":17.140000015497208,"rate_of_return":0.0}
{"window":{"start":"2023-10-24T19:44:00.000Z","end":"2023-10-24T19:45:00.000Z"},"country":"United Kingdom","OPM":5,"total_sales_volume":281.7200023829937,"rate_of_return":0.0}
{"window":{"start":"2023-10-25T06:50:00.000Z","end":"2023-10-25T06:51:00.000Z"},"country":"United Kingdom","OPM":6,"total_sales_volume":5318.139819383621,"rate_of_return":0.3333333333333333}
{"window":{"start":"2023-10-26T12:41:00.000Z","end":"2023-10-26T12:42:00.000Z"},"country":"Channel Islands","OPM":1,"total_sales_volume":66.049999833107,"rate_of_return":0.0}
{"window":{"start":"2023-10-24T20:47:00.000Z","end":"2023-10-24T20:48:00.000Z"},"country":"Switzerland","OPM":1,"total_sales_volume":209.58999627828598,"rate_of_return":0.0}
{"window":{"start":"2023-10-24T18:19:00.000Z","end":"2023-10-24T18:20:00.000Z"},"country":"Germany","OPM":1,"total_sales_volume":85.15999865531921,"rate_of_return":0.0}
{"window":{"start":"2023-10-25T06:43:00.000Z","end":"2023-10-25T06:44:00.000Z"},"country":"EIRE","OPM":1,"total_sales_volume":182.909996509552,"rate_of_return":0.0}
{"window":{"start":"2023-10-25T10:41:00.000Z","end":"2023-10-25T10:42:00.000Z"},"country":"France","OPM":1,"total_sales_volume":60.19000041484833,"rate_of_return":0.0}
{"window":{"start":"2023-10-23T21:42:00.000Z","end":"2023-10-23T21:43:00.000Z"},"country":"EIRE","OPM":1,"total_sales_volume":41.850000858306885,"rate_of_return":0.0}
{"window":{"start":"2023-10-27T21:43:00.000Z","end":"2023-10-27T21:44:00.000Z"},"country":"Germany","OPM":1,"total_sales_volume":13.329999566078186,"rate_of_return":0.0}
{"window":{"start":"2023-10-26T03:44:00.000Z","end":"2023-10-26T03:45:00.000Z"},"country":"United Kingdom","OPM":6,"total_sales_volume":241.96999770402908,"rate_of_return":0.0}
{"window":{"start":"2023-10-28T01:55:00.000Z","end":"2023-10-28T01:56:00.000Z"},"country":"United Kingdom","OPM":12,"total_sales_volume":477.0299973487854,"rate_of_return":0.08333333333333333}
{"window":{"start":"2023-10-28T03:29:00.000Z","end":"2023-10-28T03:30:00.000Z"},"country":"United Kingdom","OPM":13,"total_sales_volume":711.4499987065792,"rate_of_return":0.15384615384615385}
{"window":{"start":"2023-10-27T19:36:00.000Z","end":"2023-10-27T19:37:00.000Z"},"country":"France","OPM":1,"total_sales_volume":39.649998903274536,"rate_of_return":0.0}
{"window":{"start":"2023-10-25T15:05:00.000Z","end":"2023-10-25T15:06:00.000Z"},"country":"United Kingdom","OPM":15,"total_sales_volume":2448.8000202775,"rate_of_return":0.06666666666666667}
{"window":{"start":"2023-10-25T13:58:00.000Z","end":"2023-10-25T13:59:00.000Z"},"country":"Iceland","OPM":1,"total_sales_volume":7.5,"rate_of_return":0.0}
{"window":{"start":"2023-10-25T06:22:00.000Z","end":"2023-10-25T06:23:00.000Z"},"country":"United Kingdom","OPM":12,"total_sales_volume":1163.2899907529354,"rate_of_return":0.08333333333333333}
{"window":{"start":"2023-10-24T17:17:00.000Z","end":"2023-10-24T17:18:00.000Z"},"country":"France","OPM":1,"total_sales_volume":1.6799999475479126,"rate_of_return":0.0}
{"window":{"start":"2023-10-25T00:24:00.000Z","end":"2023-10-25T00:25:00.000Z"},"country":"United Kingdom","OPM":7,"total_sales_volume":178.42000037431717,"rate_of_return":0.14285714285714285}
{"window":{"start":"2023-10-25T08:35:00.000Z","end":"2023-10-25T08:36:00.000Z"},"country":"United Kingdom","OPM":7,"total_sales_volume":274.3299954533577,"rate_of_return":0.14285714285714285}
{"window":{"start":"2023-10-24T12:47:00.000Z","end":"2023-10-24T12:48:00.000Z"},"country":"United Kingdom","OPM":15,"total_sales_volume":926.539992749691,"rate_of_return":0.06666666666666667}
{"window":{"start":"2023-10-25T13:24:00.000Z","end":"2023-10-25T13:25:00.000Z"},"country":"United Kingdom","OPM":8,"total_sales_volume":218.44999941438437,"rate_of_return":0.0}
{"window":{"start":"2023-10-28T03:17:00.000Z","end":"2023-10-28T03:18:00.000Z"},"country":"EIRE","OPM":1,"total_sales_volume":20.75000035762787,"rate_of_return":0.0}
{"window":{"start":"2023-10-25T23:59:00.000Z","end":"2023-10-26T00:00:00.000Z"},"country":"United Kingdom","OPM":9,"total_sales_volume":444.220013320446,"rate_of_return":0.2222222222222222}
{"window":{"start":"2023-10-27T08:48:00.000Z","end":"2023-10-27T08:49:00.000Z"},"country":"EIRE","OPM":1,"total_sales_volume":108.87999868392944,"rate_of_return":0.0}
{"window":{"start":"2023-10-25T20:12:00.000Z","end":"2023-10-25T20:13:00.000Z"},"country":"United Kingdom","OPM":10,"total_sales_volume":517.1399953961372,"rate_of_return":0.0}
{"window":{"start":"2023-10-28T01:02:00.000Z","end":"2023-10-28T01:03:00.000Z"},"country":"United Kingdom","OPM":12,"total_sales_volume":1317.0199873447418,"rate_of_return":0.0}
{"window":{"start":"2023-10-27T18:38:00.000Z","end":"2023-10-27T18:39:00.000Z"},"country":"United Kingdom","OPM":15,"total_sales_volume":596.3600031733513,"rate_of_return":0.0}
{"window":{"start":"2023-10-25T08:49:00.000Z","end":"2023-10-25T08:50:00.000Z"},"country":"United Kingdom","OPM":10,"total_sales_volume":380.83999717235565,"rate_of_return":0.0}
{"window":{"start":"2023-10-25T04:20:00.000Z","end":"2023-10-25T04:21:00.000Z"},"country":"EIRE","OPM":1,"total_sales_volume":-274.79999113082886,"rate_of_return":1.0}
