{"window":{"start":"2023-10-27T02:57:00.000Z","end":"2023-10-27T02:58:00.000Z"},"country":"EIRE","OPM":1,"total_sales_volume":-106.64999771118164,"rate_of_return":1.0}
{"window":{"start":"2023-10-26T08:38:00.000Z","end":"2023-10-26T08:39:00.000Z"},"country":"United Kingdom","OPM":10,"total_sales_volume":138.01000127196312,"rate_of_return":0.1}
{"window":{"start":"2023-10-24T13:30:00.000Z","end":"2023-10-24T13:31:00.000Z"},"country":"United Kingdom","OPM":13,"total_sales_volume":1963.569967776537,"rate_of_return":0.07692307692307693}
{"window":{"start":"2023-10-24T20:29:00.000Z","end":"2023-10-24T20:30:00.000Z"},"country":"United Kingdom","OPM":6,"total_sales_volume":216.45999976992607,"rate_of_return":0.0}
{"window":{"start":"2023-10-23T14:33:00.000Z","end":"2023-10-23T14:34:00.000Z"},"country":"United Kingdom","OPM":14,"total_sales_volume":995.9300054311752,"rate_of_return":0.0}
{"window":{"start":"2023-10-27T03:36:00.000Z","end":"2023-10-27T03:37:00.000Z"},"country":"United Kingdom","OPM":13,"total_sales_volume":294.060000538826,"rate_of_return":0.07692307692307693}
{"window":{"start":"2023-10-26T02:08:00.000Z","end":"2023-10-26T02:09:00.000Z"},"country":"France","OPM":1,"total_sales_volume":118.79999542236328,"rate_of_return":0.0}
{"window":{"start":"2023-10-27T06:33:00.000Z","end":"2023-10-27T06:34:00.000Z"},"country":"United Kingdom","OPM":9,"total_sales_volume":187.2499994635582,"rate_of_return":0.0}
{"window":{"start":"2023-10-26T08:11:00.000Z","end":"2023-10-26T08:12:00.000Z"},"country":"United Kingdom","OPM":8,"total_sales_volume":1244.3399995267391,"rate_of_return":0.125}
{"window":{"start":"2023-10-26T04:34:00.000Z","end":"2023-10-26T04:35:00.000Z"},"country":"USA","OPM":1,"total_sales_volume":14.179999828338623,"rate_of_return":0.0}
{"window":{"start":"2023-10-24T15:16:00.000Z","end":"2023-10-24T15:17:00.000Z"},"country":"Spain","OPM":1,"total_sales_volume":49.560001373291016,"rate_of_return":0.0}
{"window":{"start":"2023-10-26T15:33:00.000Z","end":"2023-10-26T15:34:00.000Z"},"country":"United Kingdom","OPM":7,"total_sales_volume":207.21999740600586,"rate_of_return":0.0}
{"window":{"start":"2023-10-27T08:09:00.000Z","end":"2023-10-27T08:10:00.000Z"},"country":"EIRE","OPM":1,"total_sales_volume":79.15000048279762,"rate_of_return":0.0}
{"window":{"start":"2023-10-26T05:24:00.000Z","end":"2023-10-26T05:25:00.000Z"},"country":"United Kingdom","OPM":6,"total_sales_volume":348.96999967098236,"rate_of_return":0.0}
{"window":{"start":"2023-10-26T08:20:00.000Z","end":"2023-10-26T08:21:00.000Z"},"country":"Spain","OPM":1,"total_sales_volume":-82.71999979019165,"rate_of_return":1.0}
{"window":{"start":"2023-10-27T19:55:00.000Z","end":"2023-10-27T19:56:00.000Z"},"country":"Spain","OPM":1,"total_sales_volume":162.11999714374542,"rate_of_return":0.0}
{"window":{"start":"2023-10-26T17:47:00.000Z","end":"2023-10-26T17:48:00.000Z"},"country":"United Kingdom","OPM":9,"total_sales_volume":632.3000073432922,"rate_of_return":0.1111111111111111}
{"window":{"start":"2023-10-27T13:07:00.000Z","end":"2023-10-27T13:08:00.000Z"},"country":"Channel Islands","OPM":1,"total_sales_volume":206.28999531269073,"rate_of_return":0.0}
{"window":{"start":"2023-10-24T15:31:00.000Z","end":"2023-10-24T15:32:00.000Z"},"country":"United Kingdom","OPM":7,"total_sales_volume":648.289992928505,"rate_of_return":0.0}
{"window":{"start":"2023-10-25T20:43:00.000Z","end":"2023-10-25T20:44:00.000Z"},"country":"Switzerland","OPM":1,"total_sales_volume":58.059998989105225,"rate_of_return":0.0}
{"window":{"start":"2023-10-25T03:46:00.000Z","end":"2023-10-25T03:47:00.000Z"},"country":"United Kingdom","OPM":8,"total_sales_volume":322.58000288158655,"rate_of_return":0.0}
{"window":{"start":"2023-10-28T04:05:00.000Z","end":"2023-10-28T04:06:00.000Z"},"country":"United Kingdom","OPM":6,"total_sales_volume":334.08999732136726,"rate_of_return":0.0}
{"window":{"start":"2023-10-25T01:21:00.000Z","end":"2023-10-25T01:22:00.000Z"},"country":"United Kingdom","OPM":6,"total_sales_volume":156.34000116586685,"rate_of_return":0.0}
{"window":{"start":"2023-10-25T08:33:00.000Z","end":"2023-10-25T08:34:00.000Z"},"country":"United Kingdom","OPM":10,"total_sales_volume":788.3799978196621,"rate_of_return":0.0}
{"window":{"start":"2023-10-27T18:02:00.000Z","end":"2023-10-27T18:03:00.000Z"},"country":"United Kingdom","OPM":10,"total_sales_volume":-24.180001974105835,"rate_of_return":0.1}
{"window":{"start":"2023-10-28T04:45:00.000Z","end":"2023-10-28T04:46:00.000Z"},"country":"United Kingdom","OPM":14,"total_sales_volume":928.3399807810783,"rate_of_return":0.0}
{"window":{"start":"2023-10-26T02:28:00.000Z","end":"2023-10-26T02:29:00.000Z"},"country":"United Kingdom","OPM":14,"total_sales_volume":616.8199996203184,"rate_of_return":0.07142857142857142}
{"window":{"start":"2023-10-27T21:55:00.000Z","end":"2023-10-27T21:56:00.000Z"},"country":"United Kingdom","OPM":6,"total_sales_volume":449.59000039100647,"rate_of_return":0.0}
{"window":{"start":"2023-10-27T15:40:00.000Z","end":"2023-10-27T15:41:00.000Z"},"country":"United Kingdom","OPM":17,"total_sales_volume":808.3099955320358,"rate_of_return":0.0}
{"window":{"start":"2023-10-26T14:25:00.000Z","end":"2023-10-26T14:26:00.000Z"},"country":"United Kingdom","OPM":3,"total_sales_volume":105.9599986076355,"rate_of_return":0.3333333333333333}
{"window":{"start":"2023-10-26T03:30:00.000Z","end":"2023-10-26T03:31:00.000Z"},"country":"Italy","OPM":1,"total_sales_volume":41.44000053405762,"rate_of_return":0.0}
{"window":{"start":"2023-10-26T17:12:00.000Z","end":"2023-10-26T17:13:00.000Z"},"country":"Hong Kong","OPM":1,"total_sales_volume":72.94999992847443,"rate_of_return":0.0}
{"window":{"start":"2023-10-25T18:13:00.000Z","end":"2023-10-25T18:14:00.000Z"},"country":"Germany","OPM":1,"total_sales_volume":36.53000009059906,"rate_of_return":0.0}
{"window":{"start":"2023-10-25T16:03:00.000Z","end":"2023-10-25T16:04:00.000Z"},"country":"Germany","OPM":1,"total_sales_volume":32.34999966621399,"rate_of_return":0.0}
{"window":{"start":"2023-10-27T03:41:00.000Z","end":"2023-10-27T03:42:00.000Z"},"country":"United Kingdom","OPM":9,"total_sales_volume":-63.02001094818115,"rate_of_return":0.3333333333333333}
{"window":{"start":"2023-10-27T12:16:00.000Z","end":"2023-10-27T12:17:00.000Z"},"country":"United Kingdom","OPM":9,"total_sales_volume":431.33999836444855,"rate_of_return":0.0}
{"window":{"start":"2023-10-26T07:35:00.000Z","end":"2023-10-26T07:36:00.000Z"},"country":"United Kingdom","OPM":13,"total_sales_volume":1075.64998203516,"rate_of_return":0.0}
{"window":{"start":"2023-10-25T08:25:00.000Z","end":"2023-10-25T08:26:00.000Z"},"country":"United Kingdom","OPM":14,"total_sales_volume":476.2099965810776,"rate_of_return":0.07142857142857142}
{"window":{"start":"2023-10-25T08:55:00.000Z","end":"2023-10-25T08:56:00.000Z"},"country":"United Kingdom","OPM":6,"total_sales_volume":422.31000286340714,"rate_of_return":0.0}
{"window":{"start":"2023-10-25T05:10:00.000Z","end":"2023-10-25T05:11:00.000Z"},"country":"EIRE","OPM":1,"total_sales_volume":369.6999888420105,"rate_of_return":0.0}
{"window":{"start":"2023-10-25T05:13:00.000Z","end":"2023-10-25T05:14:00.000Z"},"country":"EIRE","OPM":1,"total_sales_volume":33.97000050544739,"rate_of_return":0.0}
{"window":{"start":"2023-10-27T11:40:00.000Z","end":"2023-10-27T11:41:00.000Z"},"country":"United Kingdom","OPM":9,"total_sales_volume":369.34999907016754,"rate_of_return":0.1111111111111111}
{"window":{"start":"2023-10-25T09:59:00.000Z","end":"2023-10-25T10:00:00.000Z"},"country":"Switzerland","OPM":1,"total_sales_volume":7.899999976158142,"rate_of_return":0.0}
{"window":{"start":"2023-10-25T16:53:00.000Z","end":"2023-10-25T16:54:00.000Z"},"country":"United Kingdom","OPM":10,"total_sales_volume":589.9000047445297,"rate_of_return":0.0}
{"window":{"start":"2023-10-23T21:03:00.000Z","end":"2023-10-23T21:04:00.000Z"},"country":"United Kingdom","OPM":20,"total_sales_volume":740.7499933689833,"rate_of_return":0.0}
{"window":{"start":"2023-10-24T01:33:00.000Z","end":"2023-10-24T01:34:00.000Z"},"country":"United Kingdom","OPM":11,"total_sales_volume":518.2699955105782,"rate_of_return":0.09090909090909091}
{"window":{"start":"2023-10-27T16:01:00.000Z","end":"2023-10-27T16:02:00.000Z"},"country":"United Kingdom","OPM":11,"total_sales_volume":815.869980096817,"rate_of_return":0.09090909090909091}
{"window":{"start":"2023-10-26T08:03:00.000Z","end":"2023-10-26T08:04:00.000Z"},"country":"France","OPM":1,"total_sales_volume":63.49000036716461,"rate_of_return":0.0}
{"window":{"start":"2023-10-26T06:09:00.000Z","end":"2023-10-26T06:10:00.000Z"},"country":"Italy","OPM":1,"total_sales_volume":-52.91999959945679,"rate_of_return":1.0}
{"window":{"start":"2023-10-25T14:15:00.000Z","end":"2023-10-25T14:16:00.000Z"},"country":"Germany","OPM":1,"total_sales_volume":59.31000113487244,"rate_of_return":0.0}
{"window":{"start":"2023-10-25T15:26:00.000Z","end":"2023-10-25T15:27:00.000Z"},"country":"Netherlands","OPM":1,"total_sales_volume":25.729999780654907,"rate_of_return":0.0}
{"window":{"start":"2023-10-23T22:01:00.000Z","end":"2023-10-23T22:02:00.000Z"},"country":"France","OPM":1,"total_sales_volume":165.15000438690186,"rate_of_return":0.0}
{"window":{"start":"2023-10-25T16:45:00.000Z","end":"2023-10-25T16:46:00.000Z"},"country":"Switzerland","OPM":1,"total_sales_volume":29.080000281333923,"rate_of_return":0.0}
{"window":{"start":"2023-10-26T13:06:00.000Z","end":"2023-10-26T13:07:00.000Z"},"country":"Denmark","OPM":1,"total_sales_volume":363.9899959564209,"rate_of_return":0.0}
{"window":{"start":"2023-10-23T14:18:00.000Z","end":"2023-10-23T14:19:00.000Z"},"country":"United Kingdom","OPM":7,"total_sales_volume":1688.5699834823608,"rate_of_return":0.0}
{"window":{"start":"2023-10-24T02:37:00.000Z","end":"2023-10-24T02:38:00.000Z"},"country":"France","OPM":1,"total_sales_volume":30.0,"rate_of_return":0.0}
{"window":{"start":"2023-10-27T23:07:00.000Z","end":"2023-10-27T23:08:00.000Z"},"country":"Germany","OPM":1,"total_sales_volume":15.0,"rate_of_return":0.0}
{"window":{"start":"2023-10-27T02:51:00.000Z","end":"2023-10-27T02:52:00.000Z"},"country":"United Kingdom","OPM":5,"total_sales_volume":156.5599980354309,"rate_of_return":0.0}
{"window":{"start":"2023-10-24T17:00:00.000Z","end":"2023-10-24T17:01:00.000Z"},"country":"Channel Islands","OPM":1,"total_sales_volume":133.39999973773956,"rate_of_return":0.0}
{"window":{"start":"2023-10-27T06:00:00.000Z","end":"2023-10-27T06:01:00.000Z"},"country":"United Kingdom","OPM":9,"total_sales_volume":730.4499897360802,"rate_of_return":0.0}
{"window":{"start":"2023-10-26T05:57:00.000Z","end":"2023-10-26T05:58:00.000Z"},"country":"EIRE","OPM":1,"total_sales_volume":169.1900019645691,"rate_of_return":0.0}
