{"window":{"start":"2023-10-27T18:58:00.000Z","end":"2023-10-27T18:59:00.000Z"},"country":"France","OPM":1,"total_sales_volume":60.75,"rate_of_return":0.0}
{"window":{"start":"2023-10-26T19:12:00.000Z","end":"2023-10-26T19:13:00.000Z"},"country":"United Kingdom","OPM":12,"total_sales_volume":596.3899953961372,"rate_of_return":0.0}
{"window":{"start":"2023-10-26T19:19:00.000Z","end":"2023-10-26T19:20:00.000Z"},"country":"United Kingdom","OPM":11,"total_sales_volume":587.8399932384491,"rate_of_return":0.09090909090909091}
{"window":{"start":"2023-10-23T20:57:00.000Z","end":"2023-10-23T20:58:00.000Z"},"country":"Cyprus","OPM":1,"total_sales_volume":221.99999809265137,"rate_of_return":0.0}
{"window":{"start":"2023-10-27T20:22:00.000Z","end":"2023-10-27T20:23:00.000Z"},"country":"United Kingdom","OPM":1,"total_sales_volume":41.80000019073486,"rate_of_return":0.0}
{"window":{"start":"2023-10-25T20:26:00.000Z","end":"2023-10-25T20:27:00.000Z"},"country":"United Kingdom","OPM":12,"total_sales_volume":681.1299922466278,"rate_of_return":0.08333333333333333}
{"window":{"start":"2023-10-26T00:26:00.000Z","end":"2023-10-26T00:27:00.000Z"},"country":"United Kingdom","OPM":13,"total_sales_volume":678.889995932579,"rate_of_return":0.07692307692307693}
{"window":{"start":"2023-10-24T05:17:00.000Z","end":"2023-10-24T05:18:00.000Z"},"country":"United Kingdom","OPM":10,"total_sales_volume":327.10999569296837,"rate_of_return":0.1}
{"window":{"start":"2023-10-24T18:20:00.000Z","end":"2023-10-24T18:21:00.000Z"},"country":"United Kingdom","OPM":5,"total_sales_volume":280.8499967455864,"rate_of_return":0.0}
{"window":{"start":"2023-10-26T14:43:00.000Z","end":"2023-10-26T14:44:00.000Z"},"country":"United Kingdom","OPM":3,"total_sales_volume":90.18999993801117,"rate_of_return":0.0}
{"window":{"start":"2023-10-26T01:32:00.000Z","end":"2023-10-26T01:33:00.000Z"},"country":"Germany","OPM":1,"total_sales_volume":-61.49999988079071,"rate_of_return":1.0}
{"window":{"start":"2023-10-25T07:55:00.000Z","end":"2023-10-25T07:56:00.000Z"},"country":"United Kingdom","OPM":9,"total_sales_volume":512.199994802475,"rate_of_return":0.3333333333333333}
{"window":{"start":"2023-10-26T06:34:00.000Z","end":"2023-10-26T06:35:00.000Z"},"country":"Italy","OPM":1,"total_sales_volume":12.549999952316284,"rate_of_return":0.0}
{"window":{"start":"2023-10-23T14:37:00.000Z","end":"2023-10-23T14:38:00.000Z"},"country":"France","OPM":1,"total_sales_volume":26.42999905347824,"rate_of_return":0.0}
{"window":{"start":"2023-10-24T03:48:00.000Z","end":"2023-10-24T03:49:00.000Z"},"country":"France","OPM":1,"total_sales_volume":53.290000677108765,"rate_of_return":0.0}
{"window":{"start":"2023-10-24T15:30:00.000Z","end":"2023-10-24T15:31:00.000Z"},"country":"Germany","OPM":1,"total_sales_volume":6.199999809265137,"rate_of_return":0.0}
{"window":{"start":"2023-10-25T06:58:00.000Z","end":"2023-10-25T06:59:00.000Z"},"country":"EIRE","OPM":1,"total_sales_volume":85.0,"rate_of_return":0.0}
{"window":{"start":"2023-10-25T20:31:00.000Z","end":"2023-10-25T20:32:00.000Z"},"country":"United Kingdom","OPM":9,"total_sales_volume":431.78999675810337,"rate_of_return":0.0}
{"window":{"start":"2023-10-24T10:10:00.000Z","end":"2023-10-24T10:11:00.000Z"},"country":"United Kingdom","OPM":9,"total_sales_volume":198.4000019133091,"rate_of_return":0.1111111111111111}
{"window":{"start":"2023-10-24T21:25:00.000Z","end":"2023-10-24T21:26:00.000Z"},"country":"United Kingdom","OPM":15,"total_sales_volume":717.9000017642975,"rate_of_return":0.0}
{"window":{"start":"2023-10-26T02:29:00.000Z","end":"2023-10-26T02:30:00.000Z"},"country":"Switzerland","OPM":1,"total_sales_volume":19.500000476837158,"rate_of_return":0.0}
{"window":{"start":"2023-10-25T06:01:00.000Z","end":"2023-10-25T06:02:00.000Z"},"country":"United Kingdom","OPM":8,"total_sales_volume":490.61999690532684,"rate_of_return":0.0}
{"window":{"start":"2023-10-24T14:23:00.000Z","end":"2023-10-24T14:24:00.000Z"},"country":"United Kingdom","OPM":8,"total_sales_volume":606.3799966871738,"rate_of_return":0.0}
{"window":{"start":"2023-10-23T14:06:00.000Z","end":"2023-10-23T14:07:00.000Z"},"country":"United Kingdom","OPM":14,"total_sales_volume":577.3800003230572,"rate_of_return":0.07142857142857142}
{"window":{"start":"2023-10-26T23:24:00.000Z","end":"2023-10-26T23:25:00.000Z"},"country":"France","OPM":1,"total_sales_volume":13.279999732971191,"rate_of_return":0.0}
{"window":{"start":"2023-10-26T06:15:00.000Z","end":"2023-10-26T06:16:00.000Z"},"country":"Germany","OPM":1,"total_sales_volume":88.79999929666519,"rate_of_return":0.0}
{"window":{"start":"2023-10-25T18:55:00.000Z","end":"2023-10-25T18:56:00.000Z"},"country":"United Kingdom","OPM":11,"total_sales_volume":859.0099982321262,"rate_of_return":0.09090909090909091}
{"window":{"start":"2023-10-28T01:24:00.000Z","end":"2023-10-28T01:25:00.000Z"},"country":"Spain","OPM":1,"total_sales_volume":97.22000125050545,"rate_of_return":0.0}
{"window":{"start":"2023-10-25T07:51:00.000Z","end":"2023-10-25T07:52:00.000Z"},"country":"United Kingdom","OPM":7,"total_sales_volume":873.5200023055077,"rate_of_return":0.0}
{"window":{"start":"2023-10-27T23:23:00.000Z","end":"2023-10-27T23:24:00.000Z"},"country":"United Kingdom","OPM":6,"total_sales_volume":328.090001732111,"rate_of_return":0.0}
{"window":{"start":"2023-10-27T14:45:00.000Z","end":"2023-10-27T14:46:00.000Z"},"country":"United Kingdom","OPM":12,"total_sales_volume":312.77000162005424,"rate_of_return":0.08333333333333333}
{"window":{"start":"2023-10-28T03:17:00.000Z","end":"2023-10-28T03:18:00.000Z"},"country":"Denmark","OPM":1,"total_sales_volume":46.450000047683716,"rate_of_return":0.0}
{"window":{"start":"2023-10-24T23:22:00.000Z","end":"2023-10-24T23:23:00.000Z"},"country":"Belgium","OPM":1,"total_sales_volume":278.8000022172928,"rate_of_return":0.0}
{"window":{"start":"2023-10-24T15:19:00.000Z","end":"2023-10-24T15:20:00.000Z"},"country":"United Kingdom","OPM":6,"total_sales_volume":395.5800004005432,"rate_of_return":0.0}
{"window":{"start":"2023-10-27T08:33:00.000Z","end":"2023-10-27T08:34:00.000Z"},"country":"Spain","OPM":1,"total_sales_volume":411.36000633239746,"rate_of_return":0.0}
{"window":{"start":"2023-10-28T00:02:00.000Z","end":"2023-10-28T00:03:00.000Z"},"country":"United Kingdom","OPM":8,"total_sales_volume":383.4099943637848,"rate_of_return":0.125}
{"window":{"start":"2023-10-27T06:36:00.000Z","end":"2023-10-27T06:37:00.000Z"},"country":"Switzerland","OPM":1,"total_sales_volume":4.749999821186066,"rate_of_return":0.0}
{"window":{"start":"2023-10-27T04:29:00.000Z","end":"2023-10-27T04:30:00.000Z"},"country":"United Kingdom","OPM":4,"total_sales_volume":378.3800029158592,"rate_of_return":0.0}
{"window":{"start":"2023-10-26T06:24:00.000Z","end":"2023-10-26T06:25:00.000Z"},"country":"United Kingdom","OPM":10,"total_sales_volume":291.16000097990036,"rate_of_return":0.1}
{"window":{"start":"2023-10-26T07:21:00.000Z","end":"2023-10-26T07:22:00.000Z"},"country":"Hong Kong","OPM":1,"total_sales_volume":84.61999940872192,"rate_of_return":0.0}
{"window":{"start":"2023-10-24T00:45:00.000Z","end":"2023-10-24T00:46:00.000Z"},"country":"United Kingdom","OPM":6,"total_sales_volume":264.739999294281,"rate_of_return":0.3333333333333333}
{"window":{"start":"2023-10-26T22:39:00.000Z","end":"2023-10-26T22:40:00.000Z"},"country":"Spain","OPM":1,"total_sales_volume":88.32999801635742,"rate_of_return":0.0}
{"window":{"start":"2023-10-24T04:29:00.000Z","end":"2023-10-24T04:30:00.000Z"},"country":"United Kingdom","OPM":8,"total_sales_volume":564.0099871754646,"rate_of_return":0.0}
{"window":{"start":"2023-10-24T15:51:00.000Z","end":"2023-10-24T15:52:00.000Z"},"country":"United Kingdom","OPM":12,"total_sales_volume":674.4799972474575,"rate_of_return":0.0}
{"window":{"start":"2023-10-25T02:42:00.000Z","end":"2023-10-25T02:43:00.000Z"},"country":"United Kingdom","OPM":9,"total_sales_volume":1960.4999883174896,"rate_of_return":0.0}
{"window":{"start":"2023-10-27T05:46:00.000Z","end":"2023-10-27T05:47:00.000Z"},"country":"United Kingdom","OPM":7,"total_sales_volume":290.70999962091446,"rate_of_return":0.0}
{"window":{"start":"2023-10-25T15:22:00.000Z","end":"2023-10-25T15:23:00.000Z"},"country":"EIRE","OPM":1,"total_sales_volume":192.30999541282654,"rate_of_return":0.0}
{"window":{"start":"2023-10-27T04:11:00.000Z","end":"2023-10-27T04:12:00.000Z"},"country":"United Kingdom","OPM":8,"total_sales_volume":113.03000113368034,"rate_of_return":0.125}
{"window":{"start":"2023-10-25T01:56:00.000Z","end":"2023-10-25T01:57:00.000Z"},"country":"Unspecified","OPM":1,"total_sales_volume":39.59999942779541,"rate_of_return":0.0}
{"window":{"start":"2023-10-27T11:52:00.000Z","end":"2023-10-27T11:53:00.000Z"},"country":"United Kingdom","OPM":18,"total_sales_volume":1232.6299966871738,"rate_of_return":0.1111111111111111}
{"window":{"start":"2023-10-25T02:45:00.000Z","end":"2023-10-25T02:46:00.000Z"},"country":"Germany","OPM":1,"total_sales_volume":40.46000015735626,"rate_of_return":0.0}
{"window":{"start":"2023-10-26T18:42:00.000Z","end":"2023-10-26T18:43:00.000Z"},"country":"United Kingdom","OPM":4,"total_sales_volume":87.88999998569489,"rate_of_return":0.25}
{"window":{"start":"2023-10-27T07:39:00.000Z","end":"2023-10-27T07:40:00.000Z"},"country":"United Kingdom","OPM":9,"total_sales_volume":336.239998459816,"rate_of_return":0.1111111111111111}
{"window":{"start":"2023-10-26T04:43:00.000Z","end":"2023-10-26T04:44:00.000Z"},"country":"United Kingdom","OPM":8,"total_sales_volume":338.58000010252,"rate_of_return":0.125}
{"window":{"start":"2023-10-26T07:17:00.000Z","end":"2023-10-26T07:18:00.000Z"},"country":"France","OPM":1,"total_sales_volume":58.310000479221344,"rate_of_return":0.0}
{"window":{"start":"2023-10-27T04:15:00.000Z","end":"2023-10-27T04:16:00.000Z"},"country":"United Kingdom","OPM":10,"total_sales_volume":633.3399964570999,"rate_of_return":0.1}
{"window":{"start":"2023-10-26T04:35:00.000Z","end":"2023-10-26T04:36:00.000Z"},"country":"United Kingdom","OPM":13,"total_sales_volume":733.5400004386902,"rate_of_return":0.0}
{"window":{"start":"2023-10-26T02:03:00.000Z","end":"2023-10-26T02:04:00.000Z"},"country":"Spain","OPM":1,"total_sales_volume":15.0,"rate_of_return":0.0}
{"window":{"start":"2023-10-25T22:43:00.000Z","end":"2023-10-25T22:44:00.000Z"},"country":"France","OPM":1,"total_sales_volume":232.80000400543213,"rate_of_return":0.0}
{"window":{"start":"2023-10-25T13:57:00.000Z","end":"2023-10-25T13:58:00.000Z"},"country":"United Kingdom","OPM":7,"total_sales_volume":303.87999936938286,"rate_of_return":0.0}
{"window":{"start":"2023-10-27T05:17:00.000Z","end":"2023-10-27T05:18:00.000Z"},"country":"Germany","OPM":1,"total_sales_volume":92.14999854564667,"rate_of_return":0.0}
{"window":{"start":"2023-10-26T14:55:00.000Z","end":"2023-10-26T14:56:00.000Z"},"country":"France","OPM":1,"total_sales_volume":36.51999908685684,"rate_of_return":0.0}
{"window":{"start":"2023-10-24T18:41:00.000Z","end":"2023-10-24T18:42:00.000Z"},"country":"United Kingdom","OPM":10,"total_sales_volume":1188.8599988222122,"rate_of_return":0.0}
{"window":{"start":"2023-10-25T01:55:00.000Z","end":"2023-10-25T01:56:00.000Z"},"country":"Norway","OPM":1,"total_sales_volume":2.4600000381469727,"rate_of_return":0.0}
