{"window":{"start":"2023-10-26T09:06:00.000Z","end":"2023-10-26T09:07:00.000Z"},"country":"EIRE","OPM":1,"total_sales_volume":37.42999982833862,"rate_of_return":0.0}
{"window":{"start":"2023-10-24T04:12:00.000Z","end":"2023-10-24T04:13:00.000Z"},"country":"United Kingdom","OPM":3,"total_sales_volume":80.4000015258789,"rate_of_return":0.0}
{"window":{"start":"2023-10-25T07:44:00.000Z","end":"2023-10-25T07:45:00.000Z"},"country":"United Kingdom","OPM":8,"total_sales_volume":148.8099983036518,"rate_of_return":0.0}
{"window":{"start":"2023-10-23T19:52:00.000Z","end":"2023-10-23T19:53:00.000Z"},"country":"France","OPM":1,"total_sales_volume":18.259999632835388,"rate_of_return":0.0}
{"window":{"start":"2023-10-26T18:01:00.000Z","end":"2023-10-26T18:02:00.000Z"},"country":"France","OPM":1,"total_sales_volume":208.91999903321266,"rate_of_return":0.0}
{"window":{"start":"2023-10-26T13:49:00.000Z","end":"2023-10-26T13:50:00.000Z"},"country":"United Kingdom","OPM":11,"total_sales_volume":878.9299968481064,"rate_of_return":0.09090909090909091}
{"window":{"start":"2023-10-24T10:34:00.000Z","end":"2023-10-24T10:35:00.000Z"},"country":"United Kingdom","OPM":7,"total_sales_volume":-86.48000282049179,"rate_of_return":0.14285714285714285}
{"window":{"start":"2023-10-25T09:27:00.000Z","end":"2023-10-25T09:28:00.000Z"},"country":"United Kingdom","OPM":3,"total_sales_volume":60.12999874353409,"rate_of_return":0.0}
{"window":{"start":"2023-10-25T19:21:00.000Z","end":"2023-10-25T19:22:00.000Z"},"country":"United Kingdom","OPM":5,"total_sales_volume":304.1599977016449,"rate_of_return":0.0}
{"window":{"start":"2023-10-25T18:21:00.000Z","end":"2023-10-25T18:22:00.000Z"},"country":"Norway","OPM":1,"total_sales_volume":20.0,"rate_of_return":0.0}
{"window":{"start":"2023-10-26T22:44:00.000Z","end":"2023-10-26T22:45:00.000Z"},"country":"United Kingdom","OPM":4,"total_sales_volume":124.07999926805496,"rate_of_return":0.0}
{"window":{"start":"2023-10-24T08:55:00.000Z","end":"2023-10-24T08:56:00.000Z"},"country":"United Kingdom","OPM":5,"total_sales_volume":409.6299977302551,"rate_of_return":0.2}
{"window":{"start":"2023-10-25T09:08:00.000Z","end":"2023-10-25T09:09:00.000Z"},"country":"Portugal","OPM":1,"total_sales_volume":30.599999636411667,"rate_of_return":0.0}
{"window":{"start":"2023-10-24T15:36:00.000Z","end":"2023-10-24T15:37:00.000Z"},"country":"United Kingdom","OPM":7,"total_sales_volume":449.82998937368393,"rate_of_return":0.0}
{"window":{"start":"2023-10-24T16:48:00.000Z","end":"2023-10-24T16:49:00.000Z"},"country":"United Kingdom","OPM":13,"total_sales_volume":426.9499990940094,"rate_of_return":0.0}
{"window":{"start":"2023-10-27T18:16:00.000Z","end":"2023-10-27T18:17:00.000Z"},"country":"United Kingdom","OPM":12,"total_sales_volume":494.58999556303024,"rate_of_return":0.0}
{"window":{"start":"2023-10-26T07:30:00.000Z","end":"2023-10-26T07:31:00.000Z"},"country":"EIRE","OPM":1,"total_sales_volume":36.90000009536743,"rate_of_return":0.0}
{"window":{"start":"2023-10-26T10:57:00.000Z","end":"2023-10-26T10:58:00.000Z"},"country":"United Kingdom","OPM":5,"total_sales_volume":156.8700000345707,"rate_of_return":0.2}
{"window":{"start":"2023-10-24T22:53:00.000Z","end":"2023-10-24T22:54:00.000Z"},"country":"United Kingdom","OPM":9,"total_sales_volume":1004.2300047278404,"rate_of_return":0.0}
{"window":{"start":"2023-10-26T00:24:00.000Z","end":"2023-10-26T00:25:00.000Z"},"country":"Portugal","OPM":1,"total_sales_volume":50.640000343322754,"rate_of_return":0.0}
{"window":{"start":"2023-10-25T02:44:00.000Z","end":"2023-10-25T02:45:00.000Z"},"country":"Germany","OPM":1,"total_sales_volume":17.700000286102295,"rate_of_return":0.0}
{"window":{"start":"2023-10-24T11:27:00.000Z","end":"2023-10-24T11:28:00.000Z"},"country":"United Kingdom","OPM":6,"total_sales_volume":305.62000074982643,"rate_of_return":0.0}
{"window":{"start":"2023-10-24T13:35:00.000Z","end":"2023-10-24T13:36:00.000Z"},"country":"Germany","OPM":1,"total_sales_volume":49.06000089645386,"rate_of_return":0.0}
{"window":{"start":"2023-10-24T12:34:00.000Z","end":"2023-10-24T12:35:00.000Z"},"country":"Portugal","OPM":1,"total_sales_volume":63.709999322891235,"rate_of_return":0.0}
{"window":{"start":"2023-10-24T17:12:00.000Z","end":"2023-10-24T17:13:00.000Z"},"country":"United Kingdom","OPM":12,"total_sales_volume":665.4399973154068,"rate_of_return":0.0}
{"window":{"start":"2023-10-25T07:14:00.000Z","end":"2023-10-25T07:15:00.000Z"},"country":"Germany","OPM":1,"total_sales_volume":8.25,"rate_of_return":0.0}
{"window":{"start":"2023-10-27T01:39:00.000Z","end":"2023-10-27T01:40:00.000Z"},"country":"Switzerland","OPM":1,"total_sales_volume":111.43000018596649,"rate_of_return":0.0}
{"window":{"start":"2023-10-25T14:19:00.000Z","end":"2023-10-25T14:20:00.000Z"},"country":"United Kingdom","OPM":13,"total_sales_volume":729.4100108444691,"rate_of_return":0.07692307692307693}
{"window":{"start":"2023-10-27T20:48:00.000Z","end":"2023-10-27T20:49:00.000Z"},"country":"EIRE","OPM":1,"total_sales_volume":7.900000095367432,"rate_of_return":0.0}
{"window":{"start":"2023-10-25T22:54:00.000Z","end":"2023-10-25T22:55:00.000Z"},"country":"France","OPM":1,"total_sales_volume":271.1899914741516,"rate_of_return":0.0}
{"window":{"start":"2023-10-24T00:20:00.000Z","end":"2023-10-24T00:21:00.000Z"},"country":"United Kingdom","OPM":7,"total_sales_volume":449.6599985361099,"rate_of_return":0.0}
{"window":{"start":"2023-10-24T11:38:00.000Z","end":"2023-10-24T11:39:00.000Z"},"country":"United Kingdom","OPM":10,"total_sales_volume":422.0099990963936,"rate_of_return":0.0}
{"window":{"start":"2023-10-28T05:45:00.000Z","end":"2023-10-28T05:46:00.000Z"},"country":"United Kingdom","OPM":10,"total_sales_volume":422.919997215271,"rate_of_return":0.0}
{"window":{"start":"2023-10-28T04:23:00.000Z","end":"2023-10-28T04:24:00.000Z"},"country":"France","OPM":1,"total_sales_volume":38.260000228881836,"rate_of_return":0.0}
{"window":{"start":"2023-10-26T16:28:00.000Z","end":"2023-10-26T16:29:00.000Z"},"country":"United Kingdom","OPM":9,"total_sales_volume":361.6399932205677,"rate_of_return":0.0}
{"window":{"start":"2023-10-24T23:16:00.000Z","end":"2023-10-24T23:17:00.000Z"},"country":"United Kingdom","OPM":12,"total_sales_volume":1192.3399968147278,"rate_of_return":0.0}
{"window":{"start":"2023-10-26T23:59:00.000Z","end":"2023-10-27T00:00:00.000Z"},"country":"United Kingdom","OPM":11,"total_sales_volume":598.5399995744228,"rate_of_return":0.0}
{"window":{"start":"2023-10-25T18:23:00.000Z","end":"2023-10-25T18:24:00.000Z"},"country":"United Kingdom","OPM":6,"total_sales_volume":234.1899989247322,"rate_of_return":0.0}
{"window":{"start":"2023-10-27T21:42:00.000Z","end":"2023-10-27T21:43:00.000Z"},"country":"EIRE","OPM":1,"total_sales_volume":5.0,"rate_of_return":0.0}
{"window":{"start":"2023-10-24T20:06:00.000Z","end":"2023-10-24T20:07:00.000Z"},"country":"Netherlands","OPM":1,"total_sales_volume":19.799999237060547,"rate_of_return":0.0}
{"window":{"start":"2023-10-28T01:09:00.000Z","end":"2023-10-28T01:10:00.000Z"},"country":"United Kingdom","OPM":4,"total_sales_volume":147.96999764442444,"rate_of_return":0.0}
{"window":{"start":"2023-10-24T23:15:00.000Z","end":"2023-10-24T23:16:00.000Z"},"country":"United Kingdom","OPM":13,"total_sales_volume":292.939999461174,"rate_of_return":0.0}
{"window":{"start":"2023-10-27T16:15:00.000Z","end":"2023-10-27T16:16:00.000Z"},"country":"France","OPM":1,"total_sales_volume":19.830000400543213,"rate_of_return":0.0}
{"window":{"start":"2023-10-25T21:56:00.000Z","end":"2023-10-25T21:57:00.000Z"},"country":"Poland","OPM":1,"total_sales_volume":32.200000524520874,"rate_of_return":0.0}
{"window":{"start":"2023-10-27T07:23:00.000Z","end":"2023-10-27T07:24:00.000Z"},"country":"EIRE","OPM":1,"total_sales_volume":46.07000005245209,"rate_of_return":0.0}
{"window":{"start":"2023-10-27T09:14:00.000Z","end":"2023-10-27T09:15:00.000Z"},"country":"Germany","OPM":1,"total_sales_volume":356.36998772621155,"rate_of_return":0.0}
{"window":{"start":"2023-10-26T21:59:00.000Z","end":"2023-10-26T22:00:00.000Z"},"country":"United Kingdom","OPM":12,"total_sales_volume":649.9100076556206,"rate_of_return":0.0}
{"window":{"start":"2023-10-25T05:52:00.000Z","end":"2023-10-25T05:53:00.000Z"},"country":"Spain","OPM":1,"total_sales_volume":102.69999837875366,"rate_of_return":0.0}
{"window":{"start":"2023-10-25T22:34:00.000Z","end":"2023-10-25T22:35:00.000Z"},"country":"United Kingdom","OPM":13,"total_sales_volume":1377.089991480112,"rate_of_return":0.07692307692307693}
{"window":{"start":"2023-10-27T15:03:00.000Z","end":"2023-10-27T15:04:00.000Z"},"country":"United Kingdom","OPM":3,"total_sales_volume":167.39999774098396,"rate_of_return":0.0}
{"window":{"start":"2023-10-26T15:54:00.000Z","end":"2023-10-26T15:55:00.000Z"},"country":"Spain","OPM":1,"total_sales_volume":26.579999446868896,"rate_of_return":0.0}
{"window":{"start":"2023-10-27T21:49:00.000Z","end":"2023-10-27T21:50:00.000Z"},"country":"United Kingdom","OPM":3,"total_sales_volume":348.3199998140335,"rate_of_return":0.0}
{"window":{"start":"2023-10-26T03:17:00.000Z","end":"2023-10-26T03:18:00.000Z"},"country":"Belgium","OPM":1,"total_sales_volume":23.799999237060547,"rate_of_return":0.0}
{"window":{"start":"2023-10-27T17:30:00.000Z","end":"2023-10-27T17:31:00.000Z"},"country":"United Kingdom","OPM":12,"total_sales_volume":351.72000047564507,"rate_of_return":0.08333333333333333}
{"window":{"start":"2023-10-26T15:22:00.000Z","end":"2023-10-26T15:23:00.000Z"},"country":"United Kingdom","OPM":6,"total_sales_volume":362.14999639987946,"rate_of_return":0.0}
{"window":{"start":"2023-10-23T16:00:00.000Z","end":"2023-10-23T16:01:00.000Z"},"country":"Portugal","OPM":1,"total_sales_volume":35.4499990940094,"rate_of_return":0.0}
{"window":{"start":"2023-10-28T02:43:00.000Z","end":"2023-10-28T02:44:00.000Z"},"country":"United Kingdom","OPM":11,"total_sales_volume":810.1899996101856,"rate_of_return":0.09090909090909091}
{"window":{"start":"2023-10-24T00:02:00.000Z","end":"2023-10-24T00:03:00.000Z"},"country":"Spain","OPM":2,"total_sales_volume":424.939999461174,"rate_of_return":0.0}
{"window":{"start":"2023-10-27T13:20:00.000Z","end":"2023-10-27T13:21:00.000Z"},"country":"United Kingdom","OPM":13,"total_sales_volume":659.0500014126301,"rate_of_return":0.23076923076923078}
{"window":{"start":"2023-10-27T14:50:00.000Z","end":"2023-10-27T14:51:00.000Z"},"country":"United Kingdom","OPM":9,"total_sales_volume":451.1199908852577,"rate_of_return":0.0}
{"window":{"start":"2023-10-23T12:28:00.000Z","end":"2023-10-23T12:29:00.000Z"},"country":"Germany","OPM":1,"total_sales_volume":229.2399923801422,"rate_of_return":0.0}
{"window":{"start":"2023-10-27T14:52:00.000Z","end":"2023-10-27T14:53:00.000Z"},"country":"EIRE","OPM":1,"total_sales_volume":149.85000228881836,"rate_of_return":0.0}
{"window":{"start":"2023-10-27T05:50:00.000Z","end":"2023-10-27T05:51:00.000Z"},"country":"United Kingdom","OPM":13,"total_sales_volume":377.6899968981743,"rate_of_return":0.23076923076923078}
{"window":{"start":"2023-10-26T00:17:00.000Z","end":"2023-10-26T00:18:00.000Z"},"country":"United Kingdom","OPM":12,"total_sales_volume":944.569995880127,"rate_of_return":0.08333333333333333}
{"window":{"start":"2023-10-27T02:22:00.000Z","end":"2023-10-27T02:23:00.000Z"},"country":"United Kingdom","OPM":17,"total_sales_volume":2129.4699705541134,"rate_of_return":0.0}
{"window":{"start":"2023-10-23T16:57:00.000Z","end":"2023-10-23T16:58:00.000Z"},"country":"Netherlands","OPM":1,"total_sales_volume":40.72999954223633,"rate_of_return":0.0}
