{"window":{"start":"2023-10-24T10:04:00.000Z","end":"2023-10-24T10:05:00.000Z"},"country":"Germany","OPM":4,"total_sales_volume":103.25999736785889,"rate_of_return":0.0}
{"window":{"start":"2023-10-26T03:04:00.000Z","end":"2023-10-26T03:05:00.000Z"},"country":"Australia","OPM":1,"total_sales_volume":2.0799999237060547,"rate_of_return":0.0}
{"window":{"start":"2023-10-25T17:23:00.000Z","end":"2023-10-25T17:24:00.000Z"},"country":"United Kingdom","OPM":4,"total_sales_volume":260.90999829769135,"rate_of_return":0.0}
{"window":{"start":"2023-10-27T17:33:00.000Z","end":"2023-10-27T17:34:00.000Z"},"country":"Germany","OPM":1,"total_sales_volume":241.80000638961792,"rate_of_return":0.0}
{"window":{"start":"2023-10-25T06:03:00.000Z","end":"2023-10-25T06:04:00.000Z"},"country":"EIRE","OPM":1,"total_sales_volume":15.0,"rate_of_return":0.0}
{"window":{"start":"2023-10-26T03:00:00.000Z","end":"2023-10-26T03:01:00.000Z"},"country":"United Kingdom","OPM":7,"total_sales_volume":358.88999915122986,"rate_of_return":0.14285714285714285}
{"window":{"start":"2023-10-24T15:48:00.000Z","end":"2023-10-24T15:49:00.000Z"},"country":"France","OPM":1,"total_sales_volume":54.519999861717224,"rate_of_return":0.0}
{"window":{"start":"2023-10-23T19:50:00.000Z","end":"2023-10-23T19:51:00.000Z"},"country":"Cyprus","OPM":1,"total_sales_volume":23.8100004196167,"rate_of_return":0.0}
{"window":{"start":"2023-10-26T15:50:00.000Z","end":"2023-10-26T15:51:00.000Z"},"country":"United Kingdom","OPM":8,"total_sales_volume":518.0199988484383,"rate_of_return":0.125}
{"window":{"start":"2023-10-25T22:44:00.000Z","end":"2023-10-25T22:45:00.000Z"},"country":"United Kingdom","OPM":9,"total_sales_volume":570.1299639493227,"rate_of_return":0.2222222222222222}
{"window":{"start":"2023-10-23T12:14:00.000Z","end":"2023-10-23T12:15:00.000Z"},"country":"United Kingdom","OPM":12,"total_sales_volume":478.5599949359894,"rate_of_return":0.0}
{"window":{"start":"2023-10-27T12:43:00.000Z","end":"2023-10-27T12:44:00.000Z"},"country":"United Kingdom","OPM":14,"total_sales_volume":598.4900024235249,"rate_of_return":0.0}
{"window":{"start":"2023-10-25T18:46:00.000Z","end":"2023-10-25T18:47:00.000Z"},"country":"United Kingdom","OPM":6,"total_sales_volume":699.8099847510457,"rate_of_return":0.0}
{"window":{"start":"2023-10-25T19:06:00.000Z","end":"2023-10-25T19:07:00.000Z"},"country":"Denmark","OPM":1,"total_sales_volume":522.7999997138977,"rate_of_return":0.0}
{"window":{"start":"2023-10-24T22:04:00.000Z","end":"2023-10-24T22:05:00.000Z"},"country":"United Kingdom","OPM":17,"total_sales_volume":1370.499998241663,"rate_of_return":0.0}
{"window":{"start":"2023-10-23T14:23:00.000Z","end":"2023-10-23T14:24:00.000Z"},"country":"United Kingdom","OPM":6,"total_sales_volume":1315.7300009429455,"rate_of_return":0.0}
{"window":{"start":"2023-10-27T01:48:00.000Z","end":"2023-10-27T01:49:00.000Z"},"country":"United Kingdom","OPM":11,"total_sales_volume":768.1500048041344,"rate_of_return":0.0}
{"window":{"start":"2023-10-28T04:56:00.000Z","end":"2023-10-28T04:57:00.000Z"},"country":"EIRE","OPM":1,"total_sales_volume":136.2900007367134,"rate_of_return":0.0}
{"window":{"start":"2023-10-25T09:52:00.000Z","end":"2023-10-25T09:53:00.000Z"},"country":"United Kingdom","OPM":7,"total_sales_volume":376.7499965727329,"rate_of_return":0.0}
{"window":{"start":"2023-10-27T12:55:00.000Z","end":"2023-10-27T12:56:00.000Z"},"country":"Channel Islands","OPM":1,"total_sales_volume":31.490000128746033,"rate_of_return":0.0}
{"window":{"start":"2023-10-27T23:58:00.000Z","end":"2023-10-27T23:59:00.000Z"},"country":"United Kingdom","OPM":12,"total_sales_volume":1080.6000171601772,"rate_of_return":0.0}
{"window":{"start":"2023-10-23T16:52:00.000Z","end":"2023-10-23T16:53:00.000Z"},"country":"United Kingdom","OPM":7,"total_sales_volume":184.0199914574623,"rate_of_return":0.14285714285714285}
{"window":{"start":"2023-10-26T07:10:00.000Z","end":"2023-10-26T07:11:00.000Z"},"country":"United Kingdom","OPM":6,"total_sales_volume":511.17998576164246,"rate_of_return":0.0}
{"window":{"start":"2023-10-26T22:10:00.000Z","end":"2023-10-26T22:11:00.000Z"},"country":"Germany","OPM":1,"total_sales_volume":75.70000004768372,"rate_of_return":0.0}
{"window":{"start":"2023-10-24T08:40:00.000Z","end":"2023-10-24T08:41:00.000Z"},"country":"Spain","OPM":1,"total_sales_volume":17.09999990463257,"rate_of_return":0.0}
{"window":{"start":"2023-10-25T20:51:00.000Z","end":"2023-10-25T20:52:00.000Z"},"country":"EIRE","OPM":1,"total_sales_volume":12.149999648332596,"rate_of_return":0.0}
{"window":{"start":"2023-10-27T03:36:00.000Z","end":"2023-10-27T03:37:00.000Z"},"country":"Australia","OPM":1,"total_sales_volume":17.579999327659607,"rate_of_return":0.0}
{"window":{"start":"2023-10-27T03:55:00.000Z","end":"2023-10-27T03:56:00.000Z"},"country":"United Kingdom","OPM":10,"total_sales_volume":534.959999203682,"rate_of_return":0.0}
{"window":{"start":"2023-10-24T19:15:00.000Z","end":"2023-10-24T19:16:00.000Z"},"country":"France","OPM":1,"total_sales_volume":69.39999866485596,"rate_of_return":0.0}
{"window":{"start":"2023-10-23T14:58:00.000Z","end":"2023-10-23T14:59:00.000Z"},"country":"EIRE","OPM":1,"total_sales_volume":98.29999923706055,"rate_of_return":0.0}
{"window":{"start":"2023-10-23T16:52:00.000Z","end":"2023-10-23T16:53:00.000Z"},"country":"France","OPM":1,"total_sales_volume":2.0999999046325684,"rate_of_return":0.0}
{"window":{"start":"2023-10-27T19:59:00.000Z","end":"2023-10-27T20:00:00.000Z"},"country":"United Kingdom","OPM":5,"total_sales_volume":287.76999884843826,"rate_of_return":0.0}
{"window":{"start":"2023-10-25T21:55:00.000Z","end":"2023-10-25T21:56:00.000Z"},"country":"France","OPM":1,"total_sales_volume":28.02999985218048,"rate_of_return":0.0}
{"window":{"start":"2023-10-27T16:41:00.000Z","end":"2023-10-27T16:42:00.000Z"},"country":"United Kingdom","OPM":3,"total_sales_volume":72.84999942779541,"rate_of_return":0.0}
{"window":{"start":"2023-10-27T21:53:00.000Z","end":"2023-10-27T21:54:00.000Z"},"country":"United Kingdom","OPM":12,"total_sales_volume":1401.339978724718,"rate_of_return":0.08333333333333333}
{"window":{"start":"2023-10-24T21:32:00.000Z","end":"2023-10-24T21:33:00.000Z"},"country":"Netherlands","OPM":1,"total_sales_volume":73.09000027179718,"rate_of_return":0.0}
{"window":{"start":"2023-10-25T20:48:00.000Z","end":"2023-10-25T20:49:00.000Z"},"country":"EIRE","OPM":1,"total_sales_volume":2.14000004529953,"rate_of_return":0.0}
{"window":{"start":"2023-10-24T09:09:00.000Z","end":"2023-10-24T09:10:00.000Z"},"country":"France","OPM":1,"total_sales_volume":9.869999885559082,"rate_of_return":0.0}
{"window":{"start":"2023-10-23T14:47:00.000Z","end":"2023-10-23T14:48:00.000Z"},"country":"United Kingdom","OPM":10,"total_sales_volume":400.66999873518944,"rate_of_return":0.0}
{"window":{"start":"2023-10-24T16:30:00.000Z","end":"2023-10-24T16:31:00.000Z"},"country":"United Kingdom","OPM":11,"total_sales_volume":352.41999304294586,"rate_of_return":0.0}
{"window":{"start":"2023-10-28T03:48:00.000Z","end":"2023-10-28T03:49:00.000Z"},"country":"Switzerland","OPM":1,"total_sales_volume":209.2799985408783,"rate_of_return":0.0}
{"window":{"start":"2023-10-25T19:25:00.000Z","end":"2023-10-25T19:26:00.000Z"},"country":"United Kingdom","OPM":8,"total_sales_volume":-489.71999955177307,"rate_of_return":0.25}
{"window":{"start":"2023-10-26T23:31:00.000Z","end":"2023-10-26T23:32:00.000Z"},"country":"United Kingdom","OPM":9,"total_sales_volume":416.74000215530396,"rate_of_return":0.1111111111111111}
{"window":{"start":"2023-10-25T11:12:00.000Z","end":"2023-10-25T11:13:00.000Z"},"country":"United Kingdom","OPM":14,"total_sales_volume":588.7500003278255,"rate_of_return":0.14285714285714285}
{"window":{"start":"2023-10-27T11:04:00.000Z","end":"2023-10-27T11:05:00.000Z"},"country":"United Kingdom","OPM":11,"total_sales_volume":1221.5099777281284,"rate_of_return":0.0}
{"window":{"start":"2023-10-24T13:24:00.000Z","end":"2023-10-24T13:25:00.000Z"},"country":"United Kingdom","OPM":10,"total_sales_volume":626.4699939489365,"rate_of_return":0.1}
{"window":{"start":"2023-10-26T16:33:00.000Z","end":"2023-10-26T16:34:00.000Z"},"country":"United Kingdom","OPM":12,"total_sales_volume":2090.9199488461018,"rate_of_return":0.0}
{"window":{"start":"2023-10-28T04:11:00.000Z","end":"2023-10-28T04:12:00.000Z"},"country":"United Kingdom","OPM":3,"total_sales_volume":149.64000087976456,"rate_of_return":0.0}
{"window":{"start":"2023-10-27T21:23:00.000Z","end":"2023-10-27T21:24:00.000Z"},"country":"Portugal","OPM":1,"total_sales_volume":70.80000114440918,"rate_of_return":0.0}
{"window":{"start":"2023-10-26T02:33:00.000Z","end":"2023-10-26T02:34:00.000Z"},"country":"EIRE","OPM":1,"total_sales_volume":3.7800000309944153,"rate_of_return":0.0}
{"window":{"start":"2023-10-26T14:57:00.000Z","end":"2023-10-26T14:58:00.000Z"},"country":"United Kingdom","OPM":9,"total_sales_volume":735.2500058710575,"rate_of_return":0.0}
{"window":{"start":"2023-10-25T00:34:00.000Z","end":"2023-10-25T00:35:00.000Z"},"country":"United Kingdom","OPM":8,"total_sales_volume":371.02999806404114,"rate_of_return":0.0}
{"window":{"start":"2023-10-24T00:11:00.000Z","end":"2023-10-24T00:12:00.000Z"},"country":"United Kingdom","OPM":5,"total_sales_volume":709.0099983662367,"rate_of_return":0.0}
{"window":{"start":"2023-10-26T09:17:00.000Z","end":"2023-10-26T09:18:00.000Z"},"country":"Switzerland","OPM":1,"total_sales_volume":126.37999904155731,"rate_of_return":0.0}
{"window":{"start":"2023-10-27T19:53:00.000Z","end":"2023-10-27T19:54:00.000Z"},"country":"United Kingdom","OPM":9,"total_sales_volume":284.469994276762,"rate_of_return":0.1111111111111111}
{"window":{"start":"2023-10-26T17:09:00.000Z","end":"2023-10-26T17:10:00.000Z"},"country":"Portugal","OPM":1,"total_sales_volume":39.59999942779541,"rate_of_return":0.0}
{"window":{"start":"2023-10-27T02:53:00.000Z","end":"2023-10-27T02:54:00.000Z"},"country":"Germany","OPM":1,"total_sales_volume":4.159999847412109,"rate_of_return":0.0}
{"window":{"start":"2023-10-25T08:07:00.000Z","end":"2023-10-25T08:08:00.000Z"},"country":"United Kingdom","OPM":6,"total_sales_volume":151.75000286102295,"rate_of_return":0.16666666666666666}
{"window":{"start":"2023-10-26T14:17:00.000Z","end":"2023-10-26T14:18:00.000Z"},"country":"United Kingdom","OPM":11,"total_sales_volume":812.200003862381,"rate_of_return":0.0}
{"window":{"start":"2023-10-23T19:33:00.000Z","end":"2023-10-23T19:34:00.000Z"},"country":"Finland","OPM":1,"total_sales_volume":18.600000381469727,"rate_of_return":0.0}
