{"window":{"start":"2023-10-26T13:48:00.000Z","end":"2023-10-26T13:49:00.000Z"},"country":"United Kingdom","OPM":10,"total_sales_volume":402.2400003373623,"rate_of_return":0.0}
{"window":{"start":"2023-10-26T12:49:00.000Z","end":"2023-10-26T12:50:00.000Z"},"country":"Germany","OPM":1,"total_sales_volume":127.15000236034393,"rate_of_return":0.0}
{"window":{"start":"2023-10-24T03:11:00.000Z","end":"2023-10-24T03:12:00.000Z"},"country":"Germany","OPM":1,"total_sales_volume":13.5600004196167,"rate_of_return":0.0}
{"window":{"start":"2023-10-26T19:32:00.000Z","end":"2023-10-26T19:33:00.000Z"},"country":"United Kingdom","OPM":12,"total_sales_volume":486.72999462485313,"rate_of_return":0.16666666666666666}
{"window":{"start":"2023-10-27T11:33:00.000Z","end":"2023-10-27T11:34:00.000Z"},"country":"France","OPM":1,"total_sales_volume":120.64999771118164,"rate_of_return":0.0}
{"window":{"start":"2023-10-27T15:44:00.000Z","end":"2023-10-27T15:45:00.000Z"},"country":"United Kingdom","OPM":13,"total_sales_volume":763.0899969637394,"rate_of_return":0.0}
{"window":{"start":"2023-10-27T04:13:00.000Z","end":"2023-10-27T04:14:00.000Z"},"country":"Netherlands","OPM":1,"total_sales_volume":169.19999766349792,"rate_of_return":0.0}
{"window":{"start":"2023-10-27T19:07:00.000Z","end":"2023-10-27T19:08:00.000Z"},"country":"United Kingdom","OPM":10,"total_sales_volume":520.9099896550179,"rate_of_return":0.0}
{"window":{"start":"2023-10-27T17:23:00.000Z","end":"2023-10-27T17:24:00.000Z"},"country":"United Kingdom","OPM":14,"total_sales_volume":684.9800052046776,"rate_of_return":0.0}
{"window":{"start":"2023-10-26T01:17:00.000Z","end":"2023-10-26T01:18:00.000Z"},"country":"United Kingdom","OPM":6,"total_sales_volume":267.4999983906746,"rate_of_return":0.0}
{"window":{"start":"2023-10-26T11:21:00.000Z","end":"2023-10-26T11:22:00.000Z"},"country":"United Kingdom","OPM":13,"total_sales_volume":497.4499941766262,"rate_of_return":0.15384615384615385}
{"window":{"start":"2023-10-25T12:32:00.000Z","end":"2023-10-25T12:33:00.000Z"},"country":"Spain","OPM":1,"total_sales_volume":40.80000114440918,"rate_of_return":0.0}
{"window":{"start":"2023-10-25T06:46:00.000Z","end":"2023-10-25T06:47:00.000Z"},"country":"United Kingdom","OPM":5,"total_sales_volume":488.3700017631054,"rate_of_return":0.0}
{"window":{"start":"2023-10-26T01:47:00.000Z","end":"2023-10-26T01:48:00.000Z"},"country":"Germany","OPM":1,"total_sales_volume":549.2899871468544,"rate_of_return":0.0}
{"window":{"start":"2023-10-27T08:03:00.000Z","end":"2023-10-27T08:04:00.000Z"},"country":"United Kingdom","OPM":10,"total_sales_volume":1436.3699907064438,"rate_of_return":0.0}
{"window":{"start":"2023-10-24T17:38:00.000Z","end":"2023-10-24T17:39:00.000Z"},"country":"EIRE","OPM":1,"total_sales_volume":22.480000019073486,"rate_of_return":0.0}
{"window":{"start":"2023-10-28T01:55:00.000Z","end":"2023-10-28T01:56:00.000Z"},"country":"EIRE","OPM":1,"total_sales_volume":206.40999346971512,"rate_of_return":0.0}
{"window":{"start":"2023-10-27T10:37:00.000Z","end":"2023-10-27T10:38:00.000Z"},"country":"France","OPM":1,"total_sales_volume":123.8499995470047,"rate_of_return":0.0}
{"window":{"start":"2023-10-23T19:19:00.000Z","end":"2023-10-23T19:20:00.000Z"},"country":"France","OPM":1,"total_sales_volume":6.75,"rate_of_return":0.0}
{"window":{"start":"2023-10-27T10:29:00.000Z","end":"2023-10-27T10:30:00.000Z"},"country":"France","OPM":1,"total_sales_volume":163.36000075936317,"rate_of_return":0.0}
{"window":{"start":"2023-10-28T02:57:00.000Z","end":"2023-10-28T02:58:00.000Z"},"country":"Belgium","OPM":1,"total_sales_volume":15.119999885559082,"rate_of_return":0.0}
{"window":{"start":"2023-10-27T09:35:00.000Z","end":"2023-10-27T09:36:00.000Z"},"country":"United Kingdom","OPM":14,"total_sales_volume":1138.4499959349632,"rate_of_return":0.07142857142857142}
{"window":{"start":"2023-10-25T08:07:00.000Z","end":"2023-10-25T08:08:00.000Z"},"country":"Germany","OPM":1,"total_sales_volume":10.199999809265137,"rate_of_return":0.0}
{"window":{"start":"2023-10-26T22:28:00.000Z","end":"2023-10-26T22:29:00.000Z"},"country":"Germany","OPM":1,"total_sales_volume":11.589999794960022,"rate_of_return":0.0}
{"window":{"start":"2023-10-26T22:25:00.000Z","end":"2023-10-26T22:26:00.000Z"},"country":"Germany","OPM":1,"total_sales_volume":17.950000047683716,"rate_of_return":0.0}
{"window":{"start":"2023-10-27T19:34:00.000Z","end":"2023-10-27T19:35:00.000Z"},"country":"France","OPM":1,"total_sales_volume":74.6999979019165,"rate_of_return":0.0}
{"window":{"start":"2023-10-25T20:23:00.000Z","end":"2023-10-25T20:24:00.000Z"},"country":"United Kingdom","OPM":7,"total_sales_volume":683.6099997758865,"rate_of_return":0.0}
{"window":{"start":"2023-10-26T02:04:00.000Z","end":"2023-10-26T02:05:00.000Z"},"country":"Spain","OPM":1,"total_sales_volume":37.94999980926514,"rate_of_return":0.0}
{"window":{"start":"2023-10-26T09:28:00.000Z","end":"2023-10-26T09:29:00.000Z"},"country":"France","OPM":1,"total_sales_volume":-618.8500232696533,"rate_of_return":1.0}
{"window":{"start":"2023-10-25T16:34:00.000Z","end":"2023-10-25T16:35:00.000Z"},"country":"Switzerland","OPM":1,"total_sales_volume":5.449999809265137,"rate_of_return":0.0}
{"window":{"start":"2023-10-25T04:19:00.000Z","end":"2023-10-25T04:20:00.000Z"},"country":"Netherlands","OPM":1,"total_sales_volume":1068.7700033187866,"rate_of_return":0.0}
{"window":{"start":"2023-10-25T18:18:00.000Z","end":"2023-10-25T18:19:00.000Z"},"country":"Germany","OPM":1,"total_sales_volume":8.209999978542328,"rate_of_return":0.0}
{"window":{"start":"2023-10-23T22:00:00.000Z","end":"2023-10-23T22:01:00.000Z"},"country":"United Kingdom","OPM":6,"total_sales_volume":165.1599988937378,"rate_of_return":0.0}
{"window":{"start":"2023-10-27T22:03:00.000Z","end":"2023-10-27T22:04:00.000Z"},"country":"Israel","OPM":1,"total_sales_volume":63.65000069141388,"rate_of_return":0.0}
{"window":{"start":"2023-10-24T11:42:00.000Z","end":"2023-10-24T11:43:00.000Z"},"country":"United Kingdom","OPM":9,"total_sales_volume":280.0999992489815,"rate_of_return":0.0}
{"window":{"start":"2023-10-26T09:34:00.000Z","end":"2023-10-26T09:35:00.000Z"},"country":"Belgium","OPM":2,"total_sales_volume":853.3199787139893,"rate_of_return":0.0}
{"window":{"start":"2023-10-24T12:52:00.000Z","end":"2023-10-24T12:53:00.000Z"},"country":"United Kingdom","OPM":11,"total_sales_volume":567.3499956727028,"rate_of_return":0.0}
{"window":{"start":"2023-10-24T11:25:00.000Z","end":"2023-10-24T11:26:00.000Z"},"country":"Spain","OPM":1,"total_sales_volume":185.109996676445,"rate_of_return":0.0}
{"window":{"start":"2023-10-27T12:48:00.000Z","end":"2023-10-27T12:49:00.000Z"},"country":"United Kingdom","OPM":11,"total_sales_volume":1331.199982702732,"rate_of_return":0.18181818181818182}
{"window":{"start":"2023-10-24T17:01:00.000Z","end":"2023-10-24T17:02:00.000Z"},"country":"United Kingdom","OPM":4,"total_sales_volume":789.209997355938,"rate_of_return":0.0}
{"window":{"start":"2023-10-28T04:33:00.000Z","end":"2023-10-28T04:34:00.000Z"},"country":"United Kingdom","OPM":15,"total_sales_volume":1221.1399979293346,"rate_of_return":0.06666666666666667}
{"window":{"start":"2023-10-28T00:07:00.000Z","end":"2023-10-28T00:08:00.000Z"},"country":"United Kingdom","OPM":5,"total_sales_volume":893.930012524128,"rate_of_return":0.0}
{"window":{"start":"2023-10-25T12:49:00.000Z","end":"2023-10-25T12:50:00.000Z"},"country":"Netherlands","OPM":1,"total_sales_volume":18.19999971985817,"rate_of_return":0.0}
{"window":{"start":"2023-10-27T02:01:00.000Z","end":"2023-10-27T02:02:00.000Z"},"country":"EIRE","OPM":1,"total_sales_volume":4.1399999260902405,"rate_of_return":0.0}
{"window":{"start":"2023-10-24T20:48:00.000Z","end":"2023-10-24T20:49:00.000Z"},"country":"Germany","OPM":1,"total_sales_volume":17.859999656677246,"rate_of_return":0.0}
{"window":{"start":"2023-10-27T07:50:00.000Z","end":"2023-10-27T07:51:00.000Z"},"country":"EIRE","OPM":1,"total_sales_volume":192.30999338626862,"rate_of_return":0.0}
{"window":{"start":"2023-10-23T15:05:00.000Z","end":"2023-10-23T15:06:00.000Z"},"country":"Italy","OPM":1,"total_sales_volume":0.8500000238418579,"rate_of_return":0.0}
{"window":{"start":"2023-10-25T05:13:00.000Z","end":"2023-10-25T05:14:00.000Z"},"country":"Canada","OPM":1,"total_sales_volume":43.07999897003174,"rate_of_return":0.0}
{"window":{"start":"2023-10-25T16:42:00.000Z","end":"2023-10-25T16:43:00.000Z"},"country":"United Kingdom","OPM":9,"total_sales_volume":592.97000426054,"rate_of_return":0.0}
{"window":{"start":"2023-10-24T20:23:00.000Z","end":"2023-10-24T20:24:00.000Z"},"country":"EIRE","OPM":1,"total_sales_volume":1.649999976158142,"rate_of_return":0.0}
{"window":{"start":"2023-10-25T19:30:00.000Z","end":"2023-10-25T19:31:00.000Z"},"country":"United Kingdom","OPM":12,"total_sales_volume":503.33999902009964,"rate_of_return":0.0}
{"window":{"start":"2023-10-27T20:07:00.000Z","end":"2023-10-27T20:08:00.000Z"},"country":"United Kingdom","OPM":5,"total_sales_volume":296.7900022864342,"rate_of_return":0.0}
{"window":{"start":"2023-10-24T17:48:00.000Z","end":"2023-10-24T17:49:00.000Z"},"country":"United Kingdom","OPM":15,"total_sales_volume":2661.209970533848,"rate_of_return":0.0}
{"window":{"start":"2023-10-25T21:56:00.000Z","end":"2023-10-25T21:57:00.000Z"},"country":"United Kingdom","OPM":13,"total_sales_volume":1176.1099886745214,"rate_of_return":0.3076923076923077}
{"window":{"start":"2023-10-25T11:25:00.000Z","end":"2023-10-25T11:26:00.000Z"},"country":"United Kingdom","OPM":9,"total_sales_volume":939.260001629591,"rate_of_return":0.1111111111111111}
{"window":{"start":"2023-10-26T04:50:00.000Z","end":"2023-10-26T04:51:00.000Z"},"country":"United Kingdom","OPM":9,"total_sales_volume":1332.369976490736,"rate_of_return":0.0}
{"window":{"start":"2023-10-25T17:49:00.000Z","end":"2023-10-25T17:50:00.000Z"},"country":"Belgium","OPM":1,"total_sales_volume":37.089999198913574,"rate_of_return":0.0}
{"window":{"start":"2023-10-27T02:19:00.000Z","end":"2023-10-27T02:20:00.000Z"},"country":"Germany","OPM":1,"total_sales_volume":107.0500003695488,"rate_of_return":0.0}
{"window":{"start":"2023-10-27T16:49:00.000Z","end":"2023-10-27T16:50:00.000Z"},"country":"United Kingdom","OPM":5,"total_sales_volume":429.38000202178955,"rate_of_return":0.0}
{"window":{"start":"2023-10-27T18:34:00.000Z","end":"2023-10-27T18:35:00.000Z"},"country":"United Kingdom","OPM":5,"total_sales_volume":435.25000473856926,"rate_of_return":0.0}
{"window":{"start":"2023-10-23T21:15:00.000Z","end":"2023-10-23T21:16:00.000Z"},"country":"United Kingdom","OPM":12,"total_sales_volume":3575.510020136833,"rate_of_return":0.0}
{"window":{"start":"2023-10-26T00:38:00.000Z","end":"2023-10-26T00:39:00.000Z"},"country":"United Kingdom","OPM":6,"total_sales_volume":119.64999893307686,"rate_of_return":0.16666666666666666}
{"window":{"start":"2023-10-27T10:10:00.000Z","end":"2023-10-27T10:11:00.000Z"},"country":"United Kingdom","OPM":8,"total_sales_volume":173.05999946594238,"rate_of_return":0.0}
{"window":{"start":"2023-10-26T16:53:00.000Z","end":"2023-10-26T16:54:00.000Z"},"country":"France","OPM":1,"total_sales_volume":15.599999576807022,"rate_of_return":0.0}
{"window":{"start":"2023-10-27T21:16:00.000Z","end":"2023-10-27T21:17:00.000Z"},"country":"United Kingdom","OPM":7,"total_sales_volume":255.07000350952148,"rate_of_return":0.14285714285714285}
{"window":{"start":"2023-10-25T08:04:00.000Z","end":"2023-10-25T08:05:00.000Z"},"country":"Netherlands","OPM":1,"total_sales_volume":62.88000002503395,"rate_of_return":0.0}
{"window":{"start":"2023-10-27T04:58:00.000Z","end":"2023-10-27T04:59:00.000Z"},"country":"United Kingdom","OPM":3,"total_sales_volume":209.96000277996063,"rate_of_return":0.0}
{"window":{"start":"2023-10-26T02:13:00.000Z","end":"2023-10-26T02:14:00.000Z"},"country":"United Kingdom","OPM":10,"total_sales_volume":671.5899984836578,"rate_of_return":0.0}
{"window":{"start":"2023-10-24T09:27:00.000Z","end":"2023-10-24T09:28:00.000Z"},"country":"United Kingdom","OPM":5,"total_sales_volume":242.25999975204468,"rate_of_return":0.0}
{"window":{"start":"2023-10-26T18:51:00.000Z","end":"2023-10-26T18:52:00.000Z"},"country":"Germany","OPM":1,"total_sales_volume":9.899999618530273,"rate_of_return":0.0}
{"window":{"start":"2023-10-26T11:31:00.000Z","end":"2023-10-26T11:32:00.000Z"},"country":"EIRE","OPM":1,"total_sales_volume":62.959999084472656,"rate_of_return":0.0}
{"window":{"start":"2023-10-28T05:11:00.000Z","end":"2023-10-28T05:12:00.000Z"},"country":"United Kingdom","OPM":13,"total_sales_volume":541.0300063192844,"rate_of_return":0.0}
