{"window":{"start":"2023-10-26T11:28:00.000Z","end":"2023-10-26T11:29:00.000Z"},"country":"United Kingdom","OPM":12,"total_sales_volume":307.08000349998474,"rate_of_return":0.08333333333333333}
{"window":{"start":"2023-10-24T04:07:00.000Z","end":"2023-10-24T04:08:00.000Z"},"country":"United Kingdom","OPM":9,"total_sales_volume":700.2599956542253,"rate_of_return":0.0}
{"window":{"start":"2023-10-25T03:37:00.000Z","end":"2023-10-25T03:38:00.000Z"},"country":"United Kingdom","OPM":3,"total_sales_volume":229.0299985408783,"rate_of_return":0.0}
{"window":{"start":"2023-10-25T14:38:00.000Z","end":"2023-10-25T14:39:00.000Z"},"country":"Germany","OPM":1,"total_sales_volume":87.51999855041504,"rate_of_return":0.0}
{"window":{"start":"2023-10-24T04:16:00.000Z","end":"2023-10-24T04:17:00.000Z"},"country":"France","OPM":1,"total_sales_volume":4.3500001430511475,"rate_of_return":0.0}
{"window":{"start":"2023-10-26T15:06:00.000Z","end":"2023-10-26T15:07:00.000Z"},"country":"United Kingdom","OPM":10,"total_sales_volume":1080.1299794018269,"rate_of_return":0.1}
{"window":{"start":"2023-10-26T09:54:00.000Z","end":"2023-10-26T09:55:00.000Z"},"country":"United Kingdom","OPM":9,"total_sales_volume":320.4099976271391,"rate_of_return":0.0}
{"window":{"start":"2023-10-27T09:10:00.000Z","end":"2023-10-27T09:11:00.000Z"},"country":"EIRE","OPM":1,"total_sales_volume":7.799999713897705,"rate_of_return":0.0}
{"window":{"start":"2023-10-26T06:05:00.000Z","end":"2023-10-26T06:06:00.000Z"},"country":"United Kingdom","OPM":5,"total_sales_volume":771.2999897003174,"rate_of_return":0.2}
{"window":{"start":"2023-10-26T18:16:00.000Z","end":"2023-10-26T18:17:00.000Z"},"country":"Austria","OPM":1,"total_sales_volume":34.649998903274536,"rate_of_return":0.0}
{"window":{"start":"2023-10-26T09:05:00.000Z","end":"2023-10-26T09:06:00.000Z"},"country":"Cyprus","OPM":1,"total_sales_volume":36.549999952316284,"rate_of_return":0.0}
{"window":{"start":"2023-10-25T19:42:00.000Z","end":"2023-10-25T19:43:00.000Z"},"country":"United Kingdom","OPM":10,"total_sales_volume":488.06000196933746,"rate_of_return":0.0}
{"window":{"start":"2023-10-24T12:46:00.000Z","end":"2023-10-24T12:47:00.000Z"},"country":"United Kingdom","OPM":9,"total_sales_volume":367.8999989554286,"rate_of_return":0.1111111111111111}
{"window":{"start":"2023-10-25T18:41:00.000Z","end":"2023-10-25T18:42:00.000Z"},"country":"France","OPM":1,"total_sales_volume":51.74999952316284,"rate_of_return":0.0}
{"window":{"start":"2023-10-24T15:35:00.000Z","end":"2023-10-24T15:36:00.000Z"},"country":"EIRE","OPM":1,"total_sales_volume":14.459999799728394,"rate_of_return":0.0}
{"window":{"start":"2023-10-23T22:23:00.000Z","end":"2023-10-23T22:24:00.000Z"},"country":"France","OPM":1,"total_sales_volume":50.75999879837036,"rate_of_return":0.0}
{"window":{"start":"2023-10-24T10:06:00.000Z","end":"2023-10-24T10:07:00.000Z"},"country":"United Kingdom","OPM":16,"total_sales_volume":731.409999281168,"rate_of_return":0.125}
{"window":{"start":"2023-10-26T12:59:00.000Z","end":"2023-10-26T13:00:00.000Z"},"country":"United Kingdom","OPM":11,"total_sales_volume":477.6499971449375,"rate_of_return":0.0}
{"window":{"start":"2023-10-26T14:59:00.000Z","end":"2023-10-26T15:00:00.000Z"},"country":"France","OPM":1,"total_sales_volume":134.96999970078468,"rate_of_return":0.0}
{"window":{"start":"2023-10-23T17:28:00.000Z","end":"2023-10-23T17:29:00.000Z"},"country":"United Kingdom","OPM":12,"total_sales_volume":625.6899909973145,"rate_of_return":0.0}
{"window":{"start":"2023-10-24T16:43:00.000Z","end":"2023-10-24T16:44:00.000Z"},"country":"United Kingdom","OPM":12,"total_sales_volume":520.0599990487099,"rate_of_return":0.08333333333333333}
{"window":{"start":"2023-10-25T03:07:00.000Z","end":"2023-10-25T03:08:00.000Z"},"country":"United Kingdom","OPM":5,"total_sales_volume":161.6599963903427,"rate_of_return":0.0}
{"window":{"start":"2023-10-23T17:46:00.000Z","end":"2023-10-23T17:47:00.000Z"},"country":"United Kingdom","OPM":7,"total_sales_volume":288.7299992144108,"rate_of_return":0.2857142857142857}
{"window":{"start":"2023-10-26T01:11:00.000Z","end":"2023-10-26T01:12:00.000Z"},"country":"EIRE","OPM":1,"total_sales_volume":42.64999985694885,"rate_of_return":0.0}
{"window":{"start":"2023-10-25T03:55:00.000Z","end":"2023-10-25T03:56:00.000Z"},"country":"France","OPM":1,"total_sales_volume":8.839999854564667,"rate_of_return":0.0}
{"window":{"start":"2023-10-24T23:25:00.000Z","end":"2023-10-24T23:26:00.000Z"},"country":"Belgium","OPM":1,"total_sales_volume":47.200000166893005,"rate_of_return":0.0}
{"window":{"start":"2023-10-25T02:56:00.000Z","end":"2023-10-25T02:57:00.000Z"},"country":"Belgium","OPM":1,"total_sales_volume":155.29000213742256,"rate_of_return":0.0}
{"window":{"start":"2023-10-27T00:22:00.000Z","end":"2023-10-27T00:23:00.000Z"},"country":"France","OPM":1,"total_sales_volume":8.840000063180923,"rate_of_return":0.0}
{"window":{"start":"2023-10-24T12:19:00.000Z","end":"2023-10-24T12:20:00.000Z"},"country":"United Kingdom","OPM":10,"total_sales_volume":407.84000131487846,"rate_of_return":0.1}
{"window":{"start":"2023-10-26T14:34:00.000Z","end":"2023-10-26T14:35:00.000Z"},"country":"France","OPM":1,"total_sales_volume":-4.960000038146973,"rate_of_return":1.0}
{"window":{"start":"2023-10-28T02:12:00.000Z","end":"2023-10-28T02:13:00.000Z"},"country":"United Kingdom","OPM":11,"total_sales_volume":572.519995868206,"rate_of_return":0.09090909090909091}
{"window":{"start":"2023-10-26T04:29:00.000Z","end":"2023-10-26T04:30:00.000Z"},"country":"Belgium","OPM":1,"total_sales_volume":135.8900008201599,"rate_of_return":0.0}
{"window":{"start":"2023-10-25T05:51:00.000Z","end":"2023-10-25T05:52:00.000Z"},"country":"Netherlands","OPM":1,"total_sales_volume":26.56000018119812,"rate_of_return":0.0}
{"window":{"start":"2023-10-23T23:27:00.000Z","end":"2023-10-23T23:28:00.000Z"},"country":"United Kingdom","OPM":16,"total_sales_volume":949.4400002360344,"rate_of_return":0.0}
{"window":{"start":"2023-10-26T19:33:00.000Z","end":"2023-10-26T19:34:00.000Z"},"country":"United Kingdom","OPM":9,"total_sales_volume":535.3500052988529,"rate_of_return":0.0}
{"window":{"start":"2023-10-23T13:56:00.000Z","end":"2023-10-23T13:57:00.000Z"},"country":"United Kingdom","OPM":9,"total_sales_volume":850.7199862897396,"rate_of_return":0.1111111111111111}
{"window":{"start":"2023-10-25T11:55:00.000Z","end":"2023-10-25T11:56:00.000Z"},"country":"Channel Islands","OPM":1,"total_sales_volume":36.71000039577484,"rate_of_return":0.0}
{"window":{"start":"2023-10-25T15:45:00.000Z","end":"2023-10-25T15:46:00.000Z"},"country":"United Kingdom","OPM":7,"total_sales_volume":273.0499999821186,"rate_of_return":0.0}
{"window":{"start":"2023-10-24T21:39:00.000Z","end":"2023-10-24T21:40:00.000Z"},"country":"Germany","OPM":1,"total_sales_volume":64.51999980211258,"rate_of_return":0.0}
{"window":{"start":"2023-10-24T11:32:00.000Z","end":"2023-10-24T11:33:00.000Z"},"country":"Germany","OPM":1,"total_sales_volume":40.55000102519989,"rate_of_return":0.0}
{"window":{"start":"2023-10-25T17:28:00.000Z","end":"2023-10-25T17:29:00.000Z"},"country":"EIRE","OPM":1,"total_sales_volume":94.73999977111816,"rate_of_return":0.0}
{"window":{"start":"2023-10-25T03:52:00.000Z","end":"2023-10-25T03:53:00.000Z"},"country":"United Kingdom","OPM":5,"total_sales_volume":673.8199976086617,"rate_of_return":0.0}
{"window":{"start":"2023-10-26T13:02:00.000Z","end":"2023-10-26T13:03:00.000Z"},"country":"United Kingdom","OPM":14,"total_sales_volume":1044.9899980425835,"rate_of_return":0.14285714285714285}
{"window":{"start":"2023-10-24T15:13:00.000Z","end":"2023-10-24T15:14:00.000Z"},"country":"United Kingdom","OPM":8,"total_sales_volume":376.2000025212765,"rate_of_return":0.125}
{"window":{"start":"2023-10-24T03:51:00.000Z","end":"2023-10-24T03:52:00.000Z"},"country":"United Kingdom","OPM":12,"total_sales_volume":1154.459991157055,"rate_of_return":0.08333333333333333}
{"window":{"start":"2023-10-28T01:26:00.000Z","end":"2023-10-28T01:27:00.000Z"},"country":"Switzerland","OPM":1,"total_sales_volume":177.2800018787384,"rate_of_return":0.0}
{"window":{"start":"2023-10-26T16:55:00.000Z","end":"2023-10-26T16:56:00.000Z"},"country":"EIRE","OPM":1,"total_sales_volume":528.7299906611443,"rate_of_return":0.0}
{"window":{"start":"2023-10-25T08:27:00.000Z","end":"2023-10-25T08:28:00.000Z"},"country":"Netherlands","OPM":2,"total_sales_volume":28.429999336600304,"rate_of_return":0.0}
{"window":{"start":"2023-10-26T09:53:00.000Z","end":"2023-10-26T09:54:00.000Z"},"country":"Spain","OPM":1,"total_sales_volume":38.42999970912933,"rate_of_return":0.0}
{"window":{"start":"2023-10-24T16:42:00.000Z","end":"2023-10-24T16:43:00.000Z"},"country":"France","OPM":1,"total_sales_volume":36.53999948501587,"rate_of_return":0.0}
{"window":{"start":"2023-10-26T16:18:00.000Z","end":"2023-10-26T16:19:00.000Z"},"country":"United Kingdom","OPM":11,"total_sales_volume":306.29999846220016,"rate_of_return":0.0}
{"window":{"start":"2023-10-25T09:17:00.000Z","end":"2023-10-25T09:18:00.000Z"},"country":"United Kingdom","OPM":6,"total_sales_volume":638.6400036215782,"rate_of_return":0.0}
{"window":{"start":"2023-10-24T10:48:00.000Z","end":"2023-10-24T10:49:00.000Z"},"country":"Belgium","OPM":1,"total_sales_volume":56.989999771118164,"rate_of_return":0.0}
{"window":{"start":"2023-10-24T19:05:00.000Z","end":"2023-10-24T19:06:00.000Z"},"country":"Norway","OPM":1,"total_sales_volume":50.64000105857849,"rate_of_return":0.0}
{"window":{"start":"2023-10-25T13:19:00.000Z","end":"2023-10-25T13:20:00.000Z"},"country":"United Kingdom","OPM":10,"total_sales_volume":838.4899759292603,"rate_of_return":0.0}
{"window":{"start":"2023-10-27T19:49:00.000Z","end":"2023-10-27T19:50:00.000Z"},"country":"United Kingdom","OPM":4,"total_sales_volume":205.34000027179718,"rate_of_return":0.0}
{"window":{"start":"2023-10-25T07:10:00.000Z","end":"2023-10-25T07:11:00.000Z"},"country":"United Kingdom","OPM":8,"total_sales_volume":281.14999639987946,"rate_of_return":0.0}
{"window":{"start":"2023-10-26T04:41:00.000Z","end":"2023-10-26T04:42:00.000Z"},"country":"Germany","OPM":1,"total_sales_volume":56.0600004196167,"rate_of_return":0.0}
{"window":{"start":"2023-10-28T00:16:00.000Z","end":"2023-10-28T00:17:00.000Z"},"country":"Netherlands","OPM":1,"total_sales_volume":153.89999878406525,"rate_of_return":0.0}
{"window":{"start":"2023-10-23T15:39:00.000Z","end":"2023-10-23T15:40:00.000Z"},"country":"United Kingdom","OPM":14,"total_sales_volume":405.89000275731087,"rate_of_return":0.0}
{"window":{"start":"2023-10-24T11:23:00.000Z","end":"2023-10-24T11:24:00.000Z"},"country":"United Kingdom","OPM":14,"total_sales_volume":673.4099904894829,"rate_of_return":0.07142857142857142}
{"window":{"start":"2023-10-24T14:38:00.000Z","end":"2023-10-24T14:39:00.000Z"},"country":"United Kingdom","OPM":7,"total_sales_volume":328.02000111341476,"rate_of_return":0.0}
{"window":{"start":"2023-10-28T05:30:00.000Z","end":"2023-10-28T05:31:00.000Z"},"country":"United Kingdom","OPM":12,"total_sales_volume":590.3599972724915,"rate_of_return":0.0}
{"window":{"start":"2023-10-27T09:32:00.000Z","end":"2023-10-27T09:33:00.000Z"},"country":"United Kingdom","OPM":5,"total_sales_volume":67.25000095367432,"rate_of_return":0.0}
{"window":{"start":"2023-10-26T01:16:00.000Z","end":"2023-10-26T01:17:00.000Z"},"country":"United Kingdom","OPM":12,"total_sales_volume":831.5699837803841,"rate_of_return":0.16666666666666666}
{"window":{"start":"2023-10-25T11:13:00.000Z","end":"2023-10-25T11:14:00.000Z"},"country":"United Kingdom","OPM":5,"total_sales_volume":145.479998588562,"rate_of_return":0.0}
{"window":{"start":"2023-10-27T12:22:00.000Z","end":"2023-10-27T12:23:00.000Z"},"country":"Spain","OPM":1,"total_sales_volume":29.520000457763672,"rate_of_return":0.0}
{"window":{"start":"2023-10-24T07:12:00.000Z","end":"2023-10-24T07:13:00.000Z"},"country":"United Kingdom","OPM":14,"total_sales_volume":1446.8599898219109,"rate_of_return":0.0}
{"window":{"start":"2023-10-26T13:22:00.000Z","end":"2023-10-26T13:23:00.000Z"},"country":"France","OPM":1,"total_sales_volume":22.59000027179718,"rate_of_return":0.0}
{"window":{"start":"2023-10-26T06:22:00.000Z","end":"2023-10-26T06:23:00.000Z"},"country":"United Kingdom","OPM":10,"total_sales_volume":805.7200024425983,"rate_of_return":0.0}
{"window":{"start":"2023-10-26T09:19:00.000Z","end":"2023-10-26T09:20:00.000Z"},"country":"United Kingdom","OPM":14,"total_sales_volume":489.3599973320961,"rate_of_return":0.07142857142857142}
{"window":{"start":"2023-10-26T07:49:00.000Z","end":"2023-10-26T07:50:00.000Z"},"country":"France","OPM":1,"total_sales_volume":17.0099995136261,"rate_of_return":0.0}
{"window":{"start":"2023-10-28T05:20:00.000Z","end":"2023-10-28T05:21:00.000Z"},"country":"United Kingdom","OPM":5,"total_sales_volume":541.1500020325184,"rate_of_return":0.0}
{"window":{"start":"2023-10-24T19:25:00.000Z","end":"2023-10-24T19:26:00.000Z"},"country":"United Kingdom","OPM":9,"total_sales_volume":942.2099913358688,"rate_of_return":0.0}
{"window":{"start":"2023-10-26T03:08:00.000Z","end":"2023-10-26T03:09:00.000Z"},"country":"United Kingdom","OPM":10,"total_sales_volume":180.4200021624565,"rate_of_return":0.2}
{"window":{"start":"2023-10-25T11:27:00.000Z","end":"2023-10-25T11:28:00.000Z"},"country":"United Kingdom","OPM":5,"total_sales_volume":165.70999950170517,"rate_of_return":0.0}
{"window":{"start":"2023-10-27T19:19:00.000Z","end":"2023-10-27T19:20:00.000Z"},"country":"United Kingdom","OPM":8,"total_sales_volume":175.17999851703644,"rate_of_return":0.0}
