{"window":{"start":"2023-10-25T21:01:00.000Z","end":"2023-10-25T21:02:00.000Z"},"country":"Sweden","OPM":1,"total_sales_volume":15.0,"rate_of_return":0.0}
{"window":{"start":"2023-10-28T01:18:00.000Z","end":"2023-10-28T01:19:00.000Z"},"country":"United Kingdom","OPM":4,"total_sales_volume":1494.6200001835823,"rate_of_return":0.0}
{"window":{"start":"2023-10-26T09:51:00.000Z","end":"2023-10-26T09:52:00.000Z"},"country":"United Kingdom","OPM":7,"total_sales_volume":517.4000008106232,"rate_of_return":0.0}
{"window":{"start":"2023-10-26T00:16:00.000Z","end":"2023-10-26T00:17:00.000Z"},"country":"France","OPM":1,"total_sales_volume":307.5000014305115,"rate_of_return":0.0}
{"window":{"start":"2023-10-23T16:24:00.000Z","end":"2023-10-23T16:25:00.000Z"},"country":"United Kingdom","OPM":13,"total_sales_volume":1174.6300052702427,"rate_of_return":0.07692307692307693}
{"window":{"start":"2023-10-26T05:03:00.000Z","end":"2023-10-26T05:04:00.000Z"},"country":"United Kingdom","OPM":6,"total_sales_volume":1092.1800010800362,"rate_of_return":0.0}
{"window":{"start":"2023-10-26T08:13:00.000Z","end":"2023-10-26T08:14:00.000Z"},"country":"United Kingdom","OPM":15,"total_sales_volume":429.20999509096146,"rate_of_return":0.0}
{"window":{"start":"2023-10-24T06:29:00.000Z","end":"2023-10-24T06:30:00.000Z"},"country":"France","OPM":1,"total_sales_volume":3.7100000381469727,"rate_of_return":0.0}
{"window":{"start":"2023-10-26T15:10:00.000Z","end":"2023-10-26T15:11:00.000Z"},"country":"EIRE","OPM":1,"total_sales_volume":22.46000012755394,"rate_of_return":0.0}
{"window":{"start":"2023-10-24T11:29:00.000Z","end":"2023-10-24T11:30:00.000Z"},"country":"United Kingdom","OPM":10,"total_sales_volume":226.4600042104721,"rate_of_return":0.3}
{"window":{"start":"2023-10-23T23:23:00.000Z","end":"2023-10-23T23:24:00.000Z"},"country":"France","OPM":2,"total_sales_volume":84.61999899148941,"rate_of_return":0.0}
{"window":{"start":"2023-10-24T13:32:00.000Z","end":"2023-10-24T13:33:00.000Z"},"country":"Netherlands","OPM":1,"total_sales_volume":24.219999313354492,"rate_of_return":0.0}
{"window":{"start":"2023-10-27T21:35:00.000Z","end":"2023-10-27T21:36:00.000Z"},"country":"Switzerland","OPM":1,"total_sales_volume":4.960000038146973,"rate_of_return":0.0}
{"window":{"start":"2023-10-24T07:40:00.000Z","end":"2023-10-24T07:41:00.000Z"},"country":"United Kingdom","OPM":10,"total_sales_volume":323.0300010740757,"rate_of_return":0.2}
{"window":{"start":"2023-10-27T19:28:00.000Z","end":"2023-10-27T19:29:00.000Z"},"country":"Spain","OPM":1,"total_sales_volume":87.06000137329102,"rate_of_return":0.0}
{"window":{"start":"2023-10-24T20:54:00.000Z","end":"2023-10-24T20:55:00.000Z"},"country":"United Kingdom","OPM":7,"total_sales_volume":782.7800022363663,"rate_of_return":0.0}
{"window":{"start":"2023-10-24T12:57:00.000Z","end":"2023-10-24T12:58:00.000Z"},"country":"Switzerland","OPM":1,"total_sales_volume":145.8899997472763,"rate_of_return":0.0}
{"window":{"start":"2023-10-25T07:20:00.000Z","end":"2023-10-25T07:21:00.000Z"},"country":"Denmark","OPM":1,"total_sales_volume":15.0,"rate_of_return":0.0}
{"window":{"start":"2023-10-27T14:58:00.000Z","end":"2023-10-27T14:59:00.000Z"},"country":"France","OPM":1,"total_sales_volume":2.950000047683716,"rate_of_return":0.0}
{"window":{"start":"2023-10-24T16:38:00.000Z","end":"2023-10-24T16:39:00.000Z"},"country":"United Kingdom","OPM":16,"total_sales_volume":1898.4600006639957,"rate_of_return":0.125}
{"window":{"start":"2023-10-26T15:19:00.000Z","end":"2023-10-26T15:20:00.000Z"},"country":"United Kingdom","OPM":10,"total_sales_volume":300.5199971795082,"rate_of_return":0.0}
{"window":{"start":"2023-10-25T09:49:00.000Z","end":"2023-10-25T09:50:00.000Z"},"country":"Switzerland","OPM":1,"total_sales_volume":116.34999704360962,"rate_of_return":0.0}
{"window":{"start":"2023-10-27T07:01:00.000Z","end":"2023-10-27T07:02:00.000Z"},"country":"United Kingdom","OPM":8,"total_sales_volume":243.5399973988533,"rate_of_return":0.125}
{"window":{"start":"2023-10-27T15:28:00.000Z","end":"2023-10-27T15:29:00.000Z"},"country":"United Kingdom","OPM":5,"total_sales_volume":115.74999877810478,"rate_of_return":0.0}
{"window":{"start":"2023-10-23T16:09:00.000Z","end":"2023-10-23T16:10:00.000Z"},"country":"Netherlands","OPM":1,"total_sales_volume":27.799999237060547,"rate_of_return":0.0}
{"window":{"start":"2023-10-24T14:39:00.000Z","end":"2023-10-24T14:40:00.000Z"},"country":"Belgium","OPM":1,"total_sales_volume":0.8699999749660492,"rate_of_return":0.0}
{"window":{"start":"2023-10-26T13:05:00.000Z","end":"2023-10-26T13:06:00.000Z"},"country":"United Kingdom","OPM":7,"total_sales_volume":485.60000213980675,"rate_of_return":0.0}
{"window":{"start":"2023-10-25T01:39:00.000Z","end":"2023-10-25T01:40:00.000Z"},"country":"United Kingdom","OPM":8,"total_sales_volume":439.93000173568726,"rate_of_return":0.0}
{"window":{"start":"2023-10-25T12:19:00.000Z","end":"2023-10-25T12:20:00.000Z"},"country":"Germany","OPM":1,"total_sales_volume":36.64999985694885,"rate_of_return":0.0}
{"window":{"start":"2023-10-26T07:48:00.000Z","end":"2023-10-26T07:49:00.000Z"},"country":"France","OPM":1,"total_sales_volume":38.50000023841858,"rate_of_return":0.0}
{"window":{"start":"2023-10-26T15:21:00.000Z","end":"2023-10-26T15:22:00.000Z"},"country":"Germany","OPM":1,"total_sales_volume":315.8399963378906,"rate_of_return":0.0}
{"window":{"start":"2023-10-25T01:14:00.000Z","end":"2023-10-25T01:15:00.000Z"},"country":"France","OPM":1,"total_sales_volume":53.5699999332428,"rate_of_return":0.0}
{"window":{"start":"2023-10-26T22:46:00.000Z","end":"2023-10-26T22:47:00.000Z"},"country":"EIRE","OPM":1,"total_sales_volume":290.9499982893467,"rate_of_return":0.0}
{"window":{"start":"2023-10-27T11:59:00.000Z","end":"2023-10-27T12:00:00.000Z"},"country":"United Kingdom","OPM":11,"total_sales_volume":1662.70000487566,"rate_of_return":0.0}
{"window":{"start":"2023-10-24T05:25:00.000Z","end":"2023-10-24T05:26:00.000Z"},"country":"United Kingdom","OPM":9,"total_sales_volume":559.2499932348728,"rate_of_return":0.0}
{"window":{"start":"2023-10-23T17:37:00.000Z","end":"2023-10-23T17:38:00.000Z"},"country":"Belgium","OPM":1,"total_sales_volume":79.24999856948853,"rate_of_return":0.0}
{"window":{"start":"2023-10-26T08:02:00.000Z","end":"2023-10-26T08:03:00.000Z"},"country":"France","OPM":1,"total_sales_volume":116.01999950408936,"rate_of_return":0.0}
{"window":{"start":"2023-10-26T20:54:00.000Z","end":"2023-10-26T20:55:00.000Z"},"country":"United Kingdom","OPM":9,"total_sales_volume":719.719996035099,"rate_of_return":0.0}
{"window":{"start":"2023-10-25T17:30:00.000Z","end":"2023-10-25T17:31:00.000Z"},"country":"EIRE","OPM":1,"total_sales_volume":37.67999982833862,"rate_of_return":0.0}
{"window":{"start":"2023-10-25T08:28:00.000Z","end":"2023-10-25T08:29:00.000Z"},"country":"Cyprus","OPM":1,"total_sales_volume":10.200000286102295,"rate_of_return":0.0}
{"window":{"start":"2023-10-24T21:44:00.000Z","end":"2023-10-24T21:45:00.000Z"},"country":"United Kingdom","OPM":9,"total_sales_volume":889.1800002753735,"rate_of_return":0.0}
{"window":{"start":"2023-10-27T20:31:00.000Z","end":"2023-10-27T20:32:00.000Z"},"country":"United Kingdom","OPM":7,"total_sales_volume":714.4000004827976,"rate_of_return":0.0}
{"window":{"start":"2023-10-24T15:16:00.000Z","end":"2023-10-24T15:17:00.000Z"},"country":"EIRE","OPM":1,"total_sales_volume":45.0,"rate_of_return":0.0}
{"window":{"start":"2023-10-24T20:14:00.000Z","end":"2023-10-24T20:15:00.000Z"},"country":"Malta","OPM":1,"total_sales_volume":18.050000190734863,"rate_of_return":0.0}
{"window":{"start":"2023-10-25T11:53:00.000Z","end":"2023-10-25T11:54:00.000Z"},"country":"Netherlands","OPM":1,"total_sales_volume":270.2999963760376,"rate_of_return":0.0}
{"window":{"start":"2023-10-24T15:42:00.000Z","end":"2023-10-24T15:43:00.000Z"},"country":"Germany","OPM":1,"total_sales_volume":5.460000038146973,"rate_of_return":0.0}
{"window":{"start":"2023-10-26T14:13:00.000Z","end":"2023-10-26T14:14:00.000Z"},"country":"United Kingdom","OPM":6,"total_sales_volume":-158.67000022530556,"rate_of_return":0.16666666666666666}
{"window":{"start":"2023-10-26T22:50:00.000Z","end":"2023-10-26T22:51:00.000Z"},"country":"United Kingdom","OPM":13,"total_sales_volume":1284.0000136196613,"rate_of_return":0.0}
{"window":{"start":"2023-10-24T22:14:00.000Z","end":"2023-10-24T22:15:00.000Z"},"country":"Germany","OPM":1,"total_sales_volume":13.799999952316284,"rate_of_return":0.0}
{"window":{"start":"2023-10-26T16:49:00.000Z","end":"2023-10-26T16:50:00.000Z"},"country":"United Kingdom","OPM":13,"total_sales_volume":847.520004183054,"rate_of_return":0.07692307692307693}
{"window":{"start":"2023-10-28T05:47:00.000Z","end":"2023-10-28T05:48:00.000Z"},"country":"United Kingdom","OPM":9,"total_sales_volume":675.9099972844124,"rate_of_return":0.1111111111111111}
{"window":{"start":"2023-10-24T11:28:00.000Z","end":"2023-10-24T11:29:00.000Z"},"country":"France","OPM":1,"total_sales_volume":12.59999942779541,"rate_of_return":0.0}
{"window":{"start":"2023-10-27T01:12:00.000Z","end":"2023-10-27T01:13:00.000Z"},"country":"United Kingdom","OPM":8,"total_sales_volume":441.1600033938885,"rate_of_return":0.0}
{"window":{"start":"2023-10-25T03:04:00.000Z","end":"2023-10-25T03:05:00.000Z"},"country":"EIRE","OPM":1,"total_sales_volume":76.05999851226807,"rate_of_return":0.0}
{"window":{"start":"2023-10-27T15:29:00.000Z","end":"2023-10-27T15:30:00.000Z"},"country":"Portugal","OPM":1,"total_sales_volume":123.74999833106995,"rate_of_return":0.0}
{"window":{"start":"2023-10-26T08:29:00.000Z","end":"2023-10-26T08:30:00.000Z"},"country":"United Kingdom","OPM":9,"total_sales_volume":316.11999520659447,"rate_of_return":0.0}
{"window":{"start":"2023-10-26T00:25:00.000Z","end":"2023-10-26T00:26:00.000Z"},"country":"Italy","OPM":1,"total_sales_volume":32.09999883174896,"rate_of_return":0.0}
{"window":{"start":"2023-10-25T22:14:00.000Z","end":"2023-10-25T22:15:00.000Z"},"country":"United Kingdom","OPM":8,"total_sales_volume":446.3899927139282,"rate_of_return":0.0}
{"window":{"start":"2023-10-23T16:42:00.000Z","end":"2023-10-23T16:43:00.000Z"},"country":"United Kingdom","OPM":17,"total_sales_volume":674.5999993085861,"rate_of_return":0.0}
{"window":{"start":"2023-10-24T02:13:00.000Z","end":"2023-10-24T02:14:00.000Z"},"country":"EIRE","OPM":1,"total_sales_volume":33.19000053405762,"rate_of_return":0.0}
{"window":{"start":"2023-10-25T03:15:00.000Z","end":"2023-10-25T03:16:00.000Z"},"country":"USA","OPM":1,"total_sales_volume":1.25,"rate_of_return":0.0}
{"window":{"start":"2023-10-24T03:31:00.000Z","end":"2023-10-24T03:32:00.000Z"},"country":"France","OPM":1,"total_sales_volume":7.430000066757202,"rate_of_return":0.0}
{"window":{"start":"2023-10-24T03:49:00.000Z","end":"2023-10-24T03:50:00.000Z"},"country":"Australia","OPM":1,"total_sales_volume":19.240000009536743,"rate_of_return":0.0}
{"window":{"start":"2023-10-24T18:13:00.000Z","end":"2023-10-24T18:14:00.000Z"},"country":"France","OPM":1,"total_sales_volume":26.299998879432678,"rate_of_return":0.0}
{"window":{"start":"2023-10-23T21:42:00.000Z","end":"2023-10-23T21:43:00.000Z"},"country":"Norway","OPM":1,"total_sales_volume":69.48999834060669,"rate_of_return":0.0}
{"window":{"start":"2023-10-26T04:12:00.000Z","end":"2023-10-26T04:13:00.000Z"},"country":"United Kingdom","OPM":4,"total_sales_volume":127.58999824523926,"rate_of_return":0.0}
{"window":{"start":"2023-10-26T23:29:00.000Z","end":"2023-10-26T23:30:00.000Z"},"country":"United Kingdom","OPM":8,"total_sales_volume":260.65999686717987,"rate_of_return":0.0}
{"window":{"start":"2023-10-28T05:05:00.000Z","end":"2023-10-28T05:06:00.000Z"},"country":"France","OPM":1,"total_sales_volume":159.12999767065048,"rate_of_return":0.0}
{"window":{"start":"2023-10-24T14:05:00.000Z","end":"2023-10-24T14:06:00.000Z"},"country":"Portugal","OPM":1,"total_sales_volume":11.579999923706055,"rate_of_return":0.0}
{"window":{"start":"2023-10-27T10:26:00.000Z","end":"2023-10-27T10:27:00.000Z"},"country":"United Kingdom","OPM":7,"total_sales_volume":419.0999935567379,"rate_of_return":0.0}
{"window":{"start":"2023-10-24T20:18:00.000Z","end":"2023-10-24T20:19:00.000Z"},"country":"United Kingdom","OPM":9,"total_sales_volume":261.1199986934662,"rate_of_return":0.0}
{"window":{"start":"2023-10-27T14:23:00.000Z","end":"2023-10-27T14:24:00.000Z"},"country":"United Kingdom","OPM":5,"total_sales_volume":218.5299968123436,"rate_of_return":0.0}
{"window":{"start":"2023-10-28T00:16:00.000Z","end":"2023-10-28T00:17:00.000Z"},"country":"United Kingdom","OPM":14,"total_sales_volume":546.3100053668022,"rate_of_return":0.07142857142857142}
{"window":{"start":"2023-10-24T04:59:00.000Z","end":"2023-10-24T05:00:00.000Z"},"country":"Germany","OPM":1,"total_sales_volume":17.999999523162842,"rate_of_return":0.0}
{"window":{"start":"2023-10-24T05:35:00.000Z","end":"2023-10-24T05:36:00.000Z"},"country":"Cyprus","OPM":1,"total_sales_volume":2.5,"rate_of_return":0.0}
{"window":{"start":"2023-10-28T00:17:00.000Z","end":"2023-10-28T00:18:00.000Z"},"country":"Switzerland","OPM":1,"total_sales_volume":289.9499999284744,"rate_of_return":0.0}
