{"window":{"start":"2023-10-28T04:59:00.000Z","end":"2023-10-28T05:00:00.000Z"},"country":"Norway","OPM":1,"total_sales_volume":114.59999942779541,"rate_of_return":0.0}
{"window":{"start":"2023-10-25T20:36:00.000Z","end":"2023-10-25T20:37:00.000Z"},"country":"France","OPM":1,"total_sales_volume":18.75,"rate_of_return":0.0}
{"window":{"start":"2023-10-26T04:51:00.000Z","end":"2023-10-26T04:52:00.000Z"},"country":"United Kingdom","OPM":12,"total_sales_volume":369.9499997496605,"rate_of_return":0.0}
{"window":{"start":"2023-10-23T18:28:00.000Z","end":"2023-10-23T18:29:00.000Z"},"country":"United Kingdom","OPM":5,"total_sales_volume":498.5600071847439,"rate_of_return":0.2}
{"window":{"start":"2023-10-24T07:39:00.000Z","end":"2023-10-24T07:40:00.000Z"},"country":"Germany","OPM":1,"total_sales_volume":12.75,"rate_of_return":0.0}
{"window":{"start":"2023-10-26T10:58:00.000Z","end":"2023-10-26T10:59:00.000Z"},"country":"United Kingdom","OPM":11,"total_sales_volume":619.489992082119,"rate_of_return":0.18181818181818182}
{"window":{"start":"2023-10-25T16:23:00.000Z","end":"2023-10-25T16:24:00.000Z"},"country":"Channel Islands","OPM":1,"total_sales_volume":13.25,"rate_of_return":0.0}
{"window":{"start":"2023-10-26T08:33:00.000Z","end":"2023-10-26T08:34:00.000Z"},"country":"United Kingdom","OPM":7,"total_sales_volume":870.4800023436546,"rate_of_return":0.0}
{"window":{"start":"2023-10-26T18:59:00.000Z","end":"2023-10-26T19:00:00.000Z"},"country":"United Kingdom","OPM":8,"total_sales_volume":576.8099906295538,"rate_of_return":0.125}
{"window":{"start":"2023-10-27T23:53:00.000Z","end":"2023-10-27T23:54:00.000Z"},"country":"Denmark","OPM":1,"total_sales_volume":42.5,"rate_of_return":0.0}
{"window":{"start":"2023-10-24T02:53:00.000Z","end":"2023-10-24T02:54:00.000Z"},"country":"Norway","OPM":1,"total_sales_volume":-7.800000071525574,"rate_of_return":1.0}
{"window":{"start":"2023-10-27T18:36:00.000Z","end":"2023-10-27T18:37:00.000Z"},"country":"EIRE","OPM":1,"total_sales_volume":17.40000057220459,"rate_of_return":0.0}
{"window":{"start":"2023-10-25T17:22:00.000Z","end":"2023-10-25T17:23:00.000Z"},"country":"United Kingdom","OPM":11,"total_sales_volume":858.4599874019623,"rate_of_return":0.09090909090909091}
{"window":{"start":"2023-10-24T09:10:00.000Z","end":"2023-10-24T09:11:00.000Z"},"country":"United Kingdom","OPM":9,"total_sales_volume":545.220000743866,"rate_of_return":0.0}
{"window":{"start":"2023-10-27T14:56:00.000Z","end":"2023-10-27T14:57:00.000Z"},"country":"Belgium","OPM":1,"total_sales_volume":64.14000129699707,"rate_of_return":0.0}
{"window":{"start":"2023-10-25T12:28:00.000Z","end":"2023-10-25T12:29:00.000Z"},"country":"United Kingdom","OPM":6,"total_sales_volume":244.15999805927277,"rate_of_return":0.0}
{"window":{"start":"2023-10-27T08:22:00.000Z","end":"2023-10-27T08:23:00.000Z"},"country":"United Kingdom","OPM":13,"total_sales_volume":1424.3699954152107,"rate_of_return":0.0}
{"window":{"start":"2023-10-25T11:22:00.000Z","end":"2023-10-25T11:23:00.000Z"},"country":"United Kingdom","OPM":9,"total_sales_volume":514.4500055015087,"rate_of_return":0.0}
{"window":{"start":"2023-10-27T15:19:00.000Z","end":"2023-10-27T15:20:00.000Z"},"country":"Spain","OPM":1,"total_sales_volume":20.349999725818634,"rate_of_return":0.0}
{"window":{"start":"2023-10-27T17:31:00.000Z","end":"2023-10-27T17:32:00.000Z"},"country":"United Kingdom","OPM":12,"total_sales_volume":1205.9100029468536,"rate_of_return":0.0}
{"window":{"start":"2023-10-23T12:27:00.000Z","end":"2023-10-23T12:28:00.000Z"},"country":"United Kingdom","OPM":4,"total_sales_volume":350.35000789165497,"rate_of_return":0.25}
{"window":{"start":"2023-10-27T15:36:00.000Z","end":"2023-10-27T15:37:00.000Z"},"country":"France","OPM":2,"total_sales_volume":85.25999891757965,"rate_of_return":0.5}
{"window":{"start":"2023-10-24T01:19:00.000Z","end":"2023-10-24T01:20:00.000Z"},"country":"United Kingdom","OPM":5,"total_sales_volume":162.9199984073639,"rate_of_return":0.2}
{"window":{"start":"2023-10-26T00:42:00.000Z","end":"2023-10-26T00:43:00.000Z"},"country":"United Kingdom","OPM":8,"total_sales_volume":247.68999925255775,"rate_of_return":0.0}
{"window":{"start":"2023-10-25T07:30:00.000Z","end":"2023-10-25T07:31:00.000Z"},"country":"United Kingdom","OPM":10,"total_sales_volume":1108.4200024604797,"rate_of_return":0.0}
{"window":{"start":"2023-10-28T00:56:00.000Z","end":"2023-10-28T00:57:00.000Z"},"country":"France","OPM":1,"total_sales_volume":49.68999981880188,"rate_of_return":0.0}
{"window":{"start":"2023-10-27T15:08:00.000Z","end":"2023-10-27T15:09:00.000Z"},"country":"United Kingdom","OPM":7,"total_sales_volume":270.01999777555466,"rate_of_return":0.0}
{"window":{"start":"2023-10-26T11:19:00.000Z","end":"2023-10-26T11:20:00.000Z"},"country":"United Kingdom","OPM":10,"total_sales_volume":399.9399827718735,"rate_of_return":0.1}
{"window":{"start":"2023-10-23T16:26:00.000Z","end":"2023-10-23T16:27:00.000Z"},"country":"Australia","OPM":1,"total_sales_volume":137.74000027775764,"rate_of_return":0.0}
{"window":{"start":"2023-10-25T14:38:00.000Z","end":"2023-10-25T14:39:00.000Z"},"country":"France","OPM":2,"total_sales_volume":63.769999742507935,"rate_of_return":0.0}
{"window":{"start":"2023-10-27T08:26:00.000Z","end":"2023-10-27T08:27:00.000Z"},"country":"United Kingdom","OPM":5,"total_sales_volume":207.02999395132065,"rate_of_return":0.2}
{"window":{"start":"2023-10-27T13:36:00.000Z","end":"2023-10-27T13:37:00.000Z"},"country":"United Kingdom","OPM":3,"total_sales_volume":218.02000153064728,"rate_of_return":0.0}
{"window":{"start":"2023-10-26T21:54:00.000Z","end":"2023-10-26T21:55:00.000Z"},"country":"France","OPM":1,"total_sales_volume":1.659999966621399,"rate_of_return":0.0}
{"window":{"start":"2023-10-28T00:25:00.000Z","end":"2023-10-28T00:26:00.000Z"},"country":"United Kingdom","OPM":15,"total_sales_volume":970.0799959301949,"rate_of_return":0.0}
{"window":{"start":"2023-10-25T22:59:00.000Z","end":"2023-10-25T23:00:00.000Z"},"country":"United Kingdom","OPM":10,"total_sales_volume":894.6300022304058,"rate_of_return":0.0}
{"window":{"start":"2023-10-24T20:57:00.000Z","end":"2023-10-24T20:58:00.000Z"},"country":"Germany","OPM":1,"total_sales_volume":12.389999866485596,"rate_of_return":0.0}
{"window":{"start":"2023-10-25T05:23:00.000Z","end":"2023-10-25T05:24:00.000Z"},"country":"United Kingdom","OPM":8,"total_sales_volume":414.7600065469742,"rate_of_return":0.0}
{"window":{"start":"2023-10-25T22:05:00.000Z","end":"2023-10-25T22:06:00.000Z"},"country":"United Kingdom","OPM":9,"total_sales_volume":223.22999835014343,"rate_of_return":0.1111111111111111}
{"window":{"start":"2023-10-24T03:59:00.000Z","end":"2023-10-24T04:00:00.000Z"},"country":"Portugal","OPM":1,"total_sales_volume":362.3900067806244,"rate_of_return":0.0}
{"window":{"start":"2023-10-25T17:07:00.000Z","end":"2023-10-25T17:08:00.000Z"},"country":"Netherlands","OPM":1,"total_sales_volume":3.809999942779541,"rate_of_return":0.0}
{"window":{"start":"2023-10-25T00:53:00.000Z","end":"2023-10-25T00:54:00.000Z"},"country":"EIRE","OPM":1,"total_sales_volume":-209.3499994277954,"rate_of_return":1.0}
{"window":{"start":"2023-10-23T14:01:00.000Z","end":"2023-10-23T14:02:00.000Z"},"country":"United Kingdom","OPM":8,"total_sales_volume":259.9299991428852,"rate_of_return":0.125}
{"window":{"start":"2023-10-24T06:05:00.000Z","end":"2023-10-24T06:06:00.000Z"},"country":"France","OPM":1,"total_sales_volume":-635.3700081110001,"rate_of_return":1.0}
{"window":{"start":"2023-10-27T16:47:00.000Z","end":"2023-10-27T16:48:00.000Z"},"country":"France","OPM":1,"total_sales_volume":-3.28000009059906,"rate_of_return":1.0}
{"window":{"start":"2023-10-26T07:08:00.000Z","end":"2023-10-26T07:09:00.000Z"},"country":"Germany","OPM":1,"total_sales_volume":233.31999683380127,"rate_of_return":0.0}
{"window":{"start":"2023-10-23T19:47:00.000Z","end":"2023-10-23T19:48:00.000Z"},"country":"United Kingdom","OPM":13,"total_sales_volume":1477.5199842751026,"rate_of_return":0.15384615384615385}
{"window":{"start":"2023-10-27T11:43:00.000Z","end":"2023-10-27T11:44:00.000Z"},"country":"United Kingdom","OPM":11,"total_sales_volume":1041.8100047409534,"rate_of_return":0.0}
{"window":{"start":"2023-10-24T12:17:00.000Z","end":"2023-10-24T12:18:00.000Z"},"country":"United Kingdom","OPM":3,"total_sales_volume":51.50999903678894,"rate_of_return":0.3333333333333333}
{"window":{"start":"2023-10-27T12:39:00.000Z","end":"2023-10-27T12:40:00.000Z"},"country":"United Kingdom","OPM":5,"total_sales_volume":53.87999606132507,"rate_of_return":0.6}
{"window":{"start":"2023-10-28T05:08:00.000Z","end":"2023-10-28T05:09:00.000Z"},"country":"United Kingdom","OPM":12,"total_sales_volume":556.3600007891655,"rate_of_return":0.0}
{"window":{"start":"2023-10-24T08:36:00.000Z","end":"2023-10-24T08:37:00.000Z"},"country":"Norway","OPM":1,"total_sales_volume":79.39999771118164,"rate_of_return":0.0}
{"window":{"start":"2023-10-26T18:25:00.000Z","end":"2023-10-26T18:26:00.000Z"},"country":"United Kingdom","OPM":10,"total_sales_volume":432.039994597435,"rate_of_return":0.0}
{"window":{"start":"2023-10-27T03:56:00.000Z","end":"2023-10-27T03:57:00.000Z"},"country":"United Kingdom","OPM":10,"total_sales_volume":1048.3800095915794,"rate_of_return":0.0}
{"window":{"start":"2023-10-23T17:01:00.000Z","end":"2023-10-23T17:02:00.000Z"},"country":"United Kingdom","OPM":6,"total_sales_volume":1931.1999972760677,"rate_of_return":0.0}
{"window":{"start":"2023-10-26T04:36:00.000Z","end":"2023-10-26T04:37:00.000Z"},"country":"Spain","OPM":1,"total_sales_volume":16.950000166893005,"rate_of_return":0.0}
{"window":{"start":"2023-10-24T03:15:00.000Z","end":"2023-10-24T03:16:00.000Z"},"country":"United Kingdom","OPM":10,"total_sales_volume":990.099980533123,"rate_of_return":0.0}
