{"window":{"start":"2023-10-23T21:40:00.000Z","end":"2023-10-23T21:41:00.000Z"},"country":"United Kingdom","OPM":10,"total_sales_volume":1475.289992570877,"rate_of_return":0.1}
{"window":{"start":"2023-10-25T12:38:00.000Z","end":"2023-10-25T12:39:00.000Z"},"country":"France","OPM":1,"total_sales_volume":9.980000019073486,"rate_of_return":0.0}
{"window":{"start":"2023-10-26T09:36:00.000Z","end":"2023-10-26T09:37:00.000Z"},"country":"Denmark","OPM":1,"total_sales_volume":33.0,"rate_of_return":0.0}
{"window":{"start":"2023-10-26T03:44:00.000Z","end":"2023-10-26T03:45:00.000Z"},"country":"Spain","OPM":1,"total_sales_volume":25.5,"rate_of_return":0.0}
{"window":{"start":"2023-10-25T20:40:00.000Z","end":"2023-10-25T20:41:00.000Z"},"country":"Iceland","OPM":1,"total_sales_volume":19.470000505447388,"rate_of_return":0.0}
{"window":{"start":"2023-10-24T10:44:00.000Z","end":"2023-10-24T10:45:00.000Z"},"country":"France","OPM":1,"total_sales_volume":-25.19999885559082,"rate_of_return":1.0}
{"window":{"start":"2023-10-26T01:17:00.000Z","end":"2023-10-26T01:18:00.000Z"},"country":"France","OPM":1,"total_sales_volume":74.1200020313263,"rate_of_return":0.0}
{"window":{"start":"2023-10-26T16:10:00.000Z","end":"2023-10-26T16:11:00.000Z"},"country":"Poland","OPM":1,"total_sales_volume":79.3699996471405,"rate_of_return":0.0}
{"window":{"start":"2023-10-25T11:00:00.000Z","end":"2023-10-25T11:01:00.000Z"},"country":"United Kingdom","OPM":7,"total_sales_volume":529.6899902224541,"rate_of_return":0.0}
{"window":{"start":"2023-10-25T22:58:00.000Z","end":"2023-10-25T22:59:00.000Z"},"country":"United Kingdom","OPM":14,"total_sales_volume":1230.5499724447727,"rate_of_return":0.0}
{"window":{"start":"2023-10-25T02:59:00.000Z","end":"2023-10-25T03:00:00.000Z"},"country":"Spain","OPM":1,"total_sales_volume":10.449999868869781,"rate_of_return":0.0}
{"window":{"start":"2023-10-23T17:57:00.000Z","end":"2023-10-23T17:58:00.000Z"},"country":"United Kingdom","OPM":8,"total_sales_volume":750.5699959993362,"rate_of_return":0.0}
{"window":{"start":"2023-10-24T20:14:00.000Z","end":"2023-10-24T20:15:00.000Z"},"country":"United Kingdom","OPM":15,"total_sales_volume":278.1199988424778,"rate_of_return":0.06666666666666667}
{"window":{"start":"2023-10-23T16:09:00.000Z","end":"2023-10-23T16:10:00.000Z"},"country":"Germany","OPM":1,"total_sales_volume":47.079999685287476,"rate_of_return":0.0}
{"window":{"start":"2023-10-24T20:38:00.000Z","end":"2023-10-24T20:39:00.000Z"},"country":"EIRE","OPM":1,"total_sales_volume":337.5699914097786,"rate_of_return":0.0}
{"window":{"start":"2023-10-28T01:03:00.000Z","end":"2023-10-28T01:04:00.000Z"},"country":"United Kingdom","OPM":12,"total_sales_volume":514.5500004291534,"rate_of_return":0.0}
{"window":{"start":"2023-10-27T00:33:00.000Z","end":"2023-10-27T00:34:00.000Z"},"country":"United Kingdom","OPM":5,"total_sales_volume":285.79999816417694,"rate_of_return":0.0}
{"window":{"start":"2023-10-23T19:02:00.000Z","end":"2023-10-23T19:03:00.000Z"},"country":"Poland","OPM":1,"total_sales_volume":1.25,"rate_of_return":0.0}
{"window":{"start":"2023-10-26T04:26:00.000Z","end":"2023-10-26T04:27:00.000Z"},"country":"United Kingdom","OPM":10,"total_sales_volume":540.7500022351742,"rate_of_return":0.0}
{"window":{"start":"2023-10-27T05:04:00.000Z","end":"2023-10-27T05:05:00.000Z"},"country":"Netherlands","OPM":1,"total_sales_volume":32.549998909235,"rate_of_return":0.0}
{"window":{"start":"2023-10-23T18:52:00.000Z","end":"2023-10-23T18:53:00.000Z"},"country":"Bahrain","OPM":1,"total_sales_volume":9.959999799728394,"rate_of_return":0.0}
{"window":{"start":"2023-10-23T16:04:00.000Z","end":"2023-10-23T16:05:00.000Z"},"country":"United Kingdom","OPM":15,"total_sales_volume":1117.809986114502,"rate_of_return":0.06666666666666667}
{"window":{"start":"2023-10-24T12:30:00.000Z","end":"2023-10-24T12:31:00.000Z"},"country":"United Kingdom","OPM":5,"total_sales_volume":243.68999683856964,"rate_of_return":0.0}
{"window":{"start":"2023-10-24T16:55:00.000Z","end":"2023-10-24T16:56:00.000Z"},"country":"Australia","OPM":1,"total_sales_volume":-13.379999786615372,"rate_of_return":1.0}
{"window":{"start":"2023-10-26T07:10:00.000Z","end":"2023-10-26T07:11:00.000Z"},"country":"Brazil","OPM":1,"total_sales_volume":49.30000114440918,"rate_of_return":0.0}
{"window":{"start":"2023-10-26T21:06:00.000Z","end":"2023-10-26T21:07:00.000Z"},"country":"United Kingdom","OPM":7,"total_sales_volume":234.69999730587006,"rate_of_return":0.0}
{"window":{"start":"2023-10-26T09:51:00.000Z","end":"2023-10-26T09:52:00.000Z"},"country":"Germany","OPM":1,"total_sales_volume":120.5399979352951,"rate_of_return":0.0}
{"window":{"start":"2023-10-25T20:12:00.000Z","end":"2023-10-25T20:13:00.000Z"},"country":"France","OPM":1,"total_sales_volume":34.28000020980835,"rate_of_return":0.0}
{"window":{"start":"2023-10-26T03:43:00.000Z","end":"2023-10-26T03:44:00.000Z"},"country":"EIRE","OPM":1,"total_sales_volume":16.169999957084656,"rate_of_return":0.0}
{"window":{"start":"2023-10-23T18:26:00.000Z","end":"2023-10-23T18:27:00.000Z"},"country":"Spain","OPM":1,"total_sales_volume":12.75,"rate_of_return":0.0}
{"window":{"start":"2023-10-28T01:29:00.000Z","end":"2023-10-28T01:30:00.000Z"},"country":"United Kingdom","OPM":8,"total_sales_volume":423.71999821066856,"rate_of_return":0.0}
{"window":{"start":"2023-10-24T19:17:00.000Z","end":"2023-10-24T19:18:00.000Z"},"country":"United Kingdom","OPM":6,"total_sales_volume":5.230003595352173,"rate_of_return":0.3333333333333333}
{"window":{"start":"2023-10-25T18:15:00.000Z","end":"2023-10-25T18:16:00.000Z"},"country":"United Kingdom","OPM":8,"total_sales_volume":378.7999954819679,"rate_of_return":0.0}
{"window":{"start":"2023-10-25T06:31:00.000Z","end":"2023-10-25T06:32:00.000Z"},"country":"Switzerland","OPM":1,"total_sales_volume":13.200000286102295,"rate_of_return":0.0}
{"window":{"start":"2023-10-25T11:35:00.000Z","end":"2023-10-25T11:36:00.000Z"},"country":"United Kingdom","OPM":10,"total_sales_volume":614.480009406805,"rate_of_return":0.2}
{"window":{"start":"2023-10-24T19:52:00.000Z","end":"2023-10-24T19:53:00.000Z"},"country":"United Kingdom","OPM":7,"total_sales_volume":621.5099998116493,"rate_of_return":0.0}
{"window":{"start":"2023-10-24T19:29:00.000Z","end":"2023-10-24T19:30:00.000Z"},"country":"Germany","OPM":1,"total_sales_volume":90.69999921321869,"rate_of_return":0.0}
{"window":{"start":"2023-10-27T11:38:00.000Z","end":"2023-10-27T11:39:00.000Z"},"country":"France","OPM":1,"total_sales_volume":24.590000867843628,"rate_of_return":0.0}
{"window":{"start":"2023-10-27T22:15:00.000Z","end":"2023-10-27T22:16:00.000Z"},"country":"EIRE","OPM":1,"total_sales_volume":6.71999979019165,"rate_of_return":0.0}
{"window":{"start":"2023-10-25T12:47:00.000Z","end":"2023-10-25T12:48:00.000Z"},"country":"Belgium","OPM":1,"total_sales_volume":80.88999915122986,"rate_of_return":0.0}
{"window":{"start":"2023-10-25T23:03:00.000Z","end":"2023-10-25T23:04:00.000Z"},"country":"Italy","OPM":1,"total_sales_volume":185.29000425338745,"rate_of_return":0.0}
{"window":{"start":"2023-10-26T19:29:00.000Z","end":"2023-10-26T19:30:00.000Z"},"country":"United Kingdom","OPM":7,"total_sales_volume":615.7099954485893,"rate_of_return":0.0}
{"window":{"start":"2023-10-27T04:28:00.000Z","end":"2023-10-27T04:29:00.000Z"},"country":"United Kingdom","OPM":7,"total_sales_volume":1175.0899799019098,"rate_of_return":0.14285714285714285}
{"window":{"start":"2023-10-26T10:25:00.000Z","end":"2023-10-26T10:26:00.000Z"},"country":"United Kingdom","OPM":10,"total_sales_volume":830.349998831749,"rate_of_return":0.0}
{"window":{"start":"2023-10-27T19:45:00.000Z","end":"2023-10-27T19:46:00.000Z"},"country":"United Kingdom","OPM":13,"total_sales_volume":1044.5200054347515,"rate_of_return":0.07692307692307693}
{"window":{"start":"2023-10-23T15:13:00.000Z","end":"2023-10-23T15:14:00.000Z"},"country":"Germany","OPM":1,"total_sales_volume":112.51000010967255,"rate_of_return":0.0}
{"window":{"start":"2023-10-26T02:14:00.000Z","end":"2023-10-26T02:15:00.000Z"},"country":"United Kingdom","OPM":6,"total_sales_volume":601.9999998360872,"rate_of_return":0.0}
{"window":{"start":"2023-10-25T00:07:00.000Z","end":"2023-10-25T00:08:00.000Z"},"country":"United Kingdom","OPM":11,"total_sales_volume":589.3599931001663,"rate_of_return":0.0}
{"window":{"start":"2023-10-24T19:42:00.000Z","end":"2023-10-24T19:43:00.000Z"},"country":"United Kingdom","OPM":13,"total_sales_volume":1676.3400065898895,"rate_of_return":0.0}
{"window":{"start":"2023-10-26T15:08:00.000Z","end":"2023-10-26T15:09:00.000Z"},"country":"United Kingdom","OPM":10,"total_sales_volume":2745.5200467705727,"rate_of_return":0.0}
{"window":{"start":"2023-10-25T20:19:00.000Z","end":"2023-10-25T20:20:00.000Z"},"country":"Netherlands","OPM":1,"total_sales_volume":54.69999933242798,"rate_of_return":0.0}
{"window":{"start":"2023-10-26T01:05:00.000Z","end":"2023-10-26T01:06:00.000Z"},"country":"United Kingdom","OPM":8,"total_sales_volume":237.3899993300438,"rate_of_return":0.0}
{"window":{"start":"2023-10-23T18:00:00.000Z","end":"2023-10-23T18:01:00.000Z"},"country":"United Kingdom","OPM":7,"total_sales_volume":189.07999858260155,"rate_of_return":0.0}
{"window":{"start":"2023-10-24T18:25:00.000Z","end":"2023-10-24T18:26:00.000Z"},"country":"Australia","OPM":1,"total_sales_volume":75.66000032424927,"rate_of_return":0.0}
{"window":{"start":"2023-10-25T13:11:00.000Z","end":"2023-10-25T13:12:00.000Z"},"country":"United Kingdom","OPM":4,"total_sales_volume":424.38000151515007,"rate_of_return":0.0}
