{"window":{"start":"2023-10-24T02:04:00.000Z","end":"2023-10-24T02:05:00.000Z"},"country":"France","OPM":2,"total_sales_volume":64.14999890327454,"rate_of_return":0.0}
{"window":{"start":"2023-10-26T18:22:00.000Z","end":"2023-10-26T18:23:00.000Z"},"country":"Sweden","OPM":1,"total_sales_volume":-47.270001232624054,"rate_of_return":1.0}
{"window":{"start":"2023-10-28T00:57:00.000Z","end":"2023-10-28T00:58:00.000Z"},"country":"Germany","OPM":1,"total_sales_volume":5.0,"rate_of_return":0.0}
{"window":{"start":"2023-10-25T18:24:00.000Z","end":"2023-10-25T18:25:00.000Z"},"country":"United Kingdom","OPM":6,"total_sales_volume":34.3199999332428,"rate_of_return":0.16666666666666666}
{"window":{"start":"2023-10-27T09:42:00.000Z","end":"2023-10-27T09:43:00.000Z"},"country":"France","OPM":1,"total_sales_volume":45.48999869823456,"rate_of_return":0.0}
{"window":{"start":"2023-10-26T17:26:00.000Z","end":"2023-10-26T17:27:00.000Z"},"country":"Cyprus","OPM":1,"total_sales_volume":69.73000013828278,"rate_of_return":0.0}
{"window":{"start":"2023-10-27T01:25:00.000Z","end":"2023-10-27T01:26:00.000Z"},"country":"USA","OPM":1,"total_sales_volume":16.49999976158142,"rate_of_return":0.0}
{"window":{"start":"2023-10-23T14:19:00.000Z","end":"2023-10-23T14:20:00.000Z"},"country":"United Arab Emirates","OPM":1,"total_sales_volume":-81.72999811172485,"rate_of_return":1.0}
{"window":{"start":"2023-10-27T04:18:00.000Z","end":"2023-10-27T04:19:00.000Z"},"country":"United Kingdom","OPM":7,"total_sales_volume":514.5000006258488,"rate_of_return":0.0}
{"window":{"start":"2023-10-25T14:01:00.000Z","end":"2023-10-25T14:02:00.000Z"},"country":"United Kingdom","OPM":13,"total_sales_volume":606.6299938857555,"rate_of_return":0.07692307692307693}
{"window":{"start":"2023-10-26T05:59:00.000Z","end":"2023-10-26T06:00:00.000Z"},"country":"France","OPM":1,"total_sales_volume":-8.279999852180481,"rate_of_return":1.0}
{"window":{"start":"2023-10-27T18:23:00.000Z","end":"2023-10-27T18:24:00.000Z"},"country":"EIRE","OPM":1,"total_sales_volume":3069.929916024208,"rate_of_return":0.0}
{"window":{"start":"2023-10-23T20:07:00.000Z","end":"2023-10-23T20:08:00.000Z"},"country":"Spain","OPM":1,"total_sales_volume":8.25,"rate_of_return":0.0}
{"window":{"start":"2023-10-27T01:47:00.000Z","end":"2023-10-27T01:48:00.000Z"},"country":"United Kingdom","OPM":14,"total_sales_volume":418.1800034046173,"rate_of_return":0.0}
{"window":{"start":"2023-10-23T15:35:00.000Z","end":"2023-10-23T15:36:00.000Z"},"country":"United Kingdom","OPM":5,"total_sales_volume":336.0800007879734,"rate_of_return":0.0}
{"window":{"start":"2023-10-23T21:15:00.000Z","end":"2023-10-23T21:16:00.000Z"},"country":"Switzerland","OPM":1,"total_sales_volume":135.45000171661377,"rate_of_return":0.0}
{"window":{"start":"2023-10-23T13:43:00.000Z","end":"2023-10-23T13:44:00.000Z"},"country":"United Kingdom","OPM":9,"total_sales_volume":1515.5600036382675,"rate_of_return":0.0}
{"window":{"start":"2023-10-24T01:06:00.000Z","end":"2023-10-24T01:07:00.000Z"},"country":"Greece","OPM":1,"total_sales_volume":31.359999537467957,"rate_of_return":0.0}
{"window":{"start":"2023-10-26T15:14:00.000Z","end":"2023-10-26T15:15:00.000Z"},"country":"United Kingdom","OPM":3,"total_sales_volume":125.55999946594238,"rate_of_return":0.0}
{"window":{"start":"2023-10-23T18:58:00.000Z","end":"2023-10-23T18:59:00.000Z"},"country":"Germany","OPM":1,"total_sales_volume":15.0,"rate_of_return":0.0}
{"window":{"start":"2023-10-24T07:08:00.000Z","end":"2023-10-24T07:09:00.000Z"},"country":"United Kingdom","OPM":8,"total_sales_volume":254.29999861121178,"rate_of_return":0.0}
{"window":{"start":"2023-10-25T16:39:00.000Z","end":"2023-10-25T16:40:00.000Z"},"country":"EIRE","OPM":1,"total_sales_volume":37.989999771118164,"rate_of_return":0.0}
{"window":{"start":"2023-10-27T19:00:00.000Z","end":"2023-10-27T19:01:00.000Z"},"country":"United Kingdom","OPM":10,"total_sales_volume":676.6199817657471,"rate_of_return":0.1}
{"window":{"start":"2023-10-24T19:29:00.000Z","end":"2023-10-24T19:30:00.000Z"},"country":"United Kingdom","OPM":4,"total_sales_volume":337.4399972856045,"rate_of_return":0.0}
{"window":{"start":"2023-10-27T03:35:00.000Z","end":"2023-10-27T03:36:00.000Z"},"country":"United Kingdom","OPM":9,"total_sales_volume":504.44999101758003,"rate_of_return":0.0}
{"window":{"start":"2023-10-26T09:13:00.000Z","end":"2023-10-26T09:14:00.000Z"},"country":"United Kingdom","OPM":8,"total_sales_volume":257.9599952697754,"rate_of_return":0.0}
{"window":{"start":"2023-10-25T13:49:00.000Z","end":"2023-10-25T13:50:00.000Z"},"country":"EIRE","OPM":1,"total_sales_volume":27.839999198913574,"rate_of_return":0.0}
{"window":{"start":"2023-10-26T19:08:00.000Z","end":"2023-10-26T19:09:00.000Z"},"country":"United Kingdom","OPM":12,"total_sales_volume":626.3699983656406,"rate_of_return":0.0}
{"window":{"start":"2023-10-27T11:53:00.000Z","end":"2023-10-27T11:54:00.000Z"},"country":"United Kingdom","OPM":12,"total_sales_volume":566.4300002753735,"rate_of_return":0.0}
{"window":{"start":"2023-10-24T22:18:00.000Z","end":"2023-10-24T22:19:00.000Z"},"country":"France","OPM":1,"total_sales_volume":25.260000705718994,"rate_of_return":0.0}
{"window":{"start":"2023-10-26T13:29:00.000Z","end":"2023-10-26T13:30:00.000Z"},"country":"United Kingdom","OPM":12,"total_sales_volume":682.8199900984764,"rate_of_return":0.08333333333333333}
{"window":{"start":"2023-10-24T12:49:00.000Z","end":"2023-10-24T12:50:00.000Z"},"country":"Australia","OPM":1,"total_sales_volume":21.4399995803833,"rate_of_return":0.0}
{"window":{"start":"2023-10-26T17:26:00.000Z","end":"2023-10-26T17:27:00.000Z"},"country":"Unspecified","OPM":1,"total_sales_volume":42.21000015735626,"rate_of_return":0.0}
{"window":{"start":"2023-10-24T17:37:00.000Z","end":"2023-10-24T17:38:00.000Z"},"country":"EIRE","OPM":2,"total_sales_volume":48.46999979019165,"rate_of_return":0.0}
{"window":{"start":"2023-10-27T04:30:00.000Z","end":"2023-10-27T04:31:00.000Z"},"country":"Germany","OPM":1,"total_sales_volume":33.129999935626984,"rate_of_return":0.0}
{"window":{"start":"2023-10-26T00:51:00.000Z","end":"2023-10-26T00:52:00.000Z"},"country":"European Community","OPM":1,"total_sales_volume":64.59999823570251,"rate_of_return":0.0}
{"window":{"start":"2023-10-25T16:52:00.000Z","end":"2023-10-25T16:53:00.000Z"},"country":"United Kingdom","OPM":13,"total_sales_volume":2150.5300078094006,"rate_of_return":0.15384615384615385}
{"window":{"start":"2023-10-27T01:30:00.000Z","end":"2023-10-27T01:31:00.000Z"},"country":"Portugal","OPM":1,"total_sales_volume":8.369999885559082,"rate_of_return":0.0}
{"window":{"start":"2023-10-28T01:00:00.000Z","end":"2023-10-28T01:01:00.000Z"},"country":"United Kingdom","OPM":19,"total_sales_volume":10347.609932214022,"rate_of_return":0.0}
{"window":{"start":"2023-10-24T01:56:00.000Z","end":"2023-10-24T01:57:00.000Z"},"country":"United Kingdom","OPM":9,"total_sales_volume":574.009998768568,"rate_of_return":0.0}
{"window":{"start":"2023-10-25T02:25:00.000Z","end":"2023-10-25T02:26:00.000Z"},"country":"Germany","OPM":1,"total_sales_volume":26.499999403953552,"rate_of_return":0.0}
{"window":{"start":"2023-10-27T00:16:00.000Z","end":"2023-10-27T00:17:00.000Z"},"country":"United Kingdom","OPM":7,"total_sales_volume":400.86999756097794,"rate_of_return":0.0}
{"window":{"start":"2023-10-26T23:53:00.000Z","end":"2023-10-26T23:54:00.000Z"},"country":"Portugal","OPM":1,"total_sales_volume":30.0,"rate_of_return":0.0}
{"window":{"start":"2023-10-24T04:30:00.000Z","end":"2023-10-24T04:31:00.000Z"},"country":"United Kingdom","OPM":8,"total_sales_volume":1446.0200113207102,"rate_of_return":0.125}
{"window":{"start":"2023-10-25T07:18:00.000Z","end":"2023-10-25T07:19:00.000Z"},"country":"EIRE","OPM":1,"total_sales_volume":104.45999628305435,"rate_of_return":0.0}
{"window":{"start":"2023-10-25T10:01:00.000Z","end":"2023-10-25T10:02:00.000Z"},"country":"Spain","OPM":1,"total_sales_volume":45.959998428821564,"rate_of_return":0.0}
{"window":{"start":"2023-10-27T07:13:00.000Z","end":"2023-10-27T07:14:00.000Z"},"country":"Spain","OPM":1,"total_sales_volume":105.64000070095062,"rate_of_return":0.0}
{"window":{"start":"2023-10-25T17:26:00.000Z","end":"2023-10-25T17:27:00.000Z"},"country":"EIRE","OPM":1,"total_sales_volume":59.709999442100525,"rate_of_return":0.0}
{"window":{"start":"2023-10-25T00:40:00.000Z","end":"2023-10-25T00:41:00.000Z"},"country":"EIRE","OPM":1,"total_sales_volume":49.93000030517578,"rate_of_return":0.0}
{"window":{"start":"2023-10-25T23:29:00.000Z","end":"2023-10-25T23:30:00.000Z"},"country":"United Kingdom","OPM":14,"total_sales_volume":2265.2200108468533,"rate_of_return":0.0}
{"window":{"start":"2023-10-24T05:33:00.000Z","end":"2023-10-24T05:34:00.000Z"},"country":"Germany","OPM":1,"total_sales_volume":55.36999976634979,"rate_of_return":0.0}
{"window":{"start":"2023-10-26T21:41:00.000Z","end":"2023-10-26T21:42:00.000Z"},"country":"Germany","OPM":1,"total_sales_volume":33.99000012874603,"rate_of_return":0.0}
{"window":{"start":"2023-10-24T01:30:00.000Z","end":"2023-10-24T01:31:00.000Z"},"country":"France","OPM":1,"total_sales_volume":28.15000033378601,"rate_of_return":0.0}
{"window":{"start":"2023-10-27T04:54:00.000Z","end":"2023-10-27T04:55:00.000Z"},"country":"United Kingdom","OPM":12,"total_sales_volume":747.5200020670891,"rate_of_return":0.16666666666666666}
{"window":{"start":"2023-10-28T04:52:00.000Z","end":"2023-10-28T04:53:00.000Z"},"country":"United Kingdom","OPM":13,"total_sales_volume":792.8299942314625,"rate_of_return":0.0}
{"window":{"start":"2023-10-25T15:17:00.000Z","end":"2023-10-25T15:18:00.000Z"},"country":"United Kingdom","OPM":5,"total_sales_volume":270.779996663332,"rate_of_return":0.0}
{"window":{"start":"2023-10-26T06:23:00.000Z","end":"2023-10-26T06:24:00.000Z"},"country":"United Kingdom","OPM":9,"total_sales_volume":336.77999997138977,"rate_of_return":0.1111111111111111}
{"window":{"start":"2023-10-25T01:35:00.000Z","end":"2023-10-25T01:36:00.000Z"},"country":"United Kingdom","OPM":3,"total_sales_volume":340.7600020766258,"rate_of_return":0.0}
{"window":{"start":"2023-10-25T05:18:00.000Z","end":"2023-10-25T05:19:00.000Z"},"country":"United Kingdom","OPM":8,"total_sales_volume":360.74999791383743,"rate_of_return":0.125}
{"window":{"start":"2023-10-26T16:19:00.000Z","end":"2023-10-26T16:20:00.000Z"},"country":"Italy","OPM":1,"total_sales_volume":18.06999957561493,"rate_of_return":0.0}
{"window":{"start":"2023-10-25T16:22:00.000Z","end":"2023-10-25T16:23:00.000Z"},"country":"France","OPM":1,"total_sales_volume":69.13999938964844,"rate_of_return":0.0}
{"window":{"start":"2023-10-25T13:20:00.000Z","end":"2023-10-25T13:21:00.000Z"},"country":"Spain","OPM":1,"total_sales_volume":34.5,"rate_of_return":0.0}
{"window":{"start":"2023-10-23T19:15:00.000Z","end":"2023-10-23T19:16:00.000Z"},"country":"Israel","OPM":1,"total_sales_volume":4.319999843835831,"rate_of_return":0.0}
{"window":{"start":"2023-10-26T22:05:00.000Z","end":"2023-10-26T22:06:00.000Z"},"country":"United Kingdom","OPM":9,"total_sales_volume":404.8599965572357,"rate_of_return":0.0}
{"window":{"start":"2023-10-28T04:19:00.000Z","end":"2023-10-28T04:20:00.000Z"},"country":"United Kingdom","OPM":7,"total_sales_volume":307.35999780893326,"rate_of_return":0.0}
{"window":{"start":"2023-10-23T20:04:00.000Z","end":"2023-10-23T20:05:00.000Z"},"country":"France","OPM":1,"total_sales_volume":10.199999630451202,"rate_of_return":0.0}
{"window":{"start":"2023-10-27T10:31:00.000Z","end":"2023-10-27T10:32:00.000Z"},"country":"Germany","OPM":1,"total_sales_volume":205.5700011253357,"rate_of_return":0.0}
{"window":{"start":"2023-10-26T13:52:00.000Z","end":"2023-10-26T13:53:00.000Z"},"country":"United Kingdom","OPM":7,"total_sales_volume":337.380000770092,"rate_of_return":0.0}
{"window":{"start":"2023-10-27T16:33:00.000Z","end":"2023-10-27T16:34:00.000Z"},"country":"EIRE","OPM":1,"total_sales_volume":16.950000047683716,"rate_of_return":0.0}
{"window":{"start":"2023-10-25T22:21:00.000Z","end":"2023-10-25T22:22:00.000Z"},"country":"Norway","OPM":1,"total_sales_volume":21.0600004196167,"rate_of_return":0.0}
{"window":{"start":"2023-10-25T16:20:00.000Z","end":"2023-10-25T16:21:00.000Z"},"country":"United Kingdom","OPM":14,"total_sales_volume":1397.4799932837486,"rate_of_return":0.07142857142857142}
{"window":{"start":"2023-10-26T22:33:00.000Z","end":"2023-10-26T22:34:00.000Z"},"country":"United Kingdom","OPM":18,"total_sales_volume":365.3100019991398,"rate_of_return":0.1111111111111111}
{"window":{"start":"2023-10-25T19:38:00.000Z","end":"2023-10-25T19:39:00.000Z"},"country":"Switzerland","OPM":1,"total_sales_volume":25.050000429153442,"rate_of_return":0.0}
{"window":{"start":"2023-10-27T18:38:00.000Z","end":"2023-10-27T18:39:00.000Z"},"country":"Germany","OPM":1,"total_sales_volume":23.399999856948853,"rate_of_return":0.0}
{"window":{"start":"2023-10-25T22:07:00.000Z","end":"2023-10-25T22:08:00.000Z"},"country":"EIRE","OPM":2,"total_sales_volume":116.71000003814697,"rate_of_return":0.0}
{"window":{"start":"2023-10-25T01:13:00.000Z","end":"2023-10-25T01:14:00.000Z"},"country":"United Kingdom","OPM":11,"total_sales_volume":688.8199955821037,"rate_of_return":0.09090909090909091}
{"window":{"start":"2023-10-27T15:10:00.000Z","end":"2023-10-27T15:11:00.000Z"},"country":"United Kingdom","OPM":6,"total_sales_volume":868.1799937188625,"rate_of_return":0.0}
{"window":{"start":"2023-10-25T11:04:00.000Z","end":"2023-10-25T11:05:00.000Z"},"country":"Germany","OPM":1,"total_sales_volume":5.679999947547913,"rate_of_return":0.0}
{"window":{"start":"2023-10-23T13:33:00.000Z","end":"2023-10-23T13:34:00.000Z"},"country":"United Kingdom","OPM":10,"total_sales_volume":1354.0499803125858,"rate_of_return":0.0}
{"window":{"start":"2023-10-23T15:29:00.000Z","end":"2023-10-23T15:30:00.000Z"},"country":"United Kingdom","OPM":12,"total_sales_volume":804.3200119137764,"rate_of_return":0.0}
{"window":{"start":"2023-10-24T21:15:00.000Z","end":"2023-10-24T21:16:00.000Z"},"country":"United Kingdom","OPM":6,"total_sales_volume":845.519987821579,"rate_of_return":0.0}
{"window":{"start":"2023-10-27T21:15:00.000Z","end":"2023-10-27T21:16:00.000Z"},"country":"United Kingdom","OPM":15,"total_sales_volume":1140.2399960756302,"rate_of_return":0.0}
