{"window":{"start":"2023-10-25T22:22:00.000Z","end":"2023-10-25T22:23:00.000Z"},"country":"Denmark","OPM":1,"total_sales_volume":33.55000019073486,"rate_of_return":0.0}
{"window":{"start":"2023-10-25T08:57:00.000Z","end":"2023-10-25T08:58:00.000Z"},"country":"United Kingdom","OPM":6,"total_sales_volume":162.89999878406525,"rate_of_return":0.16666666666666666}
{"window":{"start":"2023-10-26T08:09:00.000Z","end":"2023-10-26T08:10:00.000Z"},"country":"EIRE","OPM":1,"total_sales_volume":51.49000012874603,"rate_of_return":0.0}
{"window":{"start":"2023-10-24T07:09:00.000Z","end":"2023-10-24T07:10:00.000Z"},"country":"United Kingdom","OPM":9,"total_sales_volume":693.5400039851665,"rate_of_return":0.0}
{"window":{"start":"2023-10-26T03:20:00.000Z","end":"2023-10-26T03:21:00.000Z"},"country":"Switzerland","OPM":1,"total_sales_volume":33.709999084472656,"rate_of_return":0.0}
{"window":{"start":"2023-10-23T12:42:00.000Z","end":"2023-10-23T12:43:00.000Z"},"country":"France","OPM":1,"total_sales_volume":33.77000021934509,"rate_of_return":0.0}
{"window":{"start":"2023-10-28T02:40:00.000Z","end":"2023-10-28T02:41:00.000Z"},"country":"France","OPM":1,"total_sales_volume":66.8400011062622,"rate_of_return":0.0}
{"window":{"start":"2023-10-26T22:12:00.000Z","end":"2023-10-26T22:13:00.000Z"},"country":"Netherlands","OPM":1,"total_sales_volume":16.02999997138977,"rate_of_return":0.0}
{"window":{"start":"2023-10-23T13:27:00.000Z","end":"2023-10-23T13:28:00.000Z"},"country":"Singapore","OPM":1,"total_sales_volume":19.370000422000885,"rate_of_return":0.0}
{"window":{"start":"2023-10-27T00:58:00.000Z","end":"2023-10-27T00:59:00.000Z"},"country":"United Kingdom","OPM":10,"total_sales_volume":1240.0599672794342,"rate_of_return":0.0}
{"window":{"start":"2023-10-26T15:33:00.000Z","end":"2023-10-26T15:34:00.000Z"},"country":"Germany","OPM":1,"total_sales_volume":57.27000021934509,"rate_of_return":0.0}
{"window":{"start":"2023-10-23T12:28:00.000Z","end":"2023-10-23T12:29:00.000Z"},"country":"United Kingdom","OPM":11,"total_sales_volume":440.97999608516693,"rate_of_return":0.09090909090909091}
{"window":{"start":"2023-10-26T14:48:00.000Z","end":"2023-10-26T14:49:00.000Z"},"country":"EIRE","OPM":1,"total_sales_volume":204.5700021982193,"rate_of_return":0.0}
{"window":{"start":"2023-10-26T15:20:00.000Z","end":"2023-10-26T15:21:00.000Z"},"country":"United Kingdom","OPM":5,"total_sales_volume":1099.549997240305,"rate_of_return":0.0}
{"window":{"start":"2023-10-25T17:25:00.000Z","end":"2023-10-25T17:26:00.000Z"},"country":"Australia","OPM":1,"total_sales_volume":119.18999826908112,"rate_of_return":0.0}
{"window":{"start":"2023-10-26T16:19:00.000Z","end":"2023-10-26T16:20:00.000Z"},"country":"United Kingdom","OPM":10,"total_sales_volume":1619.2199973464012,"rate_of_return":0.0}
{"window":{"start":"2023-10-25T18:48:00.000Z","end":"2023-10-25T18:49:00.000Z"},"country":"EIRE","OPM":1,"total_sales_volume":35.99999934434891,"rate_of_return":0.0}
{"window":{"start":"2023-10-24T00:14:00.000Z","end":"2023-10-24T00:15:00.000Z"},"country":"United Kingdom","OPM":4,"total_sales_volume":129.6500004529953,"rate_of_return":0.0}
{"window":{"start":"2023-10-27T10:45:00.000Z","end":"2023-10-27T10:46:00.000Z"},"country":"United Kingdom","OPM":3,"total_sales_volume":457.66000509262085,"rate_of_return":0.0}
{"window":{"start":"2023-10-24T03:45:00.000Z","end":"2023-10-24T03:46:00.000Z"},"country":"United Kingdom","OPM":15,"total_sales_volume":544.6799963712692,"rate_of_return":0.2}
{"window":{"start":"2023-10-25T02:01:00.000Z","end":"2023-10-25T02:02:00.000Z"},"country":"United Kingdom","OPM":8,"total_sales_volume":652.039998114109,"rate_of_return":0.0}
{"window":{"start":"2023-10-25T12:30:00.000Z","end":"2023-10-25T12:31:00.000Z"},"country":"Germany","OPM":1,"total_sales_volume":13.899999618530273,"rate_of_return":0.0}
{"window":{"start":"2023-10-24T00:50:00.000Z","end":"2023-10-24T00:51:00.000Z"},"country":"United Kingdom","OPM":4,"total_sales_volume":103.97999978065491,"rate_of_return":0.25}
{"window":{"start":"2023-10-26T16:24:00.000Z","end":"2023-10-26T16:25:00.000Z"},"country":"United Kingdom","OPM":7,"total_sales_volume":82.19999748468399,"rate_of_return":0.14285714285714285}
{"window":{"start":"2023-10-26T06:50:00.000Z","end":"2023-10-26T06:51:00.000Z"},"country":"United Kingdom","OPM":6,"total_sales_volume":33.81000071763992,"rate_of_return":0.16666666666666666}
{"window":{"start":"2023-10-24T07:44:00.000Z","end":"2023-10-24T07:45:00.000Z"},"country":"United Kingdom","OPM":7,"total_sales_volume":539.7199964523315,"rate_of_return":0.0}
{"window":{"start":"2023-10-27T12:07:00.000Z","end":"2023-10-27T12:08:00.000Z"},"country":"France","OPM":1,"total_sales_volume":67.72999954223633,"rate_of_return":0.0}
{"window":{"start":"2023-10-26T18:14:00.000Z","end":"2023-10-26T18:15:00.000Z"},"country":"United Kingdom","OPM":13,"total_sales_volume":1132.00997954607,"rate_of_return":0.07692307692307693}
{"window":{"start":"2023-10-25T23:14:00.000Z","end":"2023-10-25T23:15:00.000Z"},"country":"Germany","OPM":1,"total_sales_volume":3.359999895095825,"rate_of_return":0.0}
{"window":{"start":"2023-10-25T08:28:00.000Z","end":"2023-10-25T08:29:00.000Z"},"country":"United Kingdom","OPM":11,"total_sales_volume":132.06000009179115,"rate_of_return":0.18181818181818182}
{"window":{"start":"2023-10-28T05:45:00.000Z","end":"2023-10-28T05:46:00.000Z"},"country":"Switzerland","OPM":1,"total_sales_volume":17.549999952316284,"rate_of_return":0.0}
{"window":{"start":"2023-10-26T00:42:00.000Z","end":"2023-10-26T00:43:00.000Z"},"country":"Germany","OPM":1,"total_sales_volume":59.470001220703125,"rate_of_return":0.0}
{"window":{"start":"2023-10-26T07:26:00.000Z","end":"2023-10-26T07:27:00.000Z"},"country":"United Kingdom","OPM":13,"total_sales_volume":1061.1699965894222,"rate_of_return":0.0}
{"window":{"start":"2023-10-26T07:54:00.000Z","end":"2023-10-26T07:55:00.000Z"},"country":"United Kingdom","OPM":8,"total_sales_volume":368.51999738812447,"rate_of_return":0.0}
{"window":{"start":"2023-10-25T19:22:00.000Z","end":"2023-10-25T19:23:00.000Z"},"country":"United Kingdom","OPM":14,"total_sales_volume":455.3500000834465,"rate_of_return":0.07142857142857142}
{"window":{"start":"2023-10-26T10:22:00.000Z","end":"2023-10-26T10:23:00.000Z"},"country":"United Kingdom","OPM":5,"total_sales_volume":528.5699860453606,"rate_of_return":0.0}
{"window":{"start":"2023-10-25T18:37:00.000Z","end":"2023-10-25T18:38:00.000Z"},"country":"United Kingdom","OPM":4,"total_sales_volume":660.2399806380272,"rate_of_return":0.0}
{"window":{"start":"2023-10-24T01:06:00.000Z","end":"2023-10-24T01:07:00.000Z"},"country":"Sweden","OPM":1,"total_sales_volume":6.239999771118164,"rate_of_return":0.0}
{"window":{"start":"2023-10-27T15:16:00.000Z","end":"2023-10-27T15:17:00.000Z"},"country":"EIRE","OPM":1,"total_sales_volume":46.0099983215332,"rate_of_return":0.0}
{"window":{"start":"2023-10-27T12:54:00.000Z","end":"2023-10-27T12:55:00.000Z"},"country":"United Kingdom","OPM":7,"total_sales_volume":1095.2500012516975,"rate_of_return":0.0}
{"window":{"start":"2023-10-26T09:15:00.000Z","end":"2023-10-26T09:16:00.000Z"},"country":"United Kingdom","OPM":10,"total_sales_volume":1415.7099751234055,"rate_of_return":0.1}
{"window":{"start":"2023-10-26T10:50:00.000Z","end":"2023-10-26T10:51:00.000Z"},"country":"EIRE","OPM":1,"total_sales_volume":5.039999842643738,"rate_of_return":0.0}
{"window":{"start":"2023-10-24T02:56:00.000Z","end":"2023-10-24T02:57:00.000Z"},"country":"Hong Kong","OPM":1,"total_sales_volume":25.690000534057617,"rate_of_return":0.0}
{"window":{"start":"2023-10-23T19:42:00.000Z","end":"2023-10-23T19:43:00.000Z"},"country":"France","OPM":1,"total_sales_volume":12.5,"rate_of_return":0.0}
{"window":{"start":"2023-10-24T15:00:00.000Z","end":"2023-10-24T15:01:00.000Z"},"country":"United Kingdom","OPM":7,"total_sales_volume":626.9200096726418,"rate_of_return":0.14285714285714285}
{"window":{"start":"2023-10-25T23:11:00.000Z","end":"2023-10-25T23:12:00.000Z"},"country":"France","OPM":1,"total_sales_volume":268.64999997615814,"rate_of_return":0.0}
{"window":{"start":"2023-10-27T12:23:00.000Z","end":"2023-10-27T12:24:00.000Z"},"country":"United Kingdom","OPM":9,"total_sales_volume":637.2099985480309,"rate_of_return":0.1111111111111111}
{"window":{"start":"2023-10-28T04:52:00.000Z","end":"2023-10-28T04:53:00.000Z"},"country":"EIRE","OPM":1,"total_sales_volume":78.87999987602234,"rate_of_return":0.0}
{"window":{"start":"2023-10-26T18:00:00.000Z","end":"2023-10-26T18:01:00.000Z"},"country":"Spain","OPM":2,"total_sales_volume":37.99000084400177,"rate_of_return":0.0}
{"window":{"start":"2023-10-25T00:18:00.000Z","end":"2023-10-25T00:19:00.000Z"},"country":"United Kingdom","OPM":13,"total_sales_volume":564.469996213913,"rate_of_return":0.0}
{"window":{"start":"2023-10-24T11:04:00.000Z","end":"2023-10-24T11:05:00.000Z"},"country":"France","OPM":2,"total_sales_volume":10.789999783039093,"rate_of_return":0.0}
{"window":{"start":"2023-10-26T15:16:00.000Z","end":"2023-10-26T15:17:00.000Z"},"country":"Netherlands","OPM":1,"total_sales_volume":-17.12999999523163,"rate_of_return":1.0}
{"window":{"start":"2023-10-27T13:27:00.000Z","end":"2023-10-27T13:28:00.000Z"},"country":"United Kingdom","OPM":11,"total_sales_volume":134.6999993622303,"rate_of_return":0.18181818181818182}
{"window":{"start":"2023-10-24T22:03:00.000Z","end":"2023-10-24T22:04:00.000Z"},"country":"EIRE","OPM":1,"total_sales_volume":5.460000038146973,"rate_of_return":0.0}
{"window":{"start":"2023-10-26T03:16:00.000Z","end":"2023-10-26T03:17:00.000Z"},"country":"France","OPM":1,"total_sales_volume":5.390000075101852,"rate_of_return":0.0}
{"window":{"start":"2023-10-26T16:32:00.000Z","end":"2023-10-26T16:33:00.000Z"},"country":"France","OPM":1,"total_sales_volume":10.73999959230423,"rate_of_return":0.0}
{"window":{"start":"2023-10-25T12:46:00.000Z","end":"2023-10-25T12:47:00.000Z"},"country":"United Kingdom","OPM":9,"total_sales_volume":779.5600042939186,"rate_of_return":0.0}
{"window":{"start":"2023-10-25T04:16:00.000Z","end":"2023-10-25T04:17:00.000Z"},"country":"Denmark","OPM":1,"total_sales_volume":39.73999893665314,"rate_of_return":0.0}
{"window":{"start":"2023-10-27T18:05:00.000Z","end":"2023-10-27T18:06:00.000Z"},"country":"Belgium","OPM":1,"total_sales_volume":93.58000183105469,"rate_of_return":0.0}
{"window":{"start":"2023-10-27T08:23:00.000Z","end":"2023-10-27T08:24:00.000Z"},"country":"Canada","OPM":1,"total_sales_volume":10.499999672174454,"rate_of_return":0.0}
{"window":{"start":"2023-10-26T18:18:00.000Z","end":"2023-10-26T18:19:00.000Z"},"country":"United Kingdom","OPM":6,"total_sales_volume":209.2599971294403,"rate_of_return":0.0}
{"window":{"start":"2023-10-25T03:26:00.000Z","end":"2023-10-25T03:27:00.000Z"},"country":"Belgium","OPM":1,"total_sales_volume":96.98999989032745,"rate_of_return":0.0}
{"window":{"start":"2023-10-26T01:27:00.000Z","end":"2023-10-26T01:28:00.000Z"},"country":"United Kingdom","OPM":11,"total_sales_volume":495.14999410510063,"rate_of_return":0.09090909090909091}
