{"window":{"start":"2023-10-26T06:34:00.000Z","end":"2023-10-26T06:35:00.000Z"},"country":"United Kingdom","OPM":3,"total_sales_volume":202.06999731063843,"rate_of_return":0.0}
{"window":{"start":"2023-10-25T05:41:00.000Z","end":"2023-10-25T05:42:00.000Z"},"country":"Australia","OPM":1,"total_sales_volume":148.1599963903427,"rate_of_return":0.0}
{"window":{"start":"2023-10-28T05:53:00.000Z","end":"2023-10-28T05:54:00.000Z"},"country":"United Kingdom","OPM":10,"total_sales_volume":494.93999484181404,"rate_of_return":0.0}
{"window":{"start":"2023-10-25T01:10:00.000Z","end":"2023-10-25T01:11:00.000Z"},"country":"United Kingdom","OPM":18,"total_sales_volume":1024.5899973511696,"rate_of_return":0.0}
{"window":{"start":"2023-10-23T23:20:00.000Z","end":"2023-10-23T23:21:00.000Z"},"country":"United Kingdom","OPM":18,"total_sales_volume":638.5100013315678,"rate_of_return":0.05555555555555555}
{"window":{"start":"2023-10-24T18:06:00.000Z","end":"2023-10-24T18:07:00.000Z"},"country":"United Kingdom","OPM":9,"total_sales_volume":543.8399945795536,"rate_of_return":0.2222222222222222}
{"window":{"start":"2023-10-23T19:44:00.000Z","end":"2023-10-23T19:45:00.000Z"},"country":"United Kingdom","OPM":15,"total_sales_volume":1119.240006685257,"rate_of_return":0.06666666666666667}
{"window":{"start":"2023-10-24T23:47:00.000Z","end":"2023-10-24T23:48:00.000Z"},"country":"United Kingdom","OPM":9,"total_sales_volume":345.5999923348427,"rate_of_return":0.0}
{"window":{"start":"2023-10-27T11:22:00.000Z","end":"2023-10-27T11:23:00.000Z"},"country":"Unspecified","OPM":1,"total_sales_volume":62.82999932765961,"rate_of_return":0.0}
{"window":{"start":"2023-10-27T03:13:00.000Z","end":"2023-10-27T03:14:00.000Z"},"country":"France","OPM":1,"total_sales_volume":0.3799999952316284,"rate_of_return":0.0}
{"window":{"start":"2023-10-24T06:23:00.000Z","end":"2023-10-24T06:24:00.000Z"},"country":"United Kingdom","OPM":13,"total_sales_volume":449.9399983584881,"rate_of_return":0.07692307692307693}
{"window":{"start":"2023-10-26T14:25:00.000Z","end":"2023-10-26T14:26:00.000Z"},"country":"Germany","OPM":2,"total_sales_volume":69.57000032067299,"rate_of_return":0.0}
{"window":{"start":"2023-10-27T00:15:00.000Z","end":"2023-10-27T00:16:00.000Z"},"country":"Australia","OPM":1,"total_sales_volume":327.0199938118458,"rate_of_return":0.0}
{"window":{"start":"2023-10-27T19:15:00.000Z","end":"2023-10-27T19:16:00.000Z"},"country":"Netherlands","OPM":1,"total_sales_volume":21.95000034570694,"rate_of_return":0.0}
{"window":{"start":"2023-10-24T23:13:00.000Z","end":"2023-10-24T23:14:00.000Z"},"country":"United Kingdom","OPM":7,"total_sales_volume":673.8299959301949,"rate_of_return":0.0}
{"window":{"start":"2023-10-27T07:14:00.000Z","end":"2023-10-27T07:15:00.000Z"},"country":"United Kingdom","OPM":10,"total_sales_volume":895.61001932621,"rate_of_return":0.1}
{"window":{"start":"2023-10-24T03:33:00.000Z","end":"2023-10-24T03:34:00.000Z"},"country":"Netherlands","OPM":1,"total_sales_volume":39.8900004029274,"rate_of_return":0.0}
{"window":{"start":"2023-10-25T10:34:00.000Z","end":"2023-10-25T10:35:00.000Z"},"country":"United Kingdom","OPM":7,"total_sales_volume":685.959994494915,"rate_of_return":0.0}
{"window":{"start":"2023-10-24T20:40:00.000Z","end":"2023-10-24T20:41:00.000Z"},"country":"United Kingdom","OPM":4,"total_sales_volume":-125.07999897003174,"rate_of_return":0.25}
{"window":{"start":"2023-10-27T06:15:00.000Z","end":"2023-10-27T06:16:00.000Z"},"country":"Switzerland","OPM":1,"total_sales_volume":8.699999809265137,"rate_of_return":0.0}
{"window":{"start":"2023-10-28T03:12:00.000Z","end":"2023-10-28T03:13:00.000Z"},"country":"United Kingdom","OPM":4,"total_sales_volume":105.29999834299088,"rate_of_return":0.0}
{"window":{"start":"2023-10-26T23:48:00.000Z","end":"2023-10-26T23:49:00.000Z"},"country":"United Kingdom","OPM":13,"total_sales_volume":834.2099972963333,"rate_of_return":0.0}
{"window":{"start":"2023-10-24T06:48:00.000Z","end":"2023-10-24T06:49:00.000Z"},"country":"United Kingdom","OPM":15,"total_sales_volume":328.07000440359116,"rate_of_return":0.2}
{"window":{"start":"2023-10-28T05:40:00.000Z","end":"2023-10-28T05:41:00.000Z"},"country":"EIRE","OPM":1,"total_sales_volume":35.290000915527344,"rate_of_return":0.0}
{"window":{"start":"2023-10-24T23:57:00.000Z","end":"2023-10-24T23:58:00.000Z"},"country":"France","OPM":1,"total_sales_volume":12.59999942779541,"rate_of_return":0.0}
{"window":{"start":"2023-10-27T07:33:00.000Z","end":"2023-10-27T07:34:00.000Z"},"country":"Germany","OPM":3,"total_sales_volume":62.08000063896179,"rate_of_return":0.0}
{"window":{"start":"2023-10-25T14:56:00.000Z","end":"2023-10-25T14:57:00.000Z"},"country":"United Kingdom","OPM":10,"total_sales_volume":270.29999709129333,"rate_of_return":0.1}
{"window":{"start":"2023-10-28T00:19:00.000Z","end":"2023-10-28T00:20:00.000Z"},"country":"United Kingdom","OPM":10,"total_sales_volume":138.09999957680702,"rate_of_return":0.2}
{"window":{"start":"2023-10-25T14:06:00.000Z","end":"2023-10-25T14:07:00.000Z"},"country":"France","OPM":1,"total_sales_volume":86.48000144958496,"rate_of_return":0.0}
{"window":{"start":"2023-10-25T12:31:00.000Z","end":"2023-10-25T12:32:00.000Z"},"country":"Germany","OPM":1,"total_sales_volume":30.209999680519104,"rate_of_return":0.0}
{"window":{"start":"2023-10-27T06:58:00.000Z","end":"2023-10-27T06:59:00.000Z"},"country":"United Kingdom","OPM":10,"total_sales_volume":536.8499857485294,"rate_of_return":0.1}
{"window":{"start":"2023-10-27T15:50:00.000Z","end":"2023-10-27T15:51:00.000Z"},"country":"United Kingdom","OPM":7,"total_sales_volume":624.4999906122684,"rate_of_return":0.0}
{"window":{"start":"2023-10-24T06:26:00.000Z","end":"2023-10-24T06:27:00.000Z"},"country":"United Kingdom","OPM":7,"total_sales_volume":361.0199943482876,"rate_of_return":0.0}
{"window":{"start":"2023-10-23T22:05:00.000Z","end":"2023-10-23T22:06:00.000Z"},"country":"United Kingdom","OPM":6,"total_sales_volume":139.95000049471855,"rate_of_return":0.0}
{"window":{"start":"2023-10-26T02:48:00.000Z","end":"2023-10-26T02:49:00.000Z"},"country":"Israel","OPM":1,"total_sales_volume":0.550000011920929,"rate_of_return":0.0}
{"window":{"start":"2023-10-27T15:41:00.000Z","end":"2023-10-27T15:42:00.000Z"},"country":"United Kingdom","OPM":11,"total_sales_volume":734.9299913644791,"rate_of_return":0.0}
{"window":{"start":"2023-10-24T00:34:00.000Z","end":"2023-10-24T00:35:00.000Z"},"country":"United Kingdom","OPM":9,"total_sales_volume":390.7899989783764,"rate_of_return":0.0}
{"window":{"start":"2023-10-25T03:55:00.000Z","end":"2023-10-25T03:56:00.000Z"},"country":"Portugal","OPM":1,"total_sales_volume":2.950000047683716,"rate_of_return":0.0}
{"window":{"start":"2023-10-23T19:18:00.000Z","end":"2023-10-23T19:19:00.000Z"},"country":"Italy","OPM":1,"total_sales_volume":32.09999978542328,"rate_of_return":0.0}
{"window":{"start":"2023-10-23T23:41:00.000Z","end":"2023-10-23T23:42:00.000Z"},"country":"France","OPM":1,"total_sales_volume":16.299999475479126,"rate_of_return":0.0}
{"window":{"start":"2023-10-26T12:25:00.000Z","end":"2023-10-26T12:26:00.000Z"},"country":"Netherlands","OPM":2,"total_sales_volume":142.3199991285801,"rate_of_return":0.0}
{"window":{"start":"2023-10-27T01:13:00.000Z","end":"2023-10-27T01:14:00.000Z"},"country":"United Kingdom","OPM":14,"total_sales_volume":654.8400073051453,"rate_of_return":0.0}
{"window":{"start":"2023-10-26T02:49:00.000Z","end":"2023-10-26T02:50:00.000Z"},"country":"Germany","OPM":1,"total_sales_volume":141.27000009268522,"rate_of_return":0.0}
{"window":{"start":"2023-10-24T20:39:00.000Z","end":"2023-10-24T20:40:00.000Z"},"country":"Belgium","OPM":1,"total_sales_volume":10.499999672174454,"rate_of_return":0.0}
{"window":{"start":"2023-10-24T16:54:00.000Z","end":"2023-10-24T16:55:00.000Z"},"country":"United Kingdom","OPM":11,"total_sales_volume":-59.400002509355545,"rate_of_return":0.18181818181818182}
{"window":{"start":"2023-10-25T04:32:00.000Z","end":"2023-10-25T04:33:00.000Z"},"country":"United Kingdom","OPM":10,"total_sales_volume":697.7399913966656,"rate_of_return":0.1}
{"window":{"start":"2023-10-28T04:14:00.000Z","end":"2023-10-28T04:15:00.000Z"},"country":"EIRE","OPM":1,"total_sales_volume":72.32999873161316,"rate_of_return":0.0}
{"window":{"start":"2023-10-24T17:40:00.000Z","end":"2023-10-24T17:41:00.000Z"},"country":"United Kingdom","OPM":7,"total_sales_volume":1866.3700034618378,"rate_of_return":0.0}
{"window":{"start":"2023-10-26T21:32:00.000Z","end":"2023-10-26T21:33:00.000Z"},"country":"United Kingdom","OPM":7,"total_sales_volume":132.29000014066696,"rate_of_return":0.0}
{"window":{"start":"2023-10-25T09:00:00.000Z","end":"2023-10-25T09:01:00.000Z"},"country":"United Kingdom","OPM":5,"total_sales_volume":213.38999849557877,"rate_of_return":0.0}
{"window":{"start":"2023-10-24T17:15:00.000Z","end":"2023-10-24T17:16:00.000Z"},"country":"Switzerland","OPM":1,"total_sales_volume":17.40000057220459,"rate_of_return":0.0}
{"window":{"start":"2023-10-27T21:09:00.000Z","end":"2023-10-27T21:10:00.000Z"},"country":"Spain","OPM":1,"total_sales_volume":29.059999406337738,"rate_of_return":0.0}
{"window":{"start":"2023-10-27T21:41:00.000Z","end":"2023-10-27T21:42:00.000Z"},"country":"United Kingdom","OPM":9,"total_sales_volume":185.759998857975,"rate_of_return":0.1111111111111111}
