{"window":{"start":"2023-10-26T11:12:00.000Z","end":"2023-10-26T11:13:00.000Z"},"country":"France","OPM":1,"total_sales_volume":99.77999496459961,"rate_of_return":0.0}
{"window":{"start":"2023-10-26T18:38:00.000Z","end":"2023-10-26T18:39:00.000Z"},"country":"United Kingdom","OPM":11,"total_sales_volume":393.1400008201599,"rate_of_return":0.0}
{"window":{"start":"2023-10-27T03:58:00.000Z","end":"2023-10-27T03:59:00.000Z"},"country":"United Kingdom","OPM":14,"total_sales_volume":825.9000046551228,"rate_of_return":0.0}
{"window":{"start":"2023-10-27T03:05:00.000Z","end":"2023-10-27T03:06:00.000Z"},"country":"United Kingdom","OPM":7,"total_sales_volume":382.3599965572357,"rate_of_return":0.0}
{"window":{"start":"2023-10-25T10:21:00.000Z","end":"2023-10-25T10:22:00.000Z"},"country":"United Kingdom","OPM":7,"total_sales_volume":446.17000049352646,"rate_of_return":0.0}
{"window":{"start":"2023-10-24T10:46:00.000Z","end":"2023-10-24T10:47:00.000Z"},"country":"United Kingdom","OPM":5,"total_sales_volume":375.70999681949615,"rate_of_return":0.0}
{"window":{"start":"2023-10-27T13:45:00.000Z","end":"2023-10-27T13:46:00.000Z"},"country":"United Kingdom","OPM":13,"total_sales_volume":1076.7999946326017,"rate_of_return":0.0}
{"window":{"start":"2023-10-25T00:55:00.000Z","end":"2023-10-25T00:56:00.000Z"},"country":"Netherlands","OPM":1,"total_sales_volume":33.08999979496002,"rate_of_return":0.0}
{"window":{"start":"2023-10-27T12:25:00.000Z","end":"2023-10-27T12:26:00.000Z"},"country":"Germany","OPM":1,"total_sales_volume":27.410000324249268,"rate_of_return":0.0}
{"window":{"start":"2023-10-26T01:15:00.000Z","end":"2023-10-26T01:16:00.000Z"},"country":"Germany","OPM":1,"total_sales_volume":183.25000476837158,"rate_of_return":0.0}
{"window":{"start":"2023-10-26T14:38:00.000Z","end":"2023-10-26T14:39:00.000Z"},"country":"United Kingdom","OPM":15,"total_sales_volume":691.2800024151802,"rate_of_return":0.0}
{"window":{"start":"2023-10-26T15:52:00.000Z","end":"2023-10-26T15:53:00.000Z"},"country":"EIRE","OPM":1,"total_sales_volume":3.75,"rate_of_return":0.0}
{"window":{"start":"2023-10-28T03:56:00.000Z","end":"2023-10-28T03:57:00.000Z"},"country":"United Kingdom","OPM":17,"total_sales_volume":1365.9099913537502,"rate_of_return":0.058823529411764705}
{"window":{"start":"2023-10-24T11:12:00.000Z","end":"2023-10-24T11:13:00.000Z"},"country":"Poland","OPM":1,"total_sales_volume":20.200000286102295,"rate_of_return":0.0}
{"window":{"start":"2023-10-27T00:30:00.000Z","end":"2023-10-27T00:31:00.000Z"},"country":"Austria","OPM":1,"total_sales_volume":15.0,"rate_of_return":0.0}
{"window":{"start":"2023-10-23T12:47:00.000Z","end":"2023-10-23T12:48:00.000Z"},"country":"United Kingdom","OPM":6,"total_sales_volume":319.83000218868256,"rate_of_return":0.0}
{"window":{"start":"2023-10-24T00:39:00.000Z","end":"2023-10-24T00:40:00.000Z"},"country":"United Kingdom","OPM":6,"total_sales_volume":233.25999653339386,"rate_of_return":0.0}
{"window":{"start":"2023-10-27T08:27:00.000Z","end":"2023-10-27T08:28:00.000Z"},"country":"United Kingdom","OPM":12,"total_sales_volume":636.8699964284897,"rate_of_return":0.08333333333333333}
{"window":{"start":"2023-10-26T09:04:00.000Z","end":"2023-10-26T09:05:00.000Z"},"country":"France","OPM":1,"total_sales_volume":160.99999457597733,"rate_of_return":0.0}
{"window":{"start":"2023-10-27T07:49:00.000Z","end":"2023-10-27T07:50:00.000Z"},"country":"Denmark","OPM":1,"total_sales_volume":25.79999938607216,"rate_of_return":0.0}
{"window":{"start":"2023-10-26T21:40:00.000Z","end":"2023-10-26T21:41:00.000Z"},"country":"Spain","OPM":1,"total_sales_volume":35.149999529123306,"rate_of_return":0.0}
{"window":{"start":"2023-10-25T11:46:00.000Z","end":"2023-10-25T11:47:00.000Z"},"country":"France","OPM":1,"total_sales_volume":239.9099998474121,"rate_of_return":0.0}
{"window":{"start":"2023-10-26T10:26:00.000Z","end":"2023-10-26T10:27:00.000Z"},"country":"Italy","OPM":1,"total_sales_volume":13.880000293254852,"rate_of_return":0.0}
{"window":{"start":"2023-10-24T17:16:00.000Z","end":"2023-10-24T17:17:00.000Z"},"country":"United Kingdom","OPM":6,"total_sales_volume":1091.2299684286118,"rate_of_return":0.16666666666666666}
{"window":{"start":"2023-10-24T11:18:00.000Z","end":"2023-10-24T11:19:00.000Z"},"country":"United Kingdom","OPM":12,"total_sales_volume":380.44999599456787,"rate_of_return":0.0}
{"window":{"start":"2023-10-24T05:28:00.000Z","end":"2023-10-24T05:29:00.000Z"},"country":"France","OPM":1,"total_sales_volume":57.02000144124031,"rate_of_return":0.0}
{"window":{"start":"2023-10-24T11:02:00.000Z","end":"2023-10-24T11:03:00.000Z"},"country":"United Kingdom","OPM":10,"total_sales_volume":446.2899976968765,"rate_of_return":0.0}
{"window":{"start":"2023-10-24T00:07:00.000Z","end":"2023-10-24T00:08:00.000Z"},"country":"United Kingdom","OPM":5,"total_sales_volume":112.77000057697296,"rate_of_return":0.0}
{"window":{"start":"2023-10-24T23:06:00.000Z","end":"2023-10-24T23:07:00.000Z"},"country":"United Kingdom","OPM":15,"total_sales_volume":108.14999744296074,"rate_of_return":0.13333333333333333}
{"window":{"start":"2023-10-26T05:50:00.000Z","end":"2023-10-26T05:51:00.000Z"},"country":"United Kingdom","OPM":4,"total_sales_volume":112.2899997830391,"rate_of_return":0.0}
{"window":{"start":"2023-10-24T11:39:00.000Z","end":"2023-10-24T11:40:00.000Z"},"country":"Switzerland","OPM":1,"total_sales_volume":11.899999618530273,"rate_of_return":0.0}
{"window":{"start":"2023-10-28T00:01:00.000Z","end":"2023-10-28T00:02:00.000Z"},"country":"Sweden","OPM":1,"total_sales_volume":122.33999633789062,"rate_of_return":0.0}
{"window":{"start":"2023-10-26T04:44:00.000Z","end":"2023-10-26T04:45:00.000Z"},"country":"United Kingdom","OPM":12,"total_sales_volume":635.5200009942055,"rate_of_return":0.08333333333333333}
{"window":{"start":"2023-10-26T19:28:00.000Z","end":"2023-10-26T19:29:00.000Z"},"country":"Germany","OPM":1,"total_sales_volume":-45.65999937057495,"rate_of_return":1.0}
{"window":{"start":"2023-10-27T01:47:00.000Z","end":"2023-10-27T01:48:00.000Z"},"country":"Germany","OPM":1,"total_sales_volume":127.05999565124512,"rate_of_return":0.0}
{"window":{"start":"2023-10-24T05:52:00.000Z","end":"2023-10-24T05:53:00.000Z"},"country":"Portugal","OPM":1,"total_sales_volume":175.05999898910522,"rate_of_return":0.0}
{"window":{"start":"2023-10-24T13:42:00.000Z","end":"2023-10-24T13:43:00.000Z"},"country":"United Kingdom","OPM":15,"total_sales_volume":1373.4699906110764,"rate_of_return":0.13333333333333333}
{"window":{"start":"2023-10-26T20:15:00.000Z","end":"2023-10-26T20:16:00.000Z"},"country":"EIRE","OPM":1,"total_sales_volume":36.07999873161316,"rate_of_return":0.0}
{"window":{"start":"2023-10-25T09:28:00.000Z","end":"2023-10-25T09:29:00.000Z"},"country":"United Kingdom","OPM":10,"total_sales_volume":893.220005095005,"rate_of_return":0.0}
{"window":{"start":"2023-10-26T02:11:00.000Z","end":"2023-10-26T02:12:00.000Z"},"country":"Australia","OPM":1,"total_sales_volume":76.22999778389931,"rate_of_return":0.0}
{"window":{"start":"2023-10-25T09:53:00.000Z","end":"2023-10-25T09:54:00.000Z"},"country":"Germany","OPM":2,"total_sales_volume":41.299999475479126,"rate_of_return":0.0}
{"window":{"start":"2023-10-27T23:06:00.000Z","end":"2023-10-27T23:07:00.000Z"},"country":"United Kingdom","OPM":13,"total_sales_volume":648.3499983549118,"rate_of_return":0.15384615384615385}
{"window":{"start":"2023-10-26T02:19:00.000Z","end":"2023-10-26T02:20:00.000Z"},"country":"United Kingdom","OPM":4,"total_sales_volume":192.58999982476234,"rate_of_return":0.0}
{"window":{"start":"2023-10-23T13:04:00.000Z","end":"2023-10-23T13:05:00.000Z"},"country":"France","OPM":1,"total_sales_volume":31.450000166893005,"rate_of_return":0.0}
{"window":{"start":"2023-10-23T12:59:00.000Z","end":"2023-10-23T13:00:00.000Z"},"country":"United Kingdom","OPM":18,"total_sales_volume":789.0699938833714,"rate_of_return":0.05555555555555555}
{"window":{"start":"2023-10-26T14:10:00.000Z","end":"2023-10-26T14:11:00.000Z"},"country":"Channel Islands","OPM":1,"total_sales_volume":36.96999931335449,"rate_of_return":0.0}
{"window":{"start":"2023-10-26T07:02:00.000Z","end":"2023-10-26T07:03:00.000Z"},"country":"France","OPM":1,"total_sales_volume":4.889999985694885,"rate_of_return":0.0}
{"window":{"start":"2023-10-25T05:19:00.000Z","end":"2023-10-25T05:20:00.000Z"},"country":"Sweden","OPM":1,"total_sales_volume":6.579999923706055,"rate_of_return":0.0}
{"window":{"start":"2023-10-24T09:06:00.000Z","end":"2023-10-24T09:07:00.000Z"},"country":"United Kingdom","OPM":8,"total_sales_volume":449.1199988722801,"rate_of_return":0.0}
{"window":{"start":"2023-10-25T07:15:00.000Z","end":"2023-10-25T07:16:00.000Z"},"country":"Germany","OPM":1,"total_sales_volume":105.46000164747238,"rate_of_return":0.0}
{"window":{"start":"2023-10-24T23:10:00.000Z","end":"2023-10-24T23:11:00.000Z"},"country":"United Kingdom","OPM":12,"total_sales_volume":725.4099943935871,"rate_of_return":0.08333333333333333}
{"window":{"start":"2023-10-24T13:32:00.000Z","end":"2023-10-24T13:33:00.000Z"},"country":"United Kingdom","OPM":19,"total_sales_volume":811.8399936109781,"rate_of_return":0.10526315789473684}
{"window":{"start":"2023-10-26T23:26:00.000Z","end":"2023-10-26T23:27:00.000Z"},"country":"United Kingdom","OPM":12,"total_sales_volume":805.2699980735779,"rate_of_return":0.16666666666666666}
{"window":{"start":"2023-10-25T16:29:00.000Z","end":"2023-10-25T16:30:00.000Z"},"country":"Netherlands","OPM":1,"total_sales_volume":107.78999614715576,"rate_of_return":0.0}
{"window":{"start":"2023-10-26T05:55:00.000Z","end":"2023-10-26T05:56:00.000Z"},"country":"Germany","OPM":1,"total_sales_volume":46.79999923706055,"rate_of_return":0.0}
{"window":{"start":"2023-10-24T22:00:00.000Z","end":"2023-10-24T22:01:00.000Z"},"country":"France","OPM":1,"total_sales_volume":20.40000057220459,"rate_of_return":0.0}
{"window":{"start":"2023-10-26T09:02:00.000Z","end":"2023-10-26T09:03:00.000Z"},"country":"Cyprus","OPM":1,"total_sales_volume":19.51000040769577,"rate_of_return":0.0}
{"window":{"start":"2023-10-26T00:07:00.000Z","end":"2023-10-26T00:08:00.000Z"},"country":"France","OPM":1,"total_sales_volume":8.470000267028809,"rate_of_return":0.0}
{"window":{"start":"2023-10-25T13:37:00.000Z","end":"2023-10-25T13:38:00.000Z"},"country":"United Kingdom","OPM":8,"total_sales_volume":1652.6700105592608,"rate_of_return":0.0}
{"window":{"start":"2023-10-24T07:59:00.000Z","end":"2023-10-24T08:00:00.000Z"},"country":"Cyprus","OPM":1,"total_sales_volume":59.64000105857849,"rate_of_return":0.0}
{"window":{"start":"2023-10-26T11:18:00.000Z","end":"2023-10-26T11:19:00.000Z"},"country":"France","OPM":1,"total_sales_volume":174.4300012588501,"rate_of_return":0.0}
{"window":{"start":"2023-10-27T22:40:00.000Z","end":"2023-10-27T22:41:00.000Z"},"country":"United Kingdom","OPM":8,"total_sales_volume":292.66999638080597,"rate_of_return":0.125}
