{"window":{"start":"2023-10-25T10:51:00.000Z","end":"2023-10-25T10:52:00.000Z"},"country":"United Kingdom","OPM":4,"total_sales_volume":141.1699982881546,"rate_of_return":0.0}
{"window":{"start":"2023-10-27T19:43:00.000Z","end":"2023-10-27T19:44:00.000Z"},"country":"Germany","OPM":1,"total_sales_volume":65.89999961853027,"rate_of_return":0.0}
{"window":{"start":"2023-10-24T21:21:00.000Z","end":"2023-10-24T21:22:00.000Z"},"country":"France","OPM":2,"total_sales_volume":78.31000000238419,"rate_of_return":0.0}
{"window":{"start":"2023-10-24T20:10:00.000Z","end":"2023-10-24T20:11:00.000Z"},"country":"United Kingdom","OPM":10,"total_sales_volume":1002.029999434948,"rate_of_return":0.1}
{"window":{"start":"2023-10-23T13:09:00.000Z","end":"2023-10-23T13:10:00.000Z"},"country":"United Kingdom","OPM":12,"total_sales_volume":697.34000441432,"rate_of_return":0.0}
{"window":{"start":"2023-10-27T03:40:00.000Z","end":"2023-10-27T03:41:00.000Z"},"country":"United Kingdom","OPM":8,"total_sales_volume":517.9000020623207,"rate_of_return":0.0}
{"window":{"start":"2023-10-26T05:15:00.000Z","end":"2023-10-26T05:16:00.000Z"},"country":"United Kingdom","OPM":12,"total_sales_volume":378.6700021624565,"rate_of_return":0.0}
{"window":{"start":"2023-10-24T15:59:00.000Z","end":"2023-10-24T16:00:00.000Z"},"country":"EIRE","OPM":2,"total_sales_volume":271.7200009226799,"rate_of_return":0.0}
{"window":{"start":"2023-10-24T07:29:00.000Z","end":"2023-10-24T07:30:00.000Z"},"country":"France","OPM":1,"total_sales_volume":73.50999957323074,"rate_of_return":0.0}
{"window":{"start":"2023-10-26T22:52:00.000Z","end":"2023-10-26T22:53:00.000Z"},"country":"United Kingdom","OPM":6,"total_sales_volume":508.75000140070915,"rate_of_return":0.0}
{"window":{"start":"2023-10-24T14:00:00.000Z","end":"2023-10-24T14:01:00.000Z"},"country":"France","OPM":1,"total_sales_volume":135.7399988770485,"rate_of_return":0.0}
{"window":{"start":"2023-10-26T07:36:00.000Z","end":"2023-10-26T07:37:00.000Z"},"country":"Netherlands","OPM":1,"total_sales_volume":95.19999694824219,"rate_of_return":0.0}
{"window":{"start":"2023-10-25T04:08:00.000Z","end":"2023-10-25T04:09:00.000Z"},"country":"EIRE","OPM":1,"total_sales_volume":0.6299999952316284,"rate_of_return":0.0}
{"window":{"start":"2023-10-25T21:47:00.000Z","end":"2023-10-25T21:48:00.000Z"},"country":"United Kingdom","OPM":9,"total_sales_volume":361.94999563694,"rate_of_return":0.0}
{"window":{"start":"2023-10-25T13:05:00.000Z","end":"2023-10-25T13:06:00.000Z"},"country":"United Kingdom","OPM":6,"total_sales_volume":210.69999676942825,"rate_of_return":0.16666666666666666}
{"window":{"start":"2023-10-27T19:15:00.000Z","end":"2023-10-27T19:16:00.000Z"},"country":"Germany","OPM":1,"total_sales_volume":167.63999885320663,"rate_of_return":0.0}
{"window":{"start":"2023-10-25T22:03:00.000Z","end":"2023-10-25T22:04:00.000Z"},"country":"Norway","OPM":1,"total_sales_volume":330.9999988079071,"rate_of_return":0.0}
{"window":{"start":"2023-10-25T16:11:00.000Z","end":"2023-10-25T16:12:00.000Z"},"country":"United Kingdom","OPM":13,"total_sales_volume":1019.5599862337112,"rate_of_return":0.0}
{"window":{"start":"2023-10-27T14:11:00.000Z","end":"2023-10-27T14:12:00.000Z"},"country":"United Kingdom","OPM":5,"total_sales_volume":116.30000007152557,"rate_of_return":0.0}
{"window":{"start":"2023-10-24T23:29:00.000Z","end":"2023-10-24T23:30:00.000Z"},"country":"Malta","OPM":1,"total_sales_volume":2.549999952316284,"rate_of_return":0.0}
{"window":{"start":"2023-10-28T03:33:00.000Z","end":"2023-10-28T03:34:00.000Z"},"country":"Spain","OPM":1,"total_sales_volume":5.949999809265137,"rate_of_return":0.0}
{"window":{"start":"2023-10-28T05:35:00.000Z","end":"2023-10-28T05:36:00.000Z"},"country":"France","OPM":1,"total_sales_volume":-26.94000005722046,"rate_of_return":1.0}
{"window":{"start":"2023-10-27T05:44:00.000Z","end":"2023-10-27T05:45:00.000Z"},"country":"Netherlands","OPM":1,"total_sales_volume":23.5,"rate_of_return":0.0}
{"window":{"start":"2023-10-27T08:10:00.000Z","end":"2023-10-27T08:11:00.000Z"},"country":"Belgium","OPM":1,"total_sales_volume":9.47000002861023,"rate_of_return":0.0}
{"window":{"start":"2023-10-23T17:47:00.000Z","end":"2023-10-23T17:48:00.000Z"},"country":"United Kingdom","OPM":7,"total_sales_volume":467.8600035905838,"rate_of_return":0.0}
{"window":{"start":"2023-10-24T22:24:00.000Z","end":"2023-10-24T22:25:00.000Z"},"country":"Germany","OPM":1,"total_sales_volume":46.329999923706055,"rate_of_return":0.0}
{"window":{"start":"2023-10-27T02:52:00.000Z","end":"2023-10-27T02:53:00.000Z"},"country":"United Kingdom","OPM":5,"total_sales_volume":140.4699985384941,"rate_of_return":0.0}
{"window":{"start":"2023-10-27T02:10:00.000Z","end":"2023-10-27T02:11:00.000Z"},"country":"United Kingdom","OPM":3,"total_sales_volume":35.139999240636826,"rate_of_return":0.3333333333333333}
{"window":{"start":"2023-10-27T04:58:00.000Z","end":"2023-10-27T04:59:00.000Z"},"country":"Belgium","OPM":1,"total_sales_volume":29.31999933719635,"rate_of_return":0.0}
{"window":{"start":"2023-10-23T21:49:00.000Z","end":"2023-10-23T21:50:00.000Z"},"country":"Germany","OPM":1,"total_sales_volume":22.950000643730164,"rate_of_return":0.0}
{"window":{"start":"2023-10-24T04:37:00.000Z","end":"2023-10-24T04:38:00.000Z"},"country":"United Kingdom","OPM":5,"total_sales_volume":-204.8699924647808,"rate_of_return":0.2}
{"window":{"start":"2023-10-28T02:23:00.000Z","end":"2023-10-28T02:24:00.000Z"},"country":"France","OPM":1,"total_sales_volume":51.98999881744385,"rate_of_return":0.0}
{"window":{"start":"2023-10-24T09:47:00.000Z","end":"2023-10-24T09:48:00.000Z"},"country":"Denmark","OPM":1,"total_sales_volume":39.999998807907104,"rate_of_return":0.0}
{"window":{"start":"2023-10-27T00:38:00.000Z","end":"2023-10-27T00:39:00.000Z"},"country":"EIRE","OPM":1,"total_sales_volume":43.149999141693115,"rate_of_return":0.0}
{"window":{"start":"2023-10-24T05:38:00.000Z","end":"2023-10-24T05:39:00.000Z"},"country":"Portugal","OPM":1,"total_sales_volume":30.899999618530273,"rate_of_return":0.0}
{"window":{"start":"2023-10-27T14:15:00.000Z","end":"2023-10-27T14:16:00.000Z"},"country":"EIRE","OPM":1,"total_sales_volume":6.239999771118164,"rate_of_return":0.0}
{"window":{"start":"2023-10-23T14:46:00.000Z","end":"2023-10-23T14:47:00.000Z"},"country":"Germany","OPM":1,"total_sales_volume":-14.319999694824219,"rate_of_return":1.0}
{"window":{"start":"2023-10-24T10:22:00.000Z","end":"2023-10-24T10:23:00.000Z"},"country":"United Kingdom","OPM":10,"total_sales_volume":399.12000143527985,"rate_of_return":0.0}
{"window":{"start":"2023-10-27T18:06:00.000Z","end":"2023-10-27T18:07:00.000Z"},"country":"United Kingdom","OPM":12,"total_sales_volume":1407.8300004601479,"rate_of_return":0.25}
{"window":{"start":"2023-10-23T18:53:00.000Z","end":"2023-10-23T18:54:00.000Z"},"country":"Australia","OPM":1,"total_sales_volume":9.869999885559082,"rate_of_return":0.0}
{"window":{"start":"2023-10-25T07:08:00.000Z","end":"2023-10-25T07:09:00.000Z"},"country":"United Kingdom","OPM":7,"total_sales_volume":430.0199964046478,"rate_of_return":0.0}
{"window":{"start":"2023-10-27T03:38:00.000Z","end":"2023-10-27T03:39:00.000Z"},"country":"Germany","OPM":1,"total_sales_volume":23.28999924659729,"rate_of_return":0.0}
{"window":{"start":"2023-10-26T02:12:00.000Z","end":"2023-10-26T02:13:00.000Z"},"country":"United Kingdom","OPM":7,"total_sales_volume":51.61000061035156,"rate_of_return":0.2857142857142857}
{"window":{"start":"2023-10-24T11:45:00.000Z","end":"2023-10-24T11:46:00.000Z"},"country":"United Kingdom","OPM":9,"total_sales_volume":516.9599974155426,"rate_of_return":0.0}
{"window":{"start":"2023-10-25T17:11:00.000Z","end":"2023-10-25T17:12:00.000Z"},"country":"United Kingdom","OPM":8,"total_sales_volume":584.350001335144,"rate_of_return":0.0}
{"window":{"start":"2023-10-25T13:34:00.000Z","end":"2023-10-25T13:35:00.000Z"},"country":"Germany","OPM":1,"total_sales_volume":73.75000166893005,"rate_of_return":0.0}
{"window":{"start":"2023-10-26T22:30:00.000Z","end":"2023-10-26T22:31:00.000Z"},"country":"France","OPM":1,"total_sales_volume":117.1000018119812,"rate_of_return":0.0}
{"window":{"start":"2023-10-27T12:38:00.000Z","end":"2023-10-27T12:39:00.000Z"},"country":"Belgium","OPM":1,"total_sales_volume":11.999999761581421,"rate_of_return":0.0}
{"window":{"start":"2023-10-26T18:00:00.000Z","end":"2023-10-26T18:01:00.000Z"},"country":"Denmark","OPM":1,"total_sales_volume":245.6999968290329,"rate_of_return":0.0}
{"window":{"start":"2023-10-25T02:36:00.000Z","end":"2023-10-25T02:37:00.000Z"},"country":"EIRE","OPM":1,"total_sales_volume":34.799999713897705,"rate_of_return":0.0}
{"window":{"start":"2023-10-24T22:18:00.000Z","end":"2023-10-24T22:19:00.000Z"},"country":"Australia","OPM":1,"total_sales_volume":2.549999952316284,"rate_of_return":0.0}
{"window":{"start":"2023-10-24T22:24:00.000Z","end":"2023-10-24T22:25:00.000Z"},"country":"United Kingdom","OPM":11,"total_sales_volume":629.9999942183495,"rate_of_return":0.09090909090909091}
{"window":{"start":"2023-10-27T06:32:00.000Z","end":"2023-10-27T06:33:00.000Z"},"country":"Unspecified","OPM":1,"total_sales_volume":115.45999959111214,"rate_of_return":0.0}
{"window":{"start":"2023-10-27T00:22:00.000Z","end":"2023-10-27T00:23:00.000Z"},"country":"United Kingdom","OPM":12,"total_sales_volume":746.2399852871895,"rate_of_return":0.0}
{"window":{"start":"2023-10-27T21:06:00.000Z","end":"2023-10-27T21:07:00.000Z"},"country":"EIRE","OPM":1,"total_sales_volume":132.53999853134155,"rate_of_return":0.0}
{"window":{"start":"2023-10-25T07:20:00.000Z","end":"2023-10-25T07:21:00.000Z"},"country":"United Kingdom","OPM":8,"total_sales_volume":421.4299995601177,"rate_of_return":0.0}
{"window":{"start":"2023-10-25T22:25:00.000Z","end":"2023-10-25T22:26:00.000Z"},"country":"United Kingdom","OPM":12,"total_sales_volume":1262.5999753773212,"rate_of_return":0.0}
{"window":{"start":"2023-10-28T02:39:00.000Z","end":"2023-10-28T02:40:00.000Z"},"country":"United Kingdom","OPM":16,"total_sales_volume":677.2399923801422,"rate_of_return":0.0625}
{"window":{"start":"2023-10-26T08:06:00.000Z","end":"2023-10-26T08:07:00.000Z"},"country":"United Kingdom","OPM":10,"total_sales_volume":462.23999854922295,"rate_of_return":0.0}
{"window":{"start":"2023-10-24T18:08:00.000Z","end":"2023-10-24T18:09:00.000Z"},"country":"Spain","OPM":1,"total_sales_volume":35.349998354911804,"rate_of_return":0.0}
{"window":{"start":"2023-10-26T18:52:00.000Z","end":"2023-10-26T18:53:00.000Z"},"country":"Germany","OPM":1,"total_sales_volume":23.15999999642372,"rate_of_return":0.0}
{"window":{"start":"2023-10-25T22:08:00.000Z","end":"2023-10-25T22:09:00.000Z"},"country":"EIRE","OPM":1,"total_sales_volume":87.42999774217606,"rate_of_return":0.0}
{"window":{"start":"2023-10-26T01:44:00.000Z","end":"2023-10-26T01:45:00.000Z"},"country":"EIRE","OPM":2,"total_sales_volume":47.25,"rate_of_return":0.0}
{"window":{"start":"2023-10-24T05:13:00.000Z","end":"2023-10-24T05:14:00.000Z"},"country":"United Kingdom","OPM":7,"total_sales_volume":907.6199998259544,"rate_of_return":0.14285714285714285}
{"window":{"start":"2023-10-24T15:20:00.000Z","end":"2023-10-24T15:21:00.000Z"},"country":"Germany","OPM":1,"total_sales_volume":7.460000038146973,"rate_of_return":0.0}
