{"window":{"start":"2023-10-27T16:39:00.000Z","end":"2023-10-27T16:40:00.000Z"},"country":"Netherlands","OPM":2,"total_sales_volume":185.64000177383423,"rate_of_return":0.0}
{"window":{"start":"2023-10-24T01:03:00.000Z","end":"2023-10-24T01:04:00.000Z"},"country":"United Kingdom","OPM":8,"total_sales_volume":606.0299964249134,"rate_of_return":0.0}
{"window":{"start":"2023-10-25T12:45:00.000Z","end":"2023-10-25T12:46:00.000Z"},"country":"United Kingdom","OPM":17,"total_sales_volume":1029.1499987244606,"rate_of_return":0.0}
{"window":{"start":"2023-10-28T05:40:00.000Z","end":"2023-10-28T05:41:00.000Z"},"country":"United Kingdom","OPM":13,"total_sales_volume":708.7699834704399,"rate_of_return":0.0}
{"window":{"start":"2023-10-28T00:02:00.000Z","end":"2023-10-28T00:03:00.000Z"},"country":"Switzerland","OPM":1,"total_sales_volume":14.02999997138977,"rate_of_return":0.0}
{"window":{"start":"2023-10-24T06:06:00.000Z","end":"2023-10-24T06:07:00.000Z"},"country":"France","OPM":1,"total_sales_volume":73.04000103473663,"rate_of_return":0.0}
{"window":{"start":"2023-10-25T20:45:00.000Z","end":"2023-10-25T20:46:00.000Z"},"country":"United Kingdom","OPM":11,"total_sales_volume":506.15999180078506,"rate_of_return":0.09090909090909091}
{"window":{"start":"2023-10-26T20:18:00.000Z","end":"2023-10-26T20:19:00.000Z"},"country":"EIRE","OPM":2,"total_sales_volume":445.5599870979786,"rate_of_return":0.0}
{"window":{"start":"2023-10-26T01:05:00.000Z","end":"2023-10-26T01:06:00.000Z"},"country":"Portugal","OPM":1,"total_sales_volume":7.6499998569488525,"rate_of_return":0.0}
{"window":{"start":"2023-10-24T20:52:00.000Z","end":"2023-10-24T20:53:00.000Z"},"country":"United Kingdom","OPM":10,"total_sales_volume":603.6700109839439,"rate_of_return":0.0}
{"window":{"start":"2023-10-24T08:33:00.000Z","end":"2023-10-24T08:34:00.000Z"},"country":"United Kingdom","OPM":3,"total_sales_volume":93.6000007390976,"rate_of_return":0.0}
{"window":{"start":"2023-10-26T23:48:00.000Z","end":"2023-10-26T23:49:00.000Z"},"country":"Netherlands","OPM":1,"total_sales_volume":150.1499988734722,"rate_of_return":0.0}
{"window":{"start":"2023-10-26T21:38:00.000Z","end":"2023-10-26T21:39:00.000Z"},"country":"Netherlands","OPM":1,"total_sales_volume":40.6500004529953,"rate_of_return":0.0}
{"window":{"start":"2023-10-27T02:00:00.000Z","end":"2023-10-27T02:01:00.000Z"},"country":"United Kingdom","OPM":6,"total_sales_volume":167.71000111103058,"rate_of_return":0.0}
{"window":{"start":"2023-10-27T22:14:00.000Z","end":"2023-10-27T22:15:00.000Z"},"country":"United Kingdom","OPM":7,"total_sales_volume":136.9299991428852,"rate_of_return":0.0}
{"window":{"start":"2023-10-27T14:18:00.000Z","end":"2023-10-27T14:19:00.000Z"},"country":"Netherlands","OPM":1,"total_sales_volume":-77.01000118255615,"rate_of_return":1.0}
{"window":{"start":"2023-10-26T20:48:00.000Z","end":"2023-10-26T20:49:00.000Z"},"country":"United Kingdom","OPM":8,"total_sales_volume":729.7699947059155,"rate_of_return":0.0}
{"window":{"start":"2023-10-26T22:06:00.000Z","end":"2023-10-26T22:07:00.000Z"},"country":"France","OPM":2,"total_sales_volume":127.03999900817871,"rate_of_return":0.0}
{"window":{"start":"2023-10-27T21:32:00.000Z","end":"2023-10-27T21:33:00.000Z"},"country":"United Kingdom","OPM":6,"total_sales_volume":237.5099975168705,"rate_of_return":0.0}
{"window":{"start":"2023-10-27T01:36:00.000Z","end":"2023-10-27T01:37:00.000Z"},"country":"United Kingdom","OPM":14,"total_sales_volume":675.6300015449524,"rate_of_return":0.07142857142857142}
{"window":{"start":"2023-10-26T12:42:00.000Z","end":"2023-10-26T12:43:00.000Z"},"country":"United Kingdom","OPM":4,"total_sales_volume":175.44000017642975,"rate_of_return":0.0}
{"window":{"start":"2023-10-26T17:52:00.000Z","end":"2023-10-26T17:53:00.000Z"},"country":"Hong Kong","OPM":1,"total_sales_volume":68.07000088691711,"rate_of_return":0.0}
{"window":{"start":"2023-10-26T07:40:00.000Z","end":"2023-10-26T07:41:00.000Z"},"country":"United Kingdom","OPM":10,"total_sales_volume":1141.2999832332134,"rate_of_return":0.2}
{"window":{"start":"2023-10-27T22:56:00.000Z","end":"2023-10-27T22:57:00.000Z"},"country":"Belgium","OPM":1,"total_sales_volume":36.600000858306885,"rate_of_return":0.0}
{"window":{"start":"2023-10-23T17:26:00.000Z","end":"2023-10-23T17:27:00.000Z"},"country":"EIRE","OPM":1,"total_sales_volume":1.9500000476837158,"rate_of_return":0.0}
{"window":{"start":"2023-10-26T09:41:00.000Z","end":"2023-10-26T09:42:00.000Z"},"country":"Netherlands","OPM":1,"total_sales_volume":0.8500000238418579,"rate_of_return":0.0}
{"window":{"start":"2023-10-28T03:45:00.000Z","end":"2023-10-28T03:46:00.000Z"},"country":"United Kingdom","OPM":9,"total_sales_volume":357.51999650895596,"rate_of_return":0.1111111111111111}
{"window":{"start":"2023-10-25T02:26:00.000Z","end":"2023-10-25T02:27:00.000Z"},"country":"United Kingdom","OPM":8,"total_sales_volume":170.0199982970953,"rate_of_return":0.125}
{"window":{"start":"2023-10-27T06:37:00.000Z","end":"2023-10-27T06:38:00.000Z"},"country":"Netherlands","OPM":1,"total_sales_volume":59.7099986076355,"rate_of_return":0.0}
{"window":{"start":"2023-10-27T03:26:00.000Z","end":"2023-10-27T03:27:00.000Z"},"country":"United Kingdom","OPM":7,"total_sales_volume":271.33000272512436,"rate_of_return":0.0}
{"window":{"start":"2023-10-25T03:21:00.000Z","end":"2023-10-25T03:22:00.000Z"},"country":"Canada","OPM":1,"total_sales_volume":147.70999896526337,"rate_of_return":0.0}
{"window":{"start":"2023-10-25T01:42:00.000Z","end":"2023-10-25T01:43:00.000Z"},"country":"United Kingdom","OPM":6,"total_sales_volume":747.1100066304207,"rate_of_return":0.0}
{"window":{"start":"2023-10-27T23:33:00.000Z","end":"2023-10-27T23:34:00.000Z"},"country":"Spain","OPM":1,"total_sales_volume":78.53000068664551,"rate_of_return":0.0}
{"window":{"start":"2023-10-25T17:31:00.000Z","end":"2023-10-25T17:32:00.000Z"},"country":"France","OPM":1,"total_sales_volume":5.450000047683716,"rate_of_return":0.0}
{"window":{"start":"2023-10-24T20:26:00.000Z","end":"2023-10-24T20:27:00.000Z"},"country":"United Kingdom","OPM":13,"total_sales_volume":886.869986474514,"rate_of_return":0.0}
{"window":{"start":"2023-10-26T20:14:00.000Z","end":"2023-10-26T20:15:00.000Z"},"country":"France","OPM":3,"total_sales_volume":200.38998886942863,"rate_of_return":0.3333333333333333}
{"window":{"start":"2023-10-27T19:40:00.000Z","end":"2023-10-27T19:41:00.000Z"},"country":"Italy","OPM":1,"total_sales_volume":15.0,"rate_of_return":0.0}
{"window":{"start":"2023-10-28T05:01:00.000Z","end":"2023-10-28T05:02:00.000Z"},"country":"United Kingdom","OPM":4,"total_sales_volume":194.54999923706055,"rate_of_return":0.0}
{"window":{"start":"2023-10-26T01:18:00.000Z","end":"2023-10-26T01:19:00.000Z"},"country":"United Kingdom","OPM":8,"total_sales_volume":410.3199973106384,"rate_of_return":0.25}
{"window":{"start":"2023-10-24T13:04:00.000Z","end":"2023-10-24T13:05:00.000Z"},"country":"United Kingdom","OPM":12,"total_sales_volume":552.379990875721,"rate_of_return":0.0}
{"window":{"start":"2023-10-24T07:18:00.000Z","end":"2023-10-24T07:19:00.000Z"},"country":"United Kingdom","OPM":8,"total_sales_volume":358.7700026333332,"rate_of_return":0.0}
{"window":{"start":"2023-10-27T09:27:00.000Z","end":"2023-10-27T09:28:00.000Z"},"country":"United Kingdom","OPM":13,"total_sales_volume":1638.7700091004372,"rate_of_return":0.0}
{"window":{"start":"2023-10-23T20:15:00.000Z","end":"2023-10-23T20:16:00.000Z"},"country":"United Kingdom","OPM":10,"total_sales_volume":1071.4700022041798,"rate_of_return":0.0}
{"window":{"start":"2023-10-25T13:39:00.000Z","end":"2023-10-25T13:40:00.000Z"},"country":"United Kingdom","OPM":8,"total_sales_volume":272.0499959588051,"rate_of_return":0.0}
{"window":{"start":"2023-10-27T04:31:00.000Z","end":"2023-10-27T04:32:00.000Z"},"country":"Spain","OPM":1,"total_sales_volume":-49.809999227523804,"rate_of_return":1.0}
{"window":{"start":"2023-10-27T15:49:00.000Z","end":"2023-10-27T15:50:00.000Z"},"country":"United Kingdom","OPM":13,"total_sales_volume":251.39000004529953,"rate_of_return":0.0}
{"window":{"start":"2023-10-26T06:48:00.000Z","end":"2023-10-26T06:49:00.000Z"},"country":"United Kingdom","OPM":11,"total_sales_volume":1925.7799852490425,"rate_of_return":0.0}
{"window":{"start":"2023-10-27T14:08:00.000Z","end":"2023-10-27T14:09:00.000Z"},"country":"United Kingdom","OPM":17,"total_sales_volume":996.5399968028069,"rate_of_return":0.058823529411764705}
{"window":{"start":"2023-10-25T20:51:00.000Z","end":"2023-10-25T20:52:00.000Z"},"country":"United Kingdom","OPM":13,"total_sales_volume":390.7999973371625,"rate_of_return":0.07692307692307693}
{"window":{"start":"2023-10-27T11:06:00.000Z","end":"2023-10-27T11:07:00.000Z"},"country":"United Kingdom","OPM":4,"total_sales_volume":68.22999969124794,"rate_of_return":0.0}
{"window":{"start":"2023-10-26T06:39:00.000Z","end":"2023-10-26T06:40:00.000Z"},"country":"United Kingdom","OPM":16,"total_sales_volume":662.8199978172779,"rate_of_return":0.0}
{"window":{"start":"2023-10-25T21:21:00.000Z","end":"2023-10-25T21:22:00.000Z"},"country":"United Kingdom","OPM":9,"total_sales_volume":422.30999487638474,"rate_of_return":0.0}
{"window":{"start":"2023-10-24T17:52:00.000Z","end":"2023-10-24T17:53:00.000Z"},"country":"Germany","OPM":1,"total_sales_volume":2.0999999046325684,"rate_of_return":0.0}
{"window":{"start":"2023-10-25T22:05:00.000Z","end":"2023-10-25T22:06:00.000Z"},"country":"Germany","OPM":1,"total_sales_volume":-51.98999905586243,"rate_of_return":1.0}
{"window":{"start":"2023-10-24T08:28:00.000Z","end":"2023-10-24T08:29:00.000Z"},"country":"France","OPM":1,"total_sales_volume":15.299999713897705,"rate_of_return":0.0}
{"window":{"start":"2023-10-28T00:41:00.000Z","end":"2023-10-28T00:42:00.000Z"},"country":"United Kingdom","OPM":12,"total_sales_volume":571.2700038850307,"rate_of_return":0.0}
{"window":{"start":"2023-10-24T23:33:00.000Z","end":"2023-10-24T23:34:00.000Z"},"country":"United Kingdom","OPM":12,"total_sales_volume":961.0399712920189,"rate_of_return":0.16666666666666666}
{"window":{"start":"2023-10-25T08:52:00.000Z","end":"2023-10-25T08:53:00.000Z"},"country":"United Kingdom","OPM":6,"total_sales_volume":371.58999782800674,"rate_of_return":0.16666666666666666}
{"window":{"start":"2023-10-23T20:09:00.000Z","end":"2023-10-23T20:10:00.000Z"},"country":"United Kingdom","OPM":10,"total_sales_volume":1574.1800021231174,"rate_of_return":0.0}
{"window":{"start":"2023-10-26T09:24:00.000Z","end":"2023-10-26T09:25:00.000Z"},"country":"Belgium","OPM":1,"total_sales_volume":8.949999809265137,"rate_of_return":0.0}
{"window":{"start":"2023-10-27T01:30:00.000Z","end":"2023-10-27T01:31:00.000Z"},"country":"United Kingdom","OPM":7,"total_sales_volume":571.6499882936478,"rate_of_return":0.0}
{"window":{"start":"2023-10-27T23:28:00.000Z","end":"2023-10-27T23:29:00.000Z"},"country":"United Kingdom","OPM":10,"total_sales_volume":2018.909995406866,"rate_of_return":0.0}
{"window":{"start":"2023-10-26T21:23:00.000Z","end":"2023-10-26T21:24:00.000Z"},"country":"Japan","OPM":1,"total_sales_volume":47.36999988555908,"rate_of_return":0.0}
