{"window":{"start":"2023-10-28T01:56:00.000Z","end":"2023-10-28T01:57:00.000Z"},"country":"United Kingdom","OPM":8,"total_sales_volume":268.14999717473984,"rate_of_return":0.0}
{"window":{"start":"2023-10-24T04:03:00.000Z","end":"2023-10-24T04:04:00.000Z"},"country":"United Kingdom","OPM":14,"total_sales_volume":658.8099964559078,"rate_of_return":0.0}
{"window":{"start":"2023-10-25T21:14:00.000Z","end":"2023-10-25T21:15:00.000Z"},"country":"United Kingdom","OPM":11,"total_sales_volume":402.7099975347519,"rate_of_return":0.09090909090909091}
{"window":{"start":"2023-10-25T05:50:00.000Z","end":"2023-10-25T05:51:00.000Z"},"country":"United Kingdom","OPM":8,"total_sales_volume":571.6799954175949,"rate_of_return":0.0}
{"window":{"start":"2023-10-27T00:29:00.000Z","end":"2023-10-27T00:30:00.000Z"},"country":"United Kingdom","OPM":15,"total_sales_volume":932.8099836409092,"rate_of_return":0.0}
{"window":{"start":"2023-10-25T22:11:00.000Z","end":"2023-10-25T22:12:00.000Z"},"country":"United Kingdom","OPM":10,"total_sales_volume":469.019997805357,"rate_of_return":0.1}
{"window":{"start":"2023-10-25T16:36:00.000Z","end":"2023-10-25T16:37:00.000Z"},"country":"Australia","OPM":1,"total_sales_volume":59.1100013256073,"rate_of_return":0.0}
{"window":{"start":"2023-10-26T14:11:00.000Z","end":"2023-10-26T14:12:00.000Z"},"country":"Channel Islands","OPM":1,"total_sales_volume":13.039999961853027,"rate_of_return":0.0}
{"window":{"start":"2023-10-25T02:04:00.000Z","end":"2023-10-25T02:05:00.000Z"},"country":"United Kingdom","OPM":9,"total_sales_volume":1061.730018734932,"rate_of_return":0.0}
{"window":{"start":"2023-10-27T10:06:00.000Z","end":"2023-10-27T10:07:00.000Z"},"country":"France","OPM":1,"total_sales_volume":11.569999933242798,"rate_of_return":0.0}
{"window":{"start":"2023-10-24T22:11:00.000Z","end":"2023-10-24T22:12:00.000Z"},"country":"United Kingdom","OPM":15,"total_sales_volume":1348.3500110208988,"rate_of_return":0.0}
{"window":{"start":"2023-10-25T00:52:00.000Z","end":"2023-10-25T00:53:00.000Z"},"country":"United Kingdom","OPM":12,"total_sales_volume":116.72000539302826,"rate_of_return":0.08333333333333333}
{"window":{"start":"2023-10-28T05:32:00.000Z","end":"2023-10-28T05:33:00.000Z"},"country":"United Kingdom","OPM":12,"total_sales_volume":355.09999999403954,"rate_of_return":0.08333333333333333}
{"window":{"start":"2023-10-25T06:55:00.000Z","end":"2023-10-25T06:56:00.000Z"},"country":"Netherlands","OPM":1,"total_sales_volume":-93.95999908447266,"rate_of_return":1.0}
{"window":{"start":"2023-10-24T16:39:00.000Z","end":"2023-10-24T16:40:00.000Z"},"country":"United Kingdom","OPM":13,"total_sales_volume":593.7499950826168,"rate_of_return":0.07692307692307693}
{"window":{"start":"2023-10-24T10:43:00.000Z","end":"2023-10-24T10:44:00.000Z"},"country":"France","OPM":1,"total_sales_volume":35.40000057220459,"rate_of_return":0.0}
{"window":{"start":"2023-10-27T16:29:00.000Z","end":"2023-10-27T16:30:00.000Z"},"country":"United Kingdom","OPM":4,"total_sales_volume":82.86999899148941,"rate_of_return":0.0}
{"window":{"start":"2023-10-26T20:08:00.000Z","end":"2023-10-26T20:09:00.000Z"},"country":"Netherlands","OPM":1,"total_sales_volume":4.079999923706055,"rate_of_return":0.0}
{"window":{"start":"2023-10-26T07:33:00.000Z","end":"2023-10-26T07:34:00.000Z"},"country":"United Kingdom","OPM":7,"total_sales_volume":476.0999947190285,"rate_of_return":0.0}
{"window":{"start":"2023-10-27T00:18:00.000Z","end":"2023-10-27T00:19:00.000Z"},"country":"United Kingdom","OPM":16,"total_sales_volume":938.8000093102455,"rate_of_return":0.1875}
{"window":{"start":"2023-10-26T12:26:00.000Z","end":"2023-10-26T12:27:00.000Z"},"country":"United Kingdom","OPM":13,"total_sales_volume":854.3699919879436,"rate_of_return":0.07692307692307693}
{"window":{"start":"2023-10-25T06:58:00.000Z","end":"2023-10-25T06:59:00.000Z"},"country":"Italy","OPM":1,"total_sales_volume":25.119999408721924,"rate_of_return":0.0}
{"window":{"start":"2023-10-25T16:13:00.000Z","end":"2023-10-25T16:14:00.000Z"},"country":"United Kingdom","OPM":14,"total_sales_volume":820.9699964523315,"rate_of_return":0.0}
{"window":{"start":"2023-10-25T18:47:00.000Z","end":"2023-10-25T18:48:00.000Z"},"country":"United Kingdom","OPM":5,"total_sales_volume":167.7699967622757,"rate_of_return":0.2}
{"window":{"start":"2023-10-25T18:49:00.000Z","end":"2023-10-25T18:50:00.000Z"},"country":"United Kingdom","OPM":10,"total_sales_volume":511.98000007867813,"rate_of_return":0.0}
{"window":{"start":"2023-10-26T14:59:00.000Z","end":"2023-10-26T15:00:00.000Z"},"country":"United Kingdom","OPM":6,"total_sales_volume":1785.409974783659,"rate_of_return":0.0}
{"window":{"start":"2023-10-27T02:18:00.000Z","end":"2023-10-27T02:19:00.000Z"},"country":"Netherlands","OPM":1,"total_sales_volume":37.45999976992607,"rate_of_return":0.0}
{"window":{"start":"2023-10-26T11:12:00.000Z","end":"2023-10-26T11:13:00.000Z"},"country":"United Kingdom","OPM":15,"total_sales_volume":2606.8499980568886,"rate_of_return":0.0}
{"window":{"start":"2023-10-28T02:01:00.000Z","end":"2023-10-28T02:02:00.000Z"},"country":"United Kingdom","OPM":12,"total_sales_volume":854.9999901503325,"rate_of_return":0.0}
{"window":{"start":"2023-10-24T06:31:00.000Z","end":"2023-10-24T06:32:00.000Z"},"country":"United Kingdom","OPM":10,"total_sales_volume":437.2699963450432,"rate_of_return":0.0}
{"window":{"start":"2023-10-23T18:17:00.000Z","end":"2023-10-23T18:18:00.000Z"},"country":"United Kingdom","OPM":7,"total_sales_volume":141.08000004291534,"rate_of_return":0.0}
{"window":{"start":"2023-10-28T01:04:00.000Z","end":"2023-10-28T01:05:00.000Z"},"country":"United Kingdom","OPM":6,"total_sales_volume":19.49000710248947,"rate_of_return":0.16666666666666666}
{"window":{"start":"2023-10-27T13:54:00.000Z","end":"2023-10-27T13:55:00.000Z"},"country":"EIRE","OPM":1,"total_sales_volume":140.30000153183937,"rate_of_return":0.0}
{"window":{"start":"2023-10-26T11:31:00.000Z","end":"2023-10-26T11:32:00.000Z"},"country":"United Kingdom","OPM":7,"total_sales_volume":389.17000122368336,"rate_of_return":0.0}
{"window":{"start":"2023-10-24T20:50:00.000Z","end":"2023-10-24T20:51:00.000Z"},"country":"United Kingdom","OPM":12,"total_sales_volume":600.900000333786,"rate_of_return":0.0}
{"window":{"start":"2023-10-24T09:01:00.000Z","end":"2023-10-24T09:02:00.000Z"},"country":"United Kingdom","OPM":12,"total_sales_volume":1285.6299927532673,"rate_of_return":0.0}
{"window":{"start":"2023-10-27T05:02:00.000Z","end":"2023-10-27T05:03:00.000Z"},"country":"Australia","OPM":1,"total_sales_volume":8.450000166893005,"rate_of_return":0.0}
{"window":{"start":"2023-10-28T02:45:00.000Z","end":"2023-10-28T02:46:00.000Z"},"country":"United Kingdom","OPM":17,"total_sales_volume":1020.739993840456,"rate_of_return":0.0}
{"window":{"start":"2023-10-26T23:42:00.000Z","end":"2023-10-26T23:43:00.000Z"},"country":"France","OPM":1,"total_sales_volume":12.449999570846558,"rate_of_return":0.0}
{"window":{"start":"2023-10-27T14:00:00.000Z","end":"2023-10-27T14:01:00.000Z"},"country":"United Kingdom","OPM":13,"total_sales_volume":2407.0300126969814,"rate_of_return":0.0}
{"window":{"start":"2023-10-25T17:52:00.000Z","end":"2023-10-25T17:53:00.000Z"},"country":"United Kingdom","OPM":11,"total_sales_volume":536.2799971699715,"rate_of_return":0.0}
{"window":{"start":"2023-10-25T07:14:00.000Z","end":"2023-10-25T07:15:00.000Z"},"country":"United Kingdom","OPM":13,"total_sales_volume":784.3800023496151,"rate_of_return":0.0}
{"window":{"start":"2023-10-27T21:01:00.000Z","end":"2023-10-27T21:02:00.000Z"},"country":"Italy","OPM":1,"total_sales_volume":112.32999992370605,"rate_of_return":0.0}
{"window":{"start":"2023-10-23T21:17:00.000Z","end":"2023-10-23T21:18:00.000Z"},"country":"United Kingdom","OPM":7,"total_sales_volume":507.72999837994576,"rate_of_return":0.0}
{"window":{"start":"2023-10-26T17:12:00.000Z","end":"2023-10-26T17:13:00.000Z"},"country":"Australia","OPM":1,"total_sales_volume":138.22000312805176,"rate_of_return":0.0}
{"window":{"start":"2023-10-27T08:12:00.000Z","end":"2023-10-27T08:13:00.000Z"},"country":"United Kingdom","OPM":13,"total_sales_volume":758.1700012087822,"rate_of_return":0.07692307692307693}
{"window":{"start":"2023-10-26T23:03:00.000Z","end":"2023-10-26T23:04:00.000Z"},"country":"France","OPM":2,"total_sales_volume":82.90999975800514,"rate_of_return":0.0}
{"window":{"start":"2023-10-28T04:20:00.000Z","end":"2023-10-28T04:21:00.000Z"},"country":"EIRE","OPM":1,"total_sales_volume":26.79999926686287,"rate_of_return":0.0}
{"window":{"start":"2023-10-24T10:31:00.000Z","end":"2023-10-24T10:32:00.000Z"},"country":"United Kingdom","OPM":8,"total_sales_volume":372.90000611543655,"rate_of_return":0.0}
{"window":{"start":"2023-10-23T14:53:00.000Z","end":"2023-10-23T14:54:00.000Z"},"country":"United Kingdom","OPM":6,"total_sales_volume":299.02999570965767,"rate_of_return":0.0}
{"window":{"start":"2023-10-27T19:02:00.000Z","end":"2023-10-27T19:03:00.000Z"},"country":"United Kingdom","OPM":4,"total_sales_volume":73.7599995136261,"rate_of_return":0.0}
{"window":{"start":"2023-10-26T10:16:00.000Z","end":"2023-10-26T10:17:00.000Z"},"country":"Germany","OPM":2,"total_sales_volume":94.36000061035156,"rate_of_return":0.0}
