{"window":{"start":"2023-10-27T18:46:00.000Z","end":"2023-10-27T18:47:00.000Z"},"country":"Japan","OPM":1,"total_sales_volume":76.78000211715698,"rate_of_return":0.0}
{"window":{"start":"2023-10-26T04:55:00.000Z","end":"2023-10-26T04:56:00.000Z"},"country":"France","OPM":1,"total_sales_volume":130.67999982833862,"rate_of_return":0.0}
{"window":{"start":"2023-10-23T19:40:00.000Z","end":"2023-10-23T19:41:00.000Z"},"country":"United Kingdom","OPM":11,"total_sales_volume":2012.6400037705898,"rate_of_return":0.0}
{"window":{"start":"2023-10-26T06:22:00.000Z","end":"2023-10-26T06:23:00.000Z"},"country":"Netherlands","OPM":1,"total_sales_volume":44.99999940395355,"rate_of_return":0.0}
{"window":{"start":"2023-10-23T12:49:00.000Z","end":"2023-10-23T12:50:00.000Z"},"country":"Sweden","OPM":1,"total_sales_volume":3.2899999618530273,"rate_of_return":0.0}
{"window":{"start":"2023-10-25T05:10:00.000Z","end":"2023-10-25T05:11:00.000Z"},"country":"Germany","OPM":2,"total_sales_volume":54.8699996471405,"rate_of_return":0.0}
{"window":{"start":"2023-10-25T10:22:00.000Z","end":"2023-10-25T10:23:00.000Z"},"country":"Japan","OPM":1,"total_sales_volume":348.0000087618828,"rate_of_return":0.0}
{"window":{"start":"2023-10-26T09:17:00.000Z","end":"2023-10-26T09:18:00.000Z"},"country":"EIRE","OPM":2,"total_sales_volume":25.439999729394913,"rate_of_return":0.0}
{"window":{"start":"2023-10-25T10:39:00.000Z","end":"2023-10-25T10:40:00.000Z"},"country":"United Kingdom","OPM":15,"total_sales_volume":717.8400005102158,"rate_of_return":0.13333333333333333}
{"window":{"start":"2023-10-24T06:08:00.000Z","end":"2023-10-24T06:09:00.000Z"},"country":"United Kingdom","OPM":7,"total_sales_volume":506.959997177124,"rate_of_return":0.0}
{"window":{"start":"2023-10-26T06:56:00.000Z","end":"2023-10-26T06:57:00.000Z"},"country":"Belgium","OPM":1,"total_sales_volume":230.17999267578125,"rate_of_return":0.0}
{"window":{"start":"2023-10-27T16:14:00.000Z","end":"2023-10-27T16:15:00.000Z"},"country":"Germany","OPM":1,"total_sales_volume":15.0,"rate_of_return":0.0}
{"window":{"start":"2023-10-27T06:30:00.000Z","end":"2023-10-27T06:31:00.000Z"},"country":"United Kingdom","OPM":7,"total_sales_volume":731.6000025272369,"rate_of_return":0.0}
{"window":{"start":"2023-10-23T17:30:00.000Z","end":"2023-10-23T17:31:00.000Z"},"country":"United Kingdom","OPM":19,"total_sales_volume":2067.1699953973293,"rate_of_return":0.0}
{"window":{"start":"2023-10-25T10:57:00.000Z","end":"2023-10-25T10:58:00.000Z"},"country":"United Kingdom","OPM":9,"total_sales_volume":337.94999396800995,"rate_of_return":0.1111111111111111}
{"window":{"start":"2023-10-23T23:23:00.000Z","end":"2023-10-23T23:24:00.000Z"},"country":"Switzerland","OPM":1,"total_sales_volume":5.949999809265137,"rate_of_return":0.0}
{"window":{"start":"2023-10-27T05:25:00.000Z","end":"2023-10-27T05:26:00.000Z"},"country":"EIRE","OPM":1,"total_sales_volume":35.69999995827675,"rate_of_return":0.0}
{"window":{"start":"2023-10-26T22:24:00.000Z","end":"2023-10-26T22:25:00.000Z"},"country":"United Kingdom","OPM":6,"total_sales_volume":176.75999954342842,"rate_of_return":0.16666666666666666}
{"window":{"start":"2023-10-25T02:29:00.000Z","end":"2023-10-25T02:30:00.000Z"},"country":"United Kingdom","OPM":12,"total_sales_volume":407.5399967432022,"rate_of_return":0.0}
{"window":{"start":"2023-10-25T19:04:00.000Z","end":"2023-10-25T19:05:00.000Z"},"country":"United Kingdom","OPM":7,"total_sales_volume":1100.0100113153458,"rate_of_return":0.0}
{"window":{"start":"2023-10-27T18:07:00.000Z","end":"2023-10-27T18:08:00.000Z"},"country":"Portugal","OPM":1,"total_sales_volume":4.609999895095825,"rate_of_return":0.0}
{"window":{"start":"2023-10-25T05:16:00.000Z","end":"2023-10-25T05:17:00.000Z"},"country":"United Kingdom","OPM":14,"total_sales_volume":947.2199947237968,"rate_of_return":0.0}
{"window":{"start":"2023-10-23T21:54:00.000Z","end":"2023-10-23T21:55:00.000Z"},"country":"United Kingdom","OPM":10,"total_sales_volume":533.9499971866608,"rate_of_return":0.0}
{"window":{"start":"2023-10-27T13:32:00.000Z","end":"2023-10-27T13:33:00.000Z"},"country":"United Kingdom","OPM":12,"total_sales_volume":1402.2800097763538,"rate_of_return":0.0}
{"window":{"start":"2023-10-25T07:32:00.000Z","end":"2023-10-25T07:33:00.000Z"},"country":"United Kingdom","OPM":8,"total_sales_volume":418.7399978339672,"rate_of_return":0.0}
{"window":{"start":"2023-10-24T15:44:00.000Z","end":"2023-10-24T15:45:00.000Z"},"country":"Germany","OPM":1,"total_sales_volume":211.74999237060547,"rate_of_return":0.0}
{"window":{"start":"2023-10-26T12:47:00.000Z","end":"2023-10-26T12:48:00.000Z"},"country":"EIRE","OPM":1,"total_sales_volume":459.14000129699707,"rate_of_return":0.0}
{"window":{"start":"2023-10-24T08:39:00.000Z","end":"2023-10-24T08:40:00.000Z"},"country":"United Kingdom","OPM":8,"total_sales_volume":378.0400007069111,"rate_of_return":0.0}
{"window":{"start":"2023-10-26T13:31:00.000Z","end":"2023-10-26T13:32:00.000Z"},"country":"United Kingdom","OPM":12,"total_sales_volume":42220.22890102863,"rate_of_return":0.0}
{"window":{"start":"2023-10-28T02:28:00.000Z","end":"2023-10-28T02:29:00.000Z"},"country":"United Kingdom","OPM":11,"total_sales_volume":499.0900003314018,"rate_of_return":0.0}
{"window":{"start":"2023-10-24T06:52:00.000Z","end":"2023-10-24T06:53:00.000Z"},"country":"France","OPM":1,"total_sales_volume":5.0,"rate_of_return":0.0}
{"window":{"start":"2023-10-23T18:57:00.000Z","end":"2023-10-23T18:58:00.000Z"},"country":"United Kingdom","OPM":7,"total_sales_volume":225.29999867081642,"rate_of_return":0.0}
{"window":{"start":"2023-10-23T21:37:00.000Z","end":"2023-10-23T21:38:00.000Z"},"country":"United Kingdom","OPM":7,"total_sales_volume":127.99999967217445,"rate_of_return":0.0}
{"window":{"start":"2023-10-24T02:49:00.000Z","end":"2023-10-24T02:50:00.000Z"},"country":"United Kingdom","OPM":15,"total_sales_volume":3041.4999842345715,"rate_of_return":0.0}
{"window":{"start":"2023-10-23T19:24:00.000Z","end":"2023-10-23T19:25:00.000Z"},"country":"United Kingdom","OPM":14,"total_sales_volume":589.3300044834614,"rate_of_return":0.0}
{"window":{"start":"2023-10-24T17:39:00.000Z","end":"2023-10-24T17:40:00.000Z"},"country":"United Kingdom","OPM":7,"total_sales_volume":227.60999795794487,"rate_of_return":0.14285714285714285}
{"window":{"start":"2023-10-24T05:57:00.000Z","end":"2023-10-24T05:58:00.000Z"},"country":"United Kingdom","OPM":8,"total_sales_volume":179.80999839305878,"rate_of_return":0.125}
{"window":{"start":"2023-10-26T08:40:00.000Z","end":"2023-10-26T08:41:00.000Z"},"country":"United Kingdom","OPM":15,"total_sales_volume":776.7599914073944,"rate_of_return":0.0}
{"window":{"start":"2023-10-27T07:41:00.000Z","end":"2023-10-27T07:42:00.000Z"},"country":"United Kingdom","OPM":5,"total_sales_volume":294.93000331521034,"rate_of_return":0.0}
{"window":{"start":"2023-10-25T18:29:00.000Z","end":"2023-10-25T18:30:00.000Z"},"country":"United Kingdom","OPM":12,"total_sales_volume":1092.6299843788147,"rate_of_return":0.08333333333333333}
{"window":{"start":"2023-10-27T19:11:00.000Z","end":"2023-10-27T19:12:00.000Z"},"country":"United Kingdom","OPM":9,"total_sales_volume":428.34000036120415,"rate_of_return":0.0}
{"window":{"start":"2023-10-23T22:39:00.000Z","end":"2023-10-23T22:40:00.000Z"},"country":"United Kingdom","OPM":10,"total_sales_volume":1108.329989016056,"rate_of_return":0.1}
{"window":{"start":"2023-10-25T11:11:00.000Z","end":"2023-10-25T11:12:00.000Z"},"country":"United Kingdom","OPM":6,"total_sales_volume":462.84999921917915,"rate_of_return":0.0}
{"window":{"start":"2023-10-24T08:37:00.000Z","end":"2023-10-24T08:38:00.000Z"},"country":"United Kingdom","OPM":11,"total_sales_volume":334.75999653339386,"rate_of_return":0.0}
{"window":{"start":"2023-10-25T21:03:00.000Z","end":"2023-10-25T21:04:00.000Z"},"country":"France","OPM":1,"total_sales_volume":21.390000581741333,"rate_of_return":0.0}
{"window":{"start":"2023-10-23T13:55:00.000Z","end":"2023-10-23T13:56:00.000Z"},"country":"United Kingdom","OPM":11,"total_sales_volume":855.7699924856424,"rate_of_return":0.0}
{"window":{"start":"2023-10-26T06:36:00.000Z","end":"2023-10-26T06:37:00.000Z"},"country":"United Kingdom","OPM":13,"total_sales_volume":1157.3699878156185,"rate_of_return":0.0}
{"window":{"start":"2023-10-28T03:58:00.000Z","end":"2023-10-28T03:59:00.000Z"},"country":"United Kingdom","OPM":11,"total_sales_volume":656.319999307394,"rate_of_return":0.0}
{"window":{"start":"2023-10-26T20:29:00.000Z","end":"2023-10-26T20:30:00.000Z"},"country":"United Kingdom","OPM":8,"total_sales_volume":321.43999791145325,"rate_of_return":0.0}
{"window":{"start":"2023-10-27T17:26:00.000Z","end":"2023-10-27T17:27:00.000Z"},"country":"EIRE","OPM":1,"total_sales_volume":29.149999976158142,"rate_of_return":0.0}
{"window":{"start":"2023-10-24T10:39:00.000Z","end":"2023-10-24T10:40:00.000Z"},"country":"France","OPM":1,"total_sales_volume":7.949999809265137,"rate_of_return":0.0}
{"window":{"start":"2023-10-23T21:56:00.000Z","end":"2023-10-23T21:57:00.000Z"},"country":"France","OPM":1,"total_sales_volume":3.75,"rate_of_return":0.0}
