{"window":{"start":"2023-10-25T16:18:00.000Z","end":"2023-10-25T16:19:00.000Z"},"country":"United Kingdom","OPM":7,"total_sales_volume":850.0499970018864,"rate_of_return":0.0}
{"window":{"start":"2023-10-26T06:51:00.000Z","end":"2023-10-26T06:52:00.000Z"},"country":"United Kingdom","OPM":8,"total_sales_volume":315.3700006008148,"rate_of_return":0.0}
{"window":{"start":"2023-10-28T02:15:00.000Z","end":"2023-10-28T02:16:00.000Z"},"country":"United Kingdom","OPM":11,"total_sales_volume":523.1500017046928,"rate_of_return":0.0}
{"window":{"start":"2023-10-26T18:43:00.000Z","end":"2023-10-26T18:44:00.000Z"},"country":"United Kingdom","OPM":15,"total_sales_volume":1050.2499908208847,"rate_of_return":0.06666666666666667}
{"window":{"start":"2023-10-26T00:22:00.000Z","end":"2023-10-26T00:23:00.000Z"},"country":"United Kingdom","OPM":9,"total_sales_volume":255.72999814152718,"rate_of_return":0.0}
{"window":{"start":"2023-10-26T09:42:00.000Z","end":"2023-10-26T09:43:00.000Z"},"country":"Portugal","OPM":1,"total_sales_volume":32.59999990463257,"rate_of_return":0.0}
{"window":{"start":"2023-10-23T20:22:00.000Z","end":"2023-10-23T20:23:00.000Z"},"country":"Channel Islands","OPM":1,"total_sales_volume":58.39999985694885,"rate_of_return":0.0}
{"window":{"start":"2023-10-25T04:28:00.000Z","end":"2023-10-25T04:29:00.000Z"},"country":"Channel Islands","OPM":1,"total_sales_volume":142.86000037193298,"rate_of_return":0.0}
{"window":{"start":"2023-10-28T03:12:00.000Z","end":"2023-10-28T03:13:00.000Z"},"country":"Germany","OPM":1,"total_sales_volume":36.959999799728394,"rate_of_return":0.0}
{"window":{"start":"2023-10-24T08:09:00.000Z","end":"2023-10-24T08:10:00.000Z"},"country":"United Kingdom","OPM":7,"total_sales_volume":23.100000143051147,"rate_of_return":0.2857142857142857}
{"window":{"start":"2023-10-27T14:09:00.000Z","end":"2023-10-27T14:10:00.000Z"},"country":"Australia","OPM":1,"total_sales_volume":243.47999954223633,"rate_of_return":0.0}
{"window":{"start":"2023-10-23T13:59:00.000Z","end":"2023-10-23T14:00:00.000Z"},"country":"United Kingdom","OPM":10,"total_sales_volume":1444.8200245797634,"rate_of_return":0.0}
{"window":{"start":"2023-10-24T08:20:00.000Z","end":"2023-10-24T08:21:00.000Z"},"country":"Germany","OPM":1,"total_sales_volume":107.23000085353851,"rate_of_return":0.0}
{"window":{"start":"2023-10-24T04:32:00.000Z","end":"2023-10-24T04:33:00.000Z"},"country":"United Kingdom","OPM":13,"total_sales_volume":1523.1900160312653,"rate_of_return":0.0}
{"window":{"start":"2023-10-25T19:28:00.000Z","end":"2023-10-25T19:29:00.000Z"},"country":"United Kingdom","OPM":13,"total_sales_volume":206.31999617815018,"rate_of_return":0.23076923076923078}
{"window":{"start":"2023-10-23T23:56:00.000Z","end":"2023-10-23T23:57:00.000Z"},"country":"Germany","OPM":2,"total_sales_volume":51.459999322891235,"rate_of_return":0.0}
{"window":{"start":"2023-10-25T18:28:00.000Z","end":"2023-10-25T18:29:00.000Z"},"country":"United Kingdom","OPM":9,"total_sales_volume":387.3799940943718,"rate_of_return":0.0}
{"window":{"start":"2023-10-23T12:11:00.000Z","end":"2023-10-23T12:12:00.000Z"},"country":"EIRE","OPM":1,"total_sales_volume":6.299999713897705,"rate_of_return":0.0}
{"window":{"start":"2023-10-26T09:27:00.000Z","end":"2023-10-26T09:28:00.000Z"},"country":"EIRE","OPM":1,"total_sales_volume":34.38999938964844,"rate_of_return":0.0}
{"window":{"start":"2023-10-24T07:48:00.000Z","end":"2023-10-24T07:49:00.000Z"},"country":"France","OPM":1,"total_sales_volume":58.54999911785126,"rate_of_return":0.0}
{"window":{"start":"2023-10-28T03:28:00.000Z","end":"2023-10-28T03:29:00.000Z"},"country":"United Kingdom","OPM":13,"total_sales_volume":1711.1499646902084,"rate_of_return":0.0}
{"window":{"start":"2023-10-24T01:24:00.000Z","end":"2023-10-24T01:25:00.000Z"},"country":"Portugal","OPM":1,"total_sales_volume":21.539999961853027,"rate_of_return":0.0}
{"window":{"start":"2023-10-25T05:48:00.000Z","end":"2023-10-25T05:49:00.000Z"},"country":"United Kingdom","OPM":6,"total_sales_volume":160.07000151276588,"rate_of_return":0.0}
{"window":{"start":"2023-10-25T10:15:00.000Z","end":"2023-10-25T10:16:00.000Z"},"country":"United Kingdom","OPM":17,"total_sales_volume":1860.3699941933155,"rate_of_return":0.0}
{"window":{"start":"2023-10-25T00:25:00.000Z","end":"2023-10-25T00:26:00.000Z"},"country":"United Kingdom","OPM":4,"total_sales_volume":86.04000008106232,"rate_of_return":0.25}
{"window":{"start":"2023-10-25T06:51:00.000Z","end":"2023-10-25T06:52:00.000Z"},"country":"France","OPM":1,"total_sales_volume":14.149999976158142,"rate_of_return":0.0}
{"window":{"start":"2023-10-27T04:41:00.000Z","end":"2023-10-27T04:42:00.000Z"},"country":"United Kingdom","OPM":8,"total_sales_volume":418.66999730467796,"rate_of_return":0.0}
{"window":{"start":"2023-10-24T02:07:00.000Z","end":"2023-10-24T02:08:00.000Z"},"country":"United Kingdom","OPM":3,"total_sales_volume":40.32999920845032,"rate_of_return":0.0}
{"window":{"start":"2023-10-26T10:04:00.000Z","end":"2023-10-26T10:05:00.000Z"},"country":"United Kingdom","OPM":11,"total_sales_volume":1461.569975964725,"rate_of_return":0.0}
{"window":{"start":"2023-10-24T08:48:00.000Z","end":"2023-10-24T08:49:00.000Z"},"country":"United Kingdom","OPM":8,"total_sales_volume":550.7399963736534,"rate_of_return":0.0}
{"window":{"start":"2023-10-24T09:31:00.000Z","end":"2023-10-24T09:32:00.000Z"},"country":"United Kingdom","OPM":7,"total_sales_volume":143.66999912261963,"rate_of_return":0.0}
{"window":{"start":"2023-10-24T01:21:00.000Z","end":"2023-10-24T01:22:00.000Z"},"country":"Switzerland","OPM":1,"total_sales_volume":11.990000069141388,"rate_of_return":0.0}
{"window":{"start":"2023-10-25T12:20:00.000Z","end":"2023-10-25T12:21:00.000Z"},"country":"United Kingdom","OPM":11,"total_sales_volume":395.6799966096878,"rate_of_return":0.09090909090909091}
{"window":{"start":"2023-10-25T18:25:00.000Z","end":"2023-10-25T18:26:00.000Z"},"country":"United Kingdom","OPM":16,"total_sales_volume":1012.9199927151203,"rate_of_return":0.0625}
{"window":{"start":"2023-10-26T02:02:00.000Z","end":"2023-10-26T02:03:00.000Z"},"country":"United Kingdom","OPM":12,"total_sales_volume":848.6100061535835,"rate_of_return":0.0}
{"window":{"start":"2023-10-25T20:58:00.000Z","end":"2023-10-25T20:59:00.000Z"},"country":"Belgium","OPM":1,"total_sales_volume":53.79999941587448,"rate_of_return":0.0}
{"window":{"start":"2023-10-27T20:15:00.000Z","end":"2023-10-27T20:16:00.000Z"},"country":"United Kingdom","OPM":12,"total_sales_volume":2.92999729514122,"rate_of_return":0.08333333333333333}
{"window":{"start":"2023-10-25T14:00:00.000Z","end":"2023-10-25T14:01:00.000Z"},"country":"United Kingdom","OPM":4,"total_sales_volume":146.24000146985054,"rate_of_return":0.0}
{"window":{"start":"2023-10-28T00:06:00.000Z","end":"2023-10-28T00:07:00.000Z"},"country":"Denmark","OPM":1,"total_sales_volume":216.16999793052673,"rate_of_return":0.0}
{"window":{"start":"2023-10-24T16:59:00.000Z","end":"2023-10-24T17:00:00.000Z"},"country":"United Kingdom","OPM":11,"total_sales_volume":1094.8099936544895,"rate_of_return":0.0}
{"window":{"start":"2023-10-24T13:52:00.000Z","end":"2023-10-24T13:53:00.000Z"},"country":"United Kingdom","OPM":8,"total_sales_volume":700.5999867022038,"rate_of_return":0.125}
{"window":{"start":"2023-10-25T09:49:00.000Z","end":"2023-10-25T09:50:00.000Z"},"country":"United Kingdom","OPM":11,"total_sales_volume":467.62999072670937,"rate_of_return":0.0}
{"window":{"start":"2023-10-26T03:42:00.000Z","end":"2023-10-26T03:43:00.000Z"},"country":"France","OPM":1,"total_sales_volume":2.549999952316284,"rate_of_return":0.0}
{"window":{"start":"2023-10-27T12:49:00.000Z","end":"2023-10-27T12:50:00.000Z"},"country":"United Kingdom","OPM":8,"total_sales_volume":597.269994020462,"rate_of_return":0.0}
{"window":{"start":"2023-10-24T04:51:00.000Z","end":"2023-10-24T04:52:00.000Z"},"country":"Portugal","OPM":1,"total_sales_volume":171.4900016784668,"rate_of_return":0.0}
{"window":{"start":"2023-10-24T01:04:00.000Z","end":"2023-10-24T01:05:00.000Z"},"country":"United Kingdom","OPM":5,"total_sales_volume":278.61999982595444,"rate_of_return":0.2}
{"window":{"start":"2023-10-26T22:44:00.000Z","end":"2023-10-26T22:45:00.000Z"},"country":"Germany","OPM":1,"total_sales_volume":-49.91999959945679,"rate_of_return":1.0}
{"window":{"start":"2023-10-27T07:52:00.000Z","end":"2023-10-27T07:53:00.000Z"},"country":"EIRE","OPM":1,"total_sales_volume":8.300000190734863,"rate_of_return":0.0}
{"window":{"start":"2023-10-27T09:40:00.000Z","end":"2023-10-27T09:41:00.000Z"},"country":"EIRE","OPM":1,"total_sales_volume":40.49999952316284,"rate_of_return":0.0}
{"window":{"start":"2023-10-27T11:07:00.000Z","end":"2023-10-27T11:08:00.000Z"},"country":"United Kingdom","OPM":3,"total_sales_volume":333.4700057506561,"rate_of_return":0.0}
{"window":{"start":"2023-10-28T00:34:00.000Z","end":"2023-10-28T00:35:00.000Z"},"country":"United Kingdom","OPM":17,"total_sales_volume":1224.589999616146,"rate_of_return":0.0}
{"window":{"start":"2023-10-26T07:21:00.000Z","end":"2023-10-26T07:22:00.000Z"},"country":"Italy","OPM":1,"total_sales_volume":74.69999885559082,"rate_of_return":0.0}
{"window":{"start":"2023-10-24T03:11:00.000Z","end":"2023-10-24T03:12:00.000Z"},"country":"United Kingdom","OPM":9,"total_sales_volume":1388.420027822256,"rate_of_return":0.0}
{"window":{"start":"2023-10-27T06:18:00.000Z","end":"2023-10-27T06:19:00.000Z"},"country":"United Kingdom","OPM":11,"total_sales_volume":559.9899958968163,"rate_of_return":0.0}
{"window":{"start":"2023-10-27T18:41:00.000Z","end":"2023-10-27T18:42:00.000Z"},"country":"United Kingdom","OPM":13,"total_sales_volume":402.95000037550926,"rate_of_return":0.0}
{"window":{"start":"2023-10-27T09:06:00.000Z","end":"2023-10-27T09:07:00.000Z"},"country":"Italy","OPM":1,"total_sales_volume":900.0,"rate_of_return":0.0}
{"window":{"start":"2023-10-23T18:43:00.000Z","end":"2023-10-23T18:44:00.000Z"},"country":"France","OPM":1,"total_sales_volume":93.49000155925751,"rate_of_return":0.0}
{"window":{"start":"2023-10-25T19:12:00.000Z","end":"2023-10-25T19:13:00.000Z"},"country":"United Kingdom","OPM":7,"total_sales_volume":263.5899966061115,"rate_of_return":0.0}
{"window":{"start":"2023-10-24T14:53:00.000Z","end":"2023-10-24T14:54:00.000Z"},"country":"Denmark","OPM":1,"total_sales_volume":-106.84999990463257,"rate_of_return":1.0}
{"window":{"start":"2023-10-28T01:24:00.000Z","end":"2023-10-28T01:25:00.000Z"},"country":"United Kingdom","OPM":8,"total_sales_volume":178.16999989748,"rate_of_return":0.125}
{"window":{"start":"2023-10-25T14:59:00.000Z","end":"2023-10-25T15:00:00.000Z"},"country":"EIRE","OPM":1,"total_sales_volume":108.36999952793121,"rate_of_return":0.0}
{"window":{"start":"2023-10-27T03:06:00.000Z","end":"2023-10-27T03:07:00.000Z"},"country":"EIRE","OPM":1,"total_sales_volume":18.060000121593475,"rate_of_return":0.0}
{"window":{"start":"2023-10-24T10:58:00.000Z","end":"2023-10-24T10:59:00.000Z"},"country":"Germany","OPM":1,"total_sales_volume":10.499999672174454,"rate_of_return":0.0}
{"window":{"start":"2023-10-27T06:18:00.000Z","end":"2023-10-27T06:19:00.000Z"},"country":"Australia","OPM":1,"total_sales_volume":113.4399982392788,"rate_of_return":0.0}
{"window":{"start":"2023-10-26T10:55:00.000Z","end":"2023-10-26T10:56:00.000Z"},"country":"Germany","OPM":1,"total_sales_volume":26.90999984741211,"rate_of_return":0.0}
{"window":{"start":"2023-10-27T23:21:00.000Z","end":"2023-10-27T23:22:00.000Z"},"country":"United Kingdom","OPM":8,"total_sales_volume":560.5799939930439,"rate_of_return":0.0}
{"window":{"start":"2023-10-24T00:51:00.000Z","end":"2023-10-24T00:52:00.000Z"},"country":"EIRE","OPM":1,"total_sales_volume":24.169999599456787,"rate_of_return":0.0}
{"window":{"start":"2023-10-25T09:30:00.000Z","end":"2023-10-25T09:31:00.000Z"},"country":"Norway","OPM":1,"total_sales_volume":75.12999761104584,"rate_of_return":0.0}
{"window":{"start":"2023-10-27T22:10:00.000Z","end":"2023-10-27T22:11:00.000Z"},"country":"United Kingdom","OPM":6,"total_sales_volume":96.54999867081642,"rate_of_return":0.16666666666666666}
{"window":{"start":"2023-10-27T04:39:00.000Z","end":"2023-10-27T04:40:00.000Z"},"country":"United Kingdom","OPM":12,"total_sales_volume":636.6199913918972,"rate_of_return":0.08333333333333333}
{"window":{"start":"2023-10-25T22:36:00.000Z","end":"2023-10-25T22:37:00.000Z"},"country":"United Kingdom","OPM":3,"total_sales_volume":12.990000188350677,"rate_of_return":0.0}
{"window":{"start":"2023-10-25T13:36:00.000Z","end":"2023-10-25T13:37:00.000Z"},"country":"United Kingdom","OPM":9,"total_sales_volume":350.43000078201294,"rate_of_return":0.1111111111111111}
