{"window":{"start":"2023-10-26T15:07:00.000Z","end":"2023-10-26T15:08:00.000Z"},"country":"Spain","OPM":1,"total_sales_volume":11.920000076293945,"rate_of_return":0.0}
{"window":{"start":"2023-10-26T02:53:00.000Z","end":"2023-10-26T02:54:00.000Z"},"country":"EIRE","OPM":1,"total_sales_volume":40.639999866485596,"rate_of_return":0.0}
{"window":{"start":"2023-10-25T08:39:00.000Z","end":"2023-10-25T08:40:00.000Z"},"country":"United Kingdom","OPM":8,"total_sales_volume":547.8400005400181,"rate_of_return":0.0}
{"window":{"start":"2023-10-27T15:46:00.000Z","end":"2023-10-27T15:47:00.000Z"},"country":"United Kingdom","OPM":12,"total_sales_volume":215.0200051665306,"rate_of_return":0.25}
{"window":{"start":"2023-10-24T15:24:00.000Z","end":"2023-10-24T15:25:00.000Z"},"country":"EIRE","OPM":1,"total_sales_volume":1.6500000357627869,"rate_of_return":0.0}
{"window":{"start":"2023-10-27T04:05:00.000Z","end":"2023-10-27T04:06:00.000Z"},"country":"United Kingdom","OPM":9,"total_sales_volume":541.2199939489365,"rate_of_return":0.0}
{"window":{"start":"2023-10-27T17:53:00.000Z","end":"2023-10-27T17:54:00.000Z"},"country":"United Kingdom","OPM":9,"total_sales_volume":355.09000131487846,"rate_of_return":0.0}
{"window":{"start":"2023-10-28T02:41:00.000Z","end":"2023-10-28T02:42:00.000Z"},"country":"United Kingdom","OPM":8,"total_sales_volume":458.09998911619186,"rate_of_return":0.0}
{"window":{"start":"2023-10-24T01:16:00.000Z","end":"2023-10-24T01:17:00.000Z"},"country":"United Kingdom","OPM":10,"total_sales_volume":1010.0999892950058,"rate_of_return":0.1}
{"window":{"start":"2023-10-24T22:49:00.000Z","end":"2023-10-24T22:50:00.000Z"},"country":"Germany","OPM":1,"total_sales_volume":52.14000153541565,"rate_of_return":0.0}
{"window":{"start":"2023-10-24T06:46:00.000Z","end":"2023-10-24T06:47:00.000Z"},"country":"Cyprus","OPM":1,"total_sales_volume":353.1000038385391,"rate_of_return":0.0}
{"window":{"start":"2023-10-23T14:52:00.000Z","end":"2023-10-23T14:53:00.000Z"},"country":"United Kingdom","OPM":13,"total_sales_volume":857.0700027048588,"rate_of_return":0.07692307692307693}
{"window":{"start":"2023-10-27T08:51:00.000Z","end":"2023-10-27T08:52:00.000Z"},"country":"Germany","OPM":1,"total_sales_volume":4.159999966621399,"rate_of_return":0.0}
{"window":{"start":"2023-10-26T02:40:00.000Z","end":"2023-10-26T02:41:00.000Z"},"country":"France","OPM":1,"total_sales_volume":-26.549999594688416,"rate_of_return":1.0}
{"window":{"start":"2023-10-27T01:52:00.000Z","end":"2023-10-27T01:53:00.000Z"},"country":"United Kingdom","OPM":10,"total_sales_volume":225.9999978840351,"rate_of_return":0.0}
{"window":{"start":"2023-10-26T06:01:00.000Z","end":"2023-10-26T06:02:00.000Z"},"country":"France","OPM":1,"total_sales_volume":-53.05999934673309,"rate_of_return":1.0}
{"window":{"start":"2023-10-24T20:45:00.000Z","end":"2023-10-24T20:46:00.000Z"},"country":"France","OPM":1,"total_sales_volume":92.36999750137329,"rate_of_return":0.0}
{"window":{"start":"2023-10-26T21:13:00.000Z","end":"2023-10-26T21:14:00.000Z"},"country":"United Kingdom","OPM":7,"total_sales_volume":357.7200009524822,"rate_of_return":0.0}
{"window":{"start":"2023-10-23T19:40:00.000Z","end":"2023-10-23T19:41:00.000Z"},"country":"Australia","OPM":1,"total_sales_volume":7.419999957084656,"rate_of_return":0.0}
{"window":{"start":"2023-10-26T04:23:00.000Z","end":"2023-10-26T04:24:00.000Z"},"country":"Netherlands","OPM":1,"total_sales_volume":1.7000000476837158,"rate_of_return":0.0}
{"window":{"start":"2023-10-25T08:52:00.000Z","end":"2023-10-25T08:53:00.000Z"},"country":"EIRE","OPM":1,"total_sales_volume":9.730000019073486,"rate_of_return":0.0}
{"window":{"start":"2023-10-26T06:09:00.000Z","end":"2023-10-26T06:10:00.000Z"},"country":"Austria","OPM":1,"total_sales_volume":85.24999916553497,"rate_of_return":0.0}
{"window":{"start":"2023-10-25T17:34:00.000Z","end":"2023-10-25T17:35:00.000Z"},"country":"France","OPM":2,"total_sales_volume":136.41999983787537,"rate_of_return":0.0}
{"window":{"start":"2023-10-24T05:25:00.000Z","end":"2023-10-24T05:26:00.000Z"},"country":"France","OPM":1,"total_sales_volume":34.149999141693115,"rate_of_return":0.0}
{"window":{"start":"2023-10-24T18:05:00.000Z","end":"2023-10-24T18:06:00.000Z"},"country":"Portugal","OPM":1,"total_sales_volume":118.6600022315979,"rate_of_return":0.0}
{"window":{"start":"2023-10-23T23:58:00.000Z","end":"2023-10-23T23:59:00.000Z"},"country":"Finland","OPM":1,"total_sales_volume":29.69999885559082,"rate_of_return":0.0}
{"window":{"start":"2023-10-23T19:01:00.000Z","end":"2023-10-23T19:02:00.000Z"},"country":"United Kingdom","OPM":6,"total_sales_volume":91.05000132322311,"rate_of_return":0.16666666666666666}
{"window":{"start":"2023-10-24T11:36:00.000Z","end":"2023-10-24T11:37:00.000Z"},"country":"United Kingdom","OPM":7,"total_sales_volume":444.2699948847294,"rate_of_return":0.0}
{"window":{"start":"2023-10-28T04:43:00.000Z","end":"2023-10-28T04:44:00.000Z"},"country":"France","OPM":1,"total_sales_volume":7.460000038146973,"rate_of_return":0.0}
{"window":{"start":"2023-10-25T10:42:00.000Z","end":"2023-10-25T10:43:00.000Z"},"country":"United Kingdom","OPM":8,"total_sales_volume":132.3600020557642,"rate_of_return":0.125}
{"window":{"start":"2023-10-27T09:01:00.000Z","end":"2023-10-27T09:02:00.000Z"},"country":"Switzerland","OPM":1,"total_sales_volume":-6.75,"rate_of_return":1.0}
{"window":{"start":"2023-10-27T22:17:00.000Z","end":"2023-10-27T22:18:00.000Z"},"country":"United Kingdom","OPM":3,"total_sales_volume":54.82000136375427,"rate_of_return":0.0}
{"window":{"start":"2023-10-25T13:34:00.000Z","end":"2023-10-25T13:35:00.000Z"},"country":"Denmark","OPM":1,"total_sales_volume":62.40000057220459,"rate_of_return":0.0}
{"window":{"start":"2023-10-26T14:05:00.000Z","end":"2023-10-26T14:06:00.000Z"},"country":"Singapore","OPM":1,"total_sales_volume":31.06999945640564,"rate_of_return":0.0}
{"window":{"start":"2023-10-25T18:58:00.000Z","end":"2023-10-25T18:59:00.000Z"},"country":"Finland","OPM":1,"total_sales_volume":73.27999818325043,"rate_of_return":0.0}
{"window":{"start":"2023-10-25T19:58:00.000Z","end":"2023-10-25T19:59:00.000Z"},"country":"Unspecified","OPM":1,"total_sales_volume":17.700000286102295,"rate_of_return":0.0}
{"window":{"start":"2023-10-25T03:42:00.000Z","end":"2023-10-25T03:43:00.000Z"},"country":"Germany","OPM":1,"total_sales_volume":43.44999957084656,"rate_of_return":0.0}
{"window":{"start":"2023-10-25T11:48:00.000Z","end":"2023-10-25T11:49:00.000Z"},"country":"United Kingdom","OPM":10,"total_sales_volume":2095.539966247976,"rate_of_return":0.1}
{"window":{"start":"2023-10-25T12:06:00.000Z","end":"2023-10-25T12:07:00.000Z"},"country":"United Kingdom","OPM":10,"total_sales_volume":304.12999984622,"rate_of_return":0.0}
{"window":{"start":"2023-10-25T01:50:00.000Z","end":"2023-10-25T01:51:00.000Z"},"country":"Spain","OPM":1,"total_sales_volume":215.5400052666664,"rate_of_return":0.0}
{"window":{"start":"2023-10-28T02:57:00.000Z","end":"2023-10-28T02:58:00.000Z"},"country":"Portugal","OPM":1,"total_sales_volume":73.37999975681305,"rate_of_return":0.0}
{"window":{"start":"2023-10-25T20:13:00.000Z","end":"2023-10-25T20:14:00.000Z"},"country":"United Kingdom","OPM":9,"total_sales_volume":311.31999868154526,"rate_of_return":0.3333333333333333}
{"window":{"start":"2023-10-28T05:32:00.000Z","end":"2023-10-28T05:33:00.000Z"},"country":"Channel Islands","OPM":1,"total_sales_volume":83.87000167369843,"rate_of_return":0.0}
{"window":{"start":"2023-10-23T15:52:00.000Z","end":"2023-10-23T15:53:00.000Z"},"country":"United Kingdom","OPM":9,"total_sales_volume":441.009998857975,"rate_of_return":0.0}
{"window":{"start":"2023-10-25T02:59:00.000Z","end":"2023-10-25T03:00:00.000Z"},"country":"Netherlands","OPM":1,"total_sales_volume":94.37000107765198,"rate_of_return":0.0}
{"window":{"start":"2023-10-26T15:59:00.000Z","end":"2023-10-26T16:00:00.000Z"},"country":"United Kingdom","OPM":14,"total_sales_volume":875.1800001561642,"rate_of_return":0.0}
{"window":{"start":"2023-10-27T10:51:00.000Z","end":"2023-10-27T10:52:00.000Z"},"country":"United Kingdom","OPM":13,"total_sales_volume":811.429999858141,"rate_of_return":0.0}
{"window":{"start":"2023-10-26T10:00:00.000Z","end":"2023-10-26T10:01:00.000Z"},"country":"United Kingdom","OPM":8,"total_sales_volume":493.2499977350235,"rate_of_return":0.0}
{"window":{"start":"2023-10-27T06:50:00.000Z","end":"2023-10-27T06:51:00.000Z"},"country":"Germany","OPM":1,"total_sales_volume":71.43999969959259,"rate_of_return":0.0}
{"window":{"start":"2023-10-24T14:34:00.000Z","end":"2023-10-24T14:35:00.000Z"},"country":"United Kingdom","OPM":16,"total_sales_volume":-1207.5000458359718,"rate_of_return":0.0625}
{"window":{"start":"2023-10-24T18:33:00.000Z","end":"2023-10-24T18:34:00.000Z"},"country":"Germany","OPM":1,"total_sales_volume":2508.0,"rate_of_return":0.0}
{"window":{"start":"2023-10-25T15:34:00.000Z","end":"2023-10-25T15:35:00.000Z"},"country":"EIRE","OPM":1,"total_sales_volume":27.0,"rate_of_return":0.0}
{"window":{"start":"2023-10-24T16:11:00.000Z","end":"2023-10-24T16:12:00.000Z"},"country":"Germany","OPM":1,"total_sales_volume":58.78999948501587,"rate_of_return":0.0}
{"window":{"start":"2023-10-28T01:09:00.000Z","end":"2023-10-28T01:10:00.000Z"},"country":"Germany","OPM":1,"total_sales_volume":31.35999870300293,"rate_of_return":0.0}
{"window":{"start":"2023-10-25T14:18:00.000Z","end":"2023-10-25T14:19:00.000Z"},"country":"Switzerland","OPM":1,"total_sales_volume":100.7099997997284,"rate_of_return":0.0}
{"window":{"start":"2023-10-27T00:35:00.000Z","end":"2023-10-27T00:36:00.000Z"},"country":"United Kingdom","OPM":11,"total_sales_volume":447.8799965977669,"rate_of_return":0.09090909090909091}
{"window":{"start":"2023-10-27T13:33:00.000Z","end":"2023-10-27T13:34:00.000Z"},"country":"United Kingdom","OPM":5,"total_sales_volume":85.09999912977219,"rate_of_return":0.2}
{"window":{"start":"2023-10-27T02:54:00.000Z","end":"2023-10-27T02:55:00.000Z"},"country":"United Kingdom","OPM":13,"total_sales_volume":637.3699969351292,"rate_of_return":0.0}
{"window":{"start":"2023-10-27T06:50:00.000Z","end":"2023-10-27T06:51:00.000Z"},"country":"United Kingdom","OPM":12,"total_sales_volume":202.73999971151352,"rate_of_return":0.08333333333333333}
{"window":{"start":"2023-10-27T20:19:00.000Z","end":"2023-10-27T20:20:00.000Z"},"country":"United Kingdom","OPM":4,"total_sales_volume":102.15999948978424,"rate_of_return":0.0}
{"window":{"start":"2023-10-27T06:55:00.000Z","end":"2023-10-27T06:56:00.000Z"},"country":"EIRE","OPM":1,"total_sales_volume":89.09999656677246,"rate_of_return":0.0}
{"window":{"start":"2023-10-25T15:58:00.000Z","end":"2023-10-25T15:59:00.000Z"},"country":"United Kingdom","OPM":9,"total_sales_volume":260.02000081539154,"rate_of_return":0.0}
{"window":{"start":"2023-10-27T12:36:00.000Z","end":"2023-10-27T12:37:00.000Z"},"country":"United Kingdom","OPM":11,"total_sales_volume":649.9299947731197,"rate_of_return":0.09090909090909091}
{"window":{"start":"2023-10-24T20:10:00.000Z","end":"2023-10-24T20:11:00.000Z"},"country":"Germany","OPM":1,"total_sales_volume":73.24999964237213,"rate_of_return":0.0}
{"window":{"start":"2023-10-24T11:59:00.000Z","end":"2023-10-24T12:00:00.000Z"},"country":"United Kingdom","OPM":10,"total_sales_volume":731.1299955546856,"rate_of_return":0.0}
{"window":{"start":"2023-10-27T00:40:00.000Z","end":"2023-10-27T00:41:00.000Z"},"country":"EIRE","OPM":1,"total_sales_volume":75.51000022888184,"rate_of_return":0.0}
{"window":{"start":"2023-10-26T06:37:00.000Z","end":"2023-10-26T06:38:00.000Z"},"country":"United Kingdom","OPM":8,"total_sales_volume":369.01999002695084,"rate_of_return":0.25}
{"window":{"start":"2023-10-27T05:14:00.000Z","end":"2023-10-27T05:15:00.000Z"},"country":"United Kingdom","OPM":12,"total_sales_volume":504.2399918437004,"rate_of_return":0.08333333333333333}
{"window":{"start":"2023-10-28T00:48:00.000Z","end":"2023-10-28T00:49:00.000Z"},"country":"Germany","OPM":1,"total_sales_volume":2.0799999237060547,"rate_of_return":0.0}
{"window":{"start":"2023-10-25T13:32:00.000Z","end":"2023-10-25T13:33:00.000Z"},"country":"France","OPM":1,"total_sales_volume":92.69999837875366,"rate_of_return":0.0}
