{"window":{"start":"2023-10-25T04:55:00.000Z","end":"2023-10-25T04:56:00.000Z"},"country":"Sweden","OPM":1,"total_sales_volume":24.65999937057495,"rate_of_return":0.0}
{"window":{"start":"2023-10-26T16:21:00.000Z","end":"2023-10-26T16:22:00.000Z"},"country":"Australia","OPM":1,"total_sales_volume":62.28999924659729,"rate_of_return":0.0}
{"window":{"start":"2023-10-25T16:43:00.000Z","end":"2023-10-25T16:44:00.000Z"},"country":"United Kingdom","OPM":7,"total_sales_volume":434.0900000631809,"rate_of_return":0.0}
{"window":{"start":"2023-10-26T07:07:00.000Z","end":"2023-10-26T07:08:00.000Z"},"country":"France","OPM":1,"total_sales_volume":26.65000009536743,"rate_of_return":0.0}
{"window":{"start":"2023-10-27T01:38:00.000Z","end":"2023-10-27T01:39:00.000Z"},"country":"United Kingdom","OPM":11,"total_sales_volume":296.85999946296215,"rate_of_return":0.09090909090909091}
{"window":{"start":"2023-10-25T19:41:00.000Z","end":"2023-10-25T19:42:00.000Z"},"country":"United Kingdom","OPM":15,"total_sales_volume":345.8099967688322,"rate_of_return":0.13333333333333333}
{"window":{"start":"2023-10-24T12:23:00.000Z","end":"2023-10-24T12:24:00.000Z"},"country":"United Kingdom","OPM":15,"total_sales_volume":1080.6899980902672,"rate_of_return":0.06666666666666667}
{"window":{"start":"2023-10-25T19:48:00.000Z","end":"2023-10-25T19:49:00.000Z"},"country":"United Kingdom","OPM":8,"total_sales_volume":868.3999812304974,"rate_of_return":0.0}
{"window":{"start":"2023-10-24T12:22:00.000Z","end":"2023-10-24T12:23:00.000Z"},"country":"United Kingdom","OPM":12,"total_sales_volume":544.089988142252,"rate_of_return":0.0}
{"window":{"start":"2023-10-26T21:00:00.000Z","end":"2023-10-26T21:01:00.000Z"},"country":"United Kingdom","OPM":14,"total_sales_volume":664.0300005674362,"rate_of_return":0.07142857142857142}
{"window":{"start":"2023-10-27T18:31:00.000Z","end":"2023-10-27T18:32:00.000Z"},"country":"United Kingdom","OPM":12,"total_sales_volume":439.04999762773514,"rate_of_return":0.0}
{"window":{"start":"2023-10-26T02:11:00.000Z","end":"2023-10-26T02:12:00.000Z"},"country":"EIRE","OPM":1,"total_sales_volume":9.039999842643738,"rate_of_return":0.0}
{"window":{"start":"2023-10-27T23:26:00.000Z","end":"2023-10-27T23:27:00.000Z"},"country":"Germany","OPM":1,"total_sales_volume":85.85999861359596,"rate_of_return":0.0}
{"window":{"start":"2023-10-25T01:38:00.000Z","end":"2023-10-25T01:39:00.000Z"},"country":"United Kingdom","OPM":5,"total_sales_volume":115.45999932289124,"rate_of_return":0.0}
{"window":{"start":"2023-10-28T02:20:00.000Z","end":"2023-10-28T02:21:00.000Z"},"country":"United Kingdom","OPM":8,"total_sales_volume":521.5500006377697,"rate_of_return":0.0}
{"window":{"start":"2023-10-24T01:04:00.000Z","end":"2023-10-24T01:05:00.000Z"},"country":"France","OPM":1,"total_sales_volume":90.0,"rate_of_return":0.0}
{"window":{"start":"2023-10-27T11:48:00.000Z","end":"2023-10-27T11:49:00.000Z"},"country":"EIRE","OPM":1,"total_sales_volume":33.21999853849411,"rate_of_return":0.0}
{"window":{"start":"2023-10-25T09:12:00.000Z","end":"2023-10-25T09:13:00.000Z"},"country":"Germany","OPM":1,"total_sales_volume":90.59999752044678,"rate_of_return":0.0}
{"window":{"start":"2023-10-25T05:40:00.000Z","end":"2023-10-25T05:41:00.000Z"},"country":"United Kingdom","OPM":13,"total_sales_volume":642.7199963331223,"rate_of_return":0.0}
{"window":{"start":"2023-10-25T21:23:00.000Z","end":"2023-10-25T21:24:00.000Z"},"country":"France","OPM":1,"total_sales_volume":53.52999821305275,"rate_of_return":0.0}
{"window":{"start":"2023-10-27T21:24:00.000Z","end":"2023-10-27T21:25:00.000Z"},"country":"Netherlands","OPM":1,"total_sales_volume":8.67000013589859,"rate_of_return":0.0}
{"window":{"start":"2023-10-24T12:59:00.000Z","end":"2023-10-24T13:00:00.000Z"},"country":"United Kingdom","OPM":14,"total_sales_volume":955.4399821162224,"rate_of_return":0.0}
{"window":{"start":"2023-10-23T22:44:00.000Z","end":"2023-10-23T22:45:00.000Z"},"country":"United Kingdom","OPM":5,"total_sales_volume":130.88999798893929,"rate_of_return":0.0}
{"window":{"start":"2023-10-24T11:13:00.000Z","end":"2023-10-24T11:14:00.000Z"},"country":"Unspecified","OPM":1,"total_sales_volume":156.75999562442303,"rate_of_return":0.0}
{"window":{"start":"2023-10-26T22:55:00.000Z","end":"2023-10-26T22:56:00.000Z"},"country":"United Kingdom","OPM":8,"total_sales_volume":476.5299918651581,"rate_of_return":0.125}
{"window":{"start":"2023-10-26T03:01:00.000Z","end":"2023-10-26T03:02:00.000Z"},"country":"United Kingdom","OPM":4,"total_sales_volume":42.209999442100525,"rate_of_return":0.0}
{"window":{"start":"2023-10-24T02:55:00.000Z","end":"2023-10-24T02:56:00.000Z"},"country":"France","OPM":2,"total_sales_volume":131.2699996829033,"rate_of_return":0.0}
{"window":{"start":"2023-10-25T14:57:00.000Z","end":"2023-10-25T14:58:00.000Z"},"country":"United Kingdom","OPM":14,"total_sales_volume":922.6400045752525,"rate_of_return":0.0}
{"window":{"start":"2023-10-23T21:55:00.000Z","end":"2023-10-23T21:56:00.000Z"},"country":"United Kingdom","OPM":7,"total_sales_volume":334.7200009524822,"rate_of_return":0.14285714285714285}
{"window":{"start":"2023-10-23T21:18:00.000Z","end":"2023-10-23T21:19:00.000Z"},"country":"United Kingdom","OPM":12,"total_sales_volume":1089.860008329153,"rate_of_return":0.08333333333333333}
{"window":{"start":"2023-10-25T19:45:00.000Z","end":"2023-10-25T19:46:00.000Z"},"country":"United Kingdom","OPM":16,"total_sales_volume":343.78001230955124,"rate_of_return":0.125}
{"window":{"start":"2023-10-24T17:58:00.000Z","end":"2023-10-24T17:59:00.000Z"},"country":"EIRE","OPM":1,"total_sales_volume":344.70999455451965,"rate_of_return":0.0}
{"window":{"start":"2023-10-25T10:20:00.000Z","end":"2023-10-25T10:21:00.000Z"},"country":"France","OPM":1,"total_sales_volume":45.16999959945679,"rate_of_return":0.0}
{"window":{"start":"2023-10-26T15:36:00.000Z","end":"2023-10-26T15:37:00.000Z"},"country":"EIRE","OPM":1,"total_sales_volume":28.500000476837158,"rate_of_return":0.0}
{"window":{"start":"2023-10-25T15:19:00.000Z","end":"2023-10-25T15:20:00.000Z"},"country":"EIRE","OPM":1,"total_sales_volume":35.36000084877014,"rate_of_return":0.0}
{"window":{"start":"2023-10-25T13:15:00.000Z","end":"2023-10-25T13:16:00.000Z"},"country":"Netherlands","OPM":1,"total_sales_volume":34.0,"rate_of_return":0.0}
{"window":{"start":"2023-10-25T06:25:00.000Z","end":"2023-10-25T06:26:00.000Z"},"country":"France","OPM":1,"total_sales_volume":17.700000286102295,"rate_of_return":0.0}
{"window":{"start":"2023-10-27T17:35:00.000Z","end":"2023-10-27T17:36:00.000Z"},"country":"Germany","OPM":1,"total_sales_volume":38.109999656677246,"rate_of_return":0.0}
{"window":{"start":"2023-10-26T09:24:00.000Z","end":"2023-10-26T09:25:00.000Z"},"country":"United Kingdom","OPM":13,"total_sales_volume":594.5999923348427,"rate_of_return":0.07692307692307693}
{"window":{"start":"2023-10-25T14:27:00.000Z","end":"2023-10-25T14:28:00.000Z"},"country":"Germany","OPM":1,"total_sales_volume":72.66000038385391,"rate_of_return":0.0}
{"window":{"start":"2023-10-26T04:59:00.000Z","end":"2023-10-26T05:00:00.000Z"},"country":"France","OPM":1,"total_sales_volume":91.00000071525574,"rate_of_return":0.0}
{"window":{"start":"2023-10-25T01:43:00.000Z","end":"2023-10-25T01:44:00.000Z"},"country":"United Kingdom","OPM":14,"total_sales_volume":339.73999640345573,"rate_of_return":0.07142857142857142}
{"window":{"start":"2023-10-25T07:33:00.000Z","end":"2023-10-25T07:34:00.000Z"},"country":"EIRE","OPM":1,"total_sales_volume":8.500000238418579,"rate_of_return":0.0}
{"window":{"start":"2023-10-27T08:10:00.000Z","end":"2023-10-27T08:11:00.000Z"},"country":"EIRE","OPM":1,"total_sales_volume":49.55999994277954,"rate_of_return":0.0}
{"window":{"start":"2023-10-26T15:36:00.000Z","end":"2023-10-26T15:37:00.000Z"},"country":"United Kingdom","OPM":11,"total_sales_volume":664.7599984109402,"rate_of_return":0.09090909090909091}
{"window":{"start":"2023-10-27T08:12:00.000Z","end":"2023-10-27T08:13:00.000Z"},"country":"Finland","OPM":1,"total_sales_volume":-56.03999996185303,"rate_of_return":1.0}
{"window":{"start":"2023-10-24T05:10:00.000Z","end":"2023-10-24T05:11:00.000Z"},"country":"United Kingdom","OPM":9,"total_sales_volume":826.769996792078,"rate_of_return":0.0}
{"window":{"start":"2023-10-25T00:01:00.000Z","end":"2023-10-25T00:02:00.000Z"},"country":"United Kingdom","OPM":6,"total_sales_volume":250.85999926924706,"rate_of_return":0.0}
{"window":{"start":"2023-10-27T07:59:00.000Z","end":"2023-10-27T08:00:00.000Z"},"country":"France","OPM":1,"total_sales_volume":-41.4099987745285,"rate_of_return":1.0}
