{"window":{"start":"2023-10-25T08:00:00.000Z","end":"2023-10-25T08:01:00.000Z"},"country":"Netherlands","OPM":1,"total_sales_volume":47.549999952316284,"rate_of_return":0.0}
{"window":{"start":"2023-10-23T14:12:00.000Z","end":"2023-10-23T14:13:00.000Z"},"country":"United Kingdom","OPM":4,"total_sales_volume":223.12999787926674,"rate_of_return":0.0}
{"window":{"start":"2023-10-25T09:55:00.000Z","end":"2023-10-25T09:56:00.000Z"},"country":"United Kingdom","OPM":11,"total_sales_volume":568.5099932551384,"rate_of_return":0.09090909090909091}
{"window":{"start":"2023-10-27T15:04:00.000Z","end":"2023-10-27T15:05:00.000Z"},"country":"Germany","OPM":1,"total_sales_volume":139.34999907016754,"rate_of_return":0.0}
{"window":{"start":"2023-10-26T11:04:00.000Z","end":"2023-10-26T11:05:00.000Z"},"country":"United Kingdom","OPM":6,"total_sales_volume":375.0499976873398,"rate_of_return":0.0}
{"window":{"start":"2023-10-25T19:16:00.000Z","end":"2023-10-25T19:17:00.000Z"},"country":"United Kingdom","OPM":9,"total_sales_volume":363.11999982595444,"rate_of_return":0.1111111111111111}
{"window":{"start":"2023-10-27T20:32:00.000Z","end":"2023-10-27T20:33:00.000Z"},"country":"Spain","OPM":1,"total_sales_volume":4.949999809265137,"rate_of_return":0.0}
{"window":{"start":"2023-10-24T20:10:00.000Z","end":"2023-10-24T20:11:00.000Z"},"country":"Unspecified","OPM":1,"total_sales_volume":355.850009560585,"rate_of_return":0.0}
{"window":{"start":"2023-10-25T10:10:00.000Z","end":"2023-10-25T10:11:00.000Z"},"country":"United Kingdom","OPM":6,"total_sales_volume":258.3200001716614,"rate_of_return":0.16666666666666666}
{"window":{"start":"2023-10-26T04:49:00.000Z","end":"2023-10-26T04:50:00.000Z"},"country":"United Kingdom","OPM":10,"total_sales_volume":943.9499866068363,"rate_of_return":0.0}
{"window":{"start":"2023-10-25T04:05:00.000Z","end":"2023-10-25T04:06:00.000Z"},"country":"United Kingdom","OPM":6,"total_sales_volume":240.41999995708466,"rate_of_return":0.0}
{"window":{"start":"2023-10-27T09:34:00.000Z","end":"2023-10-27T09:35:00.000Z"},"country":"United Kingdom","OPM":12,"total_sales_volume":501.26999685168266,"rate_of_return":0.0}
{"window":{"start":"2023-10-25T00:32:00.000Z","end":"2023-10-25T00:33:00.000Z"},"country":"Germany","OPM":1,"total_sales_volume":2.5,"rate_of_return":0.0}
{"window":{"start":"2023-10-23T15:28:00.000Z","end":"2023-10-23T15:29:00.000Z"},"country":"Poland","OPM":1,"total_sales_volume":38.59999895095825,"rate_of_return":0.0}
{"window":{"start":"2023-10-27T08:56:00.000Z","end":"2023-10-27T08:57:00.000Z"},"country":"United Kingdom","OPM":8,"total_sales_volume":3061.6900705695152,"rate_of_return":0.25}
{"window":{"start":"2023-10-27T07:57:00.000Z","end":"2023-10-27T07:58:00.000Z"},"country":"United Kingdom","OPM":11,"total_sales_volume":811.3499957472086,"rate_of_return":0.0}
{"window":{"start":"2023-10-28T05:34:00.000Z","end":"2023-10-28T05:35:00.000Z"},"country":"Australia","OPM":1,"total_sales_volume":63.609999895095825,"rate_of_return":0.0}
{"window":{"start":"2023-10-27T01:45:00.000Z","end":"2023-10-27T01:46:00.000Z"},"country":"EIRE","OPM":1,"total_sales_volume":6.239999771118164,"rate_of_return":0.0}
{"window":{"start":"2023-10-23T19:38:00.000Z","end":"2023-10-23T19:39:00.000Z"},"country":"United Kingdom","OPM":7,"total_sales_volume":174.77999824285507,"rate_of_return":0.0}
{"window":{"start":"2023-10-23T15:04:00.000Z","end":"2023-10-23T15:05:00.000Z"},"country":"United Kingdom","OPM":14,"total_sales_volume":855.589975208044,"rate_of_return":0.14285714285714285}
{"window":{"start":"2023-10-26T19:55:00.000Z","end":"2023-10-26T19:56:00.000Z"},"country":"Belgium","OPM":1,"total_sales_volume":43.849999606609344,"rate_of_return":0.0}
{"window":{"start":"2023-10-26T10:06:00.000Z","end":"2023-10-26T10:07:00.000Z"},"country":"Germany","OPM":1,"total_sales_volume":94.00000214576721,"rate_of_return":0.0}
{"window":{"start":"2023-10-27T01:10:00.000Z","end":"2023-10-27T01:11:00.000Z"},"country":"Spain","OPM":1,"total_sales_volume":12.5,"rate_of_return":0.0}
{"window":{"start":"2023-10-24T07:45:00.000Z","end":"2023-10-24T07:46:00.000Z"},"country":"United Kingdom","OPM":8,"total_sales_volume":1120.789975821972,"rate_of_return":0.25}
{"window":{"start":"2023-10-24T02:39:00.000Z","end":"2023-10-24T02:40:00.000Z"},"country":"United Kingdom","OPM":10,"total_sales_volume":498.2899927198887,"rate_of_return":0.1}
{"window":{"start":"2023-10-26T12:41:00.000Z","end":"2023-10-26T12:42:00.000Z"},"country":"United Kingdom","OPM":8,"total_sales_volume":3427.4000460505486,"rate_of_return":0.0}
{"window":{"start":"2023-10-25T23:49:00.000Z","end":"2023-10-25T23:50:00.000Z"},"country":"United Kingdom","OPM":11,"total_sales_volume":550.1599920988083,"rate_of_return":0.09090909090909091}
{"window":{"start":"2023-10-27T19:54:00.000Z","end":"2023-10-27T19:55:00.000Z"},"country":"Norway","OPM":1,"total_sales_volume":155.10000228881836,"rate_of_return":0.0}
{"window":{"start":"2023-10-26T07:57:00.000Z","end":"2023-10-26T07:58:00.000Z"},"country":"Finland","OPM":1,"total_sales_volume":13.520000457763672,"rate_of_return":0.0}
{"window":{"start":"2023-10-25T15:04:00.000Z","end":"2023-10-25T15:05:00.000Z"},"country":"United Kingdom","OPM":12,"total_sales_volume":508.829999178648,"rate_of_return":0.08333333333333333}
{"window":{"start":"2023-10-26T03:30:00.000Z","end":"2023-10-26T03:31:00.000Z"},"country":"United Kingdom","OPM":12,"total_sales_volume":503.10999596118927,"rate_of_return":0.08333333333333333}
{"window":{"start":"2023-10-24T01:49:00.000Z","end":"2023-10-24T01:50:00.000Z"},"country":"United Kingdom","OPM":7,"total_sales_volume":287.5400016307831,"rate_of_return":0.0}
{"window":{"start":"2023-10-27T04:11:00.000Z","end":"2023-10-27T04:12:00.000Z"},"country":"Australia","OPM":1,"total_sales_volume":108.59999811649323,"rate_of_return":0.0}
{"window":{"start":"2023-10-26T08:09:00.000Z","end":"2023-10-26T08:10:00.000Z"},"country":"Sweden","OPM":1,"total_sales_volume":67.00000071525574,"rate_of_return":0.0}
{"window":{"start":"2023-10-24T03:49:00.000Z","end":"2023-10-24T03:50:00.000Z"},"country":"United Kingdom","OPM":9,"total_sales_volume":1120.9999809265137,"rate_of_return":0.0}
{"window":{"start":"2023-10-24T12:50:00.000Z","end":"2023-10-24T12:51:00.000Z"},"country":"France","OPM":1,"total_sales_volume":48.559998512268066,"rate_of_return":0.0}
{"window":{"start":"2023-10-25T03:17:00.000Z","end":"2023-10-25T03:18:00.000Z"},"country":"EIRE","OPM":1,"total_sales_volume":1.6299999952316284,"rate_of_return":0.0}
{"window":{"start":"2023-10-23T16:46:00.000Z","end":"2023-10-23T16:47:00.000Z"},"country":"United Kingdom","OPM":10,"total_sales_volume":160.99999675154686,"rate_of_return":0.1}
{"window":{"start":"2023-10-26T07:23:00.000Z","end":"2023-10-26T07:24:00.000Z"},"country":"United Kingdom","OPM":5,"total_sales_volume":595.0199942588806,"rate_of_return":0.0}
{"window":{"start":"2023-10-25T15:07:00.000Z","end":"2023-10-25T15:08:00.000Z"},"country":"France","OPM":1,"total_sales_volume":33.17999887466431,"rate_of_return":0.0}
{"window":{"start":"2023-10-25T01:48:00.000Z","end":"2023-10-25T01:49:00.000Z"},"country":"United Kingdom","OPM":10,"total_sales_volume":460.49000176787376,"rate_of_return":0.0}
{"window":{"start":"2023-10-25T16:35:00.000Z","end":"2023-10-25T16:36:00.000Z"},"country":"United Kingdom","OPM":6,"total_sales_volume":134.56999877095222,"rate_of_return":0.0}
{"window":{"start":"2023-10-27T13:55:00.000Z","end":"2023-10-27T13:56:00.000Z"},"country":"United Kingdom","OPM":12,"total_sales_volume":575.7999966740608,"rate_of_return":0.0}
{"window":{"start":"2023-10-23T14:10:00.000Z","end":"2023-10-23T14:11:00.000Z"},"country":"France","OPM":1,"total_sales_volume":28.050000965595245,"rate_of_return":0.0}
{"window":{"start":"2023-10-23T18:21:00.000Z","end":"2023-10-23T18:22:00.000Z"},"country":"Switzerland","OPM":1,"total_sales_volume":68.10999965667725,"rate_of_return":0.0}
{"window":{"start":"2023-10-25T00:10:00.000Z","end":"2023-10-25T00:11:00.000Z"},"country":"United Kingdom","OPM":7,"total_sales_volume":1183.079975873232,"rate_of_return":0.14285714285714285}
{"window":{"start":"2023-10-25T16:19:00.000Z","end":"2023-10-25T16:20:00.000Z"},"country":"United Kingdom","OPM":7,"total_sales_volume":1392.989967316389,"rate_of_return":0.0}
{"window":{"start":"2023-10-28T01:03:00.000Z","end":"2023-10-28T01:04:00.000Z"},"country":"Switzerland","OPM":1,"total_sales_volume":2.0799999237060547,"rate_of_return":0.0}
{"window":{"start":"2023-10-25T20:55:00.000Z","end":"2023-10-25T20:56:00.000Z"},"country":"EIRE","OPM":1,"total_sales_volume":300.3000078201294,"rate_of_return":0.0}
{"window":{"start":"2023-10-27T03:13:00.000Z","end":"2023-10-27T03:14:00.000Z"},"country":"EIRE","OPM":1,"total_sales_volume":75.65000033378601,"rate_of_return":0.0}
{"window":{"start":"2023-10-24T08:47:00.000Z","end":"2023-10-24T08:48:00.000Z"},"country":"United Kingdom","OPM":7,"total_sales_volume":232.05999779701233,"rate_of_return":0.0}
{"window":{"start":"2023-10-28T01:08:00.000Z","end":"2023-10-28T01:09:00.000Z"},"country":"EIRE","OPM":1,"total_sales_volume":45.50999903678894,"rate_of_return":0.0}
{"window":{"start":"2023-10-27T10:37:00.000Z","end":"2023-10-27T10:38:00.000Z"},"country":"Finland","OPM":1,"total_sales_volume":5.1000001430511475,"rate_of_return":0.0}
{"window":{"start":"2023-10-23T16:37:00.000Z","end":"2023-10-23T16:38:00.000Z"},"country":"Japan","OPM":1,"total_sales_volume":24.55999994277954,"rate_of_return":0.0}
{"window":{"start":"2023-10-24T17:00:00.000Z","end":"2023-10-24T17:01:00.000Z"},"country":"United Kingdom","OPM":7,"total_sales_volume":1259.459994763136,"rate_of_return":0.0}
{"window":{"start":"2023-10-27T11:12:00.000Z","end":"2023-10-27T11:13:00.000Z"},"country":"United Kingdom","OPM":6,"total_sales_volume":257.59000089764595,"rate_of_return":0.0}
{"window":{"start":"2023-10-25T04:49:00.000Z","end":"2023-10-25T04:50:00.000Z"},"country":"United Kingdom","OPM":4,"total_sales_volume":287.21000204235315,"rate_of_return":0.0}
{"window":{"start":"2023-10-24T01:53:00.000Z","end":"2023-10-24T01:54:00.000Z"},"country":"United Kingdom","OPM":14,"total_sales_volume":605.9300021529198,"rate_of_return":0.14285714285714285}
{"window":{"start":"2023-10-25T10:45:00.000Z","end":"2023-10-25T10:46:00.000Z"},"country":"United Kingdom","OPM":12,"total_sales_volume":389.6299986243248,"rate_of_return":0.08333333333333333}
{"window":{"start":"2023-10-25T23:30:00.000Z","end":"2023-10-25T23:31:00.000Z"},"country":"Singapore","OPM":1,"total_sales_volume":230.86999213695526,"rate_of_return":0.0}
{"window":{"start":"2023-10-26T16:42:00.000Z","end":"2023-10-26T16:43:00.000Z"},"country":"Canada","OPM":1,"total_sales_volume":-50.330001056194305,"rate_of_return":1.0}
{"window":{"start":"2023-10-25T21:42:00.000Z","end":"2023-10-25T21:43:00.000Z"},"country":"United Kingdom","OPM":11,"total_sales_volume":245.60999989509583,"rate_of_return":0.0}
{"window":{"start":"2023-10-27T08:51:00.000Z","end":"2023-10-27T08:52:00.000Z"},"country":"United Kingdom","OPM":10,"total_sales_volume":373.9900047183037,"rate_of_return":0.0}
{"window":{"start":"2023-10-27T12:57:00.000Z","end":"2023-10-27T12:58:00.000Z"},"country":"United Kingdom","OPM":10,"total_sales_volume":420.3399974703789,"rate_of_return":0.0}
{"window":{"start":"2023-10-24T10:09:00.000Z","end":"2023-10-24T10:10:00.000Z"},"country":"EIRE","OPM":1,"total_sales_volume":1.649999976158142,"rate_of_return":0.0}
{"window":{"start":"2023-10-24T19:17:00.000Z","end":"2023-10-24T19:18:00.000Z"},"country":"EIRE","OPM":1,"total_sales_volume":4.920000076293945,"rate_of_return":0.0}
