{"window":{"start":"2023-10-24T10:27:00.000Z","end":"2023-10-24T10:28:00.000Z"},"country":"United Kingdom","OPM":11,"total_sales_volume":834.7100135684013,"rate_of_return":0.0}
{"window":{"start":"2023-10-24T09:50:00.000Z","end":"2023-10-24T09:51:00.000Z"},"country":"United Kingdom","OPM":4,"total_sales_volume":216.6399974822998,"rate_of_return":0.0}
{"window":{"start":"2023-10-26T16:14:00.000Z","end":"2023-10-26T16:15:00.000Z"},"country":"Sweden","OPM":1,"total_sales_volume":-79.71999990940094,"rate_of_return":1.0}
{"window":{"start":"2023-10-27T00:00:00.000Z","end":"2023-10-27T00:01:00.000Z"},"country":"Portugal","OPM":1,"total_sales_volume":1.6299999952316284,"rate_of_return":0.0}
{"window":{"start":"2023-10-24T10:59:00.000Z","end":"2023-10-24T11:00:00.000Z"},"country":"France","OPM":1,"total_sales_volume":1.059999942779541,"rate_of_return":0.0}
{"window":{"start":"2023-10-26T13:34:00.000Z","end":"2023-10-26T13:35:00.000Z"},"country":"United Kingdom","OPM":4,"total_sales_volume":185.3499996960163,"rate_of_return":0.0}
{"window":{"start":"2023-10-24T19:46:00.000Z","end":"2023-10-24T19:47:00.000Z"},"country":"Belgium","OPM":1,"total_sales_volume":13.17999941110611,"rate_of_return":0.0}
{"window":{"start":"2023-10-24T12:13:00.000Z","end":"2023-10-24T12:14:00.000Z"},"country":"EIRE","OPM":1,"total_sales_volume":3.380000114440918,"rate_of_return":0.0}
{"window":{"start":"2023-10-26T17:11:00.000Z","end":"2023-10-26T17:12:00.000Z"},"country":"France","OPM":1,"total_sales_volume":5.019999980926514,"rate_of_return":0.0}
{"window":{"start":"2023-10-26T20:08:00.000Z","end":"2023-10-26T20:09:00.000Z"},"country":"United Kingdom","OPM":13,"total_sales_volume":652.5799971818924,"rate_of_return":0.0}
{"window":{"start":"2023-10-25T20:12:00.000Z","end":"2023-10-25T20:13:00.000Z"},"country":"Germany","OPM":1,"total_sales_volume":73.4999991953373,"rate_of_return":0.0}
{"window":{"start":"2023-10-27T06:43:00.000Z","end":"2023-10-27T06:44:00.000Z"},"country":"United Kingdom","OPM":3,"total_sales_volume":110.69999730587006,"rate_of_return":0.0}
{"window":{"start":"2023-10-24T03:47:00.000Z","end":"2023-10-24T03:48:00.000Z"},"country":"Germany","OPM":1,"total_sales_volume":620.2300174832344,"rate_of_return":0.0}
{"window":{"start":"2023-10-24T19:04:00.000Z","end":"2023-10-24T19:05:00.000Z"},"country":"Channel Islands","OPM":1,"total_sales_volume":17.010000228881836,"rate_of_return":0.0}
{"window":{"start":"2023-10-27T23:48:00.000Z","end":"2023-10-27T23:49:00.000Z"},"country":"United Kingdom","OPM":8,"total_sales_volume":557.7500000596046,"rate_of_return":0.0}
{"window":{"start":"2023-10-23T21:13:00.000Z","end":"2023-10-23T21:14:00.000Z"},"country":"United Kingdom","OPM":5,"total_sales_volume":32.839996218681335,"rate_of_return":0.2}
{"window":{"start":"2023-10-25T12:09:00.000Z","end":"2023-10-25T12:10:00.000Z"},"country":"Germany","OPM":1,"total_sales_volume":126.87999852746725,"rate_of_return":0.0}
{"window":{"start":"2023-10-27T20:18:00.000Z","end":"2023-10-27T20:19:00.000Z"},"country":"United Kingdom","OPM":5,"total_sales_volume":406.17999798059464,"rate_of_return":0.0}
{"window":{"start":"2023-10-26T14:30:00.000Z","end":"2023-10-26T14:31:00.000Z"},"country":"France","OPM":1,"total_sales_volume":372.8100047111511,"rate_of_return":0.0}
{"window":{"start":"2023-10-27T02:26:00.000Z","end":"2023-10-27T02:27:00.000Z"},"country":"Germany","OPM":1,"total_sales_volume":193.28999829292297,"rate_of_return":0.0}
{"window":{"start":"2023-10-26T18:40:00.000Z","end":"2023-10-26T18:41:00.000Z"},"country":"United Kingdom","OPM":5,"total_sales_volume":-184.81999671459198,"rate_of_return":0.2}
{"window":{"start":"2023-10-25T12:34:00.000Z","end":"2023-10-25T12:35:00.000Z"},"country":"Portugal","OPM":1,"total_sales_volume":77.21999981999397,"rate_of_return":0.0}
{"window":{"start":"2023-10-27T10:57:00.000Z","end":"2023-10-27T10:58:00.000Z"},"country":"United Kingdom","OPM":14,"total_sales_volume":575.8199997246265,"rate_of_return":0.0}
{"window":{"start":"2023-10-25T05:30:00.000Z","end":"2023-10-25T05:31:00.000Z"},"country":"United Kingdom","OPM":13,"total_sales_volume":593.0499916672707,"rate_of_return":0.0}
{"window":{"start":"2023-10-26T16:32:00.000Z","end":"2023-10-26T16:33:00.000Z"},"country":"United Kingdom","OPM":12,"total_sales_volume":949.7100077867508,"rate_of_return":0.0}
{"window":{"start":"2023-10-24T09:17:00.000Z","end":"2023-10-24T09:18:00.000Z"},"country":"United Kingdom","OPM":10,"total_sales_volume":1970.8100108504295,"rate_of_return":0.0}
{"window":{"start":"2023-10-25T21:46:00.000Z","end":"2023-10-25T21:47:00.000Z"},"country":"Germany","OPM":1,"total_sales_volume":17.700000286102295,"rate_of_return":0.0}
{"window":{"start":"2023-10-25T00:57:00.000Z","end":"2023-10-25T00:58:00.000Z"},"country":"France","OPM":1,"total_sales_volume":33.44999933242798,"rate_of_return":0.0}
{"window":{"start":"2023-10-24T22:27:00.000Z","end":"2023-10-24T22:28:00.000Z"},"country":"Italy","OPM":1,"total_sales_volume":-15.0,"rate_of_return":1.0}
{"window":{"start":"2023-10-25T19:55:00.000Z","end":"2023-10-25T19:56:00.000Z"},"country":"EIRE","OPM":1,"total_sales_volume":34.860000133514404,"rate_of_return":0.0}
{"window":{"start":"2023-10-27T22:01:00.000Z","end":"2023-10-27T22:02:00.000Z"},"country":"United Kingdom","OPM":10,"total_sales_volume":254.25999879837036,"rate_of_return":0.1}
{"window":{"start":"2023-10-26T08:32:00.000Z","end":"2023-10-26T08:33:00.000Z"},"country":"Belgium","OPM":1,"total_sales_volume":78.98000091314316,"rate_of_return":0.0}
{"window":{"start":"2023-10-27T08:00:00.000Z","end":"2023-10-27T08:01:00.000Z"},"country":"United Kingdom","OPM":8,"total_sales_volume":350.1400003284216,"rate_of_return":0.0}
{"window":{"start":"2023-10-25T12:09:00.000Z","end":"2023-10-25T12:10:00.000Z"},"country":"United Kingdom","OPM":6,"total_sales_volume":86.21999871730804,"rate_of_return":0.16666666666666666}
{"window":{"start":"2023-10-24T21:43:00.000Z","end":"2023-10-24T21:44:00.000Z"},"country":"Channel Islands","OPM":1,"total_sales_volume":2.0799999237060547,"rate_of_return":0.0}
{"window":{"start":"2023-10-25T17:16:00.000Z","end":"2023-10-25T17:17:00.000Z"},"country":"United Kingdom","OPM":11,"total_sales_volume":473.59000077843666,"rate_of_return":0.0}
{"window":{"start":"2023-10-27T11:10:00.000Z","end":"2023-10-27T11:11:00.000Z"},"country":"United Kingdom","OPM":13,"total_sales_volume":445.9299994111061,"rate_of_return":0.0}
{"window":{"start":"2023-10-23T23:27:00.000Z","end":"2023-10-23T23:28:00.000Z"},"country":"Germany","OPM":1,"total_sales_volume":90.30000221729279,"rate_of_return":0.0}
{"window":{"start":"2023-10-23T14:02:00.000Z","end":"2023-10-23T14:03:00.000Z"},"country":"France","OPM":1,"total_sales_volume":63.25999999046326,"rate_of_return":0.0}
{"window":{"start":"2023-10-24T19:47:00.000Z","end":"2023-10-24T19:48:00.000Z"},"country":"Portugal","OPM":1,"total_sales_volume":29.06999945640564,"rate_of_return":0.0}
{"window":{"start":"2023-10-24T03:59:00.000Z","end":"2023-10-24T04:00:00.000Z"},"country":"Israel","OPM":1,"total_sales_volume":11.579999923706055,"rate_of_return":0.0}
{"window":{"start":"2023-10-26T08:47:00.000Z","end":"2023-10-26T08:48:00.000Z"},"country":"United Kingdom","OPM":13,"total_sales_volume":693.8599992990494,"rate_of_return":0.0}
{"window":{"start":"2023-10-27T18:26:00.000Z","end":"2023-10-27T18:27:00.000Z"},"country":"Austria","OPM":1,"total_sales_volume":0.550000011920929,"rate_of_return":0.0}
{"window":{"start":"2023-10-23T17:28:00.000Z","end":"2023-10-23T17:29:00.000Z"},"country":"Germany","OPM":1,"total_sales_volume":25.589998841285706,"rate_of_return":0.0}
{"window":{"start":"2023-10-23T22:15:00.000Z","end":"2023-10-23T22:16:00.000Z"},"country":"United Kingdom","OPM":13,"total_sales_volume":1105.4100032150745,"rate_of_return":0.0}
{"window":{"start":"2023-10-28T05:23:00.000Z","end":"2023-10-28T05:24:00.000Z"},"country":"Switzerland","OPM":1,"total_sales_volume":66.05000066757202,"rate_of_return":0.0}
{"window":{"start":"2023-10-25T04:11:00.000Z","end":"2023-10-25T04:12:00.000Z"},"country":"United Kingdom","OPM":6,"total_sales_volume":192.8400004208088,"rate_of_return":0.0}
{"window":{"start":"2023-10-27T07:11:00.000Z","end":"2023-10-27T07:12:00.000Z"},"country":"United Kingdom","OPM":10,"total_sales_volume":366.1900011599064,"rate_of_return":0.0}
{"window":{"start":"2023-10-25T05:29:00.000Z","end":"2023-10-25T05:30:00.000Z"},"country":"EIRE","OPM":1,"total_sales_volume":89.30000019073486,"rate_of_return":0.0}
{"window":{"start":"2023-10-26T00:06:00.000Z","end":"2023-10-26T00:07:00.000Z"},"country":"EIRE","OPM":1,"total_sales_volume":17.25000023841858,"rate_of_return":0.0}
{"window":{"start":"2023-10-23T22:18:00.000Z","end":"2023-10-23T22:19:00.000Z"},"country":"United Kingdom","OPM":5,"total_sales_volume":807.0200014412403,"rate_of_return":0.0}
