{"window":{"start":"2023-10-24T07:49:00.000Z","end":"2023-10-24T07:50:00.000Z"},"country":"Belgium","OPM":1,"total_sales_volume":28.399999380111694,"rate_of_return":0.0}
{"window":{"start":"2023-10-26T17:56:00.000Z","end":"2023-10-26T17:57:00.000Z"},"country":"United Kingdom","OPM":11,"total_sales_volume":843.649997651577,"rate_of_return":0.0}
{"window":{"start":"2023-10-25T07:43:00.000Z","end":"2023-10-25T07:44:00.000Z"},"country":"Unspecified","OPM":1,"total_sales_volume":23.659999549388885,"rate_of_return":0.0}
{"window":{"start":"2023-10-24T11:09:00.000Z","end":"2023-10-24T11:10:00.000Z"},"country":"United Kingdom","OPM":13,"total_sales_volume":1473.3599768280983,"rate_of_return":0.07692307692307693}
{"window":{"start":"2023-10-25T23:26:00.000Z","end":"2023-10-25T23:27:00.000Z"},"country":"France","OPM":1,"total_sales_volume":1159.0099665522575,"rate_of_return":0.0}
{"window":{"start":"2023-10-26T02:42:00.000Z","end":"2023-10-26T02:43:00.000Z"},"country":"Germany","OPM":1,"total_sales_volume":42.859999895095825,"rate_of_return":0.0}
{"window":{"start":"2023-10-26T10:23:00.000Z","end":"2023-10-26T10:24:00.000Z"},"country":"United Kingdom","OPM":11,"total_sales_volume":657.9000005126,"rate_of_return":0.0}
{"window":{"start":"2023-10-24T17:01:00.000Z","end":"2023-10-24T17:02:00.000Z"},"country":"Spain","OPM":1,"total_sales_volume":16.600000381469727,"rate_of_return":0.0}
{"window":{"start":"2023-10-25T01:59:00.000Z","end":"2023-10-25T02:00:00.000Z"},"country":"Spain","OPM":1,"total_sales_volume":51.50999927520752,"rate_of_return":0.0}
{"window":{"start":"2023-10-26T20:00:00.000Z","end":"2023-10-26T20:01:00.000Z"},"country":"Japan","OPM":1,"total_sales_volume":118.9899990260601,"rate_of_return":0.0}
{"window":{"start":"2023-10-27T06:31:00.000Z","end":"2023-10-27T06:32:00.000Z"},"country":"United Kingdom","OPM":16,"total_sales_volume":1375.0299899876118,"rate_of_return":0.0625}
{"window":{"start":"2023-10-27T11:25:00.000Z","end":"2023-10-27T11:26:00.000Z"},"country":"Netherlands","OPM":1,"total_sales_volume":130.37999725341797,"rate_of_return":0.0}
{"window":{"start":"2023-10-27T14:34:00.000Z","end":"2023-10-27T14:35:00.000Z"},"country":"United Kingdom","OPM":14,"total_sales_volume":607.9999953508377,"rate_of_return":0.0}
{"window":{"start":"2023-10-23T19:16:00.000Z","end":"2023-10-23T19:17:00.000Z"},"country":"United Kingdom","OPM":14,"total_sales_volume":339.21999901533127,"rate_of_return":0.07142857142857142}
{"window":{"start":"2023-10-27T00:41:00.000Z","end":"2023-10-27T00:42:00.000Z"},"country":"France","OPM":1,"total_sales_volume":0.8500000238418579,"rate_of_return":0.0}
{"window":{"start":"2023-10-24T05:43:00.000Z","end":"2023-10-24T05:44:00.000Z"},"country":"United Kingdom","OPM":17,"total_sales_volume":1556.349988669157,"rate_of_return":0.058823529411764705}
{"window":{"start":"2023-10-25T20:22:00.000Z","end":"2023-10-25T20:23:00.000Z"},"country":"France","OPM":1,"total_sales_volume":4.600000023841858,"rate_of_return":0.0}
{"window":{"start":"2023-10-24T02:39:00.000Z","end":"2023-10-24T02:40:00.000Z"},"country":"France","OPM":1,"total_sales_volume":9.5,"rate_of_return":0.0}
{"window":{"start":"2023-10-27T23:50:00.000Z","end":"2023-10-27T23:51:00.000Z"},"country":"United Kingdom","OPM":8,"total_sales_volume":1852.2999573349953,"rate_of_return":0.0}
{"window":{"start":"2023-10-24T00:57:00.000Z","end":"2023-10-24T00:58:00.000Z"},"country":"United Kingdom","OPM":12,"total_sales_volume":1078.7299963831902,"rate_of_return":0.0}
{"window":{"start":"2023-10-24T11:35:00.000Z","end":"2023-10-24T11:36:00.000Z"},"country":"United Kingdom","OPM":10,"total_sales_volume":692.0200058221817,"rate_of_return":0.2}
{"window":{"start":"2023-10-27T06:28:00.000Z","end":"2023-10-27T06:29:00.000Z"},"country":"France","OPM":1,"total_sales_volume":55.01999965310097,"rate_of_return":0.0}
{"window":{"start":"2023-10-24T19:49:00.000Z","end":"2023-10-24T19:50:00.000Z"},"country":"Italy","OPM":1,"total_sales_volume":46.94999980926514,"rate_of_return":0.0}
{"window":{"start":"2023-10-24T06:22:00.000Z","end":"2023-10-24T06:23:00.000Z"},"country":"United Kingdom","OPM":10,"total_sales_volume":269.9800006747246,"rate_of_return":0.1}
{"window":{"start":"2023-10-24T17:59:00.000Z","end":"2023-10-24T18:00:00.000Z"},"country":"France","OPM":1,"total_sales_volume":102.29999852180481,"rate_of_return":0.0}
{"window":{"start":"2023-10-25T13:09:00.000Z","end":"2023-10-25T13:10:00.000Z"},"country":"United Kingdom","OPM":4,"total_sales_volume":35.31999933719635,"rate_of_return":0.0}
{"window":{"start":"2023-10-26T19:57:00.000Z","end":"2023-10-26T19:58:00.000Z"},"country":"United Kingdom","OPM":9,"total_sales_volume":253.74999848008156,"rate_of_return":0.0}
{"window":{"start":"2023-10-27T23:38:00.000Z","end":"2023-10-27T23:39:00.000Z"},"country":"Germany","OPM":1,"total_sales_volume":-15.149999439716339,"rate_of_return":1.0}
{"window":{"start":"2023-10-24T07:46:00.000Z","end":"2023-10-24T07:47:00.000Z"},"country":"United Kingdom","OPM":12,"total_sales_volume":596.629991710186,"rate_of_return":0.0}
{"window":{"start":"2023-10-25T23:58:00.000Z","end":"2023-10-25T23:59:00.000Z"},"country":"United Kingdom","OPM":9,"total_sales_volume":1844.670033633709,"rate_of_return":0.0}
{"window":{"start":"2023-10-26T08:41:00.000Z","end":"2023-10-26T08:42:00.000Z"},"country":"United Kingdom","OPM":13,"total_sales_volume":1751.499971807003,"rate_of_return":0.07692307692307693}
{"window":{"start":"2023-10-26T09:28:00.000Z","end":"2023-10-26T09:29:00.000Z"},"country":"USA","OPM":1,"total_sales_volume":47.46000051498413,"rate_of_return":0.0}
{"window":{"start":"2023-10-26T06:29:00.000Z","end":"2023-10-26T06:30:00.000Z"},"country":"United Kingdom","OPM":11,"total_sales_volume":365.9599963128567,"rate_of_return":0.0}
{"window":{"start":"2023-10-26T10:13:00.000Z","end":"2023-10-26T10:14:00.000Z"},"country":"United Kingdom","OPM":6,"total_sales_volume":937.9000101089478,"rate_of_return":0.0}
{"window":{"start":"2023-10-24T08:31:00.000Z","end":"2023-10-24T08:32:00.000Z"},"country":"Switzerland","OPM":1,"total_sales_volume":135.26000308990479,"rate_of_return":0.0}
{"window":{"start":"2023-10-23T20:03:00.000Z","end":"2023-10-23T20:04:00.000Z"},"country":"United Kingdom","OPM":8,"total_sales_volume":46.30001491308212,"rate_of_return":0.25}
{"window":{"start":"2023-10-26T04:08:00.000Z","end":"2023-10-26T04:09:00.000Z"},"country":"France","OPM":1,"total_sales_volume":1.4500000476837158,"rate_of_return":0.0}
{"window":{"start":"2023-10-24T12:16:00.000Z","end":"2023-10-24T12:17:00.000Z"},"country":"EIRE","OPM":1,"total_sales_volume":92.49999967217445,"rate_of_return":0.0}
{"window":{"start":"2023-10-24T03:12:00.000Z","end":"2023-10-24T03:13:00.000Z"},"country":"United Kingdom","OPM":21,"total_sales_volume":1282.670012563467,"rate_of_return":0.047619047619047616}
{"window":{"start":"2023-10-26T02:12:00.000Z","end":"2023-10-26T02:13:00.000Z"},"country":"Australia","OPM":1,"total_sales_volume":628.0999760627747,"rate_of_return":0.0}
{"window":{"start":"2023-10-23T20:40:00.000Z","end":"2023-10-23T20:41:00.000Z"},"country":"European Community","OPM":1,"total_sales_volume":23.200000286102295,"rate_of_return":0.0}
{"window":{"start":"2023-10-25T07:17:00.000Z","end":"2023-10-25T07:18:00.000Z"},"country":"United Kingdom","OPM":6,"total_sales_volume":146.51999926567078,"rate_of_return":0.16666666666666666}
{"window":{"start":"2023-10-24T19:55:00.000Z","end":"2023-10-24T19:56:00.000Z"},"country":"Portugal","OPM":1,"total_sales_volume":43.81999969482422,"rate_of_return":0.0}
{"window":{"start":"2023-10-25T00:06:00.000Z","end":"2023-10-25T00:07:00.000Z"},"country":"United Kingdom","OPM":7,"total_sales_volume":525.4000007808208,"rate_of_return":0.14285714285714285}
{"window":{"start":"2023-10-25T00:11:00.000Z","end":"2023-10-25T00:12:00.000Z"},"country":"United Kingdom","OPM":10,"total_sales_volume":784.7199984788895,"rate_of_return":0.0}
{"window":{"start":"2023-10-27T17:48:00.000Z","end":"2023-10-27T17:49:00.000Z"},"country":"United Kingdom","OPM":10,"total_sales_volume":473.7799950540066,"rate_of_return":0.0}
{"window":{"start":"2023-10-24T20:32:00.000Z","end":"2023-10-24T20:33:00.000Z"},"country":"United Kingdom","OPM":7,"total_sales_volume":954.9900115728378,"rate_of_return":0.0}
{"window":{"start":"2023-10-24T21:56:00.000Z","end":"2023-10-24T21:57:00.000Z"},"country":"France","OPM":1,"total_sales_volume":112.69999852776527,"rate_of_return":0.0}
{"window":{"start":"2023-10-24T23:45:00.000Z","end":"2023-10-24T23:46:00.000Z"},"country":"United Kingdom","OPM":13,"total_sales_volume":-442.45999336242676,"rate_of_return":0.07692307692307693}
{"window":{"start":"2023-10-23T20:14:00.000Z","end":"2023-10-23T20:15:00.000Z"},"country":"EIRE","OPM":1,"total_sales_volume":178.64999556541443,"rate_of_return":0.0}
{"window":{"start":"2023-10-25T08:34:00.000Z","end":"2023-10-25T08:35:00.000Z"},"country":"Netherlands","OPM":1,"total_sales_volume":-3.75,"rate_of_return":1.0}
{"window":{"start":"2023-10-26T13:59:00.000Z","end":"2023-10-26T14:00:00.000Z"},"country":"EIRE","OPM":1,"total_sales_volume":12.84999966621399,"rate_of_return":0.0}
{"window":{"start":"2023-10-23T15:11:00.000Z","end":"2023-10-23T15:12:00.000Z"},"country":"United Kingdom","OPM":8,"total_sales_volume":3315.809992671013,"rate_of_return":0.125}
{"window":{"start":"2023-10-25T22:24:00.000Z","end":"2023-10-25T22:25:00.000Z"},"country":"United Kingdom","OPM":11,"total_sales_volume":834.9400036036968,"rate_of_return":0.09090909090909091}
{"window":{"start":"2023-10-27T17:16:00.000Z","end":"2023-10-27T17:17:00.000Z"},"country":"United Kingdom","OPM":17,"total_sales_volume":1024.6999837458134,"rate_of_return":0.058823529411764705}
{"window":{"start":"2023-10-25T16:16:00.000Z","end":"2023-10-25T16:17:00.000Z"},"country":"United Kingdom","OPM":15,"total_sales_volume":731.0699917674065,"rate_of_return":0.0}
{"window":{"start":"2023-10-27T16:33:00.000Z","end":"2023-10-27T16:34:00.000Z"},"country":"United Kingdom","OPM":15,"total_sales_volume":1241.4999898672104,"rate_of_return":0.0}
{"window":{"start":"2023-10-26T02:47:00.000Z","end":"2023-10-26T02:48:00.000Z"},"country":"EIRE","OPM":1,"total_sales_volume":280.3799975514412,"rate_of_return":0.0}
{"window":{"start":"2023-10-25T12:17:00.000Z","end":"2023-10-25T12:18:00.000Z"},"country":"EIRE","OPM":1,"total_sales_volume":5.900000095367432,"rate_of_return":0.0}
{"window":{"start":"2023-10-26T21:28:00.000Z","end":"2023-10-26T21:29:00.000Z"},"country":"Netherlands","OPM":1,"total_sales_volume":32.99999952316284,"rate_of_return":0.0}
{"window":{"start":"2023-10-24T05:41:00.000Z","end":"2023-10-24T05:42:00.000Z"},"country":"United Kingdom","OPM":5,"total_sales_volume":85.34000051021576,"rate_of_return":0.0}
{"window":{"start":"2023-10-27T16:35:00.000Z","end":"2023-10-27T16:36:00.000Z"},"country":"Canada","OPM":1,"total_sales_volume":48.83000040054321,"rate_of_return":0.0}
{"window":{"start":"2023-10-23T20:16:00.000Z","end":"2023-10-23T20:17:00.000Z"},"country":"Finland","OPM":1,"total_sales_volume":61.7399999499321,"rate_of_return":0.0}
{"window":{"start":"2023-10-24T01:55:00.000Z","end":"2023-10-24T01:56:00.000Z"},"country":"United Kingdom","OPM":13,"total_sales_volume":846.4299927353859,"rate_of_return":0.0}
{"window":{"start":"2023-10-23T17:09:00.000Z","end":"2023-10-23T17:10:00.000Z"},"country":"France","OPM":1,"total_sales_volume":39.33999902009964,"rate_of_return":0.0}
