{"window":{"start":"2023-10-23T23:19:00.000Z","end":"2023-10-23T23:20:00.000Z"},"country":"United Kingdom","OPM":10,"total_sales_volume":291.5299953818321,"rate_of_return":0.2}
{"window":{"start":"2023-10-26T07:45:00.000Z","end":"2023-10-26T07:46:00.000Z"},"country":"Switzerland","OPM":1,"total_sales_volume":16.73999935388565,"rate_of_return":0.0}
{"window":{"start":"2023-10-26T20:53:00.000Z","end":"2023-10-26T20:54:00.000Z"},"country":"Germany","OPM":1,"total_sales_volume":91.80999875068665,"rate_of_return":0.0}
{"window":{"start":"2023-10-27T20:56:00.000Z","end":"2023-10-27T20:57:00.000Z"},"country":"United Kingdom","OPM":11,"total_sales_volume":366.93999710679054,"rate_of_return":0.0}
{"window":{"start":"2023-10-28T01:30:00.000Z","end":"2023-10-28T01:31:00.000Z"},"country":"United Kingdom","OPM":6,"total_sales_volume":1198.050019145012,"rate_of_return":0.0}
{"window":{"start":"2023-10-24T11:48:00.000Z","end":"2023-10-24T11:49:00.000Z"},"country":"United Kingdom","OPM":6,"total_sales_volume":299.65000662207603,"rate_of_return":0.16666666666666666}
{"window":{"start":"2023-10-24T02:52:00.000Z","end":"2023-10-24T02:53:00.000Z"},"country":"EIRE","OPM":1,"total_sales_volume":-17.700000286102295,"rate_of_return":1.0}
{"window":{"start":"2023-10-25T20:20:00.000Z","end":"2023-10-25T20:21:00.000Z"},"country":"United Kingdom","OPM":7,"total_sales_volume":553.510007828474,"rate_of_return":0.0}
{"window":{"start":"2023-10-27T02:48:00.000Z","end":"2023-10-27T02:49:00.000Z"},"country":"Switzerland","OPM":1,"total_sales_volume":159.6100002527237,"rate_of_return":0.0}
{"window":{"start":"2023-10-23T21:38:00.000Z","end":"2023-10-23T21:39:00.000Z"},"country":"Netherlands","OPM":1,"total_sales_volume":2.950000047683716,"rate_of_return":0.0}
{"window":{"start":"2023-10-26T18:58:00.000Z","end":"2023-10-26T18:59:00.000Z"},"country":"Germany","OPM":2,"total_sales_volume":126.32999753952026,"rate_of_return":0.0}
{"window":{"start":"2023-10-24T07:42:00.000Z","end":"2023-10-24T07:43:00.000Z"},"country":"United Kingdom","OPM":11,"total_sales_volume":525.1599966585636,"rate_of_return":0.0}
{"window":{"start":"2023-10-25T05:22:00.000Z","end":"2023-10-25T05:23:00.000Z"},"country":"Belgium","OPM":1,"total_sales_volume":18.0,"rate_of_return":0.0}
{"window":{"start":"2023-10-25T22:27:00.000Z","end":"2023-10-25T22:28:00.000Z"},"country":"United Kingdom","OPM":11,"total_sales_volume":351.26999628543854,"rate_of_return":0.09090909090909091}
{"window":{"start":"2023-10-27T22:44:00.000Z","end":"2023-10-27T22:45:00.000Z"},"country":"United Kingdom","OPM":9,"total_sales_volume":300.70999759435654,"rate_of_return":0.1111111111111111}
{"window":{"start":"2023-10-26T22:16:00.000Z","end":"2023-10-26T22:17:00.000Z"},"country":"United Kingdom","OPM":10,"total_sales_volume":249.79999804496765,"rate_of_return":0.1}
{"window":{"start":"2023-10-25T05:32:00.000Z","end":"2023-10-25T05:33:00.000Z"},"country":"Netherlands","OPM":1,"total_sales_volume":12.399999618530273,"rate_of_return":0.0}
{"window":{"start":"2023-10-26T19:06:00.000Z","end":"2023-10-26T19:07:00.000Z"},"country":"Netherlands","OPM":1,"total_sales_volume":21.12000000476837,"rate_of_return":0.0}
{"window":{"start":"2023-10-23T17:16:00.000Z","end":"2023-10-23T17:17:00.000Z"},"country":"Channel Islands","OPM":1,"total_sales_volume":193.18999767303467,"rate_of_return":0.0}
{"window":{"start":"2023-10-25T22:43:00.000Z","end":"2023-10-25T22:44:00.000Z"},"country":"Sweden","OPM":1,"total_sales_volume":24.50000035762787,"rate_of_return":0.0}
{"window":{"start":"2023-10-26T14:52:00.000Z","end":"2023-10-26T14:53:00.000Z"},"country":"United Kingdom","OPM":13,"total_sales_volume":1851.809977054596,"rate_of_return":0.07692307692307693}
{"window":{"start":"2023-10-27T10:20:00.000Z","end":"2023-10-27T10:21:00.000Z"},"country":"United Kingdom","OPM":4,"total_sales_volume":103.5700021982193,"rate_of_return":0.0}
{"window":{"start":"2023-10-28T00:46:00.000Z","end":"2023-10-28T00:47:00.000Z"},"country":"United Kingdom","OPM":7,"total_sales_volume":398.3299959897995,"rate_of_return":0.14285714285714285}
{"window":{"start":"2023-10-27T08:47:00.000Z","end":"2023-10-27T08:48:00.000Z"},"country":"United Kingdom","OPM":7,"total_sales_volume":576.1399939060211,"rate_of_return":0.0}
{"window":{"start":"2023-10-27T21:52:00.000Z","end":"2023-10-27T21:53:00.000Z"},"country":"France","OPM":1,"total_sales_volume":215.61999797821045,"rate_of_return":0.0}
{"window":{"start":"2023-10-23T15:41:00.000Z","end":"2023-10-23T15:42:00.000Z"},"country":"United Kingdom","OPM":11,"total_sales_volume":477.13999435305595,"rate_of_return":0.09090909090909091}
{"window":{"start":"2023-10-25T09:15:00.000Z","end":"2023-10-25T09:16:00.000Z"},"country":"Spain","OPM":1,"total_sales_volume":58.5799994468689,"rate_of_return":0.0}
{"window":{"start":"2023-10-25T20:59:00.000Z","end":"2023-10-25T21:00:00.000Z"},"country":"United Kingdom","OPM":7,"total_sales_volume":541.440007686615,"rate_of_return":0.14285714285714285}
{"window":{"start":"2023-10-24T02:12:00.000Z","end":"2023-10-24T02:13:00.000Z"},"country":"United Kingdom","OPM":6,"total_sales_volume":335.73999387025833,"rate_of_return":0.16666666666666666}
{"window":{"start":"2023-10-23T18:32:00.000Z","end":"2023-10-23T18:33:00.000Z"},"country":"United Kingdom","OPM":8,"total_sales_volume":530.3500031530857,"rate_of_return":0.0}
{"window":{"start":"2023-10-27T05:16:00.000Z","end":"2023-10-27T05:17:00.000Z"},"country":"United Kingdom","OPM":15,"total_sales_volume":18610.460937142372,"rate_of_return":0.0}
{"window":{"start":"2023-10-25T21:59:00.000Z","end":"2023-10-25T22:00:00.000Z"},"country":"Netherlands","OPM":1,"total_sales_volume":69.47999954223633,"rate_of_return":0.0}
{"window":{"start":"2023-10-27T19:27:00.000Z","end":"2023-10-27T19:28:00.000Z"},"country":"United Kingdom","OPM":8,"total_sales_volume":91.83999553322792,"rate_of_return":0.25}
{"window":{"start":"2023-10-26T18:46:00.000Z","end":"2023-10-26T18:47:00.000Z"},"country":"France","OPM":1,"total_sales_volume":65.72999981045723,"rate_of_return":0.0}
{"window":{"start":"2023-10-26T08:32:00.000Z","end":"2023-10-26T08:33:00.000Z"},"country":"Germany","OPM":1,"total_sales_volume":8.169999957084656,"rate_of_return":0.0}
{"window":{"start":"2023-10-25T05:27:00.000Z","end":"2023-10-25T05:28:00.000Z"},"country":"United Kingdom","OPM":8,"total_sales_volume":565.989992916584,"rate_of_return":0.125}
{"window":{"start":"2023-10-25T17:48:00.000Z","end":"2023-10-25T17:49:00.000Z"},"country":"France","OPM":2,"total_sales_volume":38.11999976634979,"rate_of_return":0.0}
{"window":{"start":"2023-10-23T16:41:00.000Z","end":"2023-10-23T16:42:00.000Z"},"country":"Germany","OPM":2,"total_sales_volume":41.75,"rate_of_return":0.0}
{"window":{"start":"2023-10-23T23:17:00.000Z","end":"2023-10-23T23:18:00.000Z"},"country":"United Kingdom","OPM":8,"total_sales_volume":850.2299991846085,"rate_of_return":0.125}
{"window":{"start":"2023-10-26T05:44:00.000Z","end":"2023-10-26T05:45:00.000Z"},"country":"United Kingdom","OPM":9,"total_sales_volume":358.22000098228455,"rate_of_return":0.0}
{"window":{"start":"2023-10-25T19:04:00.000Z","end":"2023-10-25T19:05:00.000Z"},"country":"Unspecified","OPM":1,"total_sales_volume":4.549999952316284,"rate_of_return":0.0}
{"window":{"start":"2023-10-23T23:07:00.000Z","end":"2023-10-23T23:08:00.000Z"},"country":"Channel Islands","OPM":1,"total_sales_volume":115.69999694824219,"rate_of_return":0.0}
{"window":{"start":"2023-10-26T20:25:00.000Z","end":"2023-10-26T20:26:00.000Z"},"country":"United Kingdom","OPM":10,"total_sales_volume":309.1099959909916,"rate_of_return":0.2}
{"window":{"start":"2023-10-24T02:37:00.000Z","end":"2023-10-24T02:38:00.000Z"},"country":"United Kingdom","OPM":5,"total_sales_volume":168.03999963402748,"rate_of_return":0.2}
{"window":{"start":"2023-10-24T17:39:00.000Z","end":"2023-10-24T17:40:00.000Z"},"country":"EIRE","OPM":1,"total_sales_volume":248.8300004005432,"rate_of_return":0.0}
{"window":{"start":"2023-10-25T13:46:00.000Z","end":"2023-10-25T13:47:00.000Z"},"country":"Germany","OPM":1,"total_sales_volume":18.120000272989273,"rate_of_return":0.0}
{"window":{"start":"2023-10-27T05:44:00.000Z","end":"2023-10-27T05:45:00.000Z"},"country":"United Kingdom","OPM":8,"total_sales_volume":571.6599862873554,"rate_of_return":0.0}
{"window":{"start":"2023-10-25T06:32:00.000Z","end":"2023-10-25T06:33:00.000Z"},"country":"Belgium","OPM":1,"total_sales_volume":24.399999260902405,"rate_of_return":0.0}
{"window":{"start":"2023-10-26T14:12:00.000Z","end":"2023-10-26T14:13:00.000Z"},"country":"Belgium","OPM":1,"total_sales_volume":11.579999923706055,"rate_of_return":0.0}
{"window":{"start":"2023-10-23T22:01:00.000Z","end":"2023-10-23T22:02:00.000Z"},"country":"United Kingdom","OPM":10,"total_sales_volume":623.2299991995096,"rate_of_return":0.0}
{"window":{"start":"2023-10-23T21:28:00.000Z","end":"2023-10-23T21:29:00.000Z"},"country":"United Kingdom","OPM":7,"total_sales_volume":410.80999824404716,"rate_of_return":0.14285714285714285}
{"window":{"start":"2023-10-25T01:10:00.000Z","end":"2023-10-25T01:11:00.000Z"},"country":"Belgium","OPM":1,"total_sales_volume":30.100000381469727,"rate_of_return":0.0}
{"window":{"start":"2023-10-25T01:22:00.000Z","end":"2023-10-25T01:23:00.000Z"},"country":"United Kingdom","OPM":9,"total_sales_volume":1033.3799810409546,"rate_of_return":0.0}
