{"window":{"start":"2023-10-25T06:10:00.000Z","end":"2023-10-25T06:11:00.000Z"},"country":"United Kingdom","OPM":14,"total_sales_volume":1152.3499926030636,"rate_of_return":0.07142857142857142}
{"window":{"start":"2023-10-25T13:12:00.000Z","end":"2023-10-25T13:13:00.000Z"},"country":"Israel","OPM":1,"total_sales_volume":14.84999942779541,"rate_of_return":0.0}
{"window":{"start":"2023-10-25T06:47:00.000Z","end":"2023-10-25T06:48:00.000Z"},"country":"Spain","OPM":1,"total_sales_volume":46.260000228881836,"rate_of_return":0.0}
{"window":{"start":"2023-10-26T22:15:00.000Z","end":"2023-10-26T22:16:00.000Z"},"country":"United Kingdom","OPM":9,"total_sales_volume":571.8099959492683,"rate_of_return":0.0}
{"window":{"start":"2023-10-24T01:22:00.000Z","end":"2023-10-24T01:23:00.000Z"},"country":"United Kingdom","OPM":15,"total_sales_volume":939.3900008499622,"rate_of_return":0.0}
{"window":{"start":"2023-10-25T07:07:00.000Z","end":"2023-10-25T07:08:00.000Z"},"country":"Germany","OPM":1,"total_sales_volume":66.0,"rate_of_return":0.0}
{"window":{"start":"2023-10-24T03:15:00.000Z","end":"2023-10-24T03:16:00.000Z"},"country":"Germany","OPM":1,"total_sales_volume":74.60999917984009,"rate_of_return":0.0}
{"window":{"start":"2023-10-25T05:15:00.000Z","end":"2023-10-25T05:16:00.000Z"},"country":"United Kingdom","OPM":9,"total_sales_volume":1632.5000041499734,"rate_of_return":0.0}
{"window":{"start":"2023-10-24T16:04:00.000Z","end":"2023-10-24T16:05:00.000Z"},"country":"Sweden","OPM":1,"total_sales_volume":6.75,"rate_of_return":0.0}
{"window":{"start":"2023-10-26T13:36:00.000Z","end":"2023-10-26T13:37:00.000Z"},"country":"France","OPM":1,"total_sales_volume":-79.32000017166138,"rate_of_return":1.0}
{"window":{"start":"2023-10-23T14:51:00.000Z","end":"2023-10-23T14:52:00.000Z"},"country":"EIRE","OPM":1,"total_sales_volume":4.889999985694885,"rate_of_return":0.0}
{"window":{"start":"2023-10-26T22:11:00.000Z","end":"2023-10-26T22:12:00.000Z"},"country":"United Kingdom","OPM":6,"total_sales_volume":446.78000020980835,"rate_of_return":0.0}
{"window":{"start":"2023-10-24T04:18:00.000Z","end":"2023-10-24T04:19:00.000Z"},"country":"France","OPM":1,"total_sales_volume":17.950000047683716,"rate_of_return":0.0}
{"window":{"start":"2023-10-24T00:53:00.000Z","end":"2023-10-24T00:54:00.000Z"},"country":"United Kingdom","OPM":14,"total_sales_volume":715.2899913489819,"rate_of_return":0.0}
{"window":{"start":"2023-10-24T18:44:00.000Z","end":"2023-10-24T18:45:00.000Z"},"country":"EIRE","OPM":1,"total_sales_volume":168.77999997138977,"rate_of_return":0.0}
{"window":{"start":"2023-10-24T19:23:00.000Z","end":"2023-10-24T19:24:00.000Z"},"country":"United Kingdom","OPM":7,"total_sales_volume":446.3500043749809,"rate_of_return":0.0}
{"window":{"start":"2023-10-26T10:45:00.000Z","end":"2023-10-26T10:46:00.000Z"},"country":"United Kingdom","OPM":11,"total_sales_volume":257.44999435544014,"rate_of_return":0.09090909090909091}
{"window":{"start":"2023-10-27T15:05:00.000Z","end":"2023-10-27T15:06:00.000Z"},"country":"United Kingdom","OPM":9,"total_sales_volume":1312.7300068587065,"rate_of_return":0.0}
{"window":{"start":"2023-10-26T02:29:00.000Z","end":"2023-10-26T02:30:00.000Z"},"country":"United Kingdom","OPM":12,"total_sales_volume":285.55999851226807,"rate_of_return":0.0}
{"window":{"start":"2023-10-27T05:57:00.000Z","end":"2023-10-27T05:58:00.000Z"},"country":"United Kingdom","OPM":9,"total_sales_volume":474.6499991416931,"rate_of_return":0.1111111111111111}
{"window":{"start":"2023-10-27T06:19:00.000Z","end":"2023-10-27T06:20:00.000Z"},"country":"Australia","OPM":1,"total_sales_volume":3.2899999618530273,"rate_of_return":0.0}
{"window":{"start":"2023-10-24T23:59:00.000Z","end":"2023-10-25T00:00:00.000Z"},"country":"United Kingdom","OPM":10,"total_sales_volume":724.2900014519691,"rate_of_return":0.0}
{"window":{"start":"2023-10-26T22:34:00.000Z","end":"2023-10-26T22:35:00.000Z"},"country":"European Community","OPM":1,"total_sales_volume":27.550000429153442,"rate_of_return":0.0}
{"window":{"start":"2023-10-26T01:53:00.000Z","end":"2023-10-26T01:54:00.000Z"},"country":"Germany","OPM":1,"total_sales_volume":51.65999913215637,"rate_of_return":0.0}
{"window":{"start":"2023-10-24T09:19:00.000Z","end":"2023-10-24T09:20:00.000Z"},"country":"United Kingdom","OPM":13,"total_sales_volume":1262.1400039494038,"rate_of_return":0.0}
{"window":{"start":"2023-10-26T19:03:00.000Z","end":"2023-10-26T19:04:00.000Z"},"country":"United Kingdom","OPM":10,"total_sales_volume":1099.7300054132938,"rate_of_return":0.2}
{"window":{"start":"2023-10-27T15:45:00.000Z","end":"2023-10-27T15:46:00.000Z"},"country":"Finland","OPM":1,"total_sales_volume":378.89999610185623,"rate_of_return":0.0}
{"window":{"start":"2023-10-27T06:42:00.000Z","end":"2023-10-27T06:43:00.000Z"},"country":"United Kingdom","OPM":14,"total_sales_volume":996.6899869143963,"rate_of_return":0.14285714285714285}
{"window":{"start":"2023-10-24T16:32:00.000Z","end":"2023-10-24T16:33:00.000Z"},"country":"United Kingdom","OPM":8,"total_sales_volume":545.2799962759018,"rate_of_return":0.125}
{"window":{"start":"2023-10-27T11:14:00.000Z","end":"2023-10-27T11:15:00.000Z"},"country":"United Kingdom","OPM":9,"total_sales_volume":654.7299997806549,"rate_of_return":0.0}
{"window":{"start":"2023-10-24T02:05:00.000Z","end":"2023-10-24T02:06:00.000Z"},"country":"Germany","OPM":1,"total_sales_volume":12.300000190734863,"rate_of_return":0.0}
{"window":{"start":"2023-10-25T08:26:00.000Z","end":"2023-10-25T08:27:00.000Z"},"country":"EIRE","OPM":1,"total_sales_volume":42.34000062942505,"rate_of_return":0.0}
{"window":{"start":"2023-10-23T15:44:00.000Z","end":"2023-10-23T15:45:00.000Z"},"country":"United Kingdom","OPM":10,"total_sales_volume":974.6299914121628,"rate_of_return":0.0}
{"window":{"start":"2023-10-28T02:26:00.000Z","end":"2023-10-28T02:27:00.000Z"},"country":"United Kingdom","OPM":8,"total_sales_volume":93.84999430179596,"rate_of_return":0.25}
{"window":{"start":"2023-10-24T07:31:00.000Z","end":"2023-10-24T07:32:00.000Z"},"country":"France","OPM":1,"total_sales_volume":49.54999828338623,"rate_of_return":0.0}
{"window":{"start":"2023-10-26T16:07:00.000Z","end":"2023-10-26T16:08:00.000Z"},"country":"United Kingdom","OPM":8,"total_sales_volume":1364.4699845314026,"rate_of_return":0.125}
{"window":{"start":"2023-10-26T21:51:00.000Z","end":"2023-10-26T21:52:00.000Z"},"country":"Germany","OPM":1,"total_sales_volume":31.25,"rate_of_return":0.0}
{"window":{"start":"2023-10-24T16:37:00.000Z","end":"2023-10-24T16:38:00.000Z"},"country":"Germany","OPM":1,"total_sales_volume":34.6800012588501,"rate_of_return":0.0}
{"window":{"start":"2023-10-25T05:58:00.000Z","end":"2023-10-25T05:59:00.000Z"},"country":"United Kingdom","OPM":6,"total_sales_volume":239.38999912142754,"rate_of_return":0.0}
{"window":{"start":"2023-10-25T19:29:00.000Z","end":"2023-10-25T19:30:00.000Z"},"country":"United Kingdom","OPM":10,"total_sales_volume":608.7899933159351,"rate_of_return":0.1}
{"window":{"start":"2023-10-26T22:37:00.000Z","end":"2023-10-26T22:38:00.000Z"},"country":"Germany","OPM":1,"total_sales_volume":289.34999707341194,"rate_of_return":0.0}
{"window":{"start":"2023-10-27T16:58:00.000Z","end":"2023-10-27T16:59:00.000Z"},"country":"Australia","OPM":1,"total_sales_volume":3.2499998807907104,"rate_of_return":0.0}
{"window":{"start":"2023-10-23T13:02:00.000Z","end":"2023-10-23T13:03:00.000Z"},"country":"United Kingdom","OPM":8,"total_sales_volume":594.9600013196468,"rate_of_return":0.0}
{"window":{"start":"2023-10-23T12:46:00.000Z","end":"2023-10-23T12:47:00.000Z"},"country":"Spain","OPM":1,"total_sales_volume":108.75999975204468,"rate_of_return":0.0}
{"window":{"start":"2023-10-25T06:08:00.000Z","end":"2023-10-25T06:09:00.000Z"},"country":"Germany","OPM":1,"total_sales_volume":-237.54999655485153,"rate_of_return":1.0}
{"window":{"start":"2023-10-26T07:58:00.000Z","end":"2023-10-26T07:59:00.000Z"},"country":"United Kingdom","OPM":11,"total_sales_volume":442.99999663233757,"rate_of_return":0.18181818181818182}
{"window":{"start":"2023-10-23T14:54:00.000Z","end":"2023-10-23T14:55:00.000Z"},"country":"EIRE","OPM":1,"total_sales_volume":36.69999957084656,"rate_of_return":0.0}
{"window":{"start":"2023-10-24T12:22:00.000Z","end":"2023-10-24T12:23:00.000Z"},"country":"EIRE","OPM":1,"total_sales_volume":52.38000011444092,"rate_of_return":0.0}
{"window":{"start":"2023-10-25T22:19:00.000Z","end":"2023-10-25T22:20:00.000Z"},"country":"United Kingdom","OPM":10,"total_sales_volume":279.37000131607056,"rate_of_return":0.0}
{"window":{"start":"2023-10-26T01:34:00.000Z","end":"2023-10-26T01:35:00.000Z"},"country":"France","OPM":1,"total_sales_volume":-988.529997587204,"rate_of_return":1.0}
{"window":{"start":"2023-10-23T15:02:00.000Z","end":"2023-10-23T15:03:00.000Z"},"country":"United Kingdom","OPM":6,"total_sales_volume":334.5999975502491,"rate_of_return":0.0}
{"window":{"start":"2023-10-28T04:11:00.000Z","end":"2023-10-28T04:12:00.000Z"},"country":"Australia","OPM":1,"total_sales_volume":52.269998371601105,"rate_of_return":0.0}
{"window":{"start":"2023-10-25T09:34:00.000Z","end":"2023-10-25T09:35:00.000Z"},"country":"United Kingdom","OPM":9,"total_sales_volume":421.5599970817566,"rate_of_return":0.0}
{"window":{"start":"2023-10-26T09:28:00.000Z","end":"2023-10-26T09:29:00.000Z"},"country":"Austria","OPM":1,"total_sales_volume":52.55000030994415,"rate_of_return":0.0}
{"window":{"start":"2023-10-27T10:08:00.000Z","end":"2023-10-27T10:09:00.000Z"},"country":"Switzerland","OPM":1,"total_sales_volume":20.03999948501587,"rate_of_return":0.0}
{"window":{"start":"2023-10-26T04:25:00.000Z","end":"2023-10-26T04:26:00.000Z"},"country":"Germany","OPM":1,"total_sales_volume":19.919999599456787,"rate_of_return":0.0}
{"window":{"start":"2023-10-25T17:12:00.000Z","end":"2023-10-25T17:13:00.000Z"},"country":"Norway","OPM":1,"total_sales_volume":81.73999977111816,"rate_of_return":0.0}
{"window":{"start":"2023-10-27T15:30:00.000Z","end":"2023-10-27T15:31:00.000Z"},"country":"United Kingdom","OPM":9,"total_sales_volume":2685.2799985706806,"rate_of_return":0.0}
{"window":{"start":"2023-10-24T23:44:00.000Z","end":"2023-10-24T23:45:00.000Z"},"country":"United Kingdom","OPM":15,"total_sales_volume":5419.570136785507,"rate_of_return":0.0}
{"window":{"start":"2023-10-26T04:58:00.000Z","end":"2023-10-26T04:59:00.000Z"},"country":"United Kingdom","OPM":10,"total_sales_volume":626.3099906146526,"rate_of_return":0.0}
