{"window":{"start":"2023-10-26T12:42:00.000Z","end":"2023-10-26T12:43:00.000Z"},"country":"France","OPM":1,"total_sales_volume":3.359999895095825,"rate_of_return":0.0}
{"window":{"start":"2023-10-26T05:58:00.000Z","end":"2023-10-26T05:59:00.000Z"},"country":"United Kingdom","OPM":9,"total_sales_volume":247.19999542832375,"rate_of_return":0.1111111111111111}
{"window":{"start":"2023-10-25T08:23:00.000Z","end":"2023-10-25T08:24:00.000Z"},"country":"United Kingdom","OPM":7,"total_sales_volume":227.70999428629875,"rate_of_return":0.2857142857142857}
{"window":{"start":"2023-10-25T16:55:00.000Z","end":"2023-10-25T16:56:00.000Z"},"country":"United Kingdom","OPM":5,"total_sales_volume":303.9499981403351,"rate_of_return":0.2}
{"window":{"start":"2023-10-25T18:21:00.000Z","end":"2023-10-25T18:22:00.000Z"},"country":"Germany","OPM":1,"total_sales_volume":39.96000003814697,"rate_of_return":0.0}
{"window":{"start":"2023-10-26T14:52:00.000Z","end":"2023-10-26T14:53:00.000Z"},"country":"France","OPM":1,"total_sales_volume":38.89999961853027,"rate_of_return":0.0}
{"window":{"start":"2023-10-24T09:26:00.000Z","end":"2023-10-24T09:27:00.000Z"},"country":"United Kingdom","OPM":11,"total_sales_volume":450.76999723911285,"rate_of_return":0.0}
{"window":{"start":"2023-10-28T03:38:00.000Z","end":"2023-10-28T03:39:00.000Z"},"country":"United Kingdom","OPM":10,"total_sales_volume":236.9699991941452,"rate_of_return":0.1}
{"window":{"start":"2023-10-27T22:59:00.000Z","end":"2023-10-27T23:00:00.000Z"},"country":"Germany","OPM":1,"total_sales_volume":223.25000059604645,"rate_of_return":0.0}
{"window":{"start":"2023-10-27T17:38:00.000Z","end":"2023-10-27T17:39:00.000Z"},"country":"France","OPM":1,"total_sales_volume":43.49000024795532,"rate_of_return":0.0}
{"window":{"start":"2023-10-27T14:46:00.000Z","end":"2023-10-27T14:47:00.000Z"},"country":"Germany","OPM":1,"total_sales_volume":80.75000083446503,"rate_of_return":0.0}
{"window":{"start":"2023-10-23T23:22:00.000Z","end":"2023-10-23T23:23:00.000Z"},"country":"United Kingdom","OPM":14,"total_sales_volume":1038.3999979794025,"rate_of_return":0.07142857142857142}
{"window":{"start":"2023-10-25T00:26:00.000Z","end":"2023-10-25T00:27:00.000Z"},"country":"France","OPM":1,"total_sales_volume":33.62999963760376,"rate_of_return":0.0}
{"window":{"start":"2023-10-27T14:24:00.000Z","end":"2023-10-27T14:25:00.000Z"},"country":"Germany","OPM":2,"total_sales_volume":355.2199869155884,"rate_of_return":0.0}
{"window":{"start":"2023-10-27T08:10:00.000Z","end":"2023-10-27T08:11:00.000Z"},"country":"United Kingdom","OPM":6,"total_sales_volume":1478.060011267662,"rate_of_return":0.0}
{"window":{"start":"2023-10-27T00:57:00.000Z","end":"2023-10-27T00:58:00.000Z"},"country":"United Kingdom","OPM":2,"total_sales_volume":0.2700005769729614,"rate_of_return":0.5}
{"window":{"start":"2023-10-25T19:30:00.000Z","end":"2023-10-25T19:31:00.000Z"},"country":"Denmark","OPM":1,"total_sales_volume":31.449999809265137,"rate_of_return":0.0}
{"window":{"start":"2023-10-24T07:13:00.000Z","end":"2023-10-24T07:14:00.000Z"},"country":"United Kingdom","OPM":9,"total_sales_volume":360.270001322031,"rate_of_return":0.0}
{"window":{"start":"2023-10-25T13:33:00.000Z","end":"2023-10-25T13:34:00.000Z"},"country":"United Kingdom","OPM":9,"total_sales_volume":301.22999969124794,"rate_of_return":0.2222222222222222}
{"window":{"start":"2023-10-24T02:23:00.000Z","end":"2023-10-24T02:24:00.000Z"},"country":"Spain","OPM":1,"total_sales_volume":5.900000095367432,"rate_of_return":0.0}
{"window":{"start":"2023-10-26T14:17:00.000Z","end":"2023-10-26T14:18:00.000Z"},"country":"France","OPM":1,"total_sales_volume":17.700000286102295,"rate_of_return":0.0}
{"window":{"start":"2023-10-27T11:39:00.000Z","end":"2023-10-27T11:40:00.000Z"},"country":"United Kingdom","OPM":4,"total_sales_volume":-208.8299913406372,"rate_of_return":0.25}
{"window":{"start":"2023-10-23T20:01:00.000Z","end":"2023-10-23T20:02:00.000Z"},"country":"France","OPM":1,"total_sales_volume":10.329999804496765,"rate_of_return":0.0}
{"window":{"start":"2023-10-25T22:31:00.000Z","end":"2023-10-25T22:32:00.000Z"},"country":"France","OPM":1,"total_sales_volume":3.2499998807907104,"rate_of_return":0.0}
{"window":{"start":"2023-10-24T17:36:00.000Z","end":"2023-10-24T17:37:00.000Z"},"country":"Norway","OPM":1,"total_sales_volume":36.249999046325684,"rate_of_return":0.0}
{"window":{"start":"2023-10-24T06:49:00.000Z","end":"2023-10-24T06:50:00.000Z"},"country":"Netherlands","OPM":1,"total_sales_volume":24.780000686645508,"rate_of_return":0.0}
{"window":{"start":"2023-10-24T20:23:00.000Z","end":"2023-10-24T20:24:00.000Z"},"country":"United Kingdom","OPM":3,"total_sales_volume":202.3199977874756,"rate_of_return":0.0}
{"window":{"start":"2023-10-27T06:09:00.000Z","end":"2023-10-27T06:10:00.000Z"},"country":"United Kingdom","OPM":9,"total_sales_volume":34.03000545501709,"rate_of_return":0.1111111111111111}
{"window":{"start":"2023-10-24T23:24:00.000Z","end":"2023-10-24T23:25:00.000Z"},"country":"United Kingdom","OPM":6,"total_sales_volume":880.3800035119057,"rate_of_return":0.0}
{"window":{"start":"2023-10-26T15:52:00.000Z","end":"2023-10-26T15:53:00.000Z"},"country":"United Kingdom","OPM":11,"total_sales_volume":414.23999747633934,"rate_of_return":0.0}
{"window":{"start":"2023-10-23T13:03:00.000Z","end":"2023-10-23T13:04:00.000Z"},"country":"United Kingdom","OPM":15,"total_sales_volume":546.4899966716766,"rate_of_return":0.0}
{"window":{"start":"2023-10-25T20:37:00.000Z","end":"2023-10-25T20:38:00.000Z"},"country":"United Kingdom","OPM":9,"total_sales_volume":399.59000504016876,"rate_of_return":0.0}
{"window":{"start":"2023-10-24T09:08:00.000Z","end":"2023-10-24T09:09:00.000Z"},"country":"France","OPM":1,"total_sales_volume":1.100000023841858,"rate_of_return":0.0}
{"window":{"start":"2023-10-27T01:17:00.000Z","end":"2023-10-27T01:18:00.000Z"},"country":"United Kingdom","OPM":8,"total_sales_volume":446.9899930357933,"rate_of_return":0.125}
{"window":{"start":"2023-10-25T12:53:00.000Z","end":"2023-10-25T12:54:00.000Z"},"country":"France","OPM":1,"total_sales_volume":30.0,"rate_of_return":0.0}
{"window":{"start":"2023-10-25T15:47:00.000Z","end":"2023-10-25T15:48:00.000Z"},"country":"United Kingdom","OPM":12,"total_sales_volume":691.5600048899651,"rate_of_return":0.16666666666666666}
{"window":{"start":"2023-10-23T21:01:00.000Z","end":"2023-10-23T21:02:00.000Z"},"country":"United Kingdom","OPM":10,"total_sales_volume":559.899998396635,"rate_of_return":0.0}
{"window":{"start":"2023-10-27T05:19:00.000Z","end":"2023-10-27T05:20:00.000Z"},"country":"Portugal","OPM":1,"total_sales_volume":29.699999809265137,"rate_of_return":0.0}
{"window":{"start":"2023-10-25T18:26:00.000Z","end":"2023-10-25T18:27:00.000Z"},"country":"EIRE","OPM":2,"total_sales_volume":44.49999928474426,"rate_of_return":0.0}
{"window":{"start":"2023-10-25T11:35:00.000Z","end":"2023-10-25T11:36:00.000Z"},"country":"Netherlands","OPM":1,"total_sales_volume":29.75000035762787,"rate_of_return":0.0}
{"window":{"start":"2023-10-25T11:50:00.000Z","end":"2023-10-25T11:51:00.000Z"},"country":"United Kingdom","OPM":12,"total_sales_volume":340.8899974822998,"rate_of_return":0.0}
{"window":{"start":"2023-10-27T19:50:00.000Z","end":"2023-10-27T19:51:00.000Z"},"country":"United Kingdom","OPM":4,"total_sales_volume":203.3699989914894,"rate_of_return":0.0}
{"window":{"start":"2023-10-27T22:24:00.000Z","end":"2023-10-27T22:25:00.000Z"},"country":"United Kingdom","OPM":11,"total_sales_volume":-11.170000225305557,"rate_of_return":0.18181818181818182}
{"window":{"start":"2023-10-25T08:53:00.000Z","end":"2023-10-25T08:54:00.000Z"},"country":"United Kingdom","OPM":14,"total_sales_volume":655.9899988174438,"rate_of_return":0.0}
{"window":{"start":"2023-10-26T12:45:00.000Z","end":"2023-10-26T12:46:00.000Z"},"country":"United Kingdom","OPM":6,"total_sales_volume":236.4999984204769,"rate_of_return":0.16666666666666666}
{"window":{"start":"2023-10-27T22:53:00.000Z","end":"2023-10-27T22:54:00.000Z"},"country":"United Kingdom","OPM":4,"total_sales_volume":166.2200008034706,"rate_of_return":0.25}
{"window":{"start":"2023-10-27T01:19:00.000Z","end":"2023-10-27T01:20:00.000Z"},"country":"Poland","OPM":1,"total_sales_volume":21.899999618530273,"rate_of_return":0.0}
{"window":{"start":"2023-10-26T10:35:00.000Z","end":"2023-10-26T10:36:00.000Z"},"country":"United Kingdom","OPM":14,"total_sales_volume":810.4299920499325,"rate_of_return":0.0}
{"window":{"start":"2023-10-24T00:51:00.000Z","end":"2023-10-24T00:52:00.000Z"},"country":"United Kingdom","OPM":17,"total_sales_volume":645.489993840456,"rate_of_return":0.11764705882352941}
{"window":{"start":"2023-10-24T20:27:00.000Z","end":"2023-10-24T20:28:00.000Z"},"country":"Germany","OPM":1,"total_sales_volume":62.45000147819519,"rate_of_return":0.0}
{"window":{"start":"2023-10-23T19:58:00.000Z","end":"2023-10-23T19:59:00.000Z"},"country":"United Kingdom","OPM":18,"total_sales_volume":1778.939970433712,"rate_of_return":0.0}
{"window":{"start":"2023-10-25T07:13:00.000Z","end":"2023-10-25T07:14:00.000Z"},"country":"Hong Kong","OPM":1,"total_sales_volume":16.450000047683716,"rate_of_return":0.0}
{"window":{"start":"2023-10-26T08:07:00.000Z","end":"2023-10-26T08:08:00.000Z"},"country":"United Kingdom","OPM":12,"total_sales_volume":224.33001509308815,"rate_of_return":0.16666666666666666}
