{"window":{"start":"2023-10-26T05:41:00.000Z","end":"2023-10-26T05:42:00.000Z"},"country":"EIRE","OPM":1,"total_sales_volume":218.19999265670776,"rate_of_return":0.0}
{"window":{"start":"2023-10-23T23:59:00.000Z","end":"2023-10-24T00:00:00.000Z"},"country":"Germany","OPM":1,"total_sales_volume":82.45999950170517,"rate_of_return":0.0}
{"window":{"start":"2023-10-27T01:23:00.000Z","end":"2023-10-27T01:24:00.000Z"},"country":"Spain","OPM":1,"total_sales_volume":19.84999966621399,"rate_of_return":0.0}
{"window":{"start":"2023-10-26T05:21:00.000Z","end":"2023-10-26T05:22:00.000Z"},"country":"Sweden","OPM":1,"total_sales_volume":22.88000053167343,"rate_of_return":0.0}
{"window":{"start":"2023-10-24T02:09:00.000Z","end":"2023-10-24T02:10:00.000Z"},"country":"United Kingdom","OPM":10,"total_sales_volume":733.4200042188168,"rate_of_return":0.0}
{"window":{"start":"2023-10-28T02:41:00.000Z","end":"2023-10-28T02:42:00.000Z"},"country":"France","OPM":1,"total_sales_volume":82.13999891281128,"rate_of_return":0.0}
{"window":{"start":"2023-10-25T06:51:00.000Z","end":"2023-10-25T06:52:00.000Z"},"country":"United Kingdom","OPM":7,"total_sales_volume":662.4300038814545,"rate_of_return":0.0}
{"window":{"start":"2023-10-26T23:12:00.000Z","end":"2023-10-26T23:13:00.000Z"},"country":"United Kingdom","OPM":8,"total_sales_volume":292.87999787926674,"rate_of_return":0.25}
{"window":{"start":"2023-10-23T20:36:00.000Z","end":"2023-10-23T20:37:00.000Z"},"country":"United Kingdom","OPM":17,"total_sales_volume":735.5099960267544,"rate_of_return":0.058823529411764705}
{"window":{"start":"2023-10-27T18:41:00.000Z","end":"2023-10-27T18:42:00.000Z"},"country":"Germany","OPM":1,"total_sales_volume":4.170000076293945,"rate_of_return":0.0}
{"window":{"start":"2023-10-23T13:15:00.000Z","end":"2023-10-23T13:16:00.000Z"},"country":"United Kingdom","OPM":9,"total_sales_volume":624.4799984693527,"rate_of_return":0.1111111111111111}
{"window":{"start":"2023-10-25T11:33:00.000Z","end":"2023-10-25T11:34:00.000Z"},"country":"United Kingdom","OPM":7,"total_sales_volume":477.52999889850616,"rate_of_return":0.0}
{"window":{"start":"2023-10-27T18:57:00.000Z","end":"2023-10-27T18:58:00.000Z"},"country":"United Kingdom","OPM":12,"total_sales_volume":432.07000282406807,"rate_of_return":0.0}
{"window":{"start":"2023-10-25T05:39:00.000Z","end":"2023-10-25T05:40:00.000Z"},"country":"Japan","OPM":1,"total_sales_volume":10.019999742507935,"rate_of_return":0.0}
{"window":{"start":"2023-10-26T04:39:00.000Z","end":"2023-10-26T04:40:00.000Z"},"country":"Germany","OPM":1,"total_sales_volume":74.97999864816666,"rate_of_return":0.0}
{"window":{"start":"2023-10-23T18:13:00.000Z","end":"2023-10-23T18:14:00.000Z"},"country":"Germany","OPM":1,"total_sales_volume":84.09999960660934,"rate_of_return":0.0}
{"window":{"start":"2023-10-26T18:14:00.000Z","end":"2023-10-26T18:15:00.000Z"},"country":"Germany","OPM":1,"total_sales_volume":98.36999893188477,"rate_of_return":0.0}
{"window":{"start":"2023-10-23T15:07:00.000Z","end":"2023-10-23T15:08:00.000Z"},"country":"United Kingdom","OPM":14,"total_sales_volume":869.6999954581261,"rate_of_return":0.0}
{"window":{"start":"2023-10-25T09:19:00.000Z","end":"2023-10-25T09:20:00.000Z"},"country":"United Kingdom","OPM":13,"total_sales_volume":1050.6100019067526,"rate_of_return":0.0}
{"window":{"start":"2023-10-26T21:50:00.000Z","end":"2023-10-26T21:51:00.000Z"},"country":"United Kingdom","OPM":9,"total_sales_volume":433.7600026130676,"rate_of_return":0.1111111111111111}
{"window":{"start":"2023-10-27T12:49:00.000Z","end":"2023-10-27T12:50:00.000Z"},"country":"France","OPM":1,"total_sales_volume":14.320000171661377,"rate_of_return":0.0}
{"window":{"start":"2023-10-27T20:16:00.000Z","end":"2023-10-27T20:17:00.000Z"},"country":"United Kingdom","OPM":10,"total_sales_volume":473.7299964725971,"rate_of_return":0.0}
{"window":{"start":"2023-10-24T22:20:00.000Z","end":"2023-10-24T22:21:00.000Z"},"country":"United Kingdom","OPM":13,"total_sales_volume":842.7799926996231,"rate_of_return":0.07692307692307693}
{"window":{"start":"2023-10-25T04:58:00.000Z","end":"2023-10-25T04:59:00.000Z"},"country":"United Kingdom","OPM":10,"total_sales_volume":480.7399946451187,"rate_of_return":0.1}
{"window":{"start":"2023-10-25T05:30:00.000Z","end":"2023-10-25T05:31:00.000Z"},"country":"France","OPM":1,"total_sales_volume":35.03999948501587,"rate_of_return":0.0}
{"window":{"start":"2023-10-26T00:14:00.000Z","end":"2023-10-26T00:15:00.000Z"},"country":"United Kingdom","OPM":7,"total_sales_volume":1301.6800078451633,"rate_of_return":0.0}
{"window":{"start":"2023-10-24T00:42:00.000Z","end":"2023-10-24T00:43:00.000Z"},"country":"Germany","OPM":1,"total_sales_volume":142.37999820709229,"rate_of_return":0.0}
{"window":{"start":"2023-10-26T10:18:00.000Z","end":"2023-10-26T10:19:00.000Z"},"country":"United Kingdom","OPM":12,"total_sales_volume":493.2399970591068,"rate_of_return":0.0}
{"window":{"start":"2023-10-26T16:39:00.000Z","end":"2023-10-26T16:40:00.000Z"},"country":"Switzerland","OPM":1,"total_sales_volume":72.66000032424927,"rate_of_return":0.0}
{"window":{"start":"2023-10-25T05:57:00.000Z","end":"2023-10-25T05:58:00.000Z"},"country":"United Kingdom","OPM":5,"total_sales_volume":459.08000046014786,"rate_of_return":0.0}
{"window":{"start":"2023-10-25T09:15:00.000Z","end":"2023-10-25T09:16:00.000Z"},"country":"United Kingdom","OPM":7,"total_sales_volume":332.92000022530556,"rate_of_return":0.14285714285714285}
{"window":{"start":"2023-10-24T16:20:00.000Z","end":"2023-10-24T16:21:00.000Z"},"country":"United Kingdom","OPM":8,"total_sales_volume":438.9699963629246,"rate_of_return":0.0}
{"window":{"start":"2023-10-26T14:42:00.000Z","end":"2023-10-26T14:43:00.000Z"},"country":"United Kingdom","OPM":10,"total_sales_volume":372.0700017809868,"rate_of_return":0.0}
{"window":{"start":"2023-10-27T21:56:00.000Z","end":"2023-10-27T21:57:00.000Z"},"country":"United Kingdom","OPM":11,"total_sales_volume":474.8599889576435,"rate_of_return":0.18181818181818182}
{"window":{"start":"2023-10-27T19:16:00.000Z","end":"2023-10-27T19:17:00.000Z"},"country":"Netherlands","OPM":1,"total_sales_volume":61.63999891281128,"rate_of_return":0.0}
{"window":{"start":"2023-10-26T06:43:00.000Z","end":"2023-10-26T06:44:00.000Z"},"country":"United Kingdom","OPM":10,"total_sales_volume":520.4499949514866,"rate_of_return":0.0}
{"window":{"start":"2023-10-27T19:32:00.000Z","end":"2023-10-27T19:33:00.000Z"},"country":"Germany","OPM":2,"total_sales_volume":13.040000021457672,"rate_of_return":0.0}
{"window":{"start":"2023-10-26T19:26:00.000Z","end":"2023-10-26T19:27:00.000Z"},"country":"United Kingdom","OPM":9,"total_sales_volume":255.6100002527237,"rate_of_return":0.1111111111111111}
{"window":{"start":"2023-10-26T03:46:00.000Z","end":"2023-10-26T03:47:00.000Z"},"country":"United Kingdom","OPM":6,"total_sales_volume":463.57999819517136,"rate_of_return":0.0}
{"window":{"start":"2023-10-25T16:50:00.000Z","end":"2023-10-25T16:51:00.000Z"},"country":"Lebanon","OPM":1,"total_sales_volume":19.739999771118164,"rate_of_return":0.0}
{"window":{"start":"2023-10-27T10:06:00.000Z","end":"2023-10-27T10:07:00.000Z"},"country":"Spain","OPM":1,"total_sales_volume":34.74000000953674,"rate_of_return":0.0}
{"window":{"start":"2023-10-26T16:36:00.000Z","end":"2023-10-26T16:37:00.000Z"},"country":"Germany","OPM":1,"total_sales_volume":102.60999894142151,"rate_of_return":0.0}
{"window":{"start":"2023-10-25T09:42:00.000Z","end":"2023-10-25T09:43:00.000Z"},"country":"United Kingdom","OPM":8,"total_sales_volume":1534.3699892163277,"rate_of_return":0.0}
{"window":{"start":"2023-10-25T04:13:00.000Z","end":"2023-10-25T04:14:00.000Z"},"country":"United Kingdom","OPM":14,"total_sales_volume":1154.5500092804432,"rate_of_return":0.0}
{"window":{"start":"2023-10-26T10:06:00.000Z","end":"2023-10-26T10:07:00.000Z"},"country":"United Kingdom","OPM":8,"total_sales_volume":262.44000020623207,"rate_of_return":0.0}
{"window":{"start":"2023-10-27T05:59:00.000Z","end":"2023-10-27T06:00:00.000Z"},"country":"France","OPM":1,"total_sales_volume":18.62999999523163,"rate_of_return":0.0}
{"window":{"start":"2023-10-27T20:22:00.000Z","end":"2023-10-27T20:23:00.000Z"},"country":"France","OPM":1,"total_sales_volume":9.050000011920929,"rate_of_return":0.0}
{"window":{"start":"2023-10-24T05:16:00.000Z","end":"2023-10-24T05:17:00.000Z"},"country":"United Kingdom","OPM":15,"total_sales_volume":729.3299952149391,"rate_of_return":0.13333333333333333}
{"window":{"start":"2023-10-24T15:16:00.000Z","end":"2023-10-24T15:17:00.000Z"},"country":"United Kingdom","OPM":5,"total_sales_volume":428.239994764328,"rate_of_return":0.0}
{"window":{"start":"2023-10-27T14:40:00.000Z","end":"2023-10-27T14:41:00.000Z"},"country":"EIRE","OPM":2,"total_sales_volume":25.499999672174454,"rate_of_return":0.0}
{"window":{"start":"2023-10-26T00:34:00.000Z","end":"2023-10-26T00:35:00.000Z"},"country":"France","OPM":1,"total_sales_volume":0.41999998688697815,"rate_of_return":0.0}
{"window":{"start":"2023-10-23T15:58:00.000Z","end":"2023-10-23T15:59:00.000Z"},"country":"Sweden","OPM":1,"total_sales_volume":5.909999847412109,"rate_of_return":0.0}
{"window":{"start":"2023-10-27T01:35:00.000Z","end":"2023-10-27T01:36:00.000Z"},"country":"United Kingdom","OPM":9,"total_sales_volume":297.8200007677078,"rate_of_return":0.0}
{"window":{"start":"2023-10-26T03:31:00.000Z","end":"2023-10-26T03:32:00.000Z"},"country":"Japan","OPM":1,"total_sales_volume":-36.05999970436096,"rate_of_return":1.0}
{"window":{"start":"2023-10-28T04:30:00.000Z","end":"2023-10-28T04:31:00.000Z"},"country":"United Kingdom","OPM":5,"total_sales_volume":178.8400017619133,"rate_of_return":0.0}
{"window":{"start":"2023-10-25T14:52:00.000Z","end":"2023-10-25T14:53:00.000Z"},"country":"United Kingdom","OPM":14,"total_sales_volume":1140.4899877011776,"rate_of_return":0.14285714285714285}
{"window":{"start":"2023-10-25T16:56:00.000Z","end":"2023-10-25T16:57:00.000Z"},"country":"United Kingdom","OPM":12,"total_sales_volume":1092.1699998676777,"rate_of_return":0.0}
{"window":{"start":"2023-10-27T05:40:00.000Z","end":"2023-10-27T05:41:00.000Z"},"country":"Spain","OPM":1,"total_sales_volume":3.75,"rate_of_return":0.0}
{"window":{"start":"2023-10-24T17:22:00.000Z","end":"2023-10-24T17:23:00.000Z"},"country":"Belgium","OPM":1,"total_sales_volume":41.980000495910645,"rate_of_return":0.0}
{"window":{"start":"2023-10-26T15:02:00.000Z","end":"2023-10-26T15:03:00.000Z"},"country":"United Kingdom","OPM":12,"total_sales_volume":1074.0099821090698,"rate_of_return":0.0}
