{"window":{"start":"2023-10-24T06:42:00.000Z","end":"2023-10-24T06:43:00.000Z"},"country":"United Kingdom","OPM":10,"total_sales_volume":445.3800011575222,"rate_of_return":0.0}
{"window":{"start":"2023-10-25T11:26:00.000Z","end":"2023-10-25T11:27:00.000Z"},"country":"EIRE","OPM":1,"total_sales_volume":5.900000095367432,"rate_of_return":0.0}
{"window":{"start":"2023-10-26T18:23:00.000Z","end":"2023-10-26T18:24:00.000Z"},"country":"United Kingdom","OPM":8,"total_sales_volume":675.8699911534786,"rate_of_return":0.0}
{"window":{"start":"2023-10-28T05:09:00.000Z","end":"2023-10-28T05:10:00.000Z"},"country":"United Kingdom","OPM":9,"total_sales_volume":283.18000173568726,"rate_of_return":0.0}
{"window":{"start":"2023-10-27T01:53:00.000Z","end":"2023-10-27T01:54:00.000Z"},"country":"United Kingdom","OPM":4,"total_sales_volume":305.25999081134796,"rate_of_return":0.0}
{"window":{"start":"2023-10-25T05:34:00.000Z","end":"2023-10-25T05:35:00.000Z"},"country":"United Kingdom","OPM":9,"total_sales_volume":587.0699957311153,"rate_of_return":0.0}
{"window":{"start":"2023-10-27T18:56:00.000Z","end":"2023-10-27T18:57:00.000Z"},"country":"United Kingdom","OPM":6,"total_sales_volume":9.559998780488968,"rate_of_return":0.16666666666666666}
{"window":{"start":"2023-10-24T16:29:00.000Z","end":"2023-10-24T16:30:00.000Z"},"country":"United Kingdom","OPM":9,"total_sales_volume":3685.5799361765385,"rate_of_return":0.0}
{"window":{"start":"2023-10-23T22:16:00.000Z","end":"2023-10-23T22:17:00.000Z"},"country":"United Kingdom","OPM":7,"total_sales_volume":363.01999735832214,"rate_of_return":0.0}
{"window":{"start":"2023-10-25T17:23:00.000Z","end":"2023-10-25T17:24:00.000Z"},"country":"EIRE","OPM":1,"total_sales_volume":8.57000008225441,"rate_of_return":0.0}
{"window":{"start":"2023-10-26T15:26:00.000Z","end":"2023-10-26T15:27:00.000Z"},"country":"Germany","OPM":1,"total_sales_volume":5.949999809265137,"rate_of_return":0.0}
{"window":{"start":"2023-10-25T11:32:00.000Z","end":"2023-10-25T11:33:00.000Z"},"country":"United Kingdom","OPM":12,"total_sales_volume":3506.0099872499704,"rate_of_return":0.08333333333333333}
{"window":{"start":"2023-10-23T20:43:00.000Z","end":"2023-10-23T20:44:00.000Z"},"country":"United Kingdom","OPM":11,"total_sales_volume":446.62999418377876,"rate_of_return":0.0}
{"window":{"start":"2023-10-27T00:47:00.000Z","end":"2023-10-27T00:48:00.000Z"},"country":"Germany","OPM":1,"total_sales_volume":166.82999753952026,"rate_of_return":0.0}
{"window":{"start":"2023-10-26T20:34:00.000Z","end":"2023-10-26T20:35:00.000Z"},"country":"United Kingdom","OPM":10,"total_sales_volume":321.6400015950203,"rate_of_return":0.2}
{"window":{"start":"2023-10-24T11:36:00.000Z","end":"2023-10-24T11:37:00.000Z"},"country":"EIRE","OPM":1,"total_sales_volume":265.5899968147278,"rate_of_return":0.0}
{"window":{"start":"2023-10-26T16:15:00.000Z","end":"2023-10-26T16:16:00.000Z"},"country":"France","OPM":1,"total_sales_volume":-39.36000061035156,"rate_of_return":1.0}
{"window":{"start":"2023-10-26T23:57:00.000Z","end":"2023-10-26T23:58:00.000Z"},"country":"France","OPM":1,"total_sales_volume":22.229999780654907,"rate_of_return":0.0}
{"window":{"start":"2023-10-25T06:08:00.000Z","end":"2023-10-25T06:09:00.000Z"},"country":"United Kingdom","OPM":5,"total_sales_volume":174.48999774456024,"rate_of_return":0.2}
{"window":{"start":"2023-10-24T00:30:00.000Z","end":"2023-10-24T00:31:00.000Z"},"country":"United Kingdom","OPM":16,"total_sales_volume":790.1999990940094,"rate_of_return":0.25}
{"window":{"start":"2023-10-25T16:17:00.000Z","end":"2023-10-25T16:18:00.000Z"},"country":"United Kingdom","OPM":10,"total_sales_volume":602.7500002980232,"rate_of_return":0.1}
{"window":{"start":"2023-10-27T10:35:00.000Z","end":"2023-10-27T10:36:00.000Z"},"country":"Netherlands","OPM":1,"total_sales_volume":12.5,"rate_of_return":0.0}
{"window":{"start":"2023-10-25T08:51:00.000Z","end":"2023-10-25T08:52:00.000Z"},"country":"United Kingdom","OPM":11,"total_sales_volume":473.1200001835823,"rate_of_return":0.09090909090909091}
{"window":{"start":"2023-10-24T10:35:00.000Z","end":"2023-10-24T10:36:00.000Z"},"country":"Germany","OPM":1,"total_sales_volume":52.15999937057495,"rate_of_return":0.0}
{"window":{"start":"2023-10-27T07:54:00.000Z","end":"2023-10-27T07:55:00.000Z"},"country":"EIRE","OPM":1,"total_sales_volume":-45.85999947786331,"rate_of_return":1.0}
{"window":{"start":"2023-10-26T03:30:00.000Z","end":"2023-10-26T03:31:00.000Z"},"country":"Netherlands","OPM":1,"total_sales_volume":77.8100004196167,"rate_of_return":0.0}
{"window":{"start":"2023-10-25T18:38:00.000Z","end":"2023-10-25T18:39:00.000Z"},"country":"Australia","OPM":1,"total_sales_volume":157.70999455451965,"rate_of_return":0.0}
{"window":{"start":"2023-10-23T15:28:00.000Z","end":"2023-10-23T15:29:00.000Z"},"country":"United Kingdom","OPM":6,"total_sales_volume":199.9800018966198,"rate_of_return":0.0}
{"window":{"start":"2023-10-24T16:02:00.000Z","end":"2023-10-24T16:03:00.000Z"},"country":"United Kingdom","OPM":9,"total_sales_volume":1060.7299807071686,"rate_of_return":0.0}
{"window":{"start":"2023-10-27T11:09:00.000Z","end":"2023-10-27T11:10:00.000Z"},"country":"EIRE","OPM":1,"total_sales_volume":19.94999933242798,"rate_of_return":0.0}
{"window":{"start":"2023-10-25T12:51:00.000Z","end":"2023-10-25T12:52:00.000Z"},"country":"United Kingdom","OPM":12,"total_sales_volume":259.47000202536583,"rate_of_return":0.25}
{"window":{"start":"2023-10-26T22:31:00.000Z","end":"2023-10-26T22:32:00.000Z"},"country":"United Kingdom","OPM":3,"total_sales_volume":232.35999929904938,"rate_of_return":0.0}
{"window":{"start":"2023-10-25T18:02:00.000Z","end":"2023-10-25T18:03:00.000Z"},"country":"United Kingdom","OPM":7,"total_sales_volume":446.93000450730324,"rate_of_return":0.0}
{"window":{"start":"2023-10-26T18:43:00.000Z","end":"2023-10-26T18:44:00.000Z"},"country":"Australia","OPM":1,"total_sales_volume":9.149999737739563,"rate_of_return":0.0}
{"window":{"start":"2023-10-27T21:02:00.000Z","end":"2023-10-27T21:03:00.000Z"},"country":"France","OPM":1,"total_sales_volume":79.31000137329102,"rate_of_return":0.0}
{"window":{"start":"2023-10-26T13:47:00.000Z","end":"2023-10-26T13:48:00.000Z"},"country":"United Kingdom","OPM":8,"total_sales_volume":616.5999996960163,"rate_of_return":0.25}
{"window":{"start":"2023-10-24T06:46:00.000Z","end":"2023-10-24T06:47:00.000Z"},"country":"Switzerland","OPM":1,"total_sales_volume":324.94000005722046,"rate_of_return":0.0}
{"window":{"start":"2023-10-25T12:58:00.000Z","end":"2023-10-25T12:59:00.000Z"},"country":"EIRE","OPM":1,"total_sales_volume":52.77999985218048,"rate_of_return":0.0}
{"window":{"start":"2023-10-24T07:50:00.000Z","end":"2023-10-24T07:51:00.000Z"},"country":"United Kingdom","OPM":8,"total_sales_volume":250.10999843478203,"rate_of_return":0.0}
{"window":{"start":"2023-10-25T01:13:00.000Z","end":"2023-10-25T01:14:00.000Z"},"country":"France","OPM":1,"total_sales_volume":27.989999771118164,"rate_of_return":0.0}
{"window":{"start":"2023-10-24T11:36:00.000Z","end":"2023-10-24T11:37:00.000Z"},"country":"Germany","OPM":1,"total_sales_volume":45.369999796152115,"rate_of_return":0.0}
{"window":{"start":"2023-10-24T03:15:00.000Z","end":"2023-10-24T03:16:00.000Z"},"country":"EIRE","OPM":1,"total_sales_volume":30.0,"rate_of_return":0.0}
{"window":{"start":"2023-10-24T05:30:00.000Z","end":"2023-10-24T05:31:00.000Z"},"country":"United Kingdom","OPM":6,"total_sales_volume":251.93999752402306,"rate_of_return":0.0}
{"window":{"start":"2023-10-24T06:23:00.000Z","end":"2023-10-24T06:24:00.000Z"},"country":"Switzerland","OPM":1,"total_sales_volume":36.57000017166138,"rate_of_return":0.0}
{"window":{"start":"2023-10-24T19:40:00.000Z","end":"2023-10-24T19:41:00.000Z"},"country":"France","OPM":2,"total_sales_volume":919.6700100898743,"rate_of_return":0.0}
{"window":{"start":"2023-10-26T12:38:00.000Z","end":"2023-10-26T12:39:00.000Z"},"country":"Portugal","OPM":1,"total_sales_volume":17.22000026702881,"rate_of_return":0.0}
{"window":{"start":"2023-10-26T18:34:00.000Z","end":"2023-10-26T18:35:00.000Z"},"country":"United Kingdom","OPM":14,"total_sales_volume":1433.109985113144,"rate_of_return":0.0}
{"window":{"start":"2023-10-24T20:19:00.000Z","end":"2023-10-24T20:20:00.000Z"},"country":"United Kingdom","OPM":16,"total_sales_volume":1082.139998599887,"rate_of_return":0.125}
{"window":{"start":"2023-10-27T06:07:00.000Z","end":"2023-10-27T06:08:00.000Z"},"country":"Channel Islands","OPM":1,"total_sales_volume":91.21000027656555,"rate_of_return":0.0}
{"window":{"start":"2023-10-26T08:04:00.000Z","end":"2023-10-26T08:05:00.000Z"},"country":"France","OPM":2,"total_sales_volume":50.84999942779541,"rate_of_return":0.0}
{"window":{"start":"2023-10-24T15:21:00.000Z","end":"2023-10-24T15:22:00.000Z"},"country":"United Kingdom","OPM":13,"total_sales_volume":1047.17999330163,"rate_of_return":0.0}
{"window":{"start":"2023-10-25T02:30:00.000Z","end":"2023-10-25T02:31:00.000Z"},"country":"Australia","OPM":1,"total_sales_volume":42.950000047683716,"rate_of_return":0.0}
{"window":{"start":"2023-10-24T07:22:00.000Z","end":"2023-10-24T07:23:00.000Z"},"country":"United Kingdom","OPM":8,"total_sales_volume":602.6900037527084,"rate_of_return":0.0}
{"window":{"start":"2023-10-26T14:14:00.000Z","end":"2023-10-26T14:15:00.000Z"},"country":"United Kingdom","OPM":7,"total_sales_volume":598.5,"rate_of_return":0.14285714285714285}
{"window":{"start":"2023-10-26T01:24:00.000Z","end":"2023-10-26T01:25:00.000Z"},"country":"EIRE","OPM":2,"total_sales_volume":88.99000000953674,"rate_of_return":0.0}
{"window":{"start":"2023-10-26T21:08:00.000Z","end":"2023-10-26T21:09:00.000Z"},"country":"United Kingdom","OPM":17,"total_sales_volume":2063.670008391142,"rate_of_return":0.058823529411764705}
{"window":{"start":"2023-10-27T02:53:00.000Z","end":"2023-10-27T02:54:00.000Z"},"country":"EIRE","OPM":4,"total_sales_volume":43.93999898433685,"rate_of_return":0.0}
{"window":{"start":"2023-10-24T12:06:00.000Z","end":"2023-10-24T12:07:00.000Z"},"country":"United Kingdom","OPM":9,"total_sales_volume":446.4999945163727,"rate_of_return":0.1111111111111111}
{"window":{"start":"2023-10-25T08:20:00.000Z","end":"2023-10-25T08:21:00.000Z"},"country":"EIRE","OPM":1,"total_sales_volume":137.77999579906464,"rate_of_return":0.0}
{"window":{"start":"2023-10-25T08:22:00.000Z","end":"2023-10-25T08:23:00.000Z"},"country":"United Kingdom","OPM":8,"total_sales_volume":748.4199919700623,"rate_of_return":0.0}
{"window":{"start":"2023-10-27T19:15:00.000Z","end":"2023-10-27T19:16:00.000Z"},"country":"Portugal","OPM":1,"total_sales_volume":41.30000114440918,"rate_of_return":0.0}
{"window":{"start":"2023-10-25T06:58:00.000Z","end":"2023-10-25T06:59:00.000Z"},"country":"Germany","OPM":1,"total_sales_volume":36.60000038146973,"rate_of_return":0.0}
