{"window":{"start":"2023-10-26T03:56:00.000Z","end":"2023-10-26T03:57:00.000Z"},"country":"United Kingdom","OPM":9,"total_sales_volume":440.8100016117096,"rate_of_return":0.0}
{"window":{"start":"2023-10-24T04:50:00.000Z","end":"2023-10-24T04:51:00.000Z"},"country":"United Kingdom","OPM":9,"total_sales_volume":228.44999679923058,"rate_of_return":0.0}
{"window":{"start":"2023-10-23T22:33:00.000Z","end":"2023-10-23T22:34:00.000Z"},"country":"United Kingdom","OPM":16,"total_sales_volume":833.8200084269047,"rate_of_return":0.1875}
{"window":{"start":"2023-10-26T06:35:00.000Z","end":"2023-10-26T06:36:00.000Z"},"country":"United Kingdom","OPM":11,"total_sales_volume":503.3199898302555,"rate_of_return":0.0}
{"window":{"start":"2023-10-24T22:46:00.000Z","end":"2023-10-24T22:47:00.000Z"},"country":"United Kingdom","OPM":8,"total_sales_volume":630.1299958527088,"rate_of_return":0.0}
{"window":{"start":"2023-10-27T07:47:00.000Z","end":"2023-10-27T07:48:00.000Z"},"country":"EIRE","OPM":1,"total_sales_volume":52.99999928474426,"rate_of_return":0.0}
{"window":{"start":"2023-10-24T02:58:00.000Z","end":"2023-10-24T02:59:00.000Z"},"country":"United Kingdom","OPM":10,"total_sales_volume":169.16999912261963,"rate_of_return":0.1}
{"window":{"start":"2023-10-26T23:20:00.000Z","end":"2023-10-26T23:21:00.000Z"},"country":"United Kingdom","OPM":10,"total_sales_volume":268.86999598145485,"rate_of_return":0.0}
{"window":{"start":"2023-10-24T16:04:00.000Z","end":"2023-10-24T16:05:00.000Z"},"country":"EIRE","OPM":1,"total_sales_volume":85.29999732971191,"rate_of_return":0.0}
{"window":{"start":"2023-10-27T15:30:00.000Z","end":"2023-10-27T15:31:00.000Z"},"country":"Cyprus","OPM":1,"total_sales_volume":29.539999067783356,"rate_of_return":0.0}
{"window":{"start":"2023-10-26T03:16:00.000Z","end":"2023-10-26T03:17:00.000Z"},"country":"Germany","OPM":1,"total_sales_volume":62.909999549388885,"rate_of_return":0.0}
{"window":{"start":"2023-10-26T14:27:00.000Z","end":"2023-10-26T14:28:00.000Z"},"country":"EIRE","OPM":1,"total_sales_volume":34.739999771118164,"rate_of_return":0.0}
{"window":{"start":"2023-10-27T11:23:00.000Z","end":"2023-10-27T11:24:00.000Z"},"country":"United Kingdom","OPM":5,"total_sales_volume":453.2699911594391,"rate_of_return":0.0}
{"window":{"start":"2023-10-23T20:54:00.000Z","end":"2023-10-23T20:55:00.000Z"},"country":"United Kingdom","OPM":14,"total_sales_volume":860.8099947273731,"rate_of_return":0.07142857142857142}
{"window":{"start":"2023-10-26T13:57:00.000Z","end":"2023-10-26T13:58:00.000Z"},"country":"Switzerland","OPM":2,"total_sales_volume":153.6899983882904,"rate_of_return":0.0}
{"window":{"start":"2023-10-27T11:50:00.000Z","end":"2023-10-27T11:51:00.000Z"},"country":"United Kingdom","OPM":19,"total_sales_volume":757.5299956798553,"rate_of_return":0.0}
{"window":{"start":"2023-10-23T22:26:00.000Z","end":"2023-10-23T22:27:00.000Z"},"country":"United Kingdom","OPM":7,"total_sales_volume":294.51000237464905,"rate_of_return":0.14285714285714285}
{"window":{"start":"2023-10-24T09:36:00.000Z","end":"2023-10-24T09:37:00.000Z"},"country":"United Kingdom","OPM":18,"total_sales_volume":3029.100007802248,"rate_of_return":0.05555555555555555}
{"window":{"start":"2023-10-27T15:52:00.000Z","end":"2023-10-27T15:53:00.000Z"},"country":"United Kingdom","OPM":5,"total_sales_volume":291.2600026130676,"rate_of_return":0.0}
{"window":{"start":"2023-10-27T14:05:00.000Z","end":"2023-10-27T14:06:00.000Z"},"country":"United Kingdom","OPM":8,"total_sales_volume":442.3799988627434,"rate_of_return":0.0}
{"window":{"start":"2023-10-26T14:48:00.000Z","end":"2023-10-26T14:49:00.000Z"},"country":"Singapore","OPM":1,"total_sales_volume":17.84999942779541,"rate_of_return":0.0}
{"window":{"start":"2023-10-27T13:54:00.000Z","end":"2023-10-27T13:55:00.000Z"},"country":"Italy","OPM":1,"total_sales_volume":33.14999985694885,"rate_of_return":0.0}
{"window":{"start":"2023-10-27T06:32:00.000Z","end":"2023-10-27T06:33:00.000Z"},"country":"United Kingdom","OPM":5,"total_sales_volume":211.02999925613403,"rate_of_return":0.0}
{"window":{"start":"2023-10-27T21:13:00.000Z","end":"2023-10-27T21:14:00.000Z"},"country":"United Kingdom","OPM":7,"total_sales_volume":227.13999739289284,"rate_of_return":0.0}
{"window":{"start":"2023-10-24T06:43:00.000Z","end":"2023-10-24T06:44:00.000Z"},"country":"Denmark","OPM":1,"total_sales_volume":9.359999656677246,"rate_of_return":0.0}
{"window":{"start":"2023-10-27T21:35:00.000Z","end":"2023-10-27T21:36:00.000Z"},"country":"United Kingdom","OPM":12,"total_sales_volume":408.08999440073967,"rate_of_return":0.0}
{"window":{"start":"2023-10-25T02:36:00.000Z","end":"2023-10-25T02:37:00.000Z"},"country":"United Kingdom","OPM":13,"total_sales_volume":508.5499933362007,"rate_of_return":0.07692307692307693}
{"window":{"start":"2023-10-24T04:20:00.000Z","end":"2023-10-24T04:21:00.000Z"},"country":"EIRE","OPM":1,"total_sales_volume":32.110000252723694,"rate_of_return":0.0}
{"window":{"start":"2023-10-24T10:11:00.000Z","end":"2023-10-24T10:12:00.000Z"},"country":"United Kingdom","OPM":14,"total_sales_volume":860.369995623827,"rate_of_return":0.14285714285714285}
{"window":{"start":"2023-10-23T21:52:00.000Z","end":"2023-10-23T21:53:00.000Z"},"country":"United Kingdom","OPM":4,"total_sales_volume":757.5700071454048,"rate_of_return":0.0}
{"window":{"start":"2023-10-27T21:23:00.000Z","end":"2023-10-27T21:24:00.000Z"},"country":"United Kingdom","OPM":13,"total_sales_volume":980.1599947214127,"rate_of_return":0.07692307692307693}
{"window":{"start":"2023-10-24T10:17:00.000Z","end":"2023-10-24T10:18:00.000Z"},"country":"United Kingdom","OPM":11,"total_sales_volume":492.7900004684925,"rate_of_return":0.09090909090909091}
{"window":{"start":"2023-10-26T05:33:00.000Z","end":"2023-10-26T05:34:00.000Z"},"country":"United Kingdom","OPM":6,"total_sales_volume":299.21999645233154,"rate_of_return":0.16666666666666666}
{"window":{"start":"2023-10-25T03:03:00.000Z","end":"2023-10-25T03:04:00.000Z"},"country":"France","OPM":1,"total_sales_volume":161.40999966859818,"rate_of_return":0.0}
{"window":{"start":"2023-10-26T05:32:00.000Z","end":"2023-10-26T05:33:00.000Z"},"country":"United Kingdom","OPM":6,"total_sales_volume":1580.7900106608868,"rate_of_return":0.0}
{"window":{"start":"2023-10-25T18:41:00.000Z","end":"2023-10-25T18:42:00.000Z"},"country":"Norway","OPM":1,"total_sales_volume":23.799999237060547,"rate_of_return":0.0}
{"window":{"start":"2023-10-25T15:39:00.000Z","end":"2023-10-25T15:40:00.000Z"},"country":"Hong Kong","OPM":1,"total_sales_volume":23.40000057220459,"rate_of_return":0.0}
{"window":{"start":"2023-10-27T07:15:00.000Z","end":"2023-10-27T07:16:00.000Z"},"country":"United Kingdom","OPM":6,"total_sales_volume":217.6900010406971,"rate_of_return":0.0}
{"window":{"start":"2023-10-23T17:44:00.000Z","end":"2023-10-23T17:45:00.000Z"},"country":"Netherlands","OPM":1,"total_sales_volume":7.949999809265137,"rate_of_return":0.0}
{"window":{"start":"2023-10-25T02:01:00.000Z","end":"2023-10-25T02:02:00.000Z"},"country":"Belgium","OPM":1,"total_sales_volume":7.5,"rate_of_return":0.0}
{"window":{"start":"2023-10-24T05:08:00.000Z","end":"2023-10-24T05:09:00.000Z"},"country":"Switzerland","OPM":1,"total_sales_volume":104.45999848842621,"rate_of_return":0.0}
{"window":{"start":"2023-10-27T10:38:00.000Z","end":"2023-10-27T10:39:00.000Z"},"country":"Belgium","OPM":1,"total_sales_volume":34.90000009536743,"rate_of_return":0.0}
{"window":{"start":"2023-10-27T05:02:00.000Z","end":"2023-10-27T05:03:00.000Z"},"country":"United Kingdom","OPM":9,"total_sales_volume":409.07000064849854,"rate_of_return":0.0}
{"window":{"start":"2023-10-27T18:07:00.000Z","end":"2023-10-27T18:08:00.000Z"},"country":"Germany","OPM":1,"total_sales_volume":121.17999744415283,"rate_of_return":0.0}
{"window":{"start":"2023-10-26T09:17:00.000Z","end":"2023-10-26T09:18:00.000Z"},"country":"France","OPM":1,"total_sales_volume":56.46999967098236,"rate_of_return":0.0}
{"window":{"start":"2023-10-23T13:52:00.000Z","end":"2023-10-23T13:53:00.000Z"},"country":"United Kingdom","OPM":5,"total_sales_volume":278.77999806404114,"rate_of_return":0.0}
{"window":{"start":"2023-10-25T20:50:00.000Z","end":"2023-10-25T20:51:00.000Z"},"country":"United Kingdom","OPM":5,"total_sales_volume":209.37999573349953,"rate_of_return":0.0}
{"window":{"start":"2023-10-25T03:06:00.000Z","end":"2023-10-25T03:07:00.000Z"},"country":"United Kingdom","OPM":9,"total_sales_volume":679.3299979269505,"rate_of_return":0.0}
{"window":{"start":"2023-10-24T22:22:00.000Z","end":"2023-10-24T22:23:00.000Z"},"country":"Switzerland","OPM":1,"total_sales_volume":91.18000030517578,"rate_of_return":0.0}
{"window":{"start":"2023-10-27T22:13:00.000Z","end":"2023-10-27T22:14:00.000Z"},"country":"United Kingdom","OPM":15,"total_sales_volume":1580.609994262457,"rate_of_return":0.0}
{"window":{"start":"2023-10-26T11:57:00.000Z","end":"2023-10-26T11:58:00.000Z"},"country":"United Kingdom","OPM":12,"total_sales_volume":640.4800008237362,"rate_of_return":0.0}
{"window":{"start":"2023-10-26T06:30:00.000Z","end":"2023-10-26T06:31:00.000Z"},"country":"United Kingdom","OPM":12,"total_sales_volume":394.89000207185745,"rate_of_return":0.0}
{"window":{"start":"2023-10-25T19:06:00.000Z","end":"2023-10-25T19:07:00.000Z"},"country":"United Kingdom","OPM":16,"total_sales_volume":1398.7399895489216,"rate_of_return":0.0}
{"window":{"start":"2023-10-27T23:35:00.000Z","end":"2023-10-27T23:36:00.000Z"},"country":"United Kingdom","OPM":10,"total_sales_volume":1645.1900099515915,"rate_of_return":0.0}
{"window":{"start":"2023-10-28T05:39:00.000Z","end":"2023-10-28T05:40:00.000Z"},"country":"France","OPM":1,"total_sales_volume":17.700000286102295,"rate_of_return":0.0}
{"window":{"start":"2023-10-26T04:03:00.000Z","end":"2023-10-26T04:04:00.000Z"},"country":"United Kingdom","OPM":12,"total_sales_volume":792.4800002574921,"rate_of_return":0.0}
{"window":{"start":"2023-10-24T12:37:00.000Z","end":"2023-10-24T12:38:00.000Z"},"country":"United Kingdom","OPM":14,"total_sales_volume":930.5999944806099,"rate_of_return":0.07142857142857142}
{"window":{"start":"2023-10-26T13:18:00.000Z","end":"2023-10-26T13:19:00.000Z"},"country":"United Kingdom","OPM":5,"total_sales_volume":288.1900031864643,"rate_of_return":0.0}
{"window":{"start":"2023-10-24T06:03:00.000Z","end":"2023-10-24T06:04:00.000Z"},"country":"United Kingdom","OPM":9,"total_sales_volume":1101.890012204647,"rate_of_return":0.0}
