{"window":{"start":"2023-10-25T15:03:00.000Z","end":"2023-10-25T15:04:00.000Z"},"country":"United Kingdom","OPM":12,"total_sales_volume":941.9400077164173,"rate_of_return":0.08333333333333333}
{"window":{"start":"2023-10-27T20:17:00.000Z","end":"2023-10-27T20:18:00.000Z"},"country":"EIRE","OPM":1,"total_sales_volume":51.90000033378601,"rate_of_return":0.0}
{"window":{"start":"2023-10-25T22:47:00.000Z","end":"2023-10-25T22:48:00.000Z"},"country":"USA","OPM":1,"total_sales_volume":3.7799999713897705,"rate_of_return":0.0}
{"window":{"start":"2023-10-28T02:48:00.000Z","end":"2023-10-28T02:49:00.000Z"},"country":"France","OPM":1,"total_sales_volume":47.959999084472656,"rate_of_return":0.0}
{"window":{"start":"2023-10-28T01:50:00.000Z","end":"2023-10-28T01:51:00.000Z"},"country":"Greece","OPM":1,"total_sales_volume":902.2300218343735,"rate_of_return":0.0}
{"window":{"start":"2023-10-23T12:19:00.000Z","end":"2023-10-23T12:20:00.000Z"},"country":"EIRE","OPM":1,"total_sales_volume":9.960000038146973,"rate_of_return":0.0}
{"window":{"start":"2023-10-25T13:38:00.000Z","end":"2023-10-25T13:39:00.000Z"},"country":"United Kingdom","OPM":8,"total_sales_volume":270.929996997118,"rate_of_return":0.0}
{"window":{"start":"2023-10-26T00:45:00.000Z","end":"2023-10-26T00:46:00.000Z"},"country":"United Kingdom","OPM":7,"total_sales_volume":543.5099889039993,"rate_of_return":0.14285714285714285}
{"window":{"start":"2023-10-24T16:17:00.000Z","end":"2023-10-24T16:18:00.000Z"},"country":"United Kingdom","OPM":6,"total_sales_volume":437.29000106453896,"rate_of_return":0.0}
{"window":{"start":"2023-10-23T20:21:00.000Z","end":"2023-10-23T20:22:00.000Z"},"country":"EIRE","OPM":1,"total_sales_volume":56.04999887943268,"rate_of_return":0.0}
{"window":{"start":"2023-10-27T16:02:00.000Z","end":"2023-10-27T16:03:00.000Z"},"country":"Netherlands","OPM":1,"total_sales_volume":133.92000311613083,"rate_of_return":0.0}
{"window":{"start":"2023-10-24T18:46:00.000Z","end":"2023-10-24T18:47:00.000Z"},"country":"France","OPM":1,"total_sales_volume":30.089999422430992,"rate_of_return":0.0}
{"window":{"start":"2023-10-25T02:45:00.000Z","end":"2023-10-25T02:46:00.000Z"},"country":"United Kingdom","OPM":15,"total_sales_volume":491.64000022411346,"rate_of_return":0.13333333333333333}
{"window":{"start":"2023-10-25T21:05:00.000Z","end":"2023-10-25T21:06:00.000Z"},"country":"United Kingdom","OPM":8,"total_sales_volume":895.8800041675568,"rate_of_return":0.0}
{"window":{"start":"2023-10-24T13:43:00.000Z","end":"2023-10-24T13:44:00.000Z"},"country":"EIRE","OPM":1,"total_sales_volume":39.0,"rate_of_return":0.0}
{"window":{"start":"2023-10-26T05:57:00.000Z","end":"2023-10-26T05:58:00.000Z"},"country":"United Kingdom","OPM":10,"total_sales_volume":762.6299905478954,"rate_of_return":0.1}
{"window":{"start":"2023-10-24T18:38:00.000Z","end":"2023-10-24T18:39:00.000Z"},"country":"United Kingdom","OPM":10,"total_sales_volume":162.76999297738075,"rate_of_return":0.1}
{"window":{"start":"2023-10-26T01:23:00.000Z","end":"2023-10-26T01:24:00.000Z"},"country":"United Kingdom","OPM":14,"total_sales_volume":457.5599961876869,"rate_of_return":0.0}
{"window":{"start":"2023-10-25T04:21:00.000Z","end":"2023-10-25T04:22:00.000Z"},"country":"United Kingdom","OPM":9,"total_sales_volume":864.5499924123287,"rate_of_return":0.0}
{"window":{"start":"2023-10-26T04:13:00.000Z","end":"2023-10-26T04:14:00.000Z"},"country":"Belgium","OPM":1,"total_sales_volume":49.47000062465668,"rate_of_return":0.0}
{"window":{"start":"2023-10-26T18:06:00.000Z","end":"2023-10-26T18:07:00.000Z"},"country":"United Kingdom","OPM":15,"total_sales_volume":1866.399978518486,"rate_of_return":0.06666666666666667}
{"window":{"start":"2023-10-26T20:45:00.000Z","end":"2023-10-26T20:46:00.000Z"},"country":"United Kingdom","OPM":16,"total_sales_volume":1045.3299993276596,"rate_of_return":0.0625}
{"window":{"start":"2023-10-27T05:33:00.000Z","end":"2023-10-27T05:34:00.000Z"},"country":"United Kingdom","OPM":8,"total_sales_volume":239.25999650359154,"rate_of_return":0.125}
{"window":{"start":"2023-10-24T10:47:00.000Z","end":"2023-10-24T10:48:00.000Z"},"country":"United Kingdom","OPM":9,"total_sales_volume":579.9599979221821,"rate_of_return":0.0}
{"window":{"start":"2023-10-27T08:57:00.000Z","end":"2023-10-27T08:58:00.000Z"},"country":"Germany","OPM":1,"total_sales_volume":-54.59999966621399,"rate_of_return":1.0}
{"window":{"start":"2023-10-24T21:15:00.000Z","end":"2023-10-24T21:16:00.000Z"},"country":"Norway","OPM":1,"total_sales_volume":63.579999923706055,"rate_of_return":0.0}
{"window":{"start":"2023-10-26T03:59:00.000Z","end":"2023-10-26T04:00:00.000Z"},"country":"Singapore","OPM":1,"total_sales_volume":47.46000051498413,"rate_of_return":0.0}
{"window":{"start":"2023-10-24T19:41:00.000Z","end":"2023-10-24T19:42:00.000Z"},"country":"United Kingdom","OPM":9,"total_sales_volume":440.7599985599518,"rate_of_return":0.1111111111111111}
{"window":{"start":"2023-10-24T01:32:00.000Z","end":"2023-10-24T01:33:00.000Z"},"country":"Unspecified","OPM":2,"total_sales_volume":105.289999127388,"rate_of_return":0.0}
{"window":{"start":"2023-10-26T03:19:00.000Z","end":"2023-10-26T03:20:00.000Z"},"country":"Poland","OPM":1,"total_sales_volume":24.3100004196167,"rate_of_return":0.0}
{"window":{"start":"2023-10-24T02:19:00.000Z","end":"2023-10-24T02:20:00.000Z"},"country":"United Kingdom","OPM":11,"total_sales_volume":366.93999749422073,"rate_of_return":0.0}
{"window":{"start":"2023-10-26T00:54:00.000Z","end":"2023-10-26T00:55:00.000Z"},"country":"Germany","OPM":1,"total_sales_volume":7.949999809265137,"rate_of_return":0.0}
{"window":{"start":"2023-10-27T21:33:00.000Z","end":"2023-10-27T21:34:00.000Z"},"country":"Germany","OPM":1,"total_sales_volume":23.21999979019165,"rate_of_return":0.0}
{"window":{"start":"2023-10-24T05:02:00.000Z","end":"2023-10-24T05:03:00.000Z"},"country":"EIRE","OPM":1,"total_sales_volume":6.230000019073486,"rate_of_return":0.0}
{"window":{"start":"2023-10-26T17:55:00.000Z","end":"2023-10-26T17:56:00.000Z"},"country":"Austria","OPM":1,"total_sales_volume":-62.39999771118164,"rate_of_return":1.0}
{"window":{"start":"2023-10-27T20:22:00.000Z","end":"2023-10-27T20:23:00.000Z"},"country":"EIRE","OPM":1,"total_sales_volume":14.500000476837158,"rate_of_return":0.0}
{"window":{"start":"2023-10-26T23:10:00.000Z","end":"2023-10-26T23:11:00.000Z"},"country":"EIRE","OPM":1,"total_sales_volume":817.700003862381,"rate_of_return":0.0}
{"window":{"start":"2023-10-25T13:28:00.000Z","end":"2023-10-25T13:29:00.000Z"},"country":"United Kingdom","OPM":9,"total_sales_volume":561.0799952745438,"rate_of_return":0.0}
{"window":{"start":"2023-10-24T00:09:00.000Z","end":"2023-10-24T00:10:00.000Z"},"country":"Germany","OPM":1,"total_sales_volume":57.750001072883606,"rate_of_return":0.0}
{"window":{"start":"2023-10-28T04:29:00.000Z","end":"2023-10-28T04:30:00.000Z"},"country":"Channel Islands","OPM":1,"total_sales_volume":5.8500001430511475,"rate_of_return":0.0}
{"window":{"start":"2023-10-24T03:03:00.000Z","end":"2023-10-24T03:04:00.000Z"},"country":"United Kingdom","OPM":12,"total_sales_volume":441.2599985599518,"rate_of_return":0.08333333333333333}
{"window":{"start":"2023-10-24T08:58:00.000Z","end":"2023-10-24T08:59:00.000Z"},"country":"Germany","OPM":1,"total_sales_volume":60.599997997283936,"rate_of_return":0.0}
{"window":{"start":"2023-10-26T02:14:00.000Z","end":"2023-10-26T02:15:00.000Z"},"country":"France","OPM":1,"total_sales_volume":15.309999465942383,"rate_of_return":0.0}
{"window":{"start":"2023-10-24T22:37:00.000Z","end":"2023-10-24T22:38:00.000Z"},"country":"United Kingdom","OPM":11,"total_sales_volume":6882.059975385666,"rate_of_return":0.18181818181818182}
{"window":{"start":"2023-10-27T12:03:00.000Z","end":"2023-10-27T12:04:00.000Z"},"country":"EIRE","OPM":1,"total_sales_volume":83.32999956607819,"rate_of_return":0.0}
{"window":{"start":"2023-10-28T00:39:00.000Z","end":"2023-10-28T00:40:00.000Z"},"country":"United Kingdom","OPM":13,"total_sales_volume":745.8100017607212,"rate_of_return":0.07692307692307693}
{"window":{"start":"2023-10-23T20:07:00.000Z","end":"2023-10-23T20:08:00.000Z"},"country":"United Kingdom","OPM":14,"total_sales_volume":1045.2099902927876,"rate_of_return":0.07142857142857142}
{"window":{"start":"2023-10-25T10:10:00.000Z","end":"2023-10-25T10:11:00.000Z"},"country":"Germany","OPM":2,"total_sales_volume":35.609999895095825,"rate_of_return":0.0}
{"window":{"start":"2023-10-27T04:37:00.000Z","end":"2023-10-27T04:38:00.000Z"},"country":"Germany","OPM":1,"total_sales_volume":98.75000190734863,"rate_of_return":0.0}
{"window":{"start":"2023-10-26T14:51:00.000Z","end":"2023-10-26T14:52:00.000Z"},"country":"United Kingdom","OPM":17,"total_sales_volume":774.0799938440323,"rate_of_return":0.0}
{"window":{"start":"2023-10-25T02:51:00.000Z","end":"2023-10-25T02:52:00.000Z"},"country":"United Kingdom","OPM":13,"total_sales_volume":152.45000219345093,"rate_of_return":0.15384615384615385}
{"window":{"start":"2023-10-28T01:08:00.000Z","end":"2023-10-28T01:09:00.000Z"},"country":"United Kingdom","OPM":13,"total_sales_volume":2287.289978146553,"rate_of_return":0.15384615384615385}
{"window":{"start":"2023-10-26T03:32:00.000Z","end":"2023-10-26T03:33:00.000Z"},"country":"United Kingdom","OPM":10,"total_sales_volume":411.4300013780594,"rate_of_return":0.0}
{"window":{"start":"2023-10-23T19:43:00.000Z","end":"2023-10-23T19:44:00.000Z"},"country":"Finland","OPM":1,"total_sales_volume":52.94000053405762,"rate_of_return":0.0}
{"window":{"start":"2023-10-25T12:53:00.000Z","end":"2023-10-25T12:54:00.000Z"},"country":"United Kingdom","OPM":6,"total_sales_volume":533.3499826788902,"rate_of_return":0.0}
