{"window":{"start":"2023-10-26T19:14:00.000Z","end":"2023-10-26T19:15:00.000Z"},"country":"Channel Islands","OPM":1,"total_sales_volume":89.35999917984009,"rate_of_return":0.0}
{"window":{"start":"2023-10-26T08:40:00.000Z","end":"2023-10-26T08:41:00.000Z"},"country":"Spain","OPM":1,"total_sales_volume":67.22999823093414,"rate_of_return":0.0}
{"window":{"start":"2023-10-27T19:46:00.000Z","end":"2023-10-27T19:47:00.000Z"},"country":"United Kingdom","OPM":11,"total_sales_volume":757.1600058674812,"rate_of_return":0.09090909090909091}
{"window":{"start":"2023-10-27T06:57:00.000Z","end":"2023-10-27T06:58:00.000Z"},"country":"United Kingdom","OPM":14,"total_sales_volume":1098.8400018811226,"rate_of_return":0.0}
{"window":{"start":"2023-10-25T03:05:00.000Z","end":"2023-10-25T03:06:00.000Z"},"country":"United Kingdom","OPM":8,"total_sales_volume":377.5799853205681,"rate_of_return":0.25}
{"window":{"start":"2023-10-23T21:50:00.000Z","end":"2023-10-23T21:51:00.000Z"},"country":"United Kingdom","OPM":16,"total_sales_volume":736.0699902176857,"rate_of_return":0.0625}
{"window":{"start":"2023-10-25T01:27:00.000Z","end":"2023-10-25T01:28:00.000Z"},"country":"United Kingdom","OPM":9,"total_sales_volume":279.9199952185154,"rate_of_return":0.0}
{"window":{"start":"2023-10-25T14:20:00.000Z","end":"2023-10-25T14:21:00.000Z"},"country":"Australia","OPM":1,"total_sales_volume":80.05999946594238,"rate_of_return":0.0}
{"window":{"start":"2023-10-25T15:07:00.000Z","end":"2023-10-25T15:08:00.000Z"},"country":"EIRE","OPM":1,"total_sales_volume":43.889999985694885,"rate_of_return":0.0}
{"window":{"start":"2023-10-26T01:41:00.000Z","end":"2023-10-26T01:42:00.000Z"},"country":"United Kingdom","OPM":7,"total_sales_volume":173.29999923706055,"rate_of_return":0.14285714285714285}
{"window":{"start":"2023-10-26T01:10:00.000Z","end":"2023-10-26T01:11:00.000Z"},"country":"United Kingdom","OPM":6,"total_sales_volume":453.14999800920486,"rate_of_return":0.0}
{"window":{"start":"2023-10-26T14:12:00.000Z","end":"2023-10-26T14:13:00.000Z"},"country":"EIRE","OPM":1,"total_sales_volume":14.84999942779541,"rate_of_return":0.0}
{"window":{"start":"2023-10-25T01:35:00.000Z","end":"2023-10-25T01:36:00.000Z"},"country":"EIRE","OPM":1,"total_sales_volume":137.5899977684021,"rate_of_return":0.0}
{"window":{"start":"2023-10-27T15:19:00.000Z","end":"2023-10-27T15:20:00.000Z"},"country":"United Kingdom","OPM":11,"total_sales_volume":340.47999477386475,"rate_of_return":0.0}
{"window":{"start":"2023-10-23T12:17:00.000Z","end":"2023-10-23T12:18:00.000Z"},"country":"United Kingdom","OPM":8,"total_sales_volume":661.9899837076664,"rate_of_return":0.0}
{"window":{"start":"2023-10-25T05:14:00.000Z","end":"2023-10-25T05:15:00.000Z"},"country":"United Kingdom","OPM":9,"total_sales_volume":480.31998455524445,"rate_of_return":0.1111111111111111}
{"window":{"start":"2023-10-25T20:38:00.000Z","end":"2023-10-25T20:39:00.000Z"},"country":"United Kingdom","OPM":10,"total_sales_volume":376.549995303154,"rate_of_return":0.1}
{"window":{"start":"2023-10-25T12:50:00.000Z","end":"2023-10-25T12:51:00.000Z"},"country":"United Kingdom","OPM":9,"total_sales_volume":709.75999802351,"rate_of_return":0.0}
{"window":{"start":"2023-10-27T11:24:00.000Z","end":"2023-10-27T11:25:00.000Z"},"country":"United Kingdom","OPM":6,"total_sales_volume":193.18000096082687,"rate_of_return":0.0}
{"window":{"start":"2023-10-25T08:28:00.000Z","end":"2023-10-25T08:29:00.000Z"},"country":"Portugal","OPM":1,"total_sales_volume":3.3399999737739563,"rate_of_return":0.0}
{"window":{"start":"2023-10-24T14:10:00.000Z","end":"2023-10-24T14:11:00.000Z"},"country":"United Kingdom","OPM":9,"total_sales_volume":599.099999755621,"rate_of_return":0.0}
{"window":{"start":"2023-10-24T16:10:00.000Z","end":"2023-10-24T16:11:00.000Z"},"country":"United Kingdom","OPM":15,"total_sales_volume":1155.0799948573112,"rate_of_return":0.06666666666666667}
{"window":{"start":"2023-10-25T13:00:00.000Z","end":"2023-10-25T13:01:00.000Z"},"country":"Spain","OPM":1,"total_sales_volume":101.68999892473221,"rate_of_return":0.0}
{"window":{"start":"2023-10-26T10:09:00.000Z","end":"2023-10-26T10:10:00.000Z"},"country":"Norway","OPM":1,"total_sales_volume":-33.24999997019768,"rate_of_return":1.0}
{"window":{"start":"2023-10-24T01:21:00.000Z","end":"2023-10-24T01:22:00.000Z"},"country":"Unspecified","OPM":1,"total_sales_volume":18.209999799728394,"rate_of_return":0.0}
{"window":{"start":"2023-10-26T09:06:00.000Z","end":"2023-10-26T09:07:00.000Z"},"country":"Germany","OPM":1,"total_sales_volume":76.44999861717224,"rate_of_return":0.0}
{"window":{"start":"2023-10-25T00:13:00.000Z","end":"2023-10-25T00:14:00.000Z"},"country":"France","OPM":1,"total_sales_volume":5.949999809265137,"rate_of_return":0.0}
{"window":{"start":"2023-10-26T04:32:00.000Z","end":"2023-10-26T04:33:00.000Z"},"country":"United Kingdom","OPM":9,"total_sales_volume":597.2999915778637,"rate_of_return":0.0}
{"window":{"start":"2023-10-27T04:55:00.000Z","end":"2023-10-27T04:56:00.000Z"},"country":"Austria","OPM":1,"total_sales_volume":6.71999979019165,"rate_of_return":0.0}
{"window":{"start":"2023-10-25T17:42:00.000Z","end":"2023-10-25T17:43:00.000Z"},"country":"United Kingdom","OPM":13,"total_sales_volume":619.5799964368343,"rate_of_return":0.0}
{"window":{"start":"2023-10-24T21:29:00.000Z","end":"2023-10-24T21:30:00.000Z"},"country":"United Kingdom","OPM":12,"total_sales_volume":309.32999816536903,"rate_of_return":0.08333333333333333}
{"window":{"start":"2023-10-23T17:42:00.000Z","end":"2023-10-23T17:43:00.000Z"},"country":"United Kingdom","OPM":12,"total_sales_volume":1184.4099904894829,"rate_of_return":0.0}
{"window":{"start":"2023-10-28T02:34:00.000Z","end":"2023-10-28T02:35:00.000Z"},"country":"United Kingdom","OPM":11,"total_sales_volume":422.08000552654266,"rate_of_return":0.0}
{"window":{"start":"2023-10-26T04:35:00.000Z","end":"2023-10-26T04:36:00.000Z"},"country":"Norway","OPM":1,"total_sales_volume":31.34000025689602,"rate_of_return":0.0}
{"window":{"start":"2023-10-26T14:16:00.000Z","end":"2023-10-26T14:17:00.000Z"},"country":"United Kingdom","OPM":9,"total_sales_volume":315.22000125050545,"rate_of_return":0.0}
{"window":{"start":"2023-10-27T11:37:00.000Z","end":"2023-10-27T11:38:00.000Z"},"country":"United Kingdom","OPM":12,"total_sales_volume":515.4300123751163,"rate_of_return":0.16666666666666666}
{"window":{"start":"2023-10-27T21:28:00.000Z","end":"2023-10-27T21:29:00.000Z"},"country":"United Kingdom","OPM":3,"total_sales_volume":156.5999983549118,"rate_of_return":0.0}
{"window":{"start":"2023-10-24T07:58:00.000Z","end":"2023-10-24T07:59:00.000Z"},"country":"United Kingdom","OPM":4,"total_sales_volume":181.7399983406067,"rate_of_return":0.0}
{"window":{"start":"2023-10-26T05:21:00.000Z","end":"2023-10-26T05:22:00.000Z"},"country":"France","OPM":1,"total_sales_volume":5.399999976158142,"rate_of_return":0.0}
{"window":{"start":"2023-10-26T02:38:00.000Z","end":"2023-10-26T02:39:00.000Z"},"country":"Netherlands","OPM":1,"total_sales_volume":65.09999996423721,"rate_of_return":0.0}
{"window":{"start":"2023-10-25T00:26:00.000Z","end":"2023-10-25T00:27:00.000Z"},"country":"Cyprus","OPM":1,"total_sales_volume":2.950000047683716,"rate_of_return":0.0}
{"window":{"start":"2023-10-27T10:04:00.000Z","end":"2023-10-27T10:05:00.000Z"},"country":"United Kingdom","OPM":13,"total_sales_volume":1370.9999734163284,"rate_of_return":0.07692307692307693}
{"window":{"start":"2023-10-25T23:19:00.000Z","end":"2023-10-25T23:20:00.000Z"},"country":"Netherlands","OPM":1,"total_sales_volume":91.23999774456024,"rate_of_return":0.0}
{"window":{"start":"2023-10-26T20:00:00.000Z","end":"2023-10-26T20:01:00.000Z"},"country":"United Kingdom","OPM":13,"total_sales_volume":662.0199939012527,"rate_of_return":0.0}
{"window":{"start":"2023-10-27T11:17:00.000Z","end":"2023-10-27T11:18:00.000Z"},"country":"EIRE","OPM":1,"total_sales_volume":16.07999974489212,"rate_of_return":0.0}
{"window":{"start":"2023-10-23T16:28:00.000Z","end":"2023-10-23T16:29:00.000Z"},"country":"United Kingdom","OPM":11,"total_sales_volume":688.1600095033646,"rate_of_return":0.09090909090909091}
{"window":{"start":"2023-10-25T14:17:00.000Z","end":"2023-10-25T14:18:00.000Z"},"country":"Germany","OPM":2,"total_sales_volume":79.14999997615814,"rate_of_return":0.0}
{"window":{"start":"2023-10-25T23:43:00.000Z","end":"2023-10-25T23:44:00.000Z"},"country":"United Kingdom","OPM":13,"total_sales_volume":894.8500055372715,"rate_of_return":0.0}
{"window":{"start":"2023-10-26T01:03:00.000Z","end":"2023-10-26T01:04:00.000Z"},"country":"United Kingdom","OPM":12,"total_sales_volume":456.3899976313114,"rate_of_return":0.08333333333333333}
{"window":{"start":"2023-10-26T11:25:00.000Z","end":"2023-10-26T11:26:00.000Z"},"country":"Italy","OPM":1,"total_sales_volume":6.310000061988831,"rate_of_return":0.0}
{"window":{"start":"2023-10-24T20:43:00.000Z","end":"2023-10-24T20:44:00.000Z"},"country":"United Kingdom","OPM":7,"total_sales_volume":501.139999628067,"rate_of_return":0.0}
{"window":{"start":"2023-10-24T13:01:00.000Z","end":"2023-10-24T13:02:00.000Z"},"country":"United Kingdom","OPM":15,"total_sales_volume":1272.7200047969818,"rate_of_return":0.0}
{"window":{"start":"2023-10-25T10:32:00.000Z","end":"2023-10-25T10:33:00.000Z"},"country":"France","OPM":1,"total_sales_volume":42.390000343322754,"rate_of_return":0.0}
{"window":{"start":"2023-10-24T04:01:00.000Z","end":"2023-10-24T04:02:00.000Z"},"country":"United Kingdom","OPM":15,"total_sales_volume":1357.7699812054634,"rate_of_return":0.0}
{"window":{"start":"2023-10-25T08:30:00.000Z","end":"2023-10-25T08:31:00.000Z"},"country":"United Kingdom","OPM":15,"total_sales_volume":1309.5300223529339,"rate_of_return":0.06666666666666667}
{"window":{"start":"2023-10-25T05:28:00.000Z","end":"2023-10-25T05:29:00.000Z"},"country":"United Kingdom","OPM":7,"total_sales_volume":533.3999920487404,"rate_of_return":0.0}
{"window":{"start":"2023-10-24T18:19:00.000Z","end":"2023-10-24T18:20:00.000Z"},"country":"United Kingdom","OPM":13,"total_sales_volume":995.0900082290173,"rate_of_return":0.07692307692307693}
{"window":{"start":"2023-10-26T00:18:00.000Z","end":"2023-10-26T00:19:00.000Z"},"country":"United Kingdom","OPM":13,"total_sales_volume":718.1900015473366,"rate_of_return":0.07692307692307693}
{"window":{"start":"2023-10-27T19:48:00.000Z","end":"2023-10-27T19:49:00.000Z"},"country":"United Kingdom","OPM":9,"total_sales_volume":775.7000003755093,"rate_of_return":0.0}
{"window":{"start":"2023-10-27T19:55:00.000Z","end":"2023-10-27T19:56:00.000Z"},"country":"United Kingdom","OPM":7,"total_sales_volume":660.4400004148483,"rate_of_return":0.0}
{"window":{"start":"2023-10-27T19:54:00.000Z","end":"2023-10-27T19:55:00.000Z"},"country":"Belgium","OPM":1,"total_sales_volume":92.4700014591217,"rate_of_return":0.0}
