{"window":{"start":"2023-10-24T13:06:00.000Z","end":"2023-10-24T13:07:00.000Z"},"country":"Cyprus","OPM":1,"total_sales_volume":4.949999809265137,"rate_of_return":0.0}
{"window":{"start":"2023-10-25T17:08:00.000Z","end":"2023-10-25T17:09:00.000Z"},"country":"United Kingdom","OPM":7,"total_sales_volume":167.21999916434288,"rate_of_return":0.0}
{"window":{"start":"2023-10-26T18:28:00.000Z","end":"2023-10-26T18:29:00.000Z"},"country":"United Kingdom","OPM":11,"total_sales_volume":84.7599992454052,"rate_of_return":0.09090909090909091}
{"window":{"start":"2023-10-27T07:49:00.000Z","end":"2023-10-27T07:50:00.000Z"},"country":"United Kingdom","OPM":7,"total_sales_volume":233.96999922394753,"rate_of_return":0.0}
{"window":{"start":"2023-10-23T19:15:00.000Z","end":"2023-10-23T19:16:00.000Z"},"country":"United Kingdom","OPM":11,"total_sales_volume":992.6299969553947,"rate_of_return":0.09090909090909091}
{"window":{"start":"2023-10-26T05:59:00.000Z","end":"2023-10-26T06:00:00.000Z"},"country":"United Kingdom","OPM":6,"total_sales_volume":558.4400037229061,"rate_of_return":0.0}
{"window":{"start":"2023-10-26T06:32:00.000Z","end":"2023-10-26T06:33:00.000Z"},"country":"Germany","OPM":1,"total_sales_volume":0.6499999761581421,"rate_of_return":0.0}
{"window":{"start":"2023-10-26T21:02:00.000Z","end":"2023-10-26T21:03:00.000Z"},"country":"United Kingdom","OPM":7,"total_sales_volume":159.91999554634094,"rate_of_return":0.14285714285714285}
{"window":{"start":"2023-10-26T20:29:00.000Z","end":"2023-10-26T20:30:00.000Z"},"country":"Australia","OPM":1,"total_sales_volume":119.67999982833862,"rate_of_return":0.0}
{"window":{"start":"2023-10-23T22:43:00.000Z","end":"2023-10-23T22:44:00.000Z"},"country":"United Kingdom","OPM":8,"total_sales_volume":1102.5399769544601,"rate_of_return":0.0}
{"window":{"start":"2023-10-23T13:32:00.000Z","end":"2023-10-23T13:33:00.000Z"},"country":"United Kingdom","OPM":4,"total_sales_volume":197.08999851346016,"rate_of_return":0.0}
{"window":{"start":"2023-10-25T10:32:00.000Z","end":"2023-10-25T10:33:00.000Z"},"country":"United Kingdom","OPM":7,"total_sales_volume":284.96999751776457,"rate_of_return":0.0}
{"window":{"start":"2023-10-28T03:35:00.000Z","end":"2023-10-28T03:36:00.000Z"},"country":"United Kingdom","OPM":11,"total_sales_volume":-25.650002241134644,"rate_of_return":0.09090909090909091}
{"window":{"start":"2023-10-23T18:43:00.000Z","end":"2023-10-23T18:44:00.000Z"},"country":"United Kingdom","OPM":10,"total_sales_volume":496.41999796032906,"rate_of_return":0.0}
{"window":{"start":"2023-10-24T23:36:00.000Z","end":"2023-10-24T23:37:00.000Z"},"country":"Austria","OPM":1,"total_sales_volume":60.239999771118164,"rate_of_return":0.0}
{"window":{"start":"2023-10-27T15:21:00.000Z","end":"2023-10-27T15:22:00.000Z"},"country":"Spain","OPM":1,"total_sales_volume":4.579999923706055,"rate_of_return":0.0}
{"window":{"start":"2023-10-24T13:27:00.000Z","end":"2023-10-24T13:28:00.000Z"},"country":"United Kingdom","OPM":11,"total_sales_volume":579.2299911379814,"rate_of_return":0.0}
{"window":{"start":"2023-10-27T20:25:00.000Z","end":"2023-10-27T20:26:00.000Z"},"country":"United Kingdom","OPM":9,"total_sales_volume":593.9500008225441,"rate_of_return":0.0}
{"window":{"start":"2023-10-27T19:21:00.000Z","end":"2023-10-27T19:22:00.000Z"},"country":"Singapore","OPM":1,"total_sales_volume":45.61000061035156,"rate_of_return":0.0}
{"window":{"start":"2023-10-25T05:51:00.000Z","end":"2023-10-25T05:52:00.000Z"},"country":"Germany","OPM":1,"total_sales_volume":0.8399999737739563,"rate_of_return":0.0}
{"window":{"start":"2023-10-26T10:03:00.000Z","end":"2023-10-26T10:04:00.000Z"},"country":"Australia","OPM":1,"total_sales_volume":420.43000161647797,"rate_of_return":0.0}
{"window":{"start":"2023-10-25T09:32:00.000Z","end":"2023-10-25T09:33:00.000Z"},"country":"EIRE","OPM":1,"total_sales_volume":35.69000029563904,"rate_of_return":0.0}
{"window":{"start":"2023-10-24T02:03:00.000Z","end":"2023-10-24T02:04:00.000Z"},"country":"EIRE","OPM":1,"total_sales_volume":45.94999885559082,"rate_of_return":0.0}
{"window":{"start":"2023-10-26T08:03:00.000Z","end":"2023-10-26T08:04:00.000Z"},"country":"United Kingdom","OPM":5,"total_sales_volume":77.90999865531921,"rate_of_return":0.0}
{"window":{"start":"2023-10-28T04:52:00.000Z","end":"2023-10-28T04:53:00.000Z"},"country":"Italy","OPM":1,"total_sales_volume":5.1000001430511475,"rate_of_return":0.0}
{"window":{"start":"2023-10-27T18:02:00.000Z","end":"2023-10-27T18:03:00.000Z"},"country":"Israel","OPM":1,"total_sales_volume":157.13999980688095,"rate_of_return":0.0}
{"window":{"start":"2023-10-28T05:39:00.000Z","end":"2023-10-28T05:40:00.000Z"},"country":"United Kingdom","OPM":13,"total_sales_volume":419.4299995005131,"rate_of_return":0.07692307692307693}
{"window":{"start":"2023-10-25T01:55:00.000Z","end":"2023-10-25T01:56:00.000Z"},"country":"Germany","OPM":1,"total_sales_volume":19.550000071525574,"rate_of_return":0.0}
{"window":{"start":"2023-10-23T17:37:00.000Z","end":"2023-10-23T17:38:00.000Z"},"country":"United Kingdom","OPM":4,"total_sales_volume":15.209998369216919,"rate_of_return":0.25}
{"window":{"start":"2023-10-24T22:57:00.000Z","end":"2023-10-24T22:58:00.000Z"},"country":"Spain","OPM":1,"total_sales_volume":10.369999945163727,"rate_of_return":0.0}
{"window":{"start":"2023-10-25T04:42:00.000Z","end":"2023-10-25T04:43:00.000Z"},"country":"Germany","OPM":1,"total_sales_volume":69.37999868392944,"rate_of_return":0.0}
{"window":{"start":"2023-10-26T10:11:00.000Z","end":"2023-10-26T10:12:00.000Z"},"country":"United Kingdom","OPM":13,"total_sales_volume":934.6600008010864,"rate_of_return":0.07692307692307693}
{"window":{"start":"2023-10-27T03:27:00.000Z","end":"2023-10-27T03:28:00.000Z"},"country":"Australia","OPM":1,"total_sales_volume":88.19999885559082,"rate_of_return":0.0}
{"window":{"start":"2023-10-25T17:51:00.000Z","end":"2023-10-25T17:52:00.000Z"},"country":"Belgium","OPM":1,"total_sales_volume":19.799999713897705,"rate_of_return":0.0}
{"window":{"start":"2023-10-23T17:13:00.000Z","end":"2023-10-23T17:14:00.000Z"},"country":"United Kingdom","OPM":14,"total_sales_volume":1211.9899932444096,"rate_of_return":0.0}
{"window":{"start":"2023-10-25T20:24:00.000Z","end":"2023-10-25T20:25:00.000Z"},"country":"Australia","OPM":1,"total_sales_volume":199.02000445127487,"rate_of_return":0.0}
{"window":{"start":"2023-10-27T08:49:00.000Z","end":"2023-10-27T08:50:00.000Z"},"country":"United Kingdom","OPM":10,"total_sales_volume":464.1099970638752,"rate_of_return":0.0}
{"window":{"start":"2023-10-26T07:45:00.000Z","end":"2023-10-26T07:46:00.000Z"},"country":"United Kingdom","OPM":9,"total_sales_volume":136.05000334978104,"rate_of_return":0.1111111111111111}
{"window":{"start":"2023-10-27T14:46:00.000Z","end":"2023-10-27T14:47:00.000Z"},"country":"United Kingdom","OPM":4,"total_sales_volume":379.0699892938137,"rate_of_return":0.0}
{"window":{"start":"2023-10-27T13:49:00.000Z","end":"2023-10-27T13:50:00.000Z"},"country":"United Kingdom","OPM":7,"total_sales_volume":303.1599947810173,"rate_of_return":0.0}
{"window":{"start":"2023-10-25T17:29:00.000Z","end":"2023-10-25T17:30:00.000Z"},"country":"United Kingdom","OPM":5,"total_sales_volume":203.24999606609344,"rate_of_return":0.0}
{"window":{"start":"2023-10-26T02:43:00.000Z","end":"2023-10-26T02:44:00.000Z"},"country":"France","OPM":1,"total_sales_volume":19.92000037431717,"rate_of_return":0.0}
{"window":{"start":"2023-10-23T18:01:00.000Z","end":"2023-10-23T18:02:00.000Z"},"country":"Germany","OPM":1,"total_sales_volume":33.2599983215332,"rate_of_return":0.0}
{"window":{"start":"2023-10-23T14:35:00.000Z","end":"2023-10-23T14:36:00.000Z"},"country":"Germany","OPM":1,"total_sales_volume":52.84999966621399,"rate_of_return":0.0}
{"window":{"start":"2023-10-27T08:32:00.000Z","end":"2023-10-27T08:33:00.000Z"},"country":"United Kingdom","OPM":6,"total_sales_volume":248.47000074386597,"rate_of_return":0.0}
{"window":{"start":"2023-10-26T23:44:00.000Z","end":"2023-10-26T23:45:00.000Z"},"country":"United Kingdom","OPM":5,"total_sales_volume":179.51999738812447,"rate_of_return":0.0}
{"window":{"start":"2023-10-27T20:24:00.000Z","end":"2023-10-27T20:25:00.000Z"},"country":"EIRE","OPM":1,"total_sales_volume":1.649999976158142,"rate_of_return":0.0}
{"window":{"start":"2023-10-24T15:20:00.000Z","end":"2023-10-24T15:21:00.000Z"},"country":"Switzerland","OPM":1,"total_sales_volume":25.5,"rate_of_return":0.0}
{"window":{"start":"2023-10-23T22:48:00.000Z","end":"2023-10-23T22:49:00.000Z"},"country":"France","OPM":2,"total_sales_volume":113.00999808311462,"rate_of_return":0.0}
{"window":{"start":"2023-10-23T23:48:00.000Z","end":"2023-10-23T23:49:00.000Z"},"country":"United Kingdom","OPM":15,"total_sales_volume":892.2899888604879,"rate_of_return":0.0}
{"window":{"start":"2023-10-26T13:10:00.000Z","end":"2023-10-26T13:11:00.000Z"},"country":"United Kingdom","OPM":9,"total_sales_volume":643.4899914264679,"rate_of_return":0.0}
{"window":{"start":"2023-10-24T07:38:00.000Z","end":"2023-10-24T07:39:00.000Z"},"country":"EIRE","OPM":1,"total_sales_volume":108.8799983561039,"rate_of_return":0.0}
{"window":{"start":"2023-10-23T23:44:00.000Z","end":"2023-10-23T23:45:00.000Z"},"country":"Portugal","OPM":1,"total_sales_volume":48.05000114440918,"rate_of_return":0.0}
{"window":{"start":"2023-10-25T18:41:00.000Z","end":"2023-10-25T18:42:00.000Z"},"country":"United Kingdom","OPM":13,"total_sales_volume":355.16999810934067,"rate_of_return":0.0}
{"window":{"start":"2023-10-25T20:19:00.000Z","end":"2023-10-25T20:20:00.000Z"},"country":"United Kingdom","OPM":8,"total_sales_volume":513.379999384284,"rate_of_return":0.0}
{"window":{"start":"2023-10-26T22:04:00.000Z","end":"2023-10-26T22:05:00.000Z"},"country":"United Kingdom","OPM":13,"total_sales_volume":680.6400028169155,"rate_of_return":0.07692307692307693}
