{"window":{"start":"2023-10-26T06:11:00.000Z","end":"2023-10-26T06:12:00.000Z"},"country":"United Kingdom","OPM":4,"total_sales_volume":162.33999794721603,"rate_of_return":0.0}
{"window":{"start":"2023-10-26T15:29:00.000Z","end":"2023-10-26T15:30:00.000Z"},"country":"United Kingdom","OPM":4,"total_sales_volume":121.93000200390816,"rate_of_return":0.0}
{"window":{"start":"2023-10-27T10:21:00.000Z","end":"2023-10-27T10:22:00.000Z"},"country":"United Kingdom","OPM":7,"total_sales_volume":-722.9899671673775,"rate_of_return":0.14285714285714285}
{"window":{"start":"2023-10-24T20:25:00.000Z","end":"2023-10-24T20:26:00.000Z"},"country":"EIRE","OPM":2,"total_sales_volume":103.3899994790554,"rate_of_return":0.0}
{"window":{"start":"2023-10-24T15:49:00.000Z","end":"2023-10-24T15:50:00.000Z"},"country":"EIRE","OPM":2,"total_sales_volume":110.69999980926514,"rate_of_return":0.0}
{"window":{"start":"2023-10-26T02:42:00.000Z","end":"2023-10-26T02:43:00.000Z"},"country":"United Kingdom","OPM":15,"total_sales_volume":967.3299913704395,"rate_of_return":0.0}
{"window":{"start":"2023-10-25T10:47:00.000Z","end":"2023-10-25T10:48:00.000Z"},"country":"United Kingdom","OPM":6,"total_sales_volume":1570.7900137603283,"rate_of_return":0.0}
{"window":{"start":"2023-10-26T03:07:00.000Z","end":"2023-10-26T03:08:00.000Z"},"country":"United Kingdom","OPM":8,"total_sales_volume":277.94000375270844,"rate_of_return":0.0}
{"window":{"start":"2023-10-23T14:55:00.000Z","end":"2023-10-23T14:56:00.000Z"},"country":"Austria","OPM":1,"total_sales_volume":20.999999344348907,"rate_of_return":0.0}
{"window":{"start":"2023-10-24T04:46:00.000Z","end":"2023-10-24T04:47:00.000Z"},"country":"Netherlands","OPM":2,"total_sales_volume":142.91999733448029,"rate_of_return":0.5}
{"window":{"start":"2023-10-27T12:07:00.000Z","end":"2023-10-27T12:08:00.000Z"},"country":"United Kingdom","OPM":10,"total_sales_volume":963.600003361702,"rate_of_return":0.0}
{"window":{"start":"2023-10-26T21:07:00.000Z","end":"2023-10-26T21:08:00.000Z"},"country":"United Kingdom","OPM":11,"total_sales_volume":503.31000062823296,"rate_of_return":0.09090909090909091}
{"window":{"start":"2023-10-24T16:14:00.000Z","end":"2023-10-24T16:15:00.000Z"},"country":"United Kingdom","OPM":4,"total_sales_volume":383.610000371933,"rate_of_return":0.0}
{"window":{"start":"2023-10-24T20:05:00.000Z","end":"2023-10-24T20:06:00.000Z"},"country":"United Kingdom","OPM":4,"total_sales_volume":329.76000022888184,"rate_of_return":0.0}
{"window":{"start":"2023-10-24T19:54:00.000Z","end":"2023-10-24T19:55:00.000Z"},"country":"Germany","OPM":1,"total_sales_volume":1.25,"rate_of_return":0.0}
{"window":{"start":"2023-10-24T09:56:00.000Z","end":"2023-10-24T09:57:00.000Z"},"country":"France","OPM":1,"total_sales_volume":21.209999054670334,"rate_of_return":0.0}
{"window":{"start":"2023-10-24T08:52:00.000Z","end":"2023-10-24T08:53:00.000Z"},"country":"EIRE","OPM":1,"total_sales_volume":5.7299999594688416,"rate_of_return":0.0}
{"window":{"start":"2023-10-25T02:13:00.000Z","end":"2023-10-25T02:14:00.000Z"},"country":"Hong Kong","OPM":1,"total_sales_volume":61.500000953674316,"rate_of_return":0.0}
{"window":{"start":"2023-10-23T13:37:00.000Z","end":"2023-10-23T13:38:00.000Z"},"country":"Germany","OPM":1,"total_sales_volume":36.589999079704285,"rate_of_return":0.0}
{"window":{"start":"2023-10-24T04:56:00.000Z","end":"2023-10-24T04:57:00.000Z"},"country":"United Kingdom","OPM":5,"total_sales_volume":300.01000198721886,"rate_of_return":0.2}
{"window":{"start":"2023-10-23T18:00:00.000Z","end":"2023-10-23T18:01:00.000Z"},"country":"France","OPM":1,"total_sales_volume":126.90999829769135,"rate_of_return":0.0}
{"window":{"start":"2023-10-24T03:20:00.000Z","end":"2023-10-24T03:21:00.000Z"},"country":"United Kingdom","OPM":14,"total_sales_volume":914.6900051534176,"rate_of_return":0.0}
{"window":{"start":"2023-10-23T17:43:00.000Z","end":"2023-10-23T17:44:00.000Z"},"country":"United Kingdom","OPM":14,"total_sales_volume":1246.7500008642673,"rate_of_return":0.0}
{"window":{"start":"2023-10-24T07:23:00.000Z","end":"2023-10-24T07:24:00.000Z"},"country":"United Kingdom","OPM":11,"total_sales_volume":325.1900017261505,"rate_of_return":0.09090909090909091}
{"window":{"start":"2023-10-25T18:10:00.000Z","end":"2023-10-25T18:11:00.000Z"},"country":"France","OPM":1,"total_sales_volume":9.999999761581421,"rate_of_return":0.0}
{"window":{"start":"2023-10-23T22:35:00.000Z","end":"2023-10-23T22:36:00.000Z"},"country":"United Kingdom","OPM":3,"total_sales_volume":2211.869936197996,"rate_of_return":0.3333333333333333}
{"window":{"start":"2023-10-24T14:42:00.000Z","end":"2023-10-24T14:43:00.000Z"},"country":"United Kingdom","OPM":8,"total_sales_volume":520.1399955153465,"rate_of_return":0.0}
{"window":{"start":"2023-10-27T16:34:00.000Z","end":"2023-10-27T16:35:00.000Z"},"country":"France","OPM":1,"total_sales_volume":4.159999966621399,"rate_of_return":0.0}
{"window":{"start":"2023-10-26T00:21:00.000Z","end":"2023-10-26T00:22:00.000Z"},"country":"United Kingdom","OPM":15,"total_sales_volume":1035.1199900209904,"rate_of_return":0.0}
{"window":{"start":"2023-10-24T15:14:00.000Z","end":"2023-10-24T15:15:00.000Z"},"country":"United Kingdom","OPM":14,"total_sales_volume":1009.3299878835678,"rate_of_return":0.14285714285714285}
{"window":{"start":"2023-10-25T22:33:00.000Z","end":"2023-10-25T22:34:00.000Z"},"country":"EIRE","OPM":1,"total_sales_volume":7.6499998569488525,"rate_of_return":0.0}
{"window":{"start":"2023-10-27T03:05:00.000Z","end":"2023-10-27T03:06:00.000Z"},"country":"France","OPM":1,"total_sales_volume":203.0699987411499,"rate_of_return":0.0}
{"window":{"start":"2023-10-23T16:40:00.000Z","end":"2023-10-23T16:41:00.000Z"},"country":"United Kingdom","OPM":14,"total_sales_volume":310.0499971061945,"rate_of_return":0.0}
{"window":{"start":"2023-10-24T21:49:00.000Z","end":"2023-10-24T21:50:00.000Z"},"country":"United Kingdom","OPM":8,"total_sales_volume":220.11999908089638,"rate_of_return":0.0}
{"window":{"start":"2023-10-27T13:00:00.000Z","end":"2023-10-27T13:01:00.000Z"},"country":"United Kingdom","OPM":6,"total_sales_volume":175.09999632835388,"rate_of_return":0.0}
{"window":{"start":"2023-10-27T11:12:00.000Z","end":"2023-10-27T11:13:00.000Z"},"country":"Germany","OPM":1,"total_sales_volume":9.209999799728394,"rate_of_return":0.0}
{"window":{"start":"2023-10-25T12:03:00.000Z","end":"2023-10-25T12:04:00.000Z"},"country":"United Kingdom","OPM":4,"total_sales_volume":136.72999835014343,"rate_of_return":0.0}
{"window":{"start":"2023-10-27T19:13:00.000Z","end":"2023-10-27T19:14:00.000Z"},"country":"United Kingdom","OPM":6,"total_sales_volume":271.1499997973442,"rate_of_return":0.0}
{"window":{"start":"2023-10-24T14:20:00.000Z","end":"2023-10-24T14:21:00.000Z"},"country":"United Kingdom","OPM":8,"total_sales_volume":375.0199971497059,"rate_of_return":0.0}
{"window":{"start":"2023-10-24T01:23:00.000Z","end":"2023-10-24T01:24:00.000Z"},"country":"United Kingdom","OPM":10,"total_sales_volume":659.3999828696251,"rate_of_return":0.1}
{"window":{"start":"2023-10-26T21:14:00.000Z","end":"2023-10-26T21:15:00.000Z"},"country":"United Kingdom","OPM":5,"total_sales_volume":227.9299983382225,"rate_of_return":0.0}
{"window":{"start":"2023-10-25T11:23:00.000Z","end":"2023-10-25T11:24:00.000Z"},"country":"United Kingdom","OPM":6,"total_sales_volume":226.35999846458435,"rate_of_return":0.0}
{"window":{"start":"2023-10-26T09:43:00.000Z","end":"2023-10-26T09:44:00.000Z"},"country":"United Kingdom","OPM":6,"total_sales_volume":734.9500263929367,"rate_of_return":0.16666666666666666}
{"window":{"start":"2023-10-24T23:42:00.000Z","end":"2023-10-24T23:43:00.000Z"},"country":"Germany","OPM":1,"total_sales_volume":12.430000305175781,"rate_of_return":0.0}
{"window":{"start":"2023-10-23T16:31:00.000Z","end":"2023-10-23T16:32:00.000Z"},"country":"EIRE","OPM":1,"total_sales_volume":32.74000024795532,"rate_of_return":0.0}
{"window":{"start":"2023-10-24T05:08:00.000Z","end":"2023-10-24T05:09:00.000Z"},"country":"Hong Kong","OPM":1,"total_sales_volume":184.5400013923645,"rate_of_return":0.0}
{"window":{"start":"2023-10-24T20:06:00.000Z","end":"2023-10-24T20:07:00.000Z"},"country":"United Kingdom","OPM":12,"total_sales_volume":305.7799986451864,"rate_of_return":0.25}
{"window":{"start":"2023-10-24T03:31:00.000Z","end":"2023-10-24T03:32:00.000Z"},"country":"United Kingdom","OPM":5,"total_sales_volume":183.48000103235245,"rate_of_return":0.0}
{"window":{"start":"2023-10-24T11:17:00.000Z","end":"2023-10-24T11:18:00.000Z"},"country":"United Kingdom","OPM":14,"total_sales_volume":1635.4900078773499,"rate_of_return":0.07142857142857142}
{"window":{"start":"2023-10-27T12:25:00.000Z","end":"2023-10-27T12:26:00.000Z"},"country":"United Kingdom","OPM":9,"total_sales_volume":1256.5699957609177,"rate_of_return":0.1111111111111111}
{"window":{"start":"2023-10-23T18:35:00.000Z","end":"2023-10-23T18:36:00.000Z"},"country":"United Kingdom","OPM":9,"total_sales_volume":651.7900013923645,"rate_of_return":0.0}
{"window":{"start":"2023-10-24T09:13:00.000Z","end":"2023-10-24T09:14:00.000Z"},"country":"Spain","OPM":1,"total_sales_volume":18.350000023841858,"rate_of_return":0.0}
{"window":{"start":"2023-10-23T17:19:00.000Z","end":"2023-10-23T17:20:00.000Z"},"country":"Germany","OPM":1,"total_sales_volume":4.5,"rate_of_return":0.0}
