{"window":{"start":"2023-10-27T17:21:00.000Z","end":"2023-10-27T17:22:00.000Z"},"country":"Germany","OPM":1,"total_sales_volume":26.58999991416931,"rate_of_return":0.0}
{"window":{"start":"2023-10-23T17:43:00.000Z","end":"2023-10-23T17:44:00.000Z"},"country":"Saudi Arabia","OPM":1,"total_sales_volume":14.559999823570251,"rate_of_return":0.0}
{"window":{"start":"2023-10-24T09:52:00.000Z","end":"2023-10-24T09:53:00.000Z"},"country":"United Kingdom","OPM":14,"total_sales_volume":525.5200009942055,"rate_of_return":0.14285714285714285}
{"window":{"start":"2023-10-25T00:13:00.000Z","end":"2023-10-25T00:14:00.000Z"},"country":"United Kingdom","OPM":10,"total_sales_volume":737.3899962306023,"rate_of_return":0.1}
{"window":{"start":"2023-10-23T16:32:00.000Z","end":"2023-10-23T16:33:00.000Z"},"country":"United Kingdom","OPM":6,"total_sales_volume":234.83999580144882,"rate_of_return":0.16666666666666666}
{"window":{"start":"2023-10-26T15:13:00.000Z","end":"2023-10-26T15:14:00.000Z"},"country":"France","OPM":1,"total_sales_volume":52.25,"rate_of_return":0.0}
{"window":{"start":"2023-10-27T03:27:00.000Z","end":"2023-10-27T03:28:00.000Z"},"country":"United Kingdom","OPM":13,"total_sales_volume":1458.1799870729446,"rate_of_return":0.0}
{"window":{"start":"2023-10-24T05:19:00.000Z","end":"2023-10-24T05:20:00.000Z"},"country":"EIRE","OPM":1,"total_sales_volume":39.3800003528595,"rate_of_return":0.0}
{"window":{"start":"2023-10-25T18:51:00.000Z","end":"2023-10-25T18:52:00.000Z"},"country":"United Kingdom","OPM":11,"total_sales_volume":806.4799950122833,"rate_of_return":0.0}
{"window":{"start":"2023-10-23T21:02:00.000Z","end":"2023-10-23T21:03:00.000Z"},"country":"France","OPM":1,"total_sales_volume":26.84000027179718,"rate_of_return":0.0}
{"window":{"start":"2023-10-26T03:56:00.000Z","end":"2023-10-26T03:57:00.000Z"},"country":"France","OPM":1,"total_sales_volume":13.640000343322754,"rate_of_return":0.0}
{"window":{"start":"2023-10-27T22:12:00.000Z","end":"2023-10-27T22:13:00.000Z"},"country":"United Kingdom","OPM":7,"total_sales_volume":3146.809982717037,"rate_of_return":0.0}
{"window":{"start":"2023-10-27T04:35:00.000Z","end":"2023-10-27T04:36:00.000Z"},"country":"Spain","OPM":2,"total_sales_volume":7.109999775886536,"rate_of_return":0.0}
{"window":{"start":"2023-10-23T15:25:00.000Z","end":"2023-10-23T15:26:00.000Z"},"country":"United Kingdom","OPM":13,"total_sales_volume":657.1799980551004,"rate_of_return":0.07692307692307693}
{"window":{"start":"2023-10-24T06:52:00.000Z","end":"2023-10-24T06:53:00.000Z"},"country":"Belgium","OPM":1,"total_sales_volume":21.049999326467514,"rate_of_return":0.0}
{"window":{"start":"2023-10-24T10:55:00.000Z","end":"2023-10-24T10:56:00.000Z"},"country":"United Kingdom","OPM":10,"total_sales_volume":-156.43998402357101,"rate_of_return":0.1}
{"window":{"start":"2023-10-24T10:48:00.000Z","end":"2023-10-24T10:49:00.000Z"},"country":"United Kingdom","OPM":10,"total_sales_volume":1598.8499646186829,"rate_of_return":0.0}
{"window":{"start":"2023-10-27T20:43:00.000Z","end":"2023-10-27T20:44:00.000Z"},"country":"Germany","OPM":2,"total_sales_volume":324.98999524116516,"rate_of_return":0.0}
{"window":{"start":"2023-10-24T22:08:00.000Z","end":"2023-10-24T22:09:00.000Z"},"country":"United Kingdom","OPM":8,"total_sales_volume":228.43999826908112,"rate_of_return":0.125}
{"window":{"start":"2023-10-27T00:54:00.000Z","end":"2023-10-27T00:55:00.000Z"},"country":"France","OPM":1,"total_sales_volume":16.600000381469727,"rate_of_return":0.0}
{"window":{"start":"2023-10-24T04:08:00.000Z","end":"2023-10-24T04:09:00.000Z"},"country":"United Kingdom","OPM":10,"total_sales_volume":333.4299980998039,"rate_of_return":0.1}
{"window":{"start":"2023-10-24T03:01:00.000Z","end":"2023-10-24T03:02:00.000Z"},"country":"Spain","OPM":1,"total_sales_volume":142.56999623775482,"rate_of_return":0.0}
{"window":{"start":"2023-10-27T00:28:00.000Z","end":"2023-10-27T00:29:00.000Z"},"country":"United Kingdom","OPM":10,"total_sales_volume":815.2599865198135,"rate_of_return":0.0}
{"window":{"start":"2023-10-24T06:05:00.000Z","end":"2023-10-24T06:06:00.000Z"},"country":"Germany","OPM":1,"total_sales_volume":1293.9299993515015,"rate_of_return":0.0}
{"window":{"start":"2023-10-25T03:36:00.000Z","end":"2023-10-25T03:37:00.000Z"},"country":"United Kingdom","OPM":8,"total_sales_volume":505.58999931812286,"rate_of_return":0.0}
{"window":{"start":"2023-10-26T00:05:00.000Z","end":"2023-10-26T00:06:00.000Z"},"country":"United Kingdom","OPM":10,"total_sales_volume":89.06999757885933,"rate_of_return":0.2}
{"window":{"start":"2023-10-27T23:18:00.000Z","end":"2023-10-27T23:19:00.000Z"},"country":"United Kingdom","OPM":15,"total_sales_volume":922.7900066375732,"rate_of_return":0.0}
{"window":{"start":"2023-10-27T17:19:00.000Z","end":"2023-10-27T17:20:00.000Z"},"country":"United Kingdom","OPM":11,"total_sales_volume":1674.8500127196312,"rate_of_return":0.0}
{"window":{"start":"2023-10-28T04:21:00.000Z","end":"2023-10-28T04:22:00.000Z"},"country":"United Kingdom","OPM":11,"total_sales_volume":248.50999927520752,"rate_of_return":0.09090909090909091}
{"window":{"start":"2023-10-27T21:11:00.000Z","end":"2023-10-27T21:12:00.000Z"},"country":"Germany","OPM":1,"total_sales_volume":13.999999761581421,"rate_of_return":0.0}
{"window":{"start":"2023-10-26T19:26:00.000Z","end":"2023-10-26T19:27:00.000Z"},"country":"France","OPM":1,"total_sales_volume":48.00999999046326,"rate_of_return":0.0}
{"window":{"start":"2023-10-23T13:11:00.000Z","end":"2023-10-23T13:12:00.000Z"},"country":"United Kingdom","OPM":5,"total_sales_volume":56.27000296115875,"rate_of_return":0.2}
{"window":{"start":"2023-10-26T00:08:00.000Z","end":"2023-10-26T00:09:00.000Z"},"country":"United Kingdom","OPM":7,"total_sales_volume":411.51000037789345,"rate_of_return":0.0}
{"window":{"start":"2023-10-24T05:07:00.000Z","end":"2023-10-24T05:08:00.000Z"},"country":"Cyprus","OPM":1,"total_sales_volume":13.039999961853027,"rate_of_return":0.0}
{"window":{"start":"2023-10-25T19:28:00.000Z","end":"2023-10-25T19:29:00.000Z"},"country":"Canada","OPM":1,"total_sales_volume":39.47999954223633,"rate_of_return":0.0}
{"window":{"start":"2023-10-24T03:02:00.000Z","end":"2023-10-24T03:03:00.000Z"},"country":"United Kingdom","OPM":7,"total_sales_volume":322.1299964785576,"rate_of_return":0.0}
{"window":{"start":"2023-10-25T05:36:00.000Z","end":"2023-10-25T05:37:00.000Z"},"country":"EIRE","OPM":1,"total_sales_volume":36.83999967575073,"rate_of_return":0.0}
{"window":{"start":"2023-10-25T10:13:00.000Z","end":"2023-10-25T10:14:00.000Z"},"country":"United Kingdom","OPM":7,"total_sales_volume":280.29000291228294,"rate_of_return":0.0}
{"window":{"start":"2023-10-28T05:17:00.000Z","end":"2023-10-28T05:18:00.000Z"},"country":"EIRE","OPM":1,"total_sales_volume":132.5,"rate_of_return":0.0}
{"window":{"start":"2023-10-24T08:49:00.000Z","end":"2023-10-24T08:50:00.000Z"},"country":"Portugal","OPM":1,"total_sales_volume":0.23999999463558197,"rate_of_return":0.0}
{"window":{"start":"2023-10-26T04:17:00.000Z","end":"2023-10-26T04:18:00.000Z"},"country":"United Kingdom","OPM":10,"total_sales_volume":437.14999318122864,"rate_of_return":0.1}
{"window":{"start":"2023-10-27T03:49:00.000Z","end":"2023-10-27T03:50:00.000Z"},"country":"Portugal","OPM":1,"total_sales_volume":22.5,"rate_of_return":0.0}
{"window":{"start":"2023-10-25T17:27:00.000Z","end":"2023-10-25T17:28:00.000Z"},"country":"EIRE","OPM":1,"total_sales_volume":16.49999976158142,"rate_of_return":0.0}
{"window":{"start":"2023-10-27T02:16:00.000Z","end":"2023-10-27T02:17:00.000Z"},"country":"United Kingdom","OPM":12,"total_sales_volume":1225.2899993360043,"rate_of_return":0.0}
{"window":{"start":"2023-10-26T21:56:00.000Z","end":"2023-10-26T21:57:00.000Z"},"country":"United Kingdom","OPM":5,"total_sales_volume":184.69999927282333,"rate_of_return":0.0}
{"window":{"start":"2023-10-26T01:53:00.000Z","end":"2023-10-26T01:54:00.000Z"},"country":"United Kingdom","OPM":13,"total_sales_volume":1222.7200014293194,"rate_of_return":0.0}
{"window":{"start":"2023-10-27T09:44:00.000Z","end":"2023-10-27T09:45:00.000Z"},"country":"Germany","OPM":1,"total_sales_volume":36.83999979496002,"rate_of_return":0.0}
{"window":{"start":"2023-10-28T03:10:00.000Z","end":"2023-10-28T03:11:00.000Z"},"country":"Switzerland","OPM":1,"total_sales_volume":1.649999976158142,"rate_of_return":0.0}
{"window":{"start":"2023-10-26T06:37:00.000Z","end":"2023-10-26T06:38:00.000Z"},"country":"USA","OPM":1,"total_sales_volume":103.59000086784363,"rate_of_return":0.0}
{"window":{"start":"2023-10-26T19:45:00.000Z","end":"2023-10-26T19:46:00.000Z"},"country":"Germany","OPM":1,"total_sales_volume":21.00999990105629,"rate_of_return":0.0}
{"window":{"start":"2023-10-27T18:45:00.000Z","end":"2023-10-27T18:46:00.000Z"},"country":"Belgium","OPM":1,"total_sales_volume":40.02999949455261,"rate_of_return":0.0}
{"window":{"start":"2023-10-27T13:22:00.000Z","end":"2023-10-27T13:23:00.000Z"},"country":"United Kingdom","OPM":11,"total_sales_volume":2567.160031348467,"rate_of_return":0.09090909090909091}
{"window":{"start":"2023-10-25T16:44:00.000Z","end":"2023-10-25T16:45:00.000Z"},"country":"United Kingdom","OPM":12,"total_sales_volume":860.909992583096,"rate_of_return":0.0}
{"window":{"start":"2023-10-25T07:16:00.000Z","end":"2023-10-25T07:17:00.000Z"},"country":"Germany","OPM":1,"total_sales_volume":9.410000085830688,"rate_of_return":0.0}
{"window":{"start":"2023-10-26T03:21:00.000Z","end":"2023-10-26T03:22:00.000Z"},"country":"EIRE","OPM":1,"total_sales_volume":27.950000941753387,"rate_of_return":0.0}
{"window":{"start":"2023-10-24T11:37:00.000Z","end":"2023-10-24T11:38:00.000Z"},"country":"United Kingdom","OPM":9,"total_sales_volume":302.26000213623047,"rate_of_return":0.0}
{"window":{"start":"2023-10-23T13:57:00.000Z","end":"2023-10-23T13:58:00.000Z"},"country":"EIRE","OPM":1,"total_sales_volume":64.22999918460846,"rate_of_return":0.0}
{"window":{"start":"2023-10-23T17:02:00.000Z","end":"2023-10-23T17:03:00.000Z"},"country":"United Kingdom","OPM":6,"total_sales_volume":178.5600001513958,"rate_of_return":0.0}
{"window":{"start":"2023-10-23T15:21:00.000Z","end":"2023-10-23T15:22:00.000Z"},"country":"United Kingdom","OPM":10,"total_sales_volume":468.5999965071678,"rate_of_return":0.1}
{"window":{"start":"2023-10-26T08:34:00.000Z","end":"2023-10-26T08:35:00.000Z"},"country":"Norway","OPM":1,"total_sales_volume":8.289999961853027,"rate_of_return":0.0}
{"window":{"start":"2023-10-24T18:52:00.000Z","end":"2023-10-24T18:53:00.000Z"},"country":"Norway","OPM":1,"total_sales_volume":191.92000484466553,"rate_of_return":0.0}
{"window":{"start":"2023-10-24T17:23:00.000Z","end":"2023-10-24T17:24:00.000Z"},"country":"Poland","OPM":1,"total_sales_volume":28.179999828338623,"rate_of_return":0.0}
{"window":{"start":"2023-10-26T14:01:00.000Z","end":"2023-10-26T14:02:00.000Z"},"country":"United Kingdom","OPM":6,"total_sales_volume":281.0600017607212,"rate_of_return":0.0}
{"window":{"start":"2023-10-28T01:26:00.000Z","end":"2023-10-28T01:27:00.000Z"},"country":"Australia","OPM":1,"total_sales_volume":15.0,"rate_of_return":0.0}
{"window":{"start":"2023-10-27T07:58:00.000Z","end":"2023-10-27T07:59:00.000Z"},"country":"United Kingdom","OPM":8,"total_sales_volume":252.77999737858772,"rate_of_return":0.0}
