{"window":{"start":"2023-10-26T19:24:00.000Z","end":"2023-10-26T19:25:00.000Z"},"country":"Finland","OPM":1,"total_sales_volume":8.699999809265137,"rate_of_return":0.0}
{"window":{"start":"2023-10-24T23:36:00.000Z","end":"2023-10-24T23:37:00.000Z"},"country":"Netherlands","OPM":1,"total_sales_volume":47.5099992454052,"rate_of_return":0.0}
{"window":{"start":"2023-10-26T07:31:00.000Z","end":"2023-10-26T07:32:00.000Z"},"country":"United Kingdom","OPM":11,"total_sales_volume":654.2199951708317,"rate_of_return":0.0}
{"window":{"start":"2023-10-24T03:48:00.000Z","end":"2023-10-24T03:49:00.000Z"},"country":"Germany","OPM":1,"total_sales_volume":60.30000114440918,"rate_of_return":0.0}
{"window":{"start":"2023-10-27T05:54:00.000Z","end":"2023-10-27T05:55:00.000Z"},"country":"United Kingdom","OPM":4,"total_sales_volume":348.34999918937683,"rate_of_return":0.0}
{"window":{"start":"2023-10-26T09:31:00.000Z","end":"2023-10-26T09:32:00.000Z"},"country":"Germany","OPM":1,"total_sales_volume":52.94999814033508,"rate_of_return":0.0}
{"window":{"start":"2023-10-27T16:11:00.000Z","end":"2023-10-27T16:12:00.000Z"},"country":"United Kingdom","OPM":12,"total_sales_volume":803.6299871206284,"rate_of_return":0.0}
{"window":{"start":"2023-10-24T06:51:00.000Z","end":"2023-10-24T06:52:00.000Z"},"country":"United Kingdom","OPM":4,"total_sales_volume":267.20000030845404,"rate_of_return":0.0}
{"window":{"start":"2023-10-27T15:08:00.000Z","end":"2023-10-27T15:09:00.000Z"},"country":"Germany","OPM":1,"total_sales_volume":80.48999989032745,"rate_of_return":0.0}
{"window":{"start":"2023-10-27T20:12:00.000Z","end":"2023-10-27T20:13:00.000Z"},"country":"United Kingdom","OPM":8,"total_sales_volume":602.1499975025654,"rate_of_return":0.0}
{"window":{"start":"2023-10-25T20:44:00.000Z","end":"2023-10-25T20:45:00.000Z"},"country":"France","OPM":1,"total_sales_volume":35.58999967575073,"rate_of_return":0.0}
{"window":{"start":"2023-10-27T11:54:00.000Z","end":"2023-10-27T11:55:00.000Z"},"country":"United Kingdom","OPM":7,"total_sales_volume":1386.0399987995625,"rate_of_return":0.0}
{"window":{"start":"2023-10-26T00:29:00.000Z","end":"2023-10-26T00:30:00.000Z"},"country":"United Kingdom","OPM":17,"total_sales_volume":1246.7400005161762,"rate_of_return":0.058823529411764705}
{"window":{"start":"2023-10-23T20:46:00.000Z","end":"2023-10-23T20:47:00.000Z"},"country":"EIRE","OPM":1,"total_sales_volume":14.789999842643738,"rate_of_return":0.0}
{"window":{"start":"2023-10-26T22:03:00.000Z","end":"2023-10-26T22:04:00.000Z"},"country":"United Kingdom","OPM":8,"total_sales_volume":385.4699983894825,"rate_of_return":0.0}
{"window":{"start":"2023-10-24T07:01:00.000Z","end":"2023-10-24T07:02:00.000Z"},"country":"Germany","OPM":1,"total_sales_volume":33.71999913454056,"rate_of_return":0.0}
{"window":{"start":"2023-10-27T12:33:00.000Z","end":"2023-10-27T12:34:00.000Z"},"country":"United Kingdom","OPM":5,"total_sales_volume":1401.4199554622173,"rate_of_return":0.0}
{"window":{"start":"2023-10-26T12:54:00.000Z","end":"2023-10-26T12:55:00.000Z"},"country":"United Kingdom","OPM":11,"total_sales_volume":461.71999606490135,"rate_of_return":0.0}
{"window":{"start":"2023-10-27T06:51:00.000Z","end":"2023-10-27T06:52:00.000Z"},"country":"United Kingdom","OPM":15,"total_sales_volume":879.3899883627892,"rate_of_return":0.0}
{"window":{"start":"2023-10-25T11:52:00.000Z","end":"2023-10-25T11:53:00.000Z"},"country":"United Kingdom","OPM":3,"total_sales_volume":105.65999925136566,"rate_of_return":0.0}
{"window":{"start":"2023-10-25T09:08:00.000Z","end":"2023-10-25T09:09:00.000Z"},"country":"France","OPM":1,"total_sales_volume":24.510000228881836,"rate_of_return":0.0}
{"window":{"start":"2023-10-26T20:43:00.000Z","end":"2023-10-26T20:44:00.000Z"},"country":"United Kingdom","OPM":7,"total_sales_volume":749.9000002741814,"rate_of_return":0.0}
{"window":{"start":"2023-10-26T11:29:00.000Z","end":"2023-10-26T11:30:00.000Z"},"country":"United Kingdom","OPM":10,"total_sales_volume":344.4399981498718,"rate_of_return":0.0}
{"window":{"start":"2023-10-27T00:55:00.000Z","end":"2023-10-27T00:56:00.000Z"},"country":"France","OPM":1,"total_sales_volume":26.66999939084053,"rate_of_return":0.0}
{"window":{"start":"2023-10-25T22:40:00.000Z","end":"2023-10-25T22:41:00.000Z"},"country":"Netherlands","OPM":1,"total_sales_volume":74.75000113248825,"rate_of_return":0.0}
{"window":{"start":"2023-10-26T00:55:00.000Z","end":"2023-10-26T00:56:00.000Z"},"country":"Spain","OPM":1,"total_sales_volume":48.249999672174454,"rate_of_return":0.0}
{"window":{"start":"2023-10-28T04:22:00.000Z","end":"2023-10-28T04:23:00.000Z"},"country":"United Kingdom","OPM":11,"total_sales_volume":2976.7200354114175,"rate_of_return":0.18181818181818182}
{"window":{"start":"2023-10-24T02:14:00.000Z","end":"2023-10-24T02:15:00.000Z"},"country":"Cyprus","OPM":1,"total_sales_volume":24.22999930381775,"rate_of_return":0.0}
{"window":{"start":"2023-10-26T14:12:00.000Z","end":"2023-10-26T14:13:00.000Z"},"country":"United Kingdom","OPM":10,"total_sales_volume":540.9999986886978,"rate_of_return":0.0}
{"window":{"start":"2023-10-28T00:40:00.000Z","end":"2023-10-28T00:41:00.000Z"},"country":"Finland","OPM":1,"total_sales_volume":245.27999675273895,"rate_of_return":0.0}
{"window":{"start":"2023-10-23T19:36:00.000Z","end":"2023-10-23T19:37:00.000Z"},"country":"United Kingdom","OPM":6,"total_sales_volume":213.14000077545643,"rate_of_return":0.16666666666666666}
{"window":{"start":"2023-10-23T18:17:00.000Z","end":"2023-10-23T18:18:00.000Z"},"country":"EIRE","OPM":1,"total_sales_volume":10.789999961853027,"rate_of_return":0.0}
{"window":{"start":"2023-10-25T08:28:00.000Z","end":"2023-10-25T08:29:00.000Z"},"country":"France","OPM":1,"total_sales_volume":10.93999993801117,"rate_of_return":0.0}
{"window":{"start":"2023-10-27T19:56:00.000Z","end":"2023-10-27T19:57:00.000Z"},"country":"United Kingdom","OPM":12,"total_sales_volume":812.7399970293045,"rate_of_return":0.0}
{"window":{"start":"2023-10-23T19:17:00.000Z","end":"2023-10-23T19:18:00.000Z"},"country":"United Kingdom","OPM":9,"total_sales_volume":240.20999911427498,"rate_of_return":0.1111111111111111}
{"window":{"start":"2023-10-26T01:47:00.000Z","end":"2023-10-26T01:48:00.000Z"},"country":"United Kingdom","OPM":12,"total_sales_volume":1319.610010266304,"rate_of_return":0.08333333333333333}
{"window":{"start":"2023-10-25T17:56:00.000Z","end":"2023-10-25T17:57:00.000Z"},"country":"Netherlands","OPM":1,"total_sales_volume":40.83999967575073,"rate_of_return":0.0}
{"window":{"start":"2023-10-26T16:29:00.000Z","end":"2023-10-26T16:30:00.000Z"},"country":"United Kingdom","OPM":11,"total_sales_volume":365.41999888420105,"rate_of_return":0.0}
{"window":{"start":"2023-10-27T11:44:00.000Z","end":"2023-10-27T11:45:00.000Z"},"country":"United Kingdom","OPM":14,"total_sales_volume":600.0699945986271,"rate_of_return":0.0}
{"window":{"start":"2023-10-27T07:33:00.000Z","end":"2023-10-27T07:34:00.000Z"},"country":"France","OPM":1,"total_sales_volume":5.940000116825104,"rate_of_return":0.0}
{"window":{"start":"2023-10-27T01:46:00.000Z","end":"2023-10-27T01:47:00.000Z"},"country":"United Kingdom","OPM":10,"total_sales_volume":410.7499960064888,"rate_of_return":0.0}
{"window":{"start":"2023-10-27T15:38:00.000Z","end":"2023-10-27T15:39:00.000Z"},"country":"Spain","OPM":1,"total_sales_volume":60.24999916553497,"rate_of_return":0.0}
{"window":{"start":"2023-10-24T07:46:00.000Z","end":"2023-10-24T07:47:00.000Z"},"country":"Germany","OPM":1,"total_sales_volume":55.02999925613403,"rate_of_return":0.0}
{"window":{"start":"2023-10-23T15:18:00.000Z","end":"2023-10-23T15:19:00.000Z"},"country":"United Kingdom","OPM":14,"total_sales_volume":992.5899984240532,"rate_of_return":0.14285714285714285}
{"window":{"start":"2023-10-25T04:13:00.000Z","end":"2023-10-25T04:14:00.000Z"},"country":"France","OPM":1,"total_sales_volume":67.91999956965446,"rate_of_return":0.0}
