{"window":{"start":"2023-10-26T18:52:00.000Z","end":"2023-10-26T18:53:00.000Z"},"country":"United Kingdom","OPM":7,"total_sales_volume":872.9799951612949,"rate_of_return":0.0}
{"window":{"start":"2023-10-27T00:07:00.000Z","end":"2023-10-27T00:08:00.000Z"},"country":"United Kingdom","OPM":11,"total_sales_volume":728.399998575449,"rate_of_return":0.0}
{"window":{"start":"2023-10-25T07:55:00.000Z","end":"2023-10-25T07:56:00.000Z"},"country":"EIRE","OPM":1,"total_sales_volume":0.7200000286102295,"rate_of_return":0.0}
{"window":{"start":"2023-10-25T00:40:00.000Z","end":"2023-10-25T00:41:00.000Z"},"country":"United Kingdom","OPM":12,"total_sales_volume":156.749998152256,"rate_of_return":0.08333333333333333}
{"window":{"start":"2023-10-24T02:14:00.000Z","end":"2023-10-24T02:15:00.000Z"},"country":"Norway","OPM":1,"total_sales_volume":269.5200026035309,"rate_of_return":0.0}
{"window":{"start":"2023-10-26T09:28:00.000Z","end":"2023-10-26T09:29:00.000Z"},"country":"EIRE","OPM":1,"total_sales_volume":144.039998203516,"rate_of_return":0.0}
{"window":{"start":"2023-10-25T19:05:00.000Z","end":"2023-10-25T19:06:00.000Z"},"country":"United Kingdom","OPM":10,"total_sales_volume":917.8699929863214,"rate_of_return":0.0}
{"window":{"start":"2023-10-27T03:59:00.000Z","end":"2023-10-27T04:00:00.000Z"},"country":"United Kingdom","OPM":5,"total_sales_volume":447.28999757766724,"rate_of_return":0.0}
{"window":{"start":"2023-10-26T18:58:00.000Z","end":"2023-10-26T18:59:00.000Z"},"country":"Netherlands","OPM":1,"total_sales_volume":109.9499979019165,"rate_of_return":0.0}
{"window":{"start":"2023-10-25T22:15:00.000Z","end":"2023-10-25T22:16:00.000Z"},"country":"United Kingdom","OPM":6,"total_sales_volume":544.6199975013733,"rate_of_return":0.16666666666666666}
{"window":{"start":"2023-10-27T04:21:00.000Z","end":"2023-10-27T04:22:00.000Z"},"country":"United Kingdom","OPM":11,"total_sales_volume":1148.7600134909153,"rate_of_return":0.09090909090909091}
{"window":{"start":"2023-10-25T00:29:00.000Z","end":"2023-10-25T00:30:00.000Z"},"country":"United Kingdom","OPM":7,"total_sales_volume":97.95999875664711,"rate_of_return":0.0}
{"window":{"start":"2023-10-26T00:21:00.000Z","end":"2023-10-26T00:22:00.000Z"},"country":"France","OPM":1,"total_sales_volume":6.810000330209732,"rate_of_return":0.0}
{"window":{"start":"2023-10-26T04:57:00.000Z","end":"2023-10-26T04:58:00.000Z"},"country":"EIRE","OPM":1,"total_sales_volume":54.97000026702881,"rate_of_return":0.0}
{"window":{"start":"2023-10-26T08:23:00.000Z","end":"2023-10-26T08:24:00.000Z"},"country":"Denmark","OPM":1,"total_sales_volume":166.59000459313393,"rate_of_return":0.0}
{"window":{"start":"2023-10-23T12:26:00.000Z","end":"2023-10-23T12:27:00.000Z"},"country":"Spain","OPM":1,"total_sales_volume":91.02000117301941,"rate_of_return":0.0}
{"window":{"start":"2023-10-26T20:59:00.000Z","end":"2023-10-26T21:00:00.000Z"},"country":"United Kingdom","OPM":7,"total_sales_volume":1068.9900143146515,"rate_of_return":0.0}
{"window":{"start":"2023-10-26T16:48:00.000Z","end":"2023-10-26T16:49:00.000Z"},"country":"Portugal","OPM":1,"total_sales_volume":10.77999997138977,"rate_of_return":0.0}
{"window":{"start":"2023-10-26T04:34:00.000Z","end":"2023-10-26T04:35:00.000Z"},"country":"EIRE","OPM":1,"total_sales_volume":1784.7900140285492,"rate_of_return":0.0}
{"window":{"start":"2023-10-25T02:18:00.000Z","end":"2023-10-25T02:19:00.000Z"},"country":"United Kingdom","OPM":6,"total_sales_volume":192.03000193834305,"rate_of_return":0.16666666666666666}
{"window":{"start":"2023-10-24T05:38:00.000Z","end":"2023-10-24T05:39:00.000Z"},"country":"United Kingdom","OPM":14,"total_sales_volume":1709.9199790358543,"rate_of_return":0.0}
{"window":{"start":"2023-10-27T23:37:00.000Z","end":"2023-10-27T23:38:00.000Z"},"country":"EIRE","OPM":3,"total_sales_volume":141.7000012397766,"rate_of_return":0.0}
{"window":{"start":"2023-10-24T08:38:00.000Z","end":"2023-10-24T08:39:00.000Z"},"country":"United Kingdom","OPM":7,"total_sales_volume":249.449997484684,"rate_of_return":0.0}
{"window":{"start":"2023-10-27T20:19:00.000Z","end":"2023-10-27T20:20:00.000Z"},"country":"Spain","OPM":1,"total_sales_volume":36.12999987602234,"rate_of_return":0.0}
{"window":{"start":"2023-10-26T12:28:00.000Z","end":"2023-10-26T12:29:00.000Z"},"country":"France","OPM":1,"total_sales_volume":143.79999995231628,"rate_of_return":0.0}
{"window":{"start":"2023-10-24T18:01:00.000Z","end":"2023-10-24T18:02:00.000Z"},"country":"Portugal","OPM":1,"total_sales_volume":55.30000078678131,"rate_of_return":0.0}
{"window":{"start":"2023-10-25T22:26:00.000Z","end":"2023-10-25T22:27:00.000Z"},"country":"United Kingdom","OPM":7,"total_sales_volume":1027.559988439083,"rate_of_return":0.0}
{"window":{"start":"2023-10-26T16:08:00.000Z","end":"2023-10-26T16:09:00.000Z"},"country":"United Kingdom","OPM":8,"total_sales_volume":236.74999955296516,"rate_of_return":0.0}
{"window":{"start":"2023-10-25T14:28:00.000Z","end":"2023-10-25T14:29:00.000Z"},"country":"United Kingdom","OPM":5,"total_sales_volume":98.92999756336212,"rate_of_return":0.2}
{"window":{"start":"2023-10-27T11:22:00.000Z","end":"2023-10-27T11:23:00.000Z"},"country":"United Kingdom","OPM":10,"total_sales_volume":693.200000166893,"rate_of_return":0.1}
{"window":{"start":"2023-10-26T06:12:00.000Z","end":"2023-10-26T06:13:00.000Z"},"country":"United Kingdom","OPM":10,"total_sales_volume":549.5499954223633,"rate_of_return":0.0}
{"window":{"start":"2023-10-25T15:20:00.000Z","end":"2023-10-25T15:21:00.000Z"},"country":"United Kingdom","OPM":13,"total_sales_volume":673.759992659092,"rate_of_return":0.0}
{"window":{"start":"2023-10-24T21:38:00.000Z","end":"2023-10-24T21:39:00.000Z"},"country":"United Kingdom","OPM":12,"total_sales_volume":872.0500028133392,"rate_of_return":0.08333333333333333}
{"window":{"start":"2023-10-26T08:02:00.000Z","end":"2023-10-26T08:03:00.000Z"},"country":"United Kingdom","OPM":12,"total_sales_volume":625.0400003492832,"rate_of_return":0.0}
{"window":{"start":"2023-10-24T02:22:00.000Z","end":"2023-10-24T02:23:00.000Z"},"country":"Belgium","OPM":1,"total_sales_volume":66.31999969482422,"rate_of_return":0.0}
{"window":{"start":"2023-10-27T18:31:00.000Z","end":"2023-10-27T18:32:00.000Z"},"country":"Belgium","OPM":1,"total_sales_volume":163.30999898910522,"rate_of_return":0.0}
{"window":{"start":"2023-10-25T11:08:00.000Z","end":"2023-10-25T11:09:00.000Z"},"country":"Spain","OPM":1,"total_sales_volume":37.86000061035156,"rate_of_return":0.0}
{"window":{"start":"2023-10-24T15:24:00.000Z","end":"2023-10-24T15:25:00.000Z"},"country":"France","OPM":1,"total_sales_volume":87.23000240325928,"rate_of_return":0.0}
{"window":{"start":"2023-10-24T00:17:00.000Z","end":"2023-10-24T00:18:00.000Z"},"country":"United Kingdom","OPM":10,"total_sales_volume":1014.489991903305,"rate_of_return":0.0}
{"window":{"start":"2023-10-24T19:30:00.000Z","end":"2023-10-24T19:31:00.000Z"},"country":"United Kingdom","OPM":7,"total_sales_volume":1046.4500021338463,"rate_of_return":0.0}
{"window":{"start":"2023-10-27T16:43:00.000Z","end":"2023-10-27T16:44:00.000Z"},"country":"United Kingdom","OPM":12,"total_sales_volume":956.4899959862232,"rate_of_return":0.08333333333333333}
{"window":{"start":"2023-10-25T19:03:00.000Z","end":"2023-10-25T19:04:00.000Z"},"country":"United Kingdom","OPM":6,"total_sales_volume":257.2699994146824,"rate_of_return":0.0}
{"window":{"start":"2023-10-27T08:41:00.000Z","end":"2023-10-27T08:42:00.000Z"},"country":"United Kingdom","OPM":15,"total_sales_volume":1252.8799934387207,"rate_of_return":0.0}
{"window":{"start":"2023-10-28T03:49:00.000Z","end":"2023-10-28T03:50:00.000Z"},"country":"United Kingdom","OPM":14,"total_sales_volume":593.920000076294,"rate_of_return":0.14285714285714285}
{"window":{"start":"2023-10-27T21:09:00.000Z","end":"2023-10-27T21:10:00.000Z"},"country":"United Kingdom","OPM":13,"total_sales_volume":978.5099910497665,"rate_of_return":0.0}
{"window":{"start":"2023-10-28T03:33:00.000Z","end":"2023-10-28T03:34:00.000Z"},"country":"Germany","OPM":1,"total_sales_volume":40.02000045776367,"rate_of_return":0.0}
{"window":{"start":"2023-10-25T10:08:00.000Z","end":"2023-10-25T10:09:00.000Z"},"country":"France","OPM":1,"total_sales_volume":39.699999928474426,"rate_of_return":0.0}
{"window":{"start":"2023-10-23T12:24:00.000Z","end":"2023-10-23T12:25:00.000Z"},"country":"United Kingdom","OPM":8,"total_sales_volume":380.4299954175949,"rate_of_return":0.0}
{"window":{"start":"2023-10-25T10:52:00.000Z","end":"2023-10-25T10:53:00.000Z"},"country":"Channel Islands","OPM":1,"total_sales_volume":4.949999809265137,"rate_of_return":0.0}
{"window":{"start":"2023-10-24T08:49:00.000Z","end":"2023-10-24T08:50:00.000Z"},"country":"United Kingdom","OPM":15,"total_sales_volume":1158.369978606701,"rate_of_return":0.06666666666666667}
{"window":{"start":"2023-10-25T01:40:00.000Z","end":"2023-10-25T01:41:00.000Z"},"country":"United Kingdom","OPM":5,"total_sales_volume":411.39999774098396,"rate_of_return":0.0}
{"window":{"start":"2023-10-23T18:30:00.000Z","end":"2023-10-23T18:31:00.000Z"},"country":"Belgium","OPM":1,"total_sales_volume":255.09999978542328,"rate_of_return":0.0}
{"window":{"start":"2023-10-27T12:59:00.000Z","end":"2023-10-27T13:00:00.000Z"},"country":"United Kingdom","OPM":11,"total_sales_volume":400.2700009942055,"rate_of_return":0.0}
{"window":{"start":"2023-10-23T21:09:00.000Z","end":"2023-10-23T21:10:00.000Z"},"country":"United Kingdom","OPM":12,"total_sales_volume":817.4499934464693,"rate_of_return":0.0}
{"window":{"start":"2023-10-27T15:04:00.000Z","end":"2023-10-27T15:05:00.000Z"},"country":"United Kingdom","OPM":10,"total_sales_volume":-314.81999200582504,"rate_of_return":0.2}
{"window":{"start":"2023-10-24T13:40:00.000Z","end":"2023-10-24T13:41:00.000Z"},"country":"Germany","OPM":1,"total_sales_volume":598.0800018310547,"rate_of_return":0.0}
{"window":{"start":"2023-10-26T03:18:00.000Z","end":"2023-10-26T03:19:00.000Z"},"country":"United Kingdom","OPM":11,"total_sales_volume":576.4100076556206,"rate_of_return":0.09090909090909091}
{"window":{"start":"2023-10-25T01:49:00.000Z","end":"2023-10-25T01:50:00.000Z"},"country":"United Kingdom","OPM":8,"total_sales_volume":246.06999942660332,"rate_of_return":0.0}
{"window":{"start":"2023-10-24T23:56:00.000Z","end":"2023-10-24T23:57:00.000Z"},"country":"United Kingdom","OPM":7,"total_sales_volume":218.31999897956848,"rate_of_return":0.0}
{"window":{"start":"2023-10-24T20:16:00.000Z","end":"2023-10-24T20:17:00.000Z"},"country":"Canada","OPM":1,"total_sales_volume":1.649999976158142,"rate_of_return":0.0}
{"window":{"start":"2023-10-26T12:32:00.000Z","end":"2023-10-26T12:33:00.000Z"},"country":"Spain","OPM":1,"total_sales_volume":1064.889963567257,"rate_of_return":0.0}
{"window":{"start":"2023-10-23T18:56:00.000Z","end":"2023-10-23T18:57:00.000Z"},"country":"France","OPM":1,"total_sales_volume":23.4099999666214,"rate_of_return":0.0}
