{"window":{"start":"2023-10-23T19:30:00.000Z","end":"2023-10-23T19:31:00.000Z"},"country":"United Kingdom","OPM":7,"total_sales_volume":209.99999767541885,"rate_of_return":0.0}
{"window":{"start":"2023-10-24T20:10:00.000Z","end":"2023-10-24T20:11:00.000Z"},"country":"Spain","OPM":2,"total_sales_volume":57.839998722076416,"rate_of_return":0.0}
{"window":{"start":"2023-10-26T12:14:00.000Z","end":"2023-10-26T12:15:00.000Z"},"country":"United Kingdom","OPM":15,"total_sales_volume":841.3399986028671,"rate_of_return":0.0}
{"window":{"start":"2023-10-27T10:05:00.000Z","end":"2023-10-27T10:06:00.000Z"},"country":"United Kingdom","OPM":11,"total_sales_volume":1000.6599940955639,"rate_of_return":0.09090909090909091}
{"window":{"start":"2023-10-26T06:04:00.000Z","end":"2023-10-26T06:05:00.000Z"},"country":"Portugal","OPM":1,"total_sales_volume":13.5,"rate_of_return":0.0}
{"window":{"start":"2023-10-27T09:23:00.000Z","end":"2023-10-27T09:24:00.000Z"},"country":"United Kingdom","OPM":8,"total_sales_volume":311.84999787807465,"rate_of_return":0.125}
{"window":{"start":"2023-10-24T22:43:00.000Z","end":"2023-10-24T22:44:00.000Z"},"country":"Channel Islands","OPM":1,"total_sales_volume":47.81999969482422,"rate_of_return":0.0}
{"window":{"start":"2023-10-28T02:22:00.000Z","end":"2023-10-28T02:23:00.000Z"},"country":"Finland","OPM":1,"total_sales_volume":-43.70000010728836,"rate_of_return":1.0}
{"window":{"start":"2023-10-26T04:38:00.000Z","end":"2023-10-26T04:39:00.000Z"},"country":"United Kingdom","OPM":12,"total_sales_volume":17283.300935983658,"rate_of_return":0.0}
{"window":{"start":"2023-10-26T08:34:00.000Z","end":"2023-10-26T08:35:00.000Z"},"country":"United Kingdom","OPM":13,"total_sales_volume":-35.36999908089638,"rate_of_return":0.23076923076923078}
{"window":{"start":"2023-10-24T10:37:00.000Z","end":"2023-10-24T10:38:00.000Z"},"country":"France","OPM":1,"total_sales_volume":204.9599986076355,"rate_of_return":0.0}
{"window":{"start":"2023-10-26T18:32:00.000Z","end":"2023-10-26T18:33:00.000Z"},"country":"Japan","OPM":1,"total_sales_volume":6.290000021457672,"rate_of_return":0.0}
{"window":{"start":"2023-10-23T19:12:00.000Z","end":"2023-10-23T19:13:00.000Z"},"country":"United Kingdom","OPM":13,"total_sales_volume":1221.749990850687,"rate_of_return":0.0}
{"window":{"start":"2023-10-26T17:09:00.000Z","end":"2023-10-26T17:10:00.000Z"},"country":"United Kingdom","OPM":7,"total_sales_volume":488.62999653816223,"rate_of_return":0.0}
{"window":{"start":"2023-10-25T00:09:00.000Z","end":"2023-10-25T00:10:00.000Z"},"country":"Norway","OPM":1,"total_sales_volume":0.6499999761581421,"rate_of_return":0.0}
{"window":{"start":"2023-10-25T10:47:00.000Z","end":"2023-10-25T10:48:00.000Z"},"country":"EIRE","OPM":1,"total_sales_volume":28.079999685287476,"rate_of_return":0.0}
{"window":{"start":"2023-10-25T15:11:00.000Z","end":"2023-10-25T15:12:00.000Z"},"country":"Germany","OPM":1,"total_sales_volume":30.63999968767166,"rate_of_return":0.0}
{"window":{"start":"2023-10-24T05:39:00.000Z","end":"2023-10-24T05:40:00.000Z"},"country":"EIRE","OPM":1,"total_sales_volume":13.520000457763672,"rate_of_return":0.0}
{"window":{"start":"2023-10-25T21:16:00.000Z","end":"2023-10-25T21:17:00.000Z"},"country":"Netherlands","OPM":1,"total_sales_volume":321.04999923706055,"rate_of_return":0.0}
{"window":{"start":"2023-10-24T09:35:00.000Z","end":"2023-10-24T09:36:00.000Z"},"country":"EIRE","OPM":1,"total_sales_volume":89.69999852776527,"rate_of_return":0.0}
{"window":{"start":"2023-10-26T12:49:00.000Z","end":"2023-10-26T12:50:00.000Z"},"country":"United Kingdom","OPM":12,"total_sales_volume":977.6200090944767,"rate_of_return":0.08333333333333333}
{"window":{"start":"2023-10-25T02:12:00.000Z","end":"2023-10-25T02:13:00.000Z"},"country":"United Kingdom","OPM":9,"total_sales_volume":29.089999318122864,"rate_of_return":0.1111111111111111}
{"window":{"start":"2023-10-26T12:21:00.000Z","end":"2023-10-26T12:22:00.000Z"},"country":"Germany","OPM":1,"total_sales_volume":20.31999960541725,"rate_of_return":0.0}
{"window":{"start":"2023-10-24T05:50:00.000Z","end":"2023-10-24T05:51:00.000Z"},"country":"United Kingdom","OPM":7,"total_sales_volume":409.33000791072845,"rate_of_return":0.0}
{"window":{"start":"2023-10-25T03:28:00.000Z","end":"2023-10-25T03:29:00.000Z"},"country":"United Kingdom","OPM":8,"total_sales_volume":161.98999571800232,"rate_of_return":0.25}
{"window":{"start":"2023-10-24T16:36:00.000Z","end":"2023-10-24T16:37:00.000Z"},"country":"Sweden","OPM":1,"total_sales_volume":50.22999864816666,"rate_of_return":0.0}
{"window":{"start":"2023-10-28T04:29:00.000Z","end":"2023-10-28T04:30:00.000Z"},"country":"United Kingdom","OPM":8,"total_sales_volume":754.280002951622,"rate_of_return":0.125}
{"window":{"start":"2023-10-28T05:00:00.000Z","end":"2023-10-28T05:01:00.000Z"},"country":"United Kingdom","OPM":3,"total_sales_volume":57.260000228881836,"rate_of_return":0.0}
{"window":{"start":"2023-10-25T00:39:00.000Z","end":"2023-10-25T00:40:00.000Z"},"country":"EIRE","OPM":1,"total_sales_volume":6.639999866485596,"rate_of_return":0.0}
{"window":{"start":"2023-10-24T00:02:00.000Z","end":"2023-10-24T00:03:00.000Z"},"country":"United Kingdom","OPM":11,"total_sales_volume":422.6699948608875,"rate_of_return":0.0}
{"window":{"start":"2023-10-27T17:24:00.000Z","end":"2023-10-27T17:25:00.000Z"},"country":"Spain","OPM":1,"total_sales_volume":137.69999873638153,"rate_of_return":0.0}
{"window":{"start":"2023-10-27T00:09:00.000Z","end":"2023-10-27T00:10:00.000Z"},"country":"United Kingdom","OPM":6,"total_sales_volume":344.12999951839447,"rate_of_return":0.0}
{"window":{"start":"2023-10-27T07:42:00.000Z","end":"2023-10-27T07:43:00.000Z"},"country":"United Kingdom","OPM":7,"total_sales_volume":408.0300022661686,"rate_of_return":0.0}
{"window":{"start":"2023-10-25T02:44:00.000Z","end":"2023-10-25T02:45:00.000Z"},"country":"United Kingdom","OPM":8,"total_sales_volume":513.9999964535236,"rate_of_return":0.25}
{"window":{"start":"2023-10-25T17:28:00.000Z","end":"2023-10-25T17:29:00.000Z"},"country":"United Kingdom","OPM":10,"total_sales_volume":648.4099957346916,"rate_of_return":0.0}
{"window":{"start":"2023-10-24T18:26:00.000Z","end":"2023-10-24T18:27:00.000Z"},"country":"United Kingdom","OPM":7,"total_sales_volume":-3303.840043604374,"rate_of_return":0.2857142857142857}
{"window":{"start":"2023-10-23T14:20:00.000Z","end":"2023-10-23T14:21:00.000Z"},"country":"Channel Islands","OPM":1,"total_sales_volume":12.399999856948853,"rate_of_return":0.0}
{"window":{"start":"2023-10-27T22:07:00.000Z","end":"2023-10-27T22:08:00.000Z"},"country":"United Kingdom","OPM":8,"total_sales_volume":698.2499839067459,"rate_of_return":0.0}
{"window":{"start":"2023-10-24T18:18:00.000Z","end":"2023-10-24T18:19:00.000Z"},"country":"United Kingdom","OPM":10,"total_sales_volume":636.5499973893166,"rate_of_return":0.0}
{"window":{"start":"2023-10-26T10:17:00.000Z","end":"2023-10-26T10:18:00.000Z"},"country":"United Kingdom","OPM":7,"total_sales_volume":406.120001912117,"rate_of_return":0.14285714285714285}
{"window":{"start":"2023-10-24T03:58:00.000Z","end":"2023-10-24T03:59:00.000Z"},"country":"Netherlands","OPM":1,"total_sales_volume":-13.5,"rate_of_return":1.0}
{"window":{"start":"2023-10-27T20:34:00.000Z","end":"2023-10-27T20:35:00.000Z"},"country":"Belgium","OPM":1,"total_sales_volume":28.230000257492065,"rate_of_return":0.0}
{"window":{"start":"2023-10-25T08:36:00.000Z","end":"2023-10-25T08:37:00.000Z"},"country":"United Kingdom","OPM":10,"total_sales_volume":952.0000003278255,"rate_of_return":0.0}
{"window":{"start":"2023-10-26T21:44:00.000Z","end":"2023-10-26T21:45:00.000Z"},"country":"United Kingdom","OPM":7,"total_sales_volume":594.6800017952919,"rate_of_return":0.0}
{"window":{"start":"2023-10-24T18:08:00.000Z","end":"2023-10-24T18:09:00.000Z"},"country":"France","OPM":1,"total_sales_volume":3.259999990463257,"rate_of_return":0.0}
{"window":{"start":"2023-10-27T00:26:00.000Z","end":"2023-10-27T00:27:00.000Z"},"country":"France","OPM":1,"total_sales_volume":93.23000127077103,"rate_of_return":0.0}
{"window":{"start":"2023-10-27T20:15:00.000Z","end":"2023-10-27T20:16:00.000Z"},"country":"Channel Islands","OPM":1,"total_sales_volume":63.51999807357788,"rate_of_return":0.0}
{"window":{"start":"2023-10-26T13:08:00.000Z","end":"2023-10-26T13:09:00.000Z"},"country":"Germany","OPM":1,"total_sales_volume":342.93999671936035,"rate_of_return":0.0}
{"window":{"start":"2023-10-24T00:04:00.000Z","end":"2023-10-24T00:05:00.000Z"},"country":"EIRE","OPM":1,"total_sales_volume":3.4000000953674316,"rate_of_return":0.0}
{"window":{"start":"2023-10-23T23:53:00.000Z","end":"2023-10-23T23:54:00.000Z"},"country":"Netherlands","OPM":1,"total_sales_volume":218.27000266313553,"rate_of_return":0.0}
{"window":{"start":"2023-10-23T18:38:00.000Z","end":"2023-10-23T18:39:00.000Z"},"country":"Iceland","OPM":1,"total_sales_volume":111.510000705719,"rate_of_return":0.0}
{"window":{"start":"2023-10-26T00:58:00.000Z","end":"2023-10-26T00:59:00.000Z"},"country":"France","OPM":1,"total_sales_volume":237.20000219345093,"rate_of_return":0.0}
{"window":{"start":"2023-10-27T13:46:00.000Z","end":"2023-10-27T13:47:00.000Z"},"country":"United Kingdom","OPM":3,"total_sales_volume":998.4100279211998,"rate_of_return":0.0}
{"window":{"start":"2023-10-23T14:03:00.000Z","end":"2023-10-23T14:04:00.000Z"},"country":"United Kingdom","OPM":5,"total_sales_volume":142.2099986076355,"rate_of_return":0.0}
{"window":{"start":"2023-10-27T12:08:00.000Z","end":"2023-10-27T12:09:00.000Z"},"country":"France","OPM":1,"total_sales_volume":11.999999910593033,"rate_of_return":0.0}
{"window":{"start":"2023-10-27T12:42:00.000Z","end":"2023-10-27T12:43:00.000Z"},"country":"United Kingdom","OPM":8,"total_sales_volume":317.5599976480007,"rate_of_return":0.0}
{"window":{"start":"2023-10-27T06:36:00.000Z","end":"2023-10-27T06:37:00.000Z"},"country":"United Kingdom","OPM":13,"total_sales_volume":808.0399966239929,"rate_of_return":0.0}
{"window":{"start":"2023-10-25T09:28:00.000Z","end":"2023-10-25T09:29:00.000Z"},"country":"Portugal","OPM":1,"total_sales_volume":35.64999866485596,"rate_of_return":0.0}
{"window":{"start":"2023-10-26T09:29:00.000Z","end":"2023-10-26T09:30:00.000Z"},"country":"Belgium","OPM":1,"total_sales_volume":87.75,"rate_of_return":0.0}
{"window":{"start":"2023-10-26T01:15:00.000Z","end":"2023-10-26T01:16:00.000Z"},"country":"United Kingdom","OPM":13,"total_sales_volume":958.6999935805798,"rate_of_return":0.0}
{"window":{"start":"2023-10-26T15:14:00.000Z","end":"2023-10-26T15:15:00.000Z"},"country":"France","OPM":2,"total_sales_volume":91.30999958515167,"rate_of_return":0.0}
{"window":{"start":"2023-10-25T01:44:00.000Z","end":"2023-10-25T01:45:00.000Z"},"country":"United Kingdom","OPM":4,"total_sales_volume":185.45999938249588,"rate_of_return":0.0}
{"window":{"start":"2023-10-26T10:29:00.000Z","end":"2023-10-26T10:30:00.000Z"},"country":"Norway","OPM":1,"total_sales_volume":45.69999957084656,"rate_of_return":0.0}
{"window":{"start":"2023-10-26T18:01:00.000Z","end":"2023-10-26T18:02:00.000Z"},"country":"United Kingdom","OPM":6,"total_sales_volume":160.43000102043152,"rate_of_return":0.0}
{"window":{"start":"2023-10-27T02:31:00.000Z","end":"2023-10-27T02:32:00.000Z"},"country":"United Kingdom","OPM":10,"total_sales_volume":391.2599911391735,"rate_of_return":0.1}
{"window":{"start":"2023-10-26T21:06:00.000Z","end":"2023-10-26T21:07:00.000Z"},"country":"Switzerland","OPM":1,"total_sales_volume":50.189998388290405,"rate_of_return":0.0}
{"window":{"start":"2023-10-24T04:16:00.000Z","end":"2023-10-24T04:17:00.000Z"},"country":"Switzerland","OPM":1,"total_sales_volume":36.10000079870224,"rate_of_return":0.0}
{"window":{"start":"2023-10-24T21:22:00.000Z","end":"2023-10-24T21:23:00.000Z"},"country":"United Kingdom","OPM":13,"total_sales_volume":483.15999472141266,"rate_of_return":0.0}
{"window":{"start":"2023-10-27T18:46:00.000Z","end":"2023-10-27T18:47:00.000Z"},"country":"United Kingdom","OPM":13,"total_sales_volume":399.339996188879,"rate_of_return":0.15384615384615385}
