{"window":{"start":"2023-10-25T08:41:00.000Z","end":"2023-10-25T08:42:00.000Z"},"country":"United Kingdom","OPM":9,"total_sales_volume":479.9500017762184,"rate_of_return":0.0}
{"window":{"start":"2023-10-25T01:28:00.000Z","end":"2023-10-25T01:29:00.000Z"},"country":"USA","OPM":1,"total_sales_volume":171.0200002193451,"rate_of_return":0.0}
{"window":{"start":"2023-10-23T22:21:00.000Z","end":"2023-10-23T22:22:00.000Z"},"country":"Malta","OPM":1,"total_sales_volume":170.0,"rate_of_return":0.0}
{"window":{"start":"2023-10-26T10:38:00.000Z","end":"2023-10-26T10:39:00.000Z"},"country":"United Kingdom","OPM":10,"total_sales_volume":701.1100009679794,"rate_of_return":0.1}
{"window":{"start":"2023-10-27T05:38:00.000Z","end":"2023-10-27T05:39:00.000Z"},"country":"United Kingdom","OPM":6,"total_sales_volume":223.70999890565872,"rate_of_return":0.0}
{"window":{"start":"2023-10-24T00:05:00.000Z","end":"2023-10-24T00:06:00.000Z"},"country":"Germany","OPM":1,"total_sales_volume":62.819997787475586,"rate_of_return":0.0}
{"window":{"start":"2023-10-25T20:57:00.000Z","end":"2023-10-25T20:58:00.000Z"},"country":"United Kingdom","OPM":7,"total_sales_volume":323.7599966824055,"rate_of_return":0.0}
{"window":{"start":"2023-10-24T12:05:00.000Z","end":"2023-10-24T12:06:00.000Z"},"country":"United Kingdom","OPM":14,"total_sales_volume":675.3199960887432,"rate_of_return":0.07142857142857142}
{"window":{"start":"2023-10-24T12:08:00.000Z","end":"2023-10-24T12:09:00.000Z"},"country":"Netherlands","OPM":1,"total_sales_volume":35.0,"rate_of_return":0.0}
{"window":{"start":"2023-10-26T16:06:00.000Z","end":"2023-10-26T16:07:00.000Z"},"country":"EIRE","OPM":1,"total_sales_volume":-23.720000505447388,"rate_of_return":1.0}
{"window":{"start":"2023-10-25T15:34:00.000Z","end":"2023-10-25T15:35:00.000Z"},"country":"United Kingdom","OPM":4,"total_sales_volume":137.63999769091606,"rate_of_return":0.0}
{"window":{"start":"2023-10-26T16:21:00.000Z","end":"2023-10-26T16:22:00.000Z"},"country":"Channel Islands","OPM":1,"total_sales_volume":21.149999856948853,"rate_of_return":0.0}
{"window":{"start":"2023-10-25T00:22:00.000Z","end":"2023-10-25T00:23:00.000Z"},"country":"United Kingdom","OPM":8,"total_sales_volume":196.34999972581863,"rate_of_return":0.125}
{"window":{"start":"2023-10-24T16:36:00.000Z","end":"2023-10-24T16:37:00.000Z"},"country":"United Kingdom","OPM":3,"total_sales_volume":150.96999883651733,"rate_of_return":0.3333333333333333}
{"window":{"start":"2023-10-26T10:20:00.000Z","end":"2023-10-26T10:21:00.000Z"},"country":"United Kingdom","OPM":11,"total_sales_volume":873.6400079727173,"rate_of_return":0.0}
{"window":{"start":"2023-10-26T01:04:00.000Z","end":"2023-10-26T01:05:00.000Z"},"country":"United Kingdom","OPM":4,"total_sales_volume":289.6199984550476,"rate_of_return":0.0}
{"window":{"start":"2023-10-28T01:52:00.000Z","end":"2023-10-28T01:53:00.000Z"},"country":"United Kingdom","OPM":9,"total_sales_volume":722.6500010490417,"rate_of_return":0.0}
{"window":{"start":"2023-10-25T21:25:00.000Z","end":"2023-10-25T21:26:00.000Z"},"country":"United Kingdom","OPM":7,"total_sales_volume":186.18999201059341,"rate_of_return":0.14285714285714285}
{"window":{"start":"2023-10-24T14:16:00.000Z","end":"2023-10-24T14:17:00.000Z"},"country":"Germany","OPM":1,"total_sales_volume":40.659998655319214,"rate_of_return":0.0}
{"window":{"start":"2023-10-27T05:27:00.000Z","end":"2023-10-27T05:28:00.000Z"},"country":"United Kingdom","OPM":10,"total_sales_volume":627.8999997675419,"rate_of_return":0.1}
{"window":{"start":"2023-10-25T00:12:00.000Z","end":"2023-10-25T00:13:00.000Z"},"country":"Germany","OPM":1,"total_sales_volume":56.69999885559082,"rate_of_return":0.0}
{"window":{"start":"2023-10-23T21:39:00.000Z","end":"2023-10-23T21:40:00.000Z"},"country":"Belgium","OPM":1,"total_sales_volume":43.449999660253525,"rate_of_return":0.0}
{"window":{"start":"2023-10-24T03:05:00.000Z","end":"2023-10-24T03:06:00.000Z"},"country":"France","OPM":1,"total_sales_volume":40.84000039100647,"rate_of_return":0.0}
{"window":{"start":"2023-10-25T03:55:00.000Z","end":"2023-10-25T03:56:00.000Z"},"country":"Spain","OPM":1,"total_sales_volume":30.449999928474426,"rate_of_return":0.0}
{"window":{"start":"2023-10-27T21:41:00.000Z","end":"2023-10-27T21:42:00.000Z"},"country":"EIRE","OPM":1,"total_sales_volume":3.75,"rate_of_return":0.0}
{"window":{"start":"2023-10-27T13:13:00.000Z","end":"2023-10-27T13:14:00.000Z"},"country":"United Kingdom","OPM":10,"total_sales_volume":478.90999269485474,"rate_of_return":0.0}
{"window":{"start":"2023-10-25T08:00:00.000Z","end":"2023-10-25T08:01:00.000Z"},"country":"United Kingdom","OPM":5,"total_sales_volume":353.83999341726303,"rate_of_return":0.0}
{"window":{"start":"2023-10-26T09:57:00.000Z","end":"2023-10-26T09:58:00.000Z"},"country":"United Kingdom","OPM":7,"total_sales_volume":653.3300060033798,"rate_of_return":0.0}
{"window":{"start":"2023-10-23T21:08:00.000Z","end":"2023-10-23T21:09:00.000Z"},"country":"Portugal","OPM":1,"total_sales_volume":53.32000017166138,"rate_of_return":0.0}
{"window":{"start":"2023-10-25T11:45:00.000Z","end":"2023-10-25T11:46:00.000Z"},"country":"France","OPM":1,"total_sales_volume":31.47000014781952,"rate_of_return":0.0}
{"window":{"start":"2023-10-27T11:38:00.000Z","end":"2023-10-27T11:39:00.000Z"},"country":"United Kingdom","OPM":6,"total_sales_volume":631.3499967753887,"rate_of_return":0.0}
{"window":{"start":"2023-10-26T23:17:00.000Z","end":"2023-10-26T23:18:00.000Z"},"country":"United Kingdom","OPM":11,"total_sales_volume":1677.4400068074465,"rate_of_return":0.0}
{"window":{"start":"2023-10-23T16:10:00.000Z","end":"2023-10-23T16:11:00.000Z"},"country":"Cyprus","OPM":1,"total_sales_volume":3.2899999618530273,"rate_of_return":0.0}
{"window":{"start":"2023-10-27T14:16:00.000Z","end":"2023-10-27T14:17:00.000Z"},"country":"EIRE","OPM":2,"total_sales_volume":903.1800005435944,"rate_of_return":0.0}
{"window":{"start":"2023-10-23T20:52:00.000Z","end":"2023-10-23T20:53:00.000Z"},"country":"United Kingdom","OPM":7,"total_sales_volume":355.2500012218952,"rate_of_return":0.0}
{"window":{"start":"2023-10-24T23:47:00.000Z","end":"2023-10-24T23:48:00.000Z"},"country":"Spain","OPM":1,"total_sales_volume":33.499999046325684,"rate_of_return":0.0}
{"window":{"start":"2023-10-27T06:22:00.000Z","end":"2023-10-27T06:23:00.000Z"},"country":"Netherlands","OPM":1,"total_sales_volume":-2.4600000381469727,"rate_of_return":1.0}
{"window":{"start":"2023-10-24T12:38:00.000Z","end":"2023-10-24T12:39:00.000Z"},"country":"United Kingdom","OPM":8,"total_sales_volume":107.94999721646309,"rate_of_return":0.125}
{"window":{"start":"2023-10-25T09:11:00.000Z","end":"2023-10-25T09:12:00.000Z"},"country":"United Kingdom","OPM":9,"total_sales_volume":551.5499924123287,"rate_of_return":0.1111111111111111}
{"window":{"start":"2023-10-25T18:02:00.000Z","end":"2023-10-25T18:03:00.000Z"},"country":"Norway","OPM":1,"total_sales_volume":4.059999883174896,"rate_of_return":0.0}
{"window":{"start":"2023-10-24T05:22:00.000Z","end":"2023-10-24T05:23:00.000Z"},"country":"Australia","OPM":1,"total_sales_volume":14.900000095367432,"rate_of_return":0.0}
{"window":{"start":"2023-10-27T22:09:00.000Z","end":"2023-10-27T22:10:00.000Z"},"country":"Germany","OPM":1,"total_sales_volume":33.22000026702881,"rate_of_return":0.0}
{"window":{"start":"2023-10-25T02:47:00.000Z","end":"2023-10-25T02:48:00.000Z"},"country":"Switzerland","OPM":1,"total_sales_volume":311.5500065088272,"rate_of_return":0.0}
{"window":{"start":"2023-10-27T08:14:00.000Z","end":"2023-10-27T08:15:00.000Z"},"country":"France","OPM":1,"total_sales_volume":3.4000000953674316,"rate_of_return":0.0}
{"window":{"start":"2023-10-27T07:22:00.000Z","end":"2023-10-27T07:23:00.000Z"},"country":"United Kingdom","OPM":8,"total_sales_volume":1340.8200330734253,"rate_of_return":0.0}
{"window":{"start":"2023-10-26T18:15:00.000Z","end":"2023-10-26T18:16:00.000Z"},"country":"United Kingdom","OPM":11,"total_sales_volume":664.0599967837334,"rate_of_return":0.0}
{"window":{"start":"2023-10-23T22:59:00.000Z","end":"2023-10-23T23:00:00.000Z"},"country":"EIRE","OPM":1,"total_sales_volume":-29.410000324249268,"rate_of_return":1.0}
{"window":{"start":"2023-10-24T06:32:00.000Z","end":"2023-10-24T06:33:00.000Z"},"country":"United Kingdom","OPM":4,"total_sales_volume":529.5299887657166,"rate_of_return":0.0}
{"window":{"start":"2023-10-25T14:06:00.000Z","end":"2023-10-25T14:07:00.000Z"},"country":"United Kingdom","OPM":16,"total_sales_volume":876.1999951899052,"rate_of_return":0.0}
{"window":{"start":"2023-10-27T10:03:00.000Z","end":"2023-10-27T10:04:00.000Z"},"country":"United Kingdom","OPM":11,"total_sales_volume":518.7300016283989,"rate_of_return":0.09090909090909091}
{"window":{"start":"2023-10-24T21:57:00.000Z","end":"2023-10-24T21:58:00.000Z"},"country":"United Kingdom","OPM":13,"total_sales_volume":541.089997023344,"rate_of_return":0.0}
{"window":{"start":"2023-10-25T14:31:00.000Z","end":"2023-10-25T14:32:00.000Z"},"country":"United Kingdom","OPM":10,"total_sales_volume":1083.6600179821253,"rate_of_return":0.0}
{"window":{"start":"2023-10-26T02:06:00.000Z","end":"2023-10-26T02:07:00.000Z"},"country":"Germany","OPM":2,"total_sales_volume":67.53999841213226,"rate_of_return":0.0}
{"window":{"start":"2023-10-25T00:00:00.000Z","end":"2023-10-25T00:01:00.000Z"},"country":"Belgium","OPM":1,"total_sales_volume":28.19999933242798,"rate_of_return":0.0}
{"window":{"start":"2023-10-24T00:38:00.000Z","end":"2023-10-24T00:39:00.000Z"},"country":"United Kingdom","OPM":15,"total_sales_volume":889.409998446703,"rate_of_return":0.0}
{"window":{"start":"2023-10-25T21:09:00.000Z","end":"2023-10-25T21:10:00.000Z"},"country":"EIRE","OPM":1,"total_sales_volume":43.10000014305115,"rate_of_return":0.0}
{"window":{"start":"2023-10-25T02:09:00.000Z","end":"2023-10-25T02:10:00.000Z"},"country":"United Kingdom","OPM":7,"total_sales_volume":1251.6099891662598,"rate_of_return":0.0}
{"window":{"start":"2023-10-24T19:13:00.000Z","end":"2023-10-24T19:14:00.000Z"},"country":"United Kingdom","OPM":5,"total_sales_volume":358.81999933719635,"rate_of_return":0.0}
{"window":{"start":"2023-10-24T21:14:00.000Z","end":"2023-10-24T21:15:00.000Z"},"country":"Germany","OPM":1,"total_sales_volume":680.5400096476078,"rate_of_return":0.0}
{"window":{"start":"2023-10-26T06:58:00.000Z","end":"2023-10-26T06:59:00.000Z"},"country":"Spain","OPM":1,"total_sales_volume":123.92000198364258,"rate_of_return":0.0}
{"window":{"start":"2023-10-25T16:10:00.000Z","end":"2023-10-25T16:11:00.000Z"},"country":"United Kingdom","OPM":8,"total_sales_volume":611.2000021934509,"rate_of_return":0.0}
{"window":{"start":"2023-10-26T02:21:00.000Z","end":"2023-10-26T02:22:00.000Z"},"country":"United Kingdom","OPM":10,"total_sales_volume":613.8799924850464,"rate_of_return":0.2}
{"window":{"start":"2023-10-24T19:48:00.000Z","end":"2023-10-24T19:49:00.000Z"},"country":"United Kingdom","OPM":11,"total_sales_volume":375.5599953830242,"rate_of_return":0.0}
{"window":{"start":"2023-10-26T02:11:00.000Z","end":"2023-10-26T02:12:00.000Z"},"country":"Germany","OPM":2,"total_sales_volume":79.90999928116798,"rate_of_return":0.0}
{"window":{"start":"2023-10-26T05:07:00.000Z","end":"2023-10-26T05:08:00.000Z"},"country":"Finland","OPM":1,"total_sales_volume":36.60000038146973,"rate_of_return":0.0}
{"window":{"start":"2023-10-27T07:34:00.000Z","end":"2023-10-27T07:35:00.000Z"},"country":"Belgium","OPM":1,"total_sales_volume":27.669999837875366,"rate_of_return":0.0}
{"window":{"start":"2023-10-24T17:50:00.000Z","end":"2023-10-24T17:51:00.000Z"},"country":"Poland","OPM":1,"total_sales_volume":79.62999927997589,"rate_of_return":0.0}
{"window":{"start":"2023-10-27T13:34:00.000Z","end":"2023-10-27T13:35:00.000Z"},"country":"United Kingdom","OPM":6,"total_sales_volume":133.76999953389168,"rate_of_return":0.0}
{"window":{"start":"2023-10-27T20:36:00.000Z","end":"2023-10-27T20:37:00.000Z"},"country":"EIRE","OPM":1,"total_sales_volume":88.05999827384949,"rate_of_return":0.0}
{"window":{"start":"2023-10-23T18:52:00.000Z","end":"2023-10-23T18:53:00.000Z"},"country":"United Kingdom","OPM":9,"total_sales_volume":927.9700050055981,"rate_of_return":0.0}
{"window":{"start":"2023-10-27T08:29:00.000Z","end":"2023-10-27T08:30:00.000Z"},"country":"United Kingdom","OPM":7,"total_sales_volume":180.0199972987175,"rate_of_return":0.14285714285714285}
