{"window":{"start":"2023-10-23T22:11:00.000Z","end":"2023-10-23T22:12:00.000Z"},"country":"Belgium","OPM":1,"total_sales_volume":84.799998909235,"rate_of_return":0.0}
{"window":{"start":"2023-10-26T01:02:00.000Z","end":"2023-10-26T01:03:00.000Z"},"country":"United Kingdom","OPM":14,"total_sales_volume":588.1500001847744,"rate_of_return":0.0}
{"window":{"start":"2023-10-26T08:37:00.000Z","end":"2023-10-26T08:38:00.000Z"},"country":"United Kingdom","OPM":13,"total_sales_volume":813.1799962818623,"rate_of_return":0.0}
{"window":{"start":"2023-10-26T22:23:00.000Z","end":"2023-10-26T22:24:00.000Z"},"country":"Belgium","OPM":1,"total_sales_volume":81.30999970436096,"rate_of_return":0.0}
{"window":{"start":"2023-10-26T11:14:00.000Z","end":"2023-10-26T11:15:00.000Z"},"country":"EIRE","OPM":1,"total_sales_volume":59.22999978065491,"rate_of_return":0.0}
{"window":{"start":"2023-10-26T21:42:00.000Z","end":"2023-10-26T21:43:00.000Z"},"country":"United Kingdom","OPM":13,"total_sales_volume":1208.7399941682816,"rate_of_return":0.0}
{"window":{"start":"2023-10-25T03:10:00.000Z","end":"2023-10-25T03:11:00.000Z"},"country":"United Kingdom","OPM":5,"total_sales_volume":486.83000111579895,"rate_of_return":0.0}
{"window":{"start":"2023-10-24T00:12:00.000Z","end":"2023-10-24T00:13:00.000Z"},"country":"Italy","OPM":1,"total_sales_volume":8.5,"rate_of_return":0.0}
{"window":{"start":"2023-10-25T04:51:00.000Z","end":"2023-10-25T04:52:00.000Z"},"country":"France","OPM":1,"total_sales_volume":15.809999823570251,"rate_of_return":0.0}
{"window":{"start":"2023-10-26T05:16:00.000Z","end":"2023-10-26T05:17:00.000Z"},"country":"EIRE","OPM":1,"total_sales_volume":112.82999968528748,"rate_of_return":0.0}
{"window":{"start":"2023-10-27T10:23:00.000Z","end":"2023-10-27T10:24:00.000Z"},"country":"Italy","OPM":1,"total_sales_volume":17.0,"rate_of_return":0.0}
{"window":{"start":"2023-10-24T03:29:00.000Z","end":"2023-10-24T03:30:00.000Z"},"country":"Denmark","OPM":1,"total_sales_volume":41.25,"rate_of_return":0.0}
{"window":{"start":"2023-10-25T22:45:00.000Z","end":"2023-10-25T22:46:00.000Z"},"country":"United Kingdom","OPM":7,"total_sales_volume":172.5599992275238,"rate_of_return":0.0}
{"window":{"start":"2023-10-26T06:52:00.000Z","end":"2023-10-26T06:53:00.000Z"},"country":"United Kingdom","OPM":4,"total_sales_volume":-102.9899971485138,"rate_of_return":0.5}
{"window":{"start":"2023-10-24T01:57:00.000Z","end":"2023-10-24T01:58:00.000Z"},"country":"USA","OPM":1,"total_sales_volume":62.72000029683113,"rate_of_return":0.0}
{"window":{"start":"2023-10-24T21:11:00.000Z","end":"2023-10-24T21:12:00.000Z"},"country":"United Kingdom","OPM":9,"total_sales_volume":30.39001101255417,"rate_of_return":0.1111111111111111}
{"window":{"start":"2023-10-23T13:53:00.000Z","end":"2023-10-23T13:54:00.000Z"},"country":"United Kingdom","OPM":4,"total_sales_volume":362.4099963903427,"rate_of_return":0.25}
{"window":{"start":"2023-10-24T21:58:00.000Z","end":"2023-10-24T21:59:00.000Z"},"country":"United Kingdom","OPM":8,"total_sales_volume":401.86999559402466,"rate_of_return":0.0}
{"window":{"start":"2023-10-24T17:05:00.000Z","end":"2023-10-24T17:06:00.000Z"},"country":"Germany","OPM":1,"total_sales_volume":-90.98999977111816,"rate_of_return":1.0}
{"window":{"start":"2023-10-24T01:58:00.000Z","end":"2023-10-24T01:59:00.000Z"},"country":"Germany","OPM":1,"total_sales_volume":7.380000114440918,"rate_of_return":0.0}
{"window":{"start":"2023-10-26T03:22:00.000Z","end":"2023-10-26T03:23:00.000Z"},"country":"France","OPM":1,"total_sales_volume":14.84999942779541,"rate_of_return":0.0}
{"window":{"start":"2023-10-26T09:56:00.000Z","end":"2023-10-26T09:57:00.000Z"},"country":"France","OPM":1,"total_sales_volume":15.300000190734863,"rate_of_return":0.0}
{"window":{"start":"2023-10-26T02:46:00.000Z","end":"2023-10-26T02:47:00.000Z"},"country":"United Kingdom","OPM":8,"total_sales_volume":589.1399941146374,"rate_of_return":0.0}
{"window":{"start":"2023-10-24T17:52:00.000Z","end":"2023-10-24T17:53:00.000Z"},"country":"United Kingdom","OPM":6,"total_sales_volume":238.66000020503998,"rate_of_return":0.0}
{"window":{"start":"2023-10-26T23:05:00.000Z","end":"2023-10-26T23:06:00.000Z"},"country":"United Kingdom","OPM":3,"total_sales_volume":137.4299980700016,"rate_of_return":0.0}
{"window":{"start":"2023-10-27T02:36:00.000Z","end":"2023-10-27T02:37:00.000Z"},"country":"Australia","OPM":1,"total_sales_volume":77.00000023841858,"rate_of_return":0.0}
{"window":{"start":"2023-10-23T20:50:00.000Z","end":"2023-10-23T20:51:00.000Z"},"country":"United Kingdom","OPM":7,"total_sales_volume":495.1100047528744,"rate_of_return":0.14285714285714285}
{"window":{"start":"2023-10-26T04:27:00.000Z","end":"2023-10-26T04:28:00.000Z"},"country":"Cyprus","OPM":1,"total_sales_volume":5.6600000858306885,"rate_of_return":0.0}
{"window":{"start":"2023-10-27T15:39:00.000Z","end":"2023-10-27T15:40:00.000Z"},"country":"France","OPM":1,"total_sales_volume":285.82000267505646,"rate_of_return":0.0}
{"window":{"start":"2023-10-25T12:36:00.000Z","end":"2023-10-25T12:37:00.000Z"},"country":"United Kingdom","OPM":8,"total_sales_volume":459.9800028204918,"rate_of_return":0.125}
{"window":{"start":"2023-10-24T17:59:00.000Z","end":"2023-10-24T18:00:00.000Z"},"country":"United Kingdom","OPM":7,"total_sales_volume":529.3100033402443,"rate_of_return":0.0}
{"window":{"start":"2023-10-26T17:32:00.000Z","end":"2023-10-26T17:33:00.000Z"},"country":"Netherlands","OPM":1,"total_sales_volume":29.899999618530273,"rate_of_return":0.0}
{"window":{"start":"2023-10-26T20:18:00.000Z","end":"2023-10-26T20:19:00.000Z"},"country":"United Kingdom","OPM":6,"total_sales_volume":1076.4199975728989,"rate_of_return":0.0}
{"window":{"start":"2023-10-27T02:13:00.000Z","end":"2023-10-27T02:14:00.000Z"},"country":"United Kingdom","OPM":5,"total_sales_volume":173.88000172376633,"rate_of_return":0.0}
{"window":{"start":"2023-10-24T03:33:00.000Z","end":"2023-10-24T03:34:00.000Z"},"country":"United Kingdom","OPM":12,"total_sales_volume":870.8400058150291,"rate_of_return":0.08333333333333333}
{"window":{"start":"2023-10-28T05:42:00.000Z","end":"2023-10-28T05:43:00.000Z"},"country":"United Kingdom","OPM":7,"total_sales_volume":2906.969991028309,"rate_of_return":0.0}
{"window":{"start":"2023-10-26T18:46:00.000Z","end":"2023-10-26T18:47:00.000Z"},"country":"United Kingdom","OPM":11,"total_sales_volume":1558.3199980854988,"rate_of_return":0.0}
{"window":{"start":"2023-10-25T20:03:00.000Z","end":"2023-10-25T20:04:00.000Z"},"country":"United Kingdom","OPM":11,"total_sales_volume":885.5099965333939,"rate_of_return":0.09090909090909091}
{"window":{"start":"2023-10-26T17:06:00.000Z","end":"2023-10-26T17:07:00.000Z"},"country":"United Kingdom","OPM":9,"total_sales_volume":675.3299793303013,"rate_of_return":0.0}
{"window":{"start":"2023-10-25T21:48:00.000Z","end":"2023-10-25T21:49:00.000Z"},"country":"France","OPM":2,"total_sales_volume":118.02000045776367,"rate_of_return":0.0}
{"window":{"start":"2023-10-25T03:57:00.000Z","end":"2023-10-25T03:58:00.000Z"},"country":"France","OPM":1,"total_sales_volume":7.869999885559082,"rate_of_return":0.0}
{"window":{"start":"2023-10-28T03:32:00.000Z","end":"2023-10-28T03:33:00.000Z"},"country":"United Kingdom","OPM":17,"total_sales_volume":1508.1000128090382,"rate_of_return":0.0}
{"window":{"start":"2023-10-24T07:41:00.000Z","end":"2023-10-24T07:42:00.000Z"},"country":"Unspecified","OPM":1,"total_sales_volume":444.1000084877014,"rate_of_return":0.0}
{"window":{"start":"2023-10-26T17:02:00.000Z","end":"2023-10-26T17:03:00.000Z"},"country":"United Kingdom","OPM":9,"total_sales_volume":-106.2199998497963,"rate_of_return":0.4444444444444444}
{"window":{"start":"2023-10-24T15:28:00.000Z","end":"2023-10-24T15:29:00.000Z"},"country":"United Kingdom","OPM":11,"total_sales_volume":559.3699973523617,"rate_of_return":0.0}
{"window":{"start":"2023-10-25T23:45:00.000Z","end":"2023-10-25T23:46:00.000Z"},"country":"EIRE","OPM":1,"total_sales_volume":2.939999908208847,"rate_of_return":0.0}
{"window":{"start":"2023-10-25T11:19:00.000Z","end":"2023-10-25T11:20:00.000Z"},"country":"Finland","OPM":1,"total_sales_volume":16.81999957561493,"rate_of_return":0.0}
{"window":{"start":"2023-10-24T10:23:00.000Z","end":"2023-10-24T10:24:00.000Z"},"country":"EIRE","OPM":1,"total_sales_volume":25.0,"rate_of_return":0.0}
{"window":{"start":"2023-10-23T16:55:00.000Z","end":"2023-10-23T16:56:00.000Z"},"country":"United Kingdom","OPM":12,"total_sales_volume":1321.10001668334,"rate_of_return":0.0}
{"window":{"start":"2023-10-25T23:01:00.000Z","end":"2023-10-25T23:02:00.000Z"},"country":"EIRE","OPM":2,"total_sales_volume":98.5799990594387,"rate_of_return":0.0}
{"window":{"start":"2023-10-23T20:32:00.000Z","end":"2023-10-23T20:33:00.000Z"},"country":"Switzerland","OPM":1,"total_sales_volume":4.949999928474426,"rate_of_return":0.0}
{"window":{"start":"2023-10-23T14:22:00.000Z","end":"2023-10-23T14:23:00.000Z"},"country":"France","OPM":1,"total_sales_volume":65.33999967575073,"rate_of_return":0.0}
{"window":{"start":"2023-10-23T16:33:00.000Z","end":"2023-10-23T16:34:00.000Z"},"country":"United Kingdom","OPM":6,"total_sales_volume":303.71999728679657,"rate_of_return":0.16666666666666666}
{"window":{"start":"2023-10-23T15:13:00.000Z","end":"2023-10-23T15:14:00.000Z"},"country":"United Kingdom","OPM":5,"total_sales_volume":922.9400066137314,"rate_of_return":0.0}
{"window":{"start":"2023-10-26T00:14:00.000Z","end":"2023-10-26T00:15:00.000Z"},"country":"Germany","OPM":2,"total_sales_volume":143.3599969148636,"rate_of_return":0.0}
{"window":{"start":"2023-10-25T03:09:00.000Z","end":"2023-10-25T03:10:00.000Z"},"country":"United Kingdom","OPM":17,"total_sales_volume":1181.4199959337711,"rate_of_return":0.058823529411764705}
{"window":{"start":"2023-10-27T19:27:00.000Z","end":"2023-10-27T19:28:00.000Z"},"country":"EIRE","OPM":1,"total_sales_volume":45.12999987602234,"rate_of_return":0.0}
{"window":{"start":"2023-10-26T16:05:00.000Z","end":"2023-10-26T16:06:00.000Z"},"country":"United Kingdom","OPM":7,"total_sales_volume":393.0699917972088,"rate_of_return":0.14285714285714285}
{"window":{"start":"2023-10-27T11:33:00.000Z","end":"2023-10-27T11:34:00.000Z"},"country":"United Kingdom","OPM":8,"total_sales_volume":363.77999395132065,"rate_of_return":0.125}
{"window":{"start":"2023-10-24T22:52:00.000Z","end":"2023-10-24T22:53:00.000Z"},"country":"United Kingdom","OPM":11,"total_sales_volume":266.99999806284904,"rate_of_return":0.0}
{"window":{"start":"2023-10-25T08:11:00.000Z","end":"2023-10-25T08:12:00.000Z"},"country":"United Kingdom","OPM":5,"total_sales_volume":266.01999682188034,"rate_of_return":0.0}
{"window":{"start":"2023-10-25T11:31:00.000Z","end":"2023-10-25T11:32:00.000Z"},"country":"Switzerland","OPM":1,"total_sales_volume":114.0100005865097,"rate_of_return":0.0}
{"window":{"start":"2023-10-24T09:42:00.000Z","end":"2023-10-24T09:43:00.000Z"},"country":"United Kingdom","OPM":6,"total_sales_volume":171.23999825119972,"rate_of_return":0.16666666666666666}
{"window":{"start":"2023-10-23T14:22:00.000Z","end":"2023-10-23T14:23:00.000Z"},"country":"United Kingdom","OPM":12,"total_sales_volume":840.1600051522255,"rate_of_return":0.0}
