{"window":{"start":"2023-10-25T18:11:00.000Z","end":"2023-10-25T18:12:00.000Z"},"country":"United Kingdom","OPM":10,"total_sales_volume":292.56999695301056,"rate_of_return":0.0}
{"window":{"start":"2023-10-26T11:01:00.000Z","end":"2023-10-26T11:02:00.000Z"},"country":"France","OPM":1,"total_sales_volume":8.149999976158142,"rate_of_return":0.0}
{"window":{"start":"2023-10-27T19:29:00.000Z","end":"2023-10-27T19:30:00.000Z"},"country":"United Kingdom","OPM":13,"total_sales_volume":373.8499965965748,"rate_of_return":0.0}
{"window":{"start":"2023-10-25T17:30:00.000Z","end":"2023-10-25T17:31:00.000Z"},"country":"United Kingdom","OPM":10,"total_sales_volume":392.269996881485,"rate_of_return":0.0}
{"window":{"start":"2023-10-24T20:25:00.000Z","end":"2023-10-24T20:26:00.000Z"},"country":"Switzerland","OPM":1,"total_sales_volume":537.8999922275543,"rate_of_return":0.0}
{"window":{"start":"2023-10-26T09:46:00.000Z","end":"2023-10-26T09:47:00.000Z"},"country":"Portugal","OPM":1,"total_sales_volume":249.59999084472656,"rate_of_return":0.0}
{"window":{"start":"2023-10-25T01:20:00.000Z","end":"2023-10-25T01:21:00.000Z"},"country":"France","OPM":1,"total_sales_volume":16.960000097751617,"rate_of_return":0.0}
{"window":{"start":"2023-10-27T08:34:00.000Z","end":"2023-10-27T08:35:00.000Z"},"country":"United Kingdom","OPM":2,"total_sales_volume":229.08999955654144,"rate_of_return":0.0}
{"window":{"start":"2023-10-23T20:00:00.000Z","end":"2023-10-23T20:01:00.000Z"},"country":"United Kingdom","OPM":11,"total_sales_volume":645.0400015115738,"rate_of_return":0.0}
{"window":{"start":"2023-10-24T08:51:00.000Z","end":"2023-10-24T08:52:00.000Z"},"country":"EIRE","OPM":1,"total_sales_volume":1.5199999809265137,"rate_of_return":0.0}
{"window":{"start":"2023-10-24T09:46:00.000Z","end":"2023-10-24T09:47:00.000Z"},"country":"EIRE","OPM":1,"total_sales_volume":87.88999968767166,"rate_of_return":0.0}
{"window":{"start":"2023-10-26T18:05:00.000Z","end":"2023-10-26T18:06:00.000Z"},"country":"United Kingdom","OPM":11,"total_sales_volume":1754.2700006365776,"rate_of_return":0.0}
{"window":{"start":"2023-10-24T06:39:00.000Z","end":"2023-10-24T06:40:00.000Z"},"country":"EIRE","OPM":1,"total_sales_volume":51.249998450279236,"rate_of_return":0.0}
{"window":{"start":"2023-10-24T14:02:00.000Z","end":"2023-10-24T14:03:00.000Z"},"country":"United Kingdom","OPM":10,"total_sales_volume":434.13999922573566,"rate_of_return":0.0}
{"window":{"start":"2023-10-25T18:47:00.000Z","end":"2023-10-25T18:48:00.000Z"},"country":"Germany","OPM":1,"total_sales_volume":45.65999984741211,"rate_of_return":0.0}
{"window":{"start":"2023-10-28T02:35:00.000Z","end":"2023-10-28T02:36:00.000Z"},"country":"EIRE","OPM":1,"total_sales_volume":58.74999839067459,"rate_of_return":0.0}
{"window":{"start":"2023-10-24T16:21:00.000Z","end":"2023-10-24T16:22:00.000Z"},"country":"United Kingdom","OPM":9,"total_sales_volume":767.4000102579594,"rate_of_return":0.0}
{"window":{"start":"2023-10-24T07:52:00.000Z","end":"2023-10-24T07:53:00.000Z"},"country":"Germany","OPM":1,"total_sales_volume":329.7499920427799,"rate_of_return":0.0}
{"window":{"start":"2023-10-23T23:59:00.000Z","end":"2023-10-24T00:00:00.000Z"},"country":"Netherlands","OPM":1,"total_sales_volume":-39.959999084472656,"rate_of_return":1.0}
{"window":{"start":"2023-10-27T12:41:00.000Z","end":"2023-10-27T12:42:00.000Z"},"country":"United Kingdom","OPM":12,"total_sales_volume":659.8399931192398,"rate_of_return":0.08333333333333333}
{"window":{"start":"2023-10-27T13:51:00.000Z","end":"2023-10-27T13:52:00.000Z"},"country":"United Kingdom","OPM":12,"total_sales_volume":453.9900000244379,"rate_of_return":0.0}
{"window":{"start":"2023-10-25T19:20:00.000Z","end":"2023-10-25T19:21:00.000Z"},"country":"France","OPM":1,"total_sales_volume":-15.489999651908875,"rate_of_return":1.0}
{"window":{"start":"2023-10-24T14:52:00.000Z","end":"2023-10-24T14:53:00.000Z"},"country":"Australia","OPM":1,"total_sales_volume":28.750000476837158,"rate_of_return":0.0}
{"window":{"start":"2023-10-25T08:02:00.000Z","end":"2023-10-25T08:03:00.000Z"},"country":"France","OPM":1,"total_sales_volume":41.94000041484833,"rate_of_return":0.0}
{"window":{"start":"2023-10-25T06:45:00.000Z","end":"2023-10-25T06:46:00.000Z"},"country":"Germany","OPM":2,"total_sales_volume":223.9499989748001,"rate_of_return":0.0}
{"window":{"start":"2023-10-25T08:50:00.000Z","end":"2023-10-25T08:51:00.000Z"},"country":"United Kingdom","OPM":5,"total_sales_volume":142.11999893188477,"rate_of_return":0.0}
{"window":{"start":"2023-10-26T13:16:00.000Z","end":"2023-10-26T13:17:00.000Z"},"country":"United Kingdom","OPM":12,"total_sales_volume":1432.9500290751457,"rate_of_return":0.0}
{"window":{"start":"2023-10-25T14:53:00.000Z","end":"2023-10-25T14:54:00.000Z"},"country":"United Kingdom","OPM":8,"total_sales_volume":140.1100014746189,"rate_of_return":0.125}
{"window":{"start":"2023-10-24T22:05:00.000Z","end":"2023-10-24T22:06:00.000Z"},"country":"Spain","OPM":1,"total_sales_volume":10.399999618530273,"rate_of_return":0.0}
{"window":{"start":"2023-10-27T07:25:00.000Z","end":"2023-10-27T07:26:00.000Z"},"country":"United Kingdom","OPM":7,"total_sales_volume":916.2999912500381,"rate_of_return":0.0}
{"window":{"start":"2023-10-24T18:23:00.000Z","end":"2023-10-24T18:24:00.000Z"},"country":"United Kingdom","OPM":7,"total_sales_volume":806.1499834358692,"rate_of_return":0.0}
{"window":{"start":"2023-10-24T22:52:00.000Z","end":"2023-10-24T22:53:00.000Z"},"country":"Germany","OPM":1,"total_sales_volume":13.309999883174896,"rate_of_return":0.0}
{"window":{"start":"2023-10-26T03:58:00.000Z","end":"2023-10-26T03:59:00.000Z"},"country":"United Kingdom","OPM":6,"total_sales_volume":596.2399943470955,"rate_of_return":0.0}
{"window":{"start":"2023-10-25T20:32:00.000Z","end":"2023-10-25T20:33:00.000Z"},"country":"Portugal","OPM":1,"total_sales_volume":95.01000022888184,"rate_of_return":0.0}
{"window":{"start":"2023-10-24T18:35:00.000Z","end":"2023-10-24T18:36:00.000Z"},"country":"EIRE","OPM":1,"total_sales_volume":-23.549999713897705,"rate_of_return":1.0}
{"window":{"start":"2023-10-26T18:11:00.000Z","end":"2023-10-26T18:12:00.000Z"},"country":"Germany","OPM":1,"total_sales_volume":38.5,"rate_of_return":0.0}
{"window":{"start":"2023-10-27T02:45:00.000Z","end":"2023-10-27T02:46:00.000Z"},"country":"EIRE","OPM":1,"total_sales_volume":65.93000054359436,"rate_of_return":0.0}
{"window":{"start":"2023-10-24T22:25:00.000Z","end":"2023-10-24T22:26:00.000Z"},"country":"United Kingdom","OPM":5,"total_sales_volume":100.04999914765358,"rate_of_return":0.0}
{"window":{"start":"2023-10-23T16:49:00.000Z","end":"2023-10-23T16:50:00.000Z"},"country":"Spain","OPM":1,"total_sales_volume":8.850000143051147,"rate_of_return":0.0}
{"window":{"start":"2023-10-24T21:55:00.000Z","end":"2023-10-24T21:56:00.000Z"},"country":"United Kingdom","OPM":11,"total_sales_volume":558.7899934351444,"rate_of_return":0.09090909090909091}
{"window":{"start":"2023-10-25T06:23:00.000Z","end":"2023-10-25T06:24:00.000Z"},"country":"EIRE","OPM":1,"total_sales_volume":15.299999713897705,"rate_of_return":0.0}
{"window":{"start":"2023-10-23T13:24:00.000Z","end":"2023-10-23T13:25:00.000Z"},"country":"United Kingdom","OPM":10,"total_sales_volume":336.20999574661255,"rate_of_return":0.0}
{"window":{"start":"2023-10-25T05:17:00.000Z","end":"2023-10-25T05:18:00.000Z"},"country":"Switzerland","OPM":1,"total_sales_volume":322.69999599456787,"rate_of_return":0.0}
{"window":{"start":"2023-10-25T11:43:00.000Z","end":"2023-10-25T11:44:00.000Z"},"country":"United Kingdom","OPM":3,"total_sales_volume":202.61000180244446,"rate_of_return":0.3333333333333333}
{"window":{"start":"2023-10-24T13:38:00.000Z","end":"2023-10-24T13:39:00.000Z"},"country":"United Kingdom","OPM":17,"total_sales_volume":1104.9799879193306,"rate_of_return":0.058823529411764705}
{"window":{"start":"2023-10-28T02:46:00.000Z","end":"2023-10-28T02:47:00.000Z"},"country":"United Kingdom","OPM":15,"total_sales_volume":992.5899976491928,"rate_of_return":0.0}
{"window":{"start":"2023-10-27T08:30:00.000Z","end":"2023-10-27T08:31:00.000Z"},"country":"United Kingdom","OPM":15,"total_sales_volume":808.1400101780891,"rate_of_return":0.06666666666666667}
{"window":{"start":"2023-10-25T13:28:00.000Z","end":"2023-10-25T13:29:00.000Z"},"country":"Germany","OPM":1,"total_sales_volume":36.65000057220459,"rate_of_return":0.0}
{"window":{"start":"2023-10-25T19:42:00.000Z","end":"2023-10-25T19:43:00.000Z"},"country":"Germany","OPM":2,"total_sales_volume":114.06000089645386,"rate_of_return":0.0}
{"window":{"start":"2023-10-26T07:49:00.000Z","end":"2023-10-26T07:50:00.000Z"},"country":"EIRE","OPM":1,"total_sales_volume":118.60999572277069,"rate_of_return":0.0}
{"window":{"start":"2023-10-27T10:41:00.000Z","end":"2023-10-27T10:42:00.000Z"},"country":"EIRE","OPM":1,"total_sales_volume":17.369999706745148,"rate_of_return":0.0}
{"window":{"start":"2023-10-26T15:16:00.000Z","end":"2023-10-26T15:17:00.000Z"},"country":"EIRE","OPM":1,"total_sales_volume":56.11999988555908,"rate_of_return":0.0}
{"window":{"start":"2023-10-23T15:32:00.000Z","end":"2023-10-23T15:33:00.000Z"},"country":"Switzerland","OPM":1,"total_sales_volume":24.749999165534973,"rate_of_return":0.0}
{"window":{"start":"2023-10-27T20:11:00.000Z","end":"2023-10-27T20:12:00.000Z"},"country":"United Kingdom","OPM":9,"total_sales_volume":417.42000007629395,"rate_of_return":0.1111111111111111}
{"window":{"start":"2023-10-24T06:06:00.000Z","end":"2023-10-24T06:07:00.000Z"},"country":"RSA","OPM":1,"total_sales_volume":15.980000078678131,"rate_of_return":0.0}
{"window":{"start":"2023-10-24T07:40:00.000Z","end":"2023-10-24T07:41:00.000Z"},"country":"Switzerland","OPM":1,"total_sales_volume":39.47999954223633,"rate_of_return":0.0}
{"window":{"start":"2023-10-24T17:57:00.000Z","end":"2023-10-24T17:58:00.000Z"},"country":"EIRE","OPM":1,"total_sales_volume":21.050000190734863,"rate_of_return":0.0}
{"window":{"start":"2023-10-23T20:17:00.000Z","end":"2023-10-23T20:18:00.000Z"},"country":"United Kingdom","OPM":8,"total_sales_volume":204.21000269055367,"rate_of_return":0.25}
{"window":{"start":"2023-10-25T14:26:00.000Z","end":"2023-10-25T14:27:00.000Z"},"country":"United Kingdom","OPM":4,"total_sales_volume":289.0399993956089,"rate_of_return":0.0}
{"window":{"start":"2023-10-25T17:19:00.000Z","end":"2023-10-25T17:20:00.000Z"},"country":"United Kingdom","OPM":5,"total_sales_volume":512.950010150671,"rate_of_return":0.0}
{"window":{"start":"2023-10-26T22:03:00.000Z","end":"2023-10-26T22:04:00.000Z"},"country":"Spain","OPM":1,"total_sales_volume":166.51999816298485,"rate_of_return":0.0}
{"window":{"start":"2023-10-24T05:04:00.000Z","end":"2023-10-24T05:05:00.000Z"},"country":"United Kingdom","OPM":2,"total_sales_volume":279.2499998807907,"rate_of_return":0.5}
{"window":{"start":"2023-10-24T13:51:00.000Z","end":"2023-10-24T13:52:00.000Z"},"country":"Germany","OPM":1,"total_sales_volume":114.59000241756439,"rate_of_return":0.0}
{"window":{"start":"2023-10-26T21:39:00.000Z","end":"2023-10-26T21:40:00.000Z"},"country":"United Kingdom","OPM":12,"total_sales_volume":277.1099998354912,"rate_of_return":0.25}
{"window":{"start":"2023-10-23T12:29:00.000Z","end":"2023-10-23T12:30:00.000Z"},"country":"Germany","OPM":1,"total_sales_volume":129.88000056147575,"rate_of_return":0.0}
{"window":{"start":"2023-10-25T07:37:00.000Z","end":"2023-10-25T07:38:00.000Z"},"country":"Germany","OPM":1,"total_sales_volume":9.899999856948853,"rate_of_return":0.0}
{"window":{"start":"2023-10-23T13:47:00.000Z","end":"2023-10-23T13:48:00.000Z"},"country":"United Kingdom","OPM":13,"total_sales_volume":653.1799965202808,"rate_of_return":0.07692307692307693}
{"window":{"start":"2023-10-25T03:12:00.000Z","end":"2023-10-25T03:13:00.000Z"},"country":"United Kingdom","OPM":10,"total_sales_volume":792.9000084996223,"rate_of_return":0.0}
{"window":{"start":"2023-10-26T04:13:00.000Z","end":"2023-10-26T04:14:00.000Z"},"country":"United Kingdom","OPM":11,"total_sales_volume":1241.0399966835976,"rate_of_return":0.0}
{"window":{"start":"2023-10-25T11:09:00.000Z","end":"2023-10-25T11:10:00.000Z"},"country":"United Kingdom","OPM":10,"total_sales_volume":636.1799989044666,"rate_of_return":0.0}
