{"window":{"start":"2023-10-26T15:01:00.000Z","end":"2023-10-26T15:02:00.000Z"},"country":"United Kingdom","OPM":13,"total_sales_volume":521.4199973344803,"rate_of_return":0.0}
{"window":{"start":"2023-10-24T15:23:00.000Z","end":"2023-10-24T15:24:00.000Z"},"country":"United Kingdom","OPM":10,"total_sales_volume":1035.210015296936,"rate_of_return":0.0}
{"window":{"start":"2023-10-24T19:50:00.000Z","end":"2023-10-24T19:51:00.000Z"},"country":"United Kingdom","OPM":18,"total_sales_volume":616.2599890828133,"rate_of_return":0.05555555555555555}
{"window":{"start":"2023-10-28T02:44:00.000Z","end":"2023-10-28T02:45:00.000Z"},"country":"United Kingdom","OPM":3,"total_sales_volume":169.000001847744,"rate_of_return":0.0}
{"window":{"start":"2023-10-27T05:36:00.000Z","end":"2023-10-27T05:37:00.000Z"},"country":"United Kingdom","OPM":13,"total_sales_volume":1392.710028886795,"rate_of_return":0.07692307692307693}
{"window":{"start":"2023-10-26T02:17:00.000Z","end":"2023-10-26T02:18:00.000Z"},"country":"Japan","OPM":1,"total_sales_volume":31.350000381469727,"rate_of_return":0.0}
{"window":{"start":"2023-10-24T09:05:00.000Z","end":"2023-10-24T09:06:00.000Z"},"country":"United Kingdom","OPM":7,"total_sales_volume":468.32999101281166,"rate_of_return":0.0}
{"window":{"start":"2023-10-23T16:30:00.000Z","end":"2023-10-23T16:31:00.000Z"},"country":"United Kingdom","OPM":9,"total_sales_volume":455.83999794721603,"rate_of_return":0.0}
{"window":{"start":"2023-10-26T03:51:00.000Z","end":"2023-10-26T03:52:00.000Z"},"country":"United Kingdom","OPM":6,"total_sales_volume":278.6399989128113,"rate_of_return":0.0}
{"window":{"start":"2023-10-23T21:21:00.000Z","end":"2023-10-23T21:22:00.000Z"},"country":"United Kingdom","OPM":16,"total_sales_volume":1134.3599854111671,"rate_of_return":0.0625}
{"window":{"start":"2023-10-27T12:31:00.000Z","end":"2023-10-27T12:32:00.000Z"},"country":"United Kingdom","OPM":5,"total_sales_volume":91.95000320672989,"rate_of_return":0.2}
{"window":{"start":"2023-10-28T04:16:00.000Z","end":"2023-10-28T04:17:00.000Z"},"country":"United Kingdom","OPM":7,"total_sales_volume":623.9599967300892,"rate_of_return":0.0}
{"window":{"start":"2023-10-25T00:02:00.000Z","end":"2023-10-25T00:03:00.000Z"},"country":"France","OPM":1,"total_sales_volume":52.89999771118164,"rate_of_return":0.0}
{"window":{"start":"2023-10-26T04:10:00.000Z","end":"2023-10-26T04:11:00.000Z"},"country":"France","OPM":1,"total_sales_volume":1.7399999499320984,"rate_of_return":0.0}
{"window":{"start":"2023-10-25T10:16:00.000Z","end":"2023-10-25T10:17:00.000Z"},"country":"United Kingdom","OPM":8,"total_sales_volume":-17.15999898314476,"rate_of_return":0.25}
{"window":{"start":"2023-10-24T09:53:00.000Z","end":"2023-10-24T09:54:00.000Z"},"country":"United Kingdom","OPM":5,"total_sales_volume":643.080001950264,"rate_of_return":0.0}
{"window":{"start":"2023-10-24T01:34:00.000Z","end":"2023-10-24T01:35:00.000Z"},"country":"United Kingdom","OPM":12,"total_sales_volume":631.199987500906,"rate_of_return":0.0}
{"window":{"start":"2023-10-27T00:34:00.000Z","end":"2023-10-27T00:35:00.000Z"},"country":"United Kingdom","OPM":11,"total_sales_volume":1022.4200084507465,"rate_of_return":0.0}
{"window":{"start":"2023-10-25T05:37:00.000Z","end":"2023-10-25T05:38:00.000Z"},"country":"United Kingdom","OPM":8,"total_sales_volume":489.04999428987503,"rate_of_return":0.0}
{"window":{"start":"2023-10-24T03:57:00.000Z","end":"2023-10-24T03:58:00.000Z"},"country":"Portugal","OPM":1,"total_sales_volume":23.549999713897705,"rate_of_return":0.0}
{"window":{"start":"2023-10-25T22:03:00.000Z","end":"2023-10-25T22:04:00.000Z"},"country":"Netherlands","OPM":1,"total_sales_volume":58.339999198913574,"rate_of_return":0.0}
{"window":{"start":"2023-10-26T08:57:00.000Z","end":"2023-10-26T08:58:00.000Z"},"country":"United Kingdom","OPM":5,"total_sales_volume":470.48000049591064,"rate_of_return":0.0}
{"window":{"start":"2023-10-23T16:35:00.000Z","end":"2023-10-23T16:36:00.000Z"},"country":"Belgium","OPM":1,"total_sales_volume":1.25,"rate_of_return":0.0}
{"window":{"start":"2023-10-26T17:44:00.000Z","end":"2023-10-26T17:45:00.000Z"},"country":"Germany","OPM":1,"total_sales_volume":52.74999976158142,"rate_of_return":0.0}
{"window":{"start":"2023-10-25T15:13:00.000Z","end":"2023-10-25T15:14:00.000Z"},"country":"United Kingdom","OPM":6,"total_sales_volume":126.71999800205231,"rate_of_return":0.16666666666666666}
{"window":{"start":"2023-10-24T20:11:00.000Z","end":"2023-10-24T20:12:00.000Z"},"country":"United Kingdom","OPM":13,"total_sales_volume":406.0199966132641,"rate_of_return":0.0}
{"window":{"start":"2023-10-25T23:33:00.000Z","end":"2023-10-25T23:34:00.000Z"},"country":"United Kingdom","OPM":11,"total_sales_volume":730.1599986851215,"rate_of_return":0.0}
{"window":{"start":"2023-10-24T06:43:00.000Z","end":"2023-10-24T06:44:00.000Z"},"country":"United Kingdom","OPM":14,"total_sales_volume":402.6299958229065,"rate_of_return":0.07142857142857142}
{"window":{"start":"2023-10-23T18:24:00.000Z","end":"2023-10-23T18:25:00.000Z"},"country":"United Kingdom","OPM":7,"total_sales_volume":1113.3599787950516,"rate_of_return":0.0}
{"window":{"start":"2023-10-27T04:12:00.000Z","end":"2023-10-27T04:13:00.000Z"},"country":"France","OPM":1,"total_sales_volume":4.130000114440918,"rate_of_return":0.0}
{"window":{"start":"2023-10-26T09:18:00.000Z","end":"2023-10-26T09:19:00.000Z"},"country":"France","OPM":1,"total_sales_volume":329.1100000143051,"rate_of_return":0.0}
{"window":{"start":"2023-10-25T20:55:00.000Z","end":"2023-10-25T20:56:00.000Z"},"country":"United Kingdom","OPM":10,"total_sales_volume":540.1899945139885,"rate_of_return":0.0}
{"window":{"start":"2023-10-26T17:14:00.000Z","end":"2023-10-26T17:15:00.000Z"},"country":"United Kingdom","OPM":8,"total_sales_volume":257.7899992465973,"rate_of_return":0.0}
{"window":{"start":"2023-10-24T21:17:00.000Z","end":"2023-10-24T21:18:00.000Z"},"country":"France","OPM":1,"total_sales_volume":-58.70000076293945,"rate_of_return":1.0}
{"window":{"start":"2023-10-26T12:19:00.000Z","end":"2023-10-26T12:20:00.000Z"},"country":"United Kingdom","OPM":12,"total_sales_volume":1979.780010163784,"rate_of_return":0.08333333333333333}
{"window":{"start":"2023-10-24T04:49:00.000Z","end":"2023-10-24T04:50:00.000Z"},"country":"United Kingdom","OPM":9,"total_sales_volume":337.44999873638153,"rate_of_return":0.2222222222222222}
{"window":{"start":"2023-10-25T15:11:00.000Z","end":"2023-10-25T15:12:00.000Z"},"country":"United Kingdom","OPM":14,"total_sales_volume":1282.8999901115894,"rate_of_return":0.0}
{"window":{"start":"2023-10-25T09:39:00.000Z","end":"2023-10-25T09:40:00.000Z"},"country":"Italy","OPM":1,"total_sales_volume":292.33999663591385,"rate_of_return":0.0}
{"window":{"start":"2023-10-25T16:11:00.000Z","end":"2023-10-25T16:12:00.000Z"},"country":"Finland","OPM":1,"total_sales_volume":8.5,"rate_of_return":0.0}
{"window":{"start":"2023-10-26T21:57:00.000Z","end":"2023-10-26T21:58:00.000Z"},"country":"United Kingdom","OPM":8,"total_sales_volume":262.1999987065792,"rate_of_return":0.0}
{"window":{"start":"2023-10-26T09:54:00.000Z","end":"2023-10-26T09:55:00.000Z"},"country":"Germany","OPM":1,"total_sales_volume":218.2799997329712,"rate_of_return":0.0}
{"window":{"start":"2023-10-26T03:55:00.000Z","end":"2023-10-26T03:56:00.000Z"},"country":"United Kingdom","OPM":7,"total_sales_volume":223.57999455928802,"rate_of_return":0.0}
{"window":{"start":"2023-10-24T19:14:00.000Z","end":"2023-10-24T19:15:00.000Z"},"country":"United Kingdom","OPM":11,"total_sales_volume":553.7400040328503,"rate_of_return":0.18181818181818182}
{"window":{"start":"2023-10-23T18:21:00.000Z","end":"2023-10-23T18:22:00.000Z"},"country":"Germany","OPM":2,"total_sales_volume":13.249999761581421,"rate_of_return":0.0}
{"window":{"start":"2023-10-27T04:45:00.000Z","end":"2023-10-27T04:46:00.000Z"},"country":"United Kingdom","OPM":12,"total_sales_volume":296.8400048017502,"rate_of_return":0.08333333333333333}
{"window":{"start":"2023-10-23T14:41:00.000Z","end":"2023-10-23T14:42:00.000Z"},"country":"Cyprus","OPM":1,"total_sales_volume":35.209999442100525,"rate_of_return":0.0}
{"window":{"start":"2023-10-24T18:44:00.000Z","end":"2023-10-24T18:45:00.000Z"},"country":"France","OPM":1,"total_sales_volume":29.69999885559082,"rate_of_return":0.0}
{"window":{"start":"2023-10-27T04:22:00.000Z","end":"2023-10-27T04:23:00.000Z"},"country":"EIRE","OPM":1,"total_sales_volume":31.360000610351562,"rate_of_return":0.0}
{"window":{"start":"2023-10-23T20:04:00.000Z","end":"2023-10-23T20:05:00.000Z"},"country":"United Kingdom","OPM":7,"total_sales_volume":129.879998780787,"rate_of_return":0.14285714285714285}
{"window":{"start":"2023-10-23T21:38:00.000Z","end":"2023-10-23T21:39:00.000Z"},"country":"United Kingdom","OPM":15,"total_sales_volume":672.74999833107,"rate_of_return":0.06666666666666667}
{"window":{"start":"2023-10-25T16:53:00.000Z","end":"2023-10-25T16:54:00.000Z"},"country":"Cyprus","OPM":1,"total_sales_volume":35.42999902367592,"rate_of_return":0.0}
{"window":{"start":"2023-10-27T17:49:00.000Z","end":"2023-10-27T17:50:00.000Z"},"country":"France","OPM":1,"total_sales_volume":12.59999942779541,"rate_of_return":0.0}
{"window":{"start":"2023-10-27T12:26:00.000Z","end":"2023-10-27T12:27:00.000Z"},"country":"United Kingdom","OPM":9,"total_sales_volume":647.7699968516827,"rate_of_return":0.0}
{"window":{"start":"2023-10-23T13:18:00.000Z","end":"2023-10-23T13:19:00.000Z"},"country":"United Kingdom","OPM":13,"total_sales_volume":1030.830006211996,"rate_of_return":0.0}
{"window":{"start":"2023-10-25T02:35:00.000Z","end":"2023-10-25T02:36:00.000Z"},"country":"United Kingdom","OPM":14,"total_sales_volume":827.529992043972,"rate_of_return":0.0}
{"window":{"start":"2023-10-28T03:33:00.000Z","end":"2023-10-28T03:34:00.000Z"},"country":"France","OPM":1,"total_sales_volume":-0.29999999329447746,"rate_of_return":1.0}
{"window":{"start":"2023-10-24T19:29:00.000Z","end":"2023-10-24T19:30:00.000Z"},"country":"France","OPM":1,"total_sales_volume":254.5900036096573,"rate_of_return":0.0}
{"window":{"start":"2023-10-27T19:06:00.000Z","end":"2023-10-27T19:07:00.000Z"},"country":"United Kingdom","OPM":12,"total_sales_volume":140.1599907875061,"rate_of_return":0.08333333333333333}
{"window":{"start":"2023-10-26T19:55:00.000Z","end":"2023-10-26T19:56:00.000Z"},"country":"Netherlands","OPM":1,"total_sales_volume":20.25000011920929,"rate_of_return":0.0}
{"window":{"start":"2023-10-23T16:34:00.000Z","end":"2023-10-23T16:35:00.000Z"},"country":"Netherlands","OPM":1,"total_sales_volume":34.28000020980835,"rate_of_return":0.0}
{"window":{"start":"2023-10-26T01:48:00.000Z","end":"2023-10-26T01:49:00.000Z"},"country":"United Kingdom","OPM":5,"total_sales_volume":371.3099939227104,"rate_of_return":0.0}
