{"window":{"start":"2023-10-28T03:06:00.000Z","end":"2023-10-28T03:07:00.000Z"},"country":"United Kingdom","OPM":5,"total_sales_volume":15535.530120432377,"rate_of_return":0.2}
{"window":{"start":"2023-10-27T01:49:00.000Z","end":"2023-10-27T01:50:00.000Z"},"country":"EIRE","OPM":1,"total_sales_volume":28.24999976158142,"rate_of_return":0.0}
{"window":{"start":"2023-10-26T00:57:00.000Z","end":"2023-10-26T00:58:00.000Z"},"country":"United Kingdom","OPM":7,"total_sales_volume":256.12000182271004,"rate_of_return":0.0}
{"window":{"start":"2023-10-25T05:19:00.000Z","end":"2023-10-25T05:20:00.000Z"},"country":"United Kingdom","OPM":6,"total_sales_volume":103.29000046849251,"rate_of_return":0.3333333333333333}
{"window":{"start":"2023-10-28T01:13:00.000Z","end":"2023-10-28T01:14:00.000Z"},"country":"Netherlands","OPM":1,"total_sales_volume":49.34999895095825,"rate_of_return":0.0}
{"window":{"start":"2023-10-23T22:07:00.000Z","end":"2023-10-23T22:08:00.000Z"},"country":"United Kingdom","OPM":10,"total_sales_volume":767.5599936842918,"rate_of_return":0.0}
{"window":{"start":"2023-10-25T11:49:00.000Z","end":"2023-10-25T11:50:00.000Z"},"country":"United Kingdom","OPM":8,"total_sales_volume":453.7099960744381,"rate_of_return":0.0}
{"window":{"start":"2023-10-26T23:09:00.000Z","end":"2023-10-26T23:10:00.000Z"},"country":"Germany","OPM":1,"total_sales_volume":1.25,"rate_of_return":0.0}
{"window":{"start":"2023-10-25T23:31:00.000Z","end":"2023-10-25T23:32:00.000Z"},"country":"United Kingdom","OPM":13,"total_sales_volume":1277.4199909716845,"rate_of_return":0.07692307692307693}
{"window":{"start":"2023-10-25T02:55:00.000Z","end":"2023-10-25T02:56:00.000Z"},"country":"United Kingdom","OPM":13,"total_sales_volume":552.2599987387657,"rate_of_return":0.0}
{"window":{"start":"2023-10-27T02:32:00.000Z","end":"2023-10-27T02:33:00.000Z"},"country":"Spain","OPM":1,"total_sales_volume":13.059999942779541,"rate_of_return":0.0}
{"window":{"start":"2023-10-26T14:08:00.000Z","end":"2023-10-26T14:09:00.000Z"},"country":"United Kingdom","OPM":4,"total_sales_volume":75.04999926686287,"rate_of_return":0.0}
{"window":{"start":"2023-10-26T23:35:00.000Z","end":"2023-10-26T23:36:00.000Z"},"country":"France","OPM":1,"total_sales_volume":54.49000024795532,"rate_of_return":0.0}
{"window":{"start":"2023-10-25T08:20:00.000Z","end":"2023-10-25T08:21:00.000Z"},"country":"United Kingdom","OPM":3,"total_sales_volume":63.140000224113464,"rate_of_return":0.3333333333333333}
{"window":{"start":"2023-10-27T14:43:00.000Z","end":"2023-10-27T14:44:00.000Z"},"country":"United Kingdom","OPM":15,"total_sales_volume":275.9900019466877,"rate_of_return":0.26666666666666666}
{"window":{"start":"2023-10-25T20:43:00.000Z","end":"2023-10-25T20:44:00.000Z"},"country":"United Kingdom","OPM":10,"total_sales_volume":1720.299991875887,"rate_of_return":0.0}
{"window":{"start":"2023-10-27T00:59:00.000Z","end":"2023-10-27T01:00:00.000Z"},"country":"United Kingdom","OPM":8,"total_sales_volume":373.3000017851591,"rate_of_return":0.125}
{"window":{"start":"2023-10-23T16:07:00.000Z","end":"2023-10-23T16:08:00.000Z"},"country":"United Kingdom","OPM":5,"total_sales_volume":157.83000168204308,"rate_of_return":0.2}
{"window":{"start":"2023-10-25T17:49:00.000Z","end":"2023-10-25T17:50:00.000Z"},"country":"EIRE","OPM":1,"total_sales_volume":54.749999046325684,"rate_of_return":0.0}
{"window":{"start":"2023-10-26T07:43:00.000Z","end":"2023-10-26T07:44:00.000Z"},"country":"Belgium","OPM":1,"total_sales_volume":13.799999624490738,"rate_of_return":0.0}
{"window":{"start":"2023-10-28T00:09:00.000Z","end":"2023-10-28T00:10:00.000Z"},"country":"Austria","OPM":1,"total_sales_volume":57.84999907016754,"rate_of_return":0.0}
{"window":{"start":"2023-10-24T23:57:00.000Z","end":"2023-10-24T23:58:00.000Z"},"country":"Australia","OPM":1,"total_sales_volume":17.0,"rate_of_return":0.0}
{"window":{"start":"2023-10-26T08:49:00.000Z","end":"2023-10-26T08:50:00.000Z"},"country":"United Kingdom","OPM":10,"total_sales_volume":394.629997164011,"rate_of_return":0.0}
{"window":{"start":"2023-10-26T02:09:00.000Z","end":"2023-10-26T02:10:00.000Z"},"country":"France","OPM":1,"total_sales_volume":29.59000015258789,"rate_of_return":0.0}
{"window":{"start":"2023-10-26T16:04:00.000Z","end":"2023-10-26T16:05:00.000Z"},"country":"Netherlands","OPM":1,"total_sales_volume":11.700000286102295,"rate_of_return":0.0}
{"window":{"start":"2023-10-24T15:21:00.000Z","end":"2023-10-24T15:22:00.000Z"},"country":"Finland","OPM":1,"total_sales_volume":32.94000005722046,"rate_of_return":0.0}
{"window":{"start":"2023-10-27T12:44:00.000Z","end":"2023-10-27T12:45:00.000Z"},"country":"Germany","OPM":1,"total_sales_volume":17.399999499320984,"rate_of_return":0.0}
{"window":{"start":"2023-10-26T12:12:00.000Z","end":"2023-10-26T12:13:00.000Z"},"country":"France","OPM":1,"total_sales_volume":26.899998903274536,"rate_of_return":0.0}
{"window":{"start":"2023-10-25T06:06:00.000Z","end":"2023-10-25T06:07:00.000Z"},"country":"United Kingdom","OPM":9,"total_sales_volume":241.32999736070633,"rate_of_return":0.0}
{"window":{"start":"2023-10-25T19:34:00.000Z","end":"2023-10-25T19:35:00.000Z"},"country":"United Kingdom","OPM":9,"total_sales_volume":259.8499983847141,"rate_of_return":0.1111111111111111}
{"window":{"start":"2023-10-27T15:53:00.000Z","end":"2023-10-27T15:54:00.000Z"},"country":"Germany","OPM":1,"total_sales_volume":47.420000076293945,"rate_of_return":0.0}
{"window":{"start":"2023-10-25T15:50:00.000Z","end":"2023-10-25T15:51:00.000Z"},"country":"Cyprus","OPM":1,"total_sales_volume":53.439998626708984,"rate_of_return":0.0}
{"window":{"start":"2023-10-26T08:08:00.000Z","end":"2023-10-26T08:09:00.000Z"},"country":"United Kingdom","OPM":9,"total_sales_volume":492.09000197052956,"rate_of_return":0.0}
{"window":{"start":"2023-10-27T03:28:00.000Z","end":"2023-10-27T03:29:00.000Z"},"country":"Spain","OPM":1,"total_sales_volume":15.080000162124634,"rate_of_return":0.0}
{"window":{"start":"2023-10-23T23:59:00.000Z","end":"2023-10-24T00:00:00.000Z"},"country":"United Kingdom","OPM":6,"total_sales_volume":216.22999620437622,"rate_of_return":0.0}
{"window":{"start":"2023-10-26T15:54:00.000Z","end":"2023-10-26T15:55:00.000Z"},"country":"United Kingdom","OPM":5,"total_sales_volume":339.5899964570999,"rate_of_return":0.2}
{"window":{"start":"2023-10-26T21:10:00.000Z","end":"2023-10-26T21:11:00.000Z"},"country":"United Kingdom","OPM":10,"total_sales_volume":336.68999832868576,"rate_of_return":0.0}
{"window":{"start":"2023-10-25T20:19:00.000Z","end":"2023-10-25T20:20:00.000Z"},"country":"EIRE","OPM":1,"total_sales_volume":86.17999935150146,"rate_of_return":0.0}
{"window":{"start":"2023-10-26T00:30:00.000Z","end":"2023-10-26T00:31:00.000Z"},"country":"United Kingdom","OPM":6,"total_sales_volume":362.3399965763092,"rate_of_return":0.0}
{"window":{"start":"2023-10-24T23:36:00.000Z","end":"2023-10-24T23:37:00.000Z"},"country":"United Kingdom","OPM":5,"total_sales_volume":596.149996638298,"rate_of_return":0.0}
{"window":{"start":"2023-10-23T20:58:00.000Z","end":"2023-10-23T20:59:00.000Z"},"country":"United Kingdom","OPM":9,"total_sales_volume":488.4800061509013,"rate_of_return":0.0}
{"window":{"start":"2023-10-25T10:12:00.000Z","end":"2023-10-25T10:13:00.000Z"},"country":"United Kingdom","OPM":14,"total_sales_volume":576.279999434948,"rate_of_return":0.0}
{"window":{"start":"2023-10-28T03:21:00.000Z","end":"2023-10-28T03:22:00.000Z"},"country":"United Kingdom","OPM":8,"total_sales_volume":400.0900037586689,"rate_of_return":0.0}
{"window":{"start":"2023-10-25T06:18:00.000Z","end":"2023-10-25T06:19:00.000Z"},"country":"United Kingdom","OPM":10,"total_sales_volume":430.23999893665314,"rate_of_return":0.1}
{"window":{"start":"2023-10-24T14:57:00.000Z","end":"2023-10-24T14:58:00.000Z"},"country":"France","OPM":1,"total_sales_volume":66.37999963760376,"rate_of_return":0.0}
{"window":{"start":"2023-10-24T09:54:00.000Z","end":"2023-10-24T09:55:00.000Z"},"country":"Spain","OPM":1,"total_sales_volume":15.65000033378601,"rate_of_return":0.0}
{"window":{"start":"2023-10-23T16:41:00.000Z","end":"2023-10-23T16:42:00.000Z"},"country":"France","OPM":1,"total_sales_volume":96.87999773025513,"rate_of_return":0.0}
{"window":{"start":"2023-10-26T03:48:00.000Z","end":"2023-10-26T03:49:00.000Z"},"country":"United Kingdom","OPM":6,"total_sales_volume":345.39999663829803,"rate_of_return":0.0}
{"window":{"start":"2023-10-25T10:24:00.000Z","end":"2023-10-25T10:25:00.000Z"},"country":"United Kingdom","OPM":13,"total_sales_volume":1316.9799834787846,"rate_of_return":0.0}
{"window":{"start":"2023-10-26T11:33:00.000Z","end":"2023-10-26T11:34:00.000Z"},"country":"United Kingdom","OPM":9,"total_sales_volume":272.6099971830845,"rate_of_return":0.1111111111111111}
{"window":{"start":"2023-10-23T23:16:00.000Z","end":"2023-10-23T23:17:00.000Z"},"country":"United Kingdom","OPM":6,"total_sales_volume":118.29999947547913,"rate_of_return":0.0}
{"window":{"start":"2023-10-26T10:49:00.000Z","end":"2023-10-26T10:50:00.000Z"},"country":"France","OPM":1,"total_sales_volume":12.479999959468842,"rate_of_return":0.0}
{"window":{"start":"2023-10-23T16:41:00.000Z","end":"2023-10-23T16:42:00.000Z"},"country":"United Kingdom","OPM":6,"total_sales_volume":864.1600063145161,"rate_of_return":0.16666666666666666}
{"window":{"start":"2023-10-27T02:20:00.000Z","end":"2023-10-27T02:21:00.000Z"},"country":"United Kingdom","OPM":10,"total_sales_volume":397.3299948275089,"rate_of_return":0.0}
{"window":{"start":"2023-10-23T21:28:00.000Z","end":"2023-10-23T21:29:00.000Z"},"country":"Germany","OPM":1,"total_sales_volume":33.78000050783157,"rate_of_return":0.0}
{"window":{"start":"2023-10-28T04:17:00.000Z","end":"2023-10-28T04:18:00.000Z"},"country":"Netherlands","OPM":1,"total_sales_volume":46.33999991416931,"rate_of_return":0.0}
{"window":{"start":"2023-10-26T09:43:00.000Z","end":"2023-10-26T09:44:00.000Z"},"country":"France","OPM":1,"total_sales_volume":822.989997625351,"rate_of_return":0.0}
{"window":{"start":"2023-10-26T01:30:00.000Z","end":"2023-10-26T01:31:00.000Z"},"country":"United Kingdom","OPM":15,"total_sales_volume":750.7400161623955,"rate_of_return":0.06666666666666667}
{"window":{"start":"2023-10-27T02:18:00.000Z","end":"2023-10-27T02:19:00.000Z"},"country":"France","OPM":1,"total_sales_volume":29.609999656677246,"rate_of_return":0.0}
{"window":{"start":"2023-10-24T12:24:00.000Z","end":"2023-10-24T12:25:00.000Z"},"country":"United Kingdom","OPM":13,"total_sales_volume":544.9599924385548,"rate_of_return":0.15384615384615385}
{"window":{"start":"2023-10-26T10:12:00.000Z","end":"2023-10-26T10:13:00.000Z"},"country":"EIRE","OPM":1,"total_sales_volume":73.08000111579895,"rate_of_return":0.0}
{"window":{"start":"2023-10-23T13:47:00.000Z","end":"2023-10-23T13:48:00.000Z"},"country":"EIRE","OPM":1,"total_sales_volume":31.69000005722046,"rate_of_return":0.0}
{"window":{"start":"2023-10-28T02:55:00.000Z","end":"2023-10-28T02:56:00.000Z"},"country":"United Kingdom","OPM":9,"total_sales_volume":819.5999996364117,"rate_of_return":0.0}
{"window":{"start":"2023-10-27T01:44:00.000Z","end":"2023-10-27T01:45:00.000Z"},"country":"Germany","OPM":1,"total_sales_volume":44.69999894499779,"rate_of_return":0.0}
{"window":{"start":"2023-10-25T23:01:00.000Z","end":"2023-10-25T23:02:00.000Z"},"country":"United Kingdom","OPM":12,"total_sales_volume":535.6899965107441,"rate_of_return":0.0}
{"window":{"start":"2023-10-24T10:45:00.000Z","end":"2023-10-24T10:46:00.000Z"},"country":"United Kingdom","OPM":8,"total_sales_volume":410.409993827343,"rate_of_return":0.0}
{"window":{"start":"2023-10-26T03:57:00.000Z","end":"2023-10-26T03:58:00.000Z"},"country":"United Kingdom","OPM":9,"total_sales_volume":528.9200066030025,"rate_of_return":0.0}
{"window":{"start":"2023-10-28T01:30:00.000Z","end":"2023-10-28T01:31:00.000Z"},"country":"France","OPM":1,"total_sales_volume":29.84999942779541,"rate_of_return":0.0}
