{"window":{"start":"2023-10-24T19:07:00.000Z","end":"2023-10-24T19:08:00.000Z"},"country":"Switzerland","OPM":1,"total_sales_volume":35.29999911785126,"rate_of_return":0.0}
{"window":{"start":"2023-10-27T02:17:00.000Z","end":"2023-10-27T02:18:00.000Z"},"country":"United Kingdom","OPM":13,"total_sales_volume":1222.2699951529503,"rate_of_return":0.0}
{"window":{"start":"2023-10-24T02:11:00.000Z","end":"2023-10-24T02:12:00.000Z"},"country":"United Kingdom","OPM":12,"total_sales_volume":868.0699997246265,"rate_of_return":0.0}
{"window":{"start":"2023-10-25T06:26:00.000Z","end":"2023-10-25T06:27:00.000Z"},"country":"United Kingdom","OPM":10,"total_sales_volume":719.1400066614151,"rate_of_return":0.0}
{"window":{"start":"2023-10-27T06:06:00.000Z","end":"2023-10-27T06:07:00.000Z"},"country":"United Kingdom","OPM":7,"total_sales_volume":393.9999966621399,"rate_of_return":0.14285714285714285}
{"window":{"start":"2023-10-25T14:15:00.000Z","end":"2023-10-25T14:16:00.000Z"},"country":"United Kingdom","OPM":14,"total_sales_volume":1205.4199945032597,"rate_of_return":0.0}
{"window":{"start":"2023-10-25T01:46:00.000Z","end":"2023-10-25T01:47:00.000Z"},"country":"United Kingdom","OPM":13,"total_sales_volume":775.6299969553947,"rate_of_return":0.0}
{"window":{"start":"2023-10-25T20:48:00.000Z","end":"2023-10-25T20:49:00.000Z"},"country":"United Kingdom","OPM":10,"total_sales_volume":384.2799942791462,"rate_of_return":0.1}
{"window":{"start":"2023-10-27T05:38:00.000Z","end":"2023-10-27T05:39:00.000Z"},"country":"EIRE","OPM":1,"total_sales_volume":57.39999961853027,"rate_of_return":0.0}
{"window":{"start":"2023-10-27T20:28:00.000Z","end":"2023-10-27T20:29:00.000Z"},"country":"Germany","OPM":1,"total_sales_volume":7.919999778270721,"rate_of_return":0.0}
{"window":{"start":"2023-10-27T20:58:00.000Z","end":"2023-10-27T20:59:00.000Z"},"country":"Spain","OPM":1,"total_sales_volume":9.77999997138977,"rate_of_return":0.0}
{"window":{"start":"2023-10-24T15:31:00.000Z","end":"2023-10-24T15:32:00.000Z"},"country":"Unspecified","OPM":1,"total_sales_volume":14.84999942779541,"rate_of_return":0.0}
{"window":{"start":"2023-10-27T22:21:00.000Z","end":"2023-10-27T22:22:00.000Z"},"country":"United Kingdom","OPM":8,"total_sales_volume":143.65000113844872,"rate_of_return":0.125}
{"window":{"start":"2023-10-28T01:48:00.000Z","end":"2023-10-28T01:49:00.000Z"},"country":"United Kingdom","OPM":12,"total_sales_volume":630.4799918532372,"rate_of_return":0.08333333333333333}
{"window":{"start":"2023-10-23T19:28:00.000Z","end":"2023-10-23T19:29:00.000Z"},"country":"United Kingdom","OPM":9,"total_sales_volume":2039.1100114434958,"rate_of_return":0.0}
{"window":{"start":"2023-10-27T06:02:00.000Z","end":"2023-10-27T06:03:00.000Z"},"country":"United Kingdom","OPM":7,"total_sales_volume":319.8900004327297,"rate_of_return":0.0}
{"window":{"start":"2023-10-26T02:33:00.000Z","end":"2023-10-26T02:34:00.000Z"},"country":"European Community","OPM":1,"total_sales_volume":18.719999313354492,"rate_of_return":0.0}
{"window":{"start":"2023-10-26T05:33:00.000Z","end":"2023-10-26T05:34:00.000Z"},"country":"Australia","OPM":1,"total_sales_volume":20.799999237060547,"rate_of_return":0.0}
{"window":{"start":"2023-10-26T02:35:00.000Z","end":"2023-10-26T02:36:00.000Z"},"country":"United Kingdom","OPM":9,"total_sales_volume":538.2899948358536,"rate_of_return":0.0}
{"window":{"start":"2023-10-23T18:59:00.000Z","end":"2023-10-23T19:00:00.000Z"},"country":"United Kingdom","OPM":3,"total_sales_volume":244.17999750375748,"rate_of_return":0.0}
{"window":{"start":"2023-10-23T12:49:00.000Z","end":"2023-10-23T12:50:00.000Z"},"country":"United Kingdom","OPM":14,"total_sales_volume":6767.459751605988,"rate_of_return":0.07142857142857142}
{"window":{"start":"2023-10-27T21:48:00.000Z","end":"2023-10-27T21:49:00.000Z"},"country":"United Kingdom","OPM":9,"total_sales_volume":354.2200016081333,"rate_of_return":0.0}
{"window":{"start":"2023-10-25T05:41:00.000Z","end":"2023-10-25T05:42:00.000Z"},"country":"United Kingdom","OPM":5,"total_sales_volume":453.29999047517776,"rate_of_return":0.0}
{"window":{"start":"2023-10-26T13:26:00.000Z","end":"2023-10-26T13:27:00.000Z"},"country":"Germany","OPM":1,"total_sales_volume":36.10000002384186,"rate_of_return":0.0}
{"window":{"start":"2023-10-23T17:15:00.000Z","end":"2023-10-23T17:16:00.000Z"},"country":"France","OPM":1,"total_sales_volume":8.300000190734863,"rate_of_return":0.0}
{"window":{"start":"2023-10-26T02:00:00.000Z","end":"2023-10-26T02:01:00.000Z"},"country":"France","OPM":1,"total_sales_volume":19.97000002861023,"rate_of_return":0.0}
{"window":{"start":"2023-10-23T14:07:00.000Z","end":"2023-10-23T14:08:00.000Z"},"country":"United Kingdom","OPM":7,"total_sales_volume":313.3799948990345,"rate_of_return":0.14285714285714285}
{"window":{"start":"2023-10-25T20:14:00.000Z","end":"2023-10-25T20:15:00.000Z"},"country":"Germany","OPM":1,"total_sales_volume":-19.259999632835388,"rate_of_return":1.0}
{"window":{"start":"2023-10-25T00:55:00.000Z","end":"2023-10-25T00:56:00.000Z"},"country":"United Kingdom","OPM":11,"total_sales_volume":960.7199946343899,"rate_of_return":0.09090909090909091}
{"window":{"start":"2023-10-25T19:13:00.000Z","end":"2023-10-25T19:14:00.000Z"},"country":"United Kingdom","OPM":12,"total_sales_volume":710.6899955272675,"rate_of_return":0.0}
{"window":{"start":"2023-10-25T22:35:00.000Z","end":"2023-10-25T22:36:00.000Z"},"country":"Belgium","OPM":1,"total_sales_volume":105.24999922513962,"rate_of_return":0.0}
{"window":{"start":"2023-10-24T21:37:00.000Z","end":"2023-10-24T21:38:00.000Z"},"country":"United Kingdom","OPM":5,"total_sales_volume":114.99999964237213,"rate_of_return":0.0}
{"window":{"start":"2023-10-27T20:32:00.000Z","end":"2023-10-27T20:33:00.000Z"},"country":"United Kingdom","OPM":5,"total_sales_volume":191.99999898672104,"rate_of_return":0.0}
{"window":{"start":"2023-10-24T02:31:00.000Z","end":"2023-10-24T02:32:00.000Z"},"country":"EIRE","OPM":1,"total_sales_volume":123.90000343322754,"rate_of_return":0.0}
{"window":{"start":"2023-10-24T14:21:00.000Z","end":"2023-10-24T14:22:00.000Z"},"country":"United Kingdom","OPM":13,"total_sales_volume":521.7900004386902,"rate_of_return":0.07692307692307693}
{"window":{"start":"2023-10-27T19:40:00.000Z","end":"2023-10-27T19:41:00.000Z"},"country":"United Kingdom","OPM":10,"total_sales_volume":374.0399980247021,"rate_of_return":0.0}
{"window":{"start":"2023-10-25T08:42:00.000Z","end":"2023-10-25T08:43:00.000Z"},"country":"Unspecified","OPM":1,"total_sales_volume":45.0,"rate_of_return":0.0}
{"window":{"start":"2023-10-24T05:17:00.000Z","end":"2023-10-24T05:18:00.000Z"},"country":"EIRE","OPM":1,"total_sales_volume":-413.0000114440918,"rate_of_return":1.0}
{"window":{"start":"2023-10-24T07:34:00.000Z","end":"2023-10-24T07:35:00.000Z"},"country":"Spain","OPM":1,"total_sales_volume":17.40000057220459,"rate_of_return":0.0}
{"window":{"start":"2023-10-27T17:00:00.000Z","end":"2023-10-27T17:01:00.000Z"},"country":"EIRE","OPM":1,"total_sales_volume":39.47999954223633,"rate_of_return":0.0}
{"window":{"start":"2023-10-27T03:59:00.000Z","end":"2023-10-27T04:00:00.000Z"},"country":"Poland","OPM":1,"total_sales_volume":40.34999942779541,"rate_of_return":0.0}
{"window":{"start":"2023-10-27T00:36:00.000Z","end":"2023-10-27T00:37:00.000Z"},"country":"Unspecified","OPM":1,"total_sales_volume":17.8299999833107,"rate_of_return":0.0}
{"window":{"start":"2023-10-24T23:01:00.000Z","end":"2023-10-24T23:02:00.000Z"},"country":"United Kingdom","OPM":9,"total_sales_volume":479.3499970436096,"rate_of_return":0.1111111111111111}
{"window":{"start":"2023-10-26T21:34:00.000Z","end":"2023-10-26T21:35:00.000Z"},"country":"France","OPM":1,"total_sales_volume":42.40999984741211,"rate_of_return":0.0}
{"window":{"start":"2023-10-27T09:11:00.000Z","end":"2023-10-27T09:12:00.000Z"},"country":"Australia","OPM":1,"total_sales_volume":18.30999994277954,"rate_of_return":0.0}
{"window":{"start":"2023-10-26T09:56:00.000Z","end":"2023-10-26T09:57:00.000Z"},"country":"United Kingdom","OPM":8,"total_sales_volume":357.1499983072281,"rate_of_return":0.0}
{"window":{"start":"2023-10-27T01:02:00.000Z","end":"2023-10-27T01:03:00.000Z"},"country":"United Kingdom","OPM":10,"total_sales_volume":1296.7599903941154,"rate_of_return":0.0}
{"window":{"start":"2023-10-26T14:57:00.000Z","end":"2023-10-26T14:58:00.000Z"},"country":"Germany","OPM":1,"total_sales_volume":58.36999988555908,"rate_of_return":0.0}
{"window":{"start":"2023-10-26T20:52:00.000Z","end":"2023-10-26T20:53:00.000Z"},"country":"United Kingdom","OPM":4,"total_sales_volume":153.7299963235855,"rate_of_return":0.25}
{"window":{"start":"2023-10-25T14:51:00.000Z","end":"2023-10-25T14:52:00.000Z"},"country":"United Kingdom","OPM":14,"total_sales_volume":777.7299938797951,"rate_of_return":0.14285714285714285}
{"window":{"start":"2023-10-25T19:20:00.000Z","end":"2023-10-25T19:21:00.000Z"},"country":"United Kingdom","OPM":8,"total_sales_volume":343.49999552965164,"rate_of_return":0.125}
{"window":{"start":"2023-10-27T13:51:00.000Z","end":"2023-10-27T13:52:00.000Z"},"country":"Portugal","OPM":1,"total_sales_volume":188.0400012731552,"rate_of_return":0.0}
{"window":{"start":"2023-10-23T23:24:00.000Z","end":"2023-10-23T23:25:00.000Z"},"country":"United Kingdom","OPM":7,"total_sales_volume":938.2499855160713,"rate_of_return":0.0}
{"window":{"start":"2023-10-26T08:21:00.000Z","end":"2023-10-26T08:22:00.000Z"},"country":"United Kingdom","OPM":13,"total_sales_volume":0.5100035667419434,"rate_of_return":0.15384615384615385}
{"window":{"start":"2023-10-25T21:18:00.000Z","end":"2023-10-25T21:19:00.000Z"},"country":"United Kingdom","OPM":12,"total_sales_volume":638.3500014543533,"rate_of_return":0.08333333333333333}
{"window":{"start":"2023-10-24T13:48:00.000Z","end":"2023-10-24T13:49:00.000Z"},"country":"United Kingdom","OPM":4,"total_sales_volume":501.09998589754105,"rate_of_return":0.0}
{"window":{"start":"2023-10-23T21:12:00.000Z","end":"2023-10-23T21:13:00.000Z"},"country":"Germany","OPM":1,"total_sales_volume":-30.600000858306885,"rate_of_return":1.0}
{"window":{"start":"2023-10-24T23:43:00.000Z","end":"2023-10-24T23:44:00.000Z"},"country":"United Kingdom","OPM":5,"total_sales_volume":131.839998960495,"rate_of_return":0.2}
{"window":{"start":"2023-10-26T22:27:00.000Z","end":"2023-10-26T22:28:00.000Z"},"country":"United Kingdom","OPM":15,"total_sales_volume":513.4500013589859,"rate_of_return":0.0}
{"window":{"start":"2023-10-26T09:03:00.000Z","end":"2023-10-26T09:04:00.000Z"},"country":"Spain","OPM":1,"total_sales_volume":47.89000058174133,"rate_of_return":0.0}
{"window":{"start":"2023-10-27T07:02:00.000Z","end":"2023-10-27T07:03:00.000Z"},"country":"United Kingdom","OPM":4,"total_sales_volume":425.8899939060211,"rate_of_return":0.0}
{"window":{"start":"2023-10-27T19:18:00.000Z","end":"2023-10-27T19:19:00.000Z"},"country":"France","OPM":1,"total_sales_volume":35.25999975204468,"rate_of_return":0.0}
{"window":{"start":"2023-10-24T11:26:00.000Z","end":"2023-10-24T11:27:00.000Z"},"country":"EIRE","OPM":1,"total_sales_volume":1.6299999952316284,"rate_of_return":0.0}
{"window":{"start":"2023-10-26T13:34:00.000Z","end":"2023-10-26T13:35:00.000Z"},"country":"France","OPM":1,"total_sales_volume":-58.739999294281006,"rate_of_return":1.0}
{"window":{"start":"2023-10-26T07:31:00.000Z","end":"2023-10-26T07:32:00.000Z"},"country":"Spain","OPM":1,"total_sales_volume":23.639999985694885,"rate_of_return":0.0}
{"window":{"start":"2023-10-27T06:18:00.000Z","end":"2023-10-27T06:19:00.000Z"},"country":"EIRE","OPM":1,"total_sales_volume":27.479999899864197,"rate_of_return":0.0}
{"window":{"start":"2023-10-24T20:06:00.000Z","end":"2023-10-24T20:07:00.000Z"},"country":"Poland","OPM":1,"total_sales_volume":46.59999942779541,"rate_of_return":0.0}
{"window":{"start":"2023-10-23T16:11:00.000Z","end":"2023-10-23T16:12:00.000Z"},"country":"United Kingdom","OPM":5,"total_sales_volume":173.8099981546402,"rate_of_return":0.0}
{"window":{"start":"2023-10-27T09:37:00.000Z","end":"2023-10-27T09:38:00.000Z"},"country":"France","OPM":1,"total_sales_volume":404.8999938070774,"rate_of_return":0.0}
{"window":{"start":"2023-10-24T08:32:00.000Z","end":"2023-10-24T08:33:00.000Z"},"country":"United Kingdom","OPM":8,"total_sales_volume":548.9299965500832,"rate_of_return":0.0}
{"window":{"start":"2023-10-24T12:35:00.000Z","end":"2023-10-24T12:36:00.000Z"},"country":"United Kingdom","OPM":12,"total_sales_volume":1030.4800038039684,"rate_of_return":0.0}
{"window":{"start":"2023-10-28T03:08:00.000Z","end":"2023-10-28T03:09:00.000Z"},"country":"Spain","OPM":1,"total_sales_volume":190.73999989032745,"rate_of_return":0.0}
{"window":{"start":"2023-10-25T17:33:00.000Z","end":"2023-10-25T17:34:00.000Z"},"country":"United Kingdom","OPM":6,"total_sales_volume":-647.870022892952,"rate_of_return":0.16666666666666666}
{"window":{"start":"2023-10-26T02:53:00.000Z","end":"2023-10-26T02:54:00.000Z"},"country":"United Kingdom","OPM":5,"total_sales_volume":152.21999648213387,"rate_of_return":0.2}
{"window":{"start":"2023-10-26T11:13:00.000Z","end":"2023-10-26T11:14:00.000Z"},"country":"EIRE","OPM":1,"total_sales_volume":59.719998359680176,"rate_of_return":0.0}
