{"window":{"start":"2023-10-25T15:36:00.000Z","end":"2023-10-25T15:37:00.000Z"},"country":"United Kingdom","OPM":7,"total_sales_volume":556.8399984240532,"rate_of_return":0.0}
{"window":{"start":"2023-10-24T10:23:00.000Z","end":"2023-10-24T10:24:00.000Z"},"country":"Germany","OPM":2,"total_sales_volume":97.05000007152557,"rate_of_return":0.0}
{"window":{"start":"2023-10-26T09:58:00.000Z","end":"2023-10-26T09:59:00.000Z"},"country":"United Kingdom","OPM":11,"total_sales_volume":1825.3499430418015,"rate_of_return":0.0}
{"window":{"start":"2023-10-26T11:04:00.000Z","end":"2023-10-26T11:05:00.000Z"},"country":"France","OPM":1,"total_sales_volume":27.75000035762787,"rate_of_return":0.0}
{"window":{"start":"2023-10-28T01:52:00.000Z","end":"2023-10-28T01:53:00.000Z"},"country":"EIRE","OPM":1,"total_sales_volume":249.39000535011292,"rate_of_return":0.0}
{"window":{"start":"2023-10-24T09:28:00.000Z","end":"2023-10-24T09:29:00.000Z"},"country":"United Kingdom","OPM":10,"total_sales_volume":534.2599932551384,"rate_of_return":0.0}
{"window":{"start":"2023-10-26T01:43:00.000Z","end":"2023-10-26T01:44:00.000Z"},"country":"United Kingdom","OPM":11,"total_sales_volume":454.1300007402897,"rate_of_return":0.09090909090909091}
{"window":{"start":"2023-10-26T10:56:00.000Z","end":"2023-10-26T10:57:00.000Z"},"country":"Germany","OPM":1,"total_sales_volume":99.65999966859818,"rate_of_return":0.0}
{"window":{"start":"2023-10-26T12:11:00.000Z","end":"2023-10-26T12:12:00.000Z"},"country":"France","OPM":1,"total_sales_volume":14.37000036239624,"rate_of_return":0.0}
{"window":{"start":"2023-10-26T16:53:00.000Z","end":"2023-10-26T16:54:00.000Z"},"country":"United Kingdom","OPM":7,"total_sales_volume":328.70000046491623,"rate_of_return":0.0}
{"window":{"start":"2023-10-24T08:30:00.000Z","end":"2023-10-24T08:31:00.000Z"},"country":"United Kingdom","OPM":7,"total_sales_volume":413.8500050008297,"rate_of_return":0.2857142857142857}
{"window":{"start":"2023-10-24T11:43:00.000Z","end":"2023-10-24T11:44:00.000Z"},"country":"United Kingdom","OPM":12,"total_sales_volume":673.0499944388866,"rate_of_return":0.0}
{"window":{"start":"2023-10-26T04:32:00.000Z","end":"2023-10-26T04:33:00.000Z"},"country":"Belgium","OPM":1,"total_sales_volume":-19.799999713897705,"rate_of_return":1.0}
{"window":{"start":"2023-10-27T08:53:00.000Z","end":"2023-10-27T08:54:00.000Z"},"country":"EIRE","OPM":1,"total_sales_volume":4.889999985694885,"rate_of_return":0.0}
{"window":{"start":"2023-10-23T21:01:00.000Z","end":"2023-10-23T21:02:00.000Z"},"country":"France","OPM":1,"total_sales_volume":15.029999613761902,"rate_of_return":0.0}
{"window":{"start":"2023-10-26T05:54:00.000Z","end":"2023-10-26T05:55:00.000Z"},"country":"United Kingdom","OPM":4,"total_sales_volume":636.8899879455566,"rate_of_return":0.0}
{"window":{"start":"2023-10-23T22:36:00.000Z","end":"2023-10-23T22:37:00.000Z"},"country":"United Kingdom","OPM":7,"total_sales_volume":221.85999897122383,"rate_of_return":0.0}
{"window":{"start":"2023-10-24T14:13:00.000Z","end":"2023-10-24T14:14:00.000Z"},"country":"United Kingdom","OPM":5,"total_sales_volume":1488.3899810910225,"rate_of_return":0.0}
{"window":{"start":"2023-10-27T14:29:00.000Z","end":"2023-10-27T14:30:00.000Z"},"country":"United Kingdom","OPM":12,"total_sales_volume":849.2999895215034,"rate_of_return":0.0}
{"window":{"start":"2023-10-25T21:31:00.000Z","end":"2023-10-25T21:32:00.000Z"},"country":"Portugal","OPM":1,"total_sales_volume":27.499999672174454,"rate_of_return":0.0}
{"window":{"start":"2023-10-27T06:47:00.000Z","end":"2023-10-27T06:48:00.000Z"},"country":"United Kingdom","OPM":12,"total_sales_volume":513.5099979043007,"rate_of_return":0.0}
{"window":{"start":"2023-10-26T08:53:00.000Z","end":"2023-10-26T08:54:00.000Z"},"country":"United Kingdom","OPM":5,"total_sales_volume":252.3399999141693,"rate_of_return":0.0}
{"window":{"start":"2023-10-23T17:28:00.000Z","end":"2023-10-23T17:29:00.000Z"},"country":"France","OPM":1,"total_sales_volume":32.89999961853027,"rate_of_return":0.0}
{"window":{"start":"2023-10-24T09:30:00.000Z","end":"2023-10-24T09:31:00.000Z"},"country":"United Kingdom","OPM":12,"total_sales_volume":1056.6199882179499,"rate_of_return":0.0}
{"window":{"start":"2023-10-26T19:15:00.000Z","end":"2023-10-26T19:16:00.000Z"},"country":"United Kingdom","OPM":7,"total_sales_volume":579.5300008356571,"rate_of_return":0.0}
{"window":{"start":"2023-10-23T12:52:00.000Z","end":"2023-10-23T12:53:00.000Z"},"country":"United Kingdom","OPM":8,"total_sales_volume":-73.8899992108345,"rate_of_return":0.125}
{"window":{"start":"2023-10-27T13:59:00.000Z","end":"2023-10-27T14:00:00.000Z"},"country":"Switzerland","OPM":1,"total_sales_volume":123.34999966621399,"rate_of_return":0.0}
{"window":{"start":"2023-10-24T15:31:00.000Z","end":"2023-10-24T15:32:00.000Z"},"country":"EIRE","OPM":2,"total_sales_volume":62.02999868988991,"rate_of_return":0.0}
{"window":{"start":"2023-10-26T12:29:00.000Z","end":"2023-10-26T12:30:00.000Z"},"country":"Spain","OPM":1,"total_sales_volume":73.17000019550323,"rate_of_return":0.0}
{"window":{"start":"2023-10-28T03:02:00.000Z","end":"2023-10-28T03:03:00.000Z"},"country":"United Kingdom","OPM":8,"total_sales_volume":439.43999326229095,"rate_of_return":0.0}
{"window":{"start":"2023-10-25T02:11:00.000Z","end":"2023-10-25T02:12:00.000Z"},"country":"Belgium","OPM":1,"total_sales_volume":60.3100004196167,"rate_of_return":0.0}
{"window":{"start":"2023-10-26T06:55:00.000Z","end":"2023-10-26T06:56:00.000Z"},"country":"France","OPM":1,"total_sales_volume":1.649999976158142,"rate_of_return":0.0}
{"window":{"start":"2023-10-26T09:47:00.000Z","end":"2023-10-26T09:48:00.000Z"},"country":"United Kingdom","OPM":9,"total_sales_volume":1134.379973322153,"rate_of_return":0.1111111111111111}
{"window":{"start":"2023-10-26T07:28:00.000Z","end":"2023-10-26T07:29:00.000Z"},"country":"Portugal","OPM":1,"total_sales_volume":5.399999976158142,"rate_of_return":0.0}
{"window":{"start":"2023-10-24T17:15:00.000Z","end":"2023-10-24T17:16:00.000Z"},"country":"United Kingdom","OPM":15,"total_sales_volume":1045.990002065897,"rate_of_return":0.13333333333333333}
{"window":{"start":"2023-10-23T19:31:00.000Z","end":"2023-10-23T19:32:00.000Z"},"country":"Sweden","OPM":1,"total_sales_volume":2.5,"rate_of_return":0.0}
{"window":{"start":"2023-10-26T14:56:00.000Z","end":"2023-10-26T14:57:00.000Z"},"country":"Austria","OPM":1,"total_sales_volume":116.44999969005585,"rate_of_return":0.0}
{"window":{"start":"2023-10-27T00:08:00.000Z","end":"2023-10-27T00:09:00.000Z"},"country":"United Kingdom","OPM":11,"total_sales_volume":748.5699959695339,"rate_of_return":0.09090909090909091}
{"window":{"start":"2023-10-26T18:33:00.000Z","end":"2023-10-26T18:34:00.000Z"},"country":"United Kingdom","OPM":5,"total_sales_volume":550.4099933505058,"rate_of_return":0.0}
{"window":{"start":"2023-10-26T20:33:00.000Z","end":"2023-10-26T20:34:00.000Z"},"country":"United Kingdom","OPM":9,"total_sales_volume":770.4500153064728,"rate_of_return":0.0}
{"window":{"start":"2023-10-24T12:21:00.000Z","end":"2023-10-24T12:22:00.000Z"},"country":"United Kingdom","OPM":16,"total_sales_volume":1816.8299834132195,"rate_of_return":0.0}
{"window":{"start":"2023-10-25T09:54:00.000Z","end":"2023-10-25T09:55:00.000Z"},"country":"United Kingdom","OPM":12,"total_sales_volume":628.9899885356426,"rate_of_return":0.08333333333333333}
{"window":{"start":"2023-10-27T13:08:00.000Z","end":"2023-10-27T13:09:00.000Z"},"country":"United Kingdom","OPM":4,"total_sales_volume":111.42999786138535,"rate_of_return":0.0}
{"window":{"start":"2023-10-27T10:46:00.000Z","end":"2023-10-27T10:47:00.000Z"},"country":"United Kingdom","OPM":5,"total_sales_volume":784.1100077331066,"rate_of_return":0.0}
{"window":{"start":"2023-10-24T17:11:00.000Z","end":"2023-10-24T17:12:00.000Z"},"country":"United Kingdom","OPM":8,"total_sales_volume":598.3799903392792,"rate_of_return":0.0}
{"window":{"start":"2023-10-25T09:04:00.000Z","end":"2023-10-25T09:05:00.000Z"},"country":"France","OPM":1,"total_sales_volume":7.5,"rate_of_return":0.0}
{"window":{"start":"2023-10-24T05:25:00.000Z","end":"2023-10-24T05:26:00.000Z"},"country":"EIRE","OPM":1,"total_sales_volume":511.70999670028687,"rate_of_return":0.0}
{"window":{"start":"2023-10-24T18:25:00.000Z","end":"2023-10-24T18:26:00.000Z"},"country":"Germany","OPM":1,"total_sales_volume":30.0,"rate_of_return":0.0}
{"window":{"start":"2023-10-28T04:15:00.000Z","end":"2023-10-28T04:16:00.000Z"},"country":"Netherlands","OPM":1,"total_sales_volume":-15.419999986886978,"rate_of_return":1.0}
{"window":{"start":"2023-10-24T00:42:00.000Z","end":"2023-10-24T00:43:00.000Z"},"country":"United Kingdom","OPM":13,"total_sales_volume":563.4799976348877,"rate_of_return":0.0}
{"window":{"start":"2023-10-25T17:32:00.000Z","end":"2023-10-25T17:33:00.000Z"},"country":"Spain","OPM":1,"total_sales_volume":18.950000286102295,"rate_of_return":0.0}
{"window":{"start":"2023-10-27T06:00:00.000Z","end":"2023-10-27T06:01:00.000Z"},"country":"Spain","OPM":1,"total_sales_volume":20.09999990463257,"rate_of_return":0.0}
{"window":{"start":"2023-10-27T15:09:00.000Z","end":"2023-10-27T15:10:00.000Z"},"country":"United Kingdom","OPM":7,"total_sales_volume":270.1099981069565,"rate_of_return":0.0}
{"window":{"start":"2023-10-26T21:34:00.000Z","end":"2023-10-26T21:35:00.000Z"},"country":"United Kingdom","OPM":13,"total_sales_volume":505.7300003170967,"rate_of_return":0.07692307692307693}
{"window":{"start":"2023-10-24T01:05:00.000Z","end":"2023-10-24T01:06:00.000Z"},"country":"United Kingdom","OPM":8,"total_sales_volume":328.5199970602989,"rate_of_return":0.0}
{"window":{"start":"2023-10-26T01:57:00.000Z","end":"2023-10-26T01:58:00.000Z"},"country":"United Kingdom","OPM":8,"total_sales_volume":149.54999643564224,"rate_of_return":0.125}
{"window":{"start":"2023-10-26T12:36:00.000Z","end":"2023-10-26T12:37:00.000Z"},"country":"United Kingdom","OPM":9,"total_sales_volume":362.4999992251396,"rate_of_return":0.0}
{"window":{"start":"2023-10-25T21:13:00.000Z","end":"2023-10-25T21:14:00.000Z"},"country":"United Kingdom","OPM":7,"total_sales_volume":1084.0199992656708,"rate_of_return":0.0}
{"window":{"start":"2023-10-25T03:38:00.000Z","end":"2023-10-25T03:39:00.000Z"},"country":"France","OPM":1,"total_sales_volume":34.030001640319824,"rate_of_return":0.0}
{"window":{"start":"2023-10-26T09:14:00.000Z","end":"2023-10-26T09:15:00.000Z"},"country":"EIRE","OPM":1,"total_sales_volume":25.02000093460083,"rate_of_return":0.0}
{"window":{"start":"2023-10-28T04:42:00.000Z","end":"2023-10-28T04:43:00.000Z"},"country":"Norway","OPM":1,"total_sales_volume":96.06999784708023,"rate_of_return":0.0}
{"window":{"start":"2023-10-28T00:37:00.000Z","end":"2023-10-28T00:38:00.000Z"},"country":"United Kingdom","OPM":7,"total_sales_volume":481.1799984574318,"rate_of_return":0.0}
