{"window":{"start":"2023-10-27T20:04:00.000Z","end":"2023-10-27T20:05:00.000Z"},"country":"France","OPM":1,"total_sales_volume":55.61999988555908,"rate_of_return":0.0}
{"window":{"start":"2023-10-26T22:51:00.000Z","end":"2023-10-26T22:52:00.000Z"},"country":"United Kingdom","OPM":9,"total_sales_volume":392.74999848008156,"rate_of_return":0.0}
{"window":{"start":"2023-10-25T22:02:00.000Z","end":"2023-10-25T22:03:00.000Z"},"country":"United Kingdom","OPM":6,"total_sales_volume":365.1399981081486,"rate_of_return":0.0}
{"window":{"start":"2023-10-23T20:13:00.000Z","end":"2023-10-23T20:14:00.000Z"},"country":"France","OPM":1,"total_sales_volume":16.859999895095825,"rate_of_return":0.0}
{"window":{"start":"2023-10-23T22:13:00.000Z","end":"2023-10-23T22:14:00.000Z"},"country":"France","OPM":1,"total_sales_volume":390.8299985229969,"rate_of_return":0.0}
{"window":{"start":"2023-10-24T01:06:00.000Z","end":"2023-10-24T01:07:00.000Z"},"country":"United Kingdom","OPM":10,"total_sales_volume":393.6799986958504,"rate_of_return":0.1}
{"window":{"start":"2023-10-23T17:26:00.000Z","end":"2023-10-23T17:27:00.000Z"},"country":"United Kingdom","OPM":8,"total_sales_volume":205.6800003349781,"rate_of_return":0.125}
{"window":{"start":"2023-10-26T15:28:00.000Z","end":"2023-10-26T15:29:00.000Z"},"country":"Sweden","OPM":1,"total_sales_volume":18.25,"rate_of_return":0.0}
{"window":{"start":"2023-10-26T17:54:00.000Z","end":"2023-10-26T17:55:00.000Z"},"country":"United Kingdom","OPM":5,"total_sales_volume":279.739994764328,"rate_of_return":0.0}
{"window":{"start":"2023-10-26T01:35:00.000Z","end":"2023-10-26T01:36:00.000Z"},"country":"United Kingdom","OPM":11,"total_sales_volume":130.62999999523163,"rate_of_return":0.18181818181818182}
{"window":{"start":"2023-10-24T01:13:00.000Z","end":"2023-10-24T01:14:00.000Z"},"country":"United Kingdom","OPM":15,"total_sales_volume":758.7599956095219,"rate_of_return":0.0}
{"window":{"start":"2023-10-25T18:48:00.000Z","end":"2023-10-25T18:49:00.000Z"},"country":"United Kingdom","OPM":10,"total_sales_volume":302.11999517679214,"rate_of_return":0.0}
{"window":{"start":"2023-10-25T21:52:00.000Z","end":"2023-10-25T21:53:00.000Z"},"country":"United Kingdom","OPM":5,"total_sales_volume":645.7799929082394,"rate_of_return":0.0}
{"window":{"start":"2023-10-27T04:21:00.000Z","end":"2023-10-27T04:22:00.000Z"},"country":"USA","OPM":1,"total_sales_volume":91.39999902248383,"rate_of_return":0.0}
{"window":{"start":"2023-10-27T13:17:00.000Z","end":"2023-10-27T13:18:00.000Z"},"country":"Portugal","OPM":1,"total_sales_volume":9.949999809265137,"rate_of_return":0.0}
{"window":{"start":"2023-10-27T13:42:00.000Z","end":"2023-10-27T13:43:00.000Z"},"country":"United Kingdom","OPM":4,"total_sales_volume":243.57000041007996,"rate_of_return":0.0}
{"window":{"start":"2023-10-25T15:07:00.000Z","end":"2023-10-25T15:08:00.000Z"},"country":"United Kingdom","OPM":10,"total_sales_volume":930.5499950945377,"rate_of_return":0.0}
{"window":{"start":"2023-10-26T23:51:00.000Z","end":"2023-10-26T23:52:00.000Z"},"country":"United Kingdom","OPM":6,"total_sales_volume":508.419994443655,"rate_of_return":0.0}
{"window":{"start":"2023-10-24T21:34:00.000Z","end":"2023-10-24T21:35:00.000Z"},"country":"United Kingdom","OPM":6,"total_sales_volume":479.6500052213669,"rate_of_return":0.0}
{"window":{"start":"2023-10-25T04:56:00.000Z","end":"2023-10-25T04:57:00.000Z"},"country":"United Kingdom","OPM":5,"total_sales_volume":554.4299963414669,"rate_of_return":0.0}
{"window":{"start":"2023-10-28T03:28:00.000Z","end":"2023-10-28T03:29:00.000Z"},"country":"EIRE","OPM":1,"total_sales_volume":142.03000190854073,"rate_of_return":0.0}
{"window":{"start":"2023-10-26T14:26:00.000Z","end":"2023-10-26T14:27:00.000Z"},"country":"United Kingdom","OPM":4,"total_sales_volume":87.32999813556671,"rate_of_return":0.0}
{"window":{"start":"2023-10-26T07:19:00.000Z","end":"2023-10-26T07:20:00.000Z"},"country":"United Kingdom","OPM":13,"total_sales_volume":1181.300003707409,"rate_of_return":0.0}
{"window":{"start":"2023-10-25T07:25:00.000Z","end":"2023-10-25T07:26:00.000Z"},"country":"Germany","OPM":1,"total_sales_volume":119.52000045776367,"rate_of_return":0.0}
{"window":{"start":"2023-10-28T04:48:00.000Z","end":"2023-10-28T04:49:00.000Z"},"country":"United Kingdom","OPM":9,"total_sales_volume":269.1499960422516,"rate_of_return":0.1111111111111111}
{"window":{"start":"2023-10-23T23:21:00.000Z","end":"2023-10-23T23:22:00.000Z"},"country":"Norway","OPM":1,"total_sales_volume":129.6299967765808,"rate_of_return":0.0}
{"window":{"start":"2023-10-24T23:17:00.000Z","end":"2023-10-24T23:18:00.000Z"},"country":"United Kingdom","OPM":8,"total_sales_volume":810.9200086891651,"rate_of_return":0.0}
{"window":{"start":"2023-10-23T13:34:00.000Z","end":"2023-10-23T13:35:00.000Z"},"country":"France","OPM":1,"total_sales_volume":227.3000009059906,"rate_of_return":0.0}
{"window":{"start":"2023-10-24T17:49:00.000Z","end":"2023-10-24T17:50:00.000Z"},"country":"United Kingdom","OPM":7,"total_sales_volume":254.2699983716011,"rate_of_return":0.14285714285714285}
{"window":{"start":"2023-10-25T19:49:00.000Z","end":"2023-10-25T19:50:00.000Z"},"country":"Germany","OPM":1,"total_sales_volume":41.47999954223633,"rate_of_return":0.0}
{"window":{"start":"2023-10-27T09:07:00.000Z","end":"2023-10-27T09:08:00.000Z"},"country":"Australia","OPM":1,"total_sales_volume":53.079999923706055,"rate_of_return":0.0}
{"window":{"start":"2023-10-24T16:09:00.000Z","end":"2023-10-24T16:10:00.000Z"},"country":"United Kingdom","OPM":6,"total_sales_volume":665.4200024008751,"rate_of_return":0.0}
{"window":{"start":"2023-10-24T19:34:00.000Z","end":"2023-10-24T19:35:00.000Z"},"country":"United Kingdom","OPM":4,"total_sales_volume":183.2100012600422,"rate_of_return":0.0}
{"window":{"start":"2023-10-25T16:06:00.000Z","end":"2023-10-25T16:07:00.000Z"},"country":"United Kingdom","OPM":10,"total_sales_volume":311.619997382164,"rate_of_return":0.1}
{"window":{"start":"2023-10-26T11:11:00.000Z","end":"2023-10-26T11:12:00.000Z"},"country":"Switzerland","OPM":1,"total_sales_volume":32.260000228881836,"rate_of_return":0.0}
{"window":{"start":"2023-10-25T16:15:00.000Z","end":"2023-10-25T16:16:00.000Z"},"country":"United Kingdom","OPM":11,"total_sales_volume":694.3400000333786,"rate_of_return":0.09090909090909091}
{"window":{"start":"2023-10-23T12:30:00.000Z","end":"2023-10-23T12:31:00.000Z"},"country":"United Kingdom","OPM":7,"total_sales_volume":346.81999176740646,"rate_of_return":0.14285714285714285}
{"window":{"start":"2023-10-25T03:48:00.000Z","end":"2023-10-25T03:49:00.000Z"},"country":"France","OPM":1,"total_sales_volume":2.509999990463257,"rate_of_return":0.0}
{"window":{"start":"2023-10-25T16:09:00.000Z","end":"2023-10-25T16:10:00.000Z"},"country":"United Kingdom","OPM":6,"total_sales_volume":575.4400068223476,"rate_of_return":0.0}
{"window":{"start":"2023-10-28T01:49:00.000Z","end":"2023-10-28T01:50:00.000Z"},"country":"United Kingdom","OPM":7,"total_sales_volume":501.86999973654747,"rate_of_return":0.0}
{"window":{"start":"2023-10-25T10:44:00.000Z","end":"2023-10-25T10:45:00.000Z"},"country":"EIRE","OPM":1,"total_sales_volume":-34.15999984741211,"rate_of_return":1.0}
{"window":{"start":"2023-10-25T17:05:00.000Z","end":"2023-10-25T17:06:00.000Z"},"country":"Germany","OPM":1,"total_sales_volume":96.31999969482422,"rate_of_return":0.0}
{"window":{"start":"2023-10-25T05:07:00.000Z","end":"2023-10-25T05:08:00.000Z"},"country":"Germany","OPM":1,"total_sales_volume":16.600000381469727,"rate_of_return":0.0}
{"window":{"start":"2023-10-24T14:43:00.000Z","end":"2023-10-24T14:44:00.000Z"},"country":"Australia","OPM":1,"total_sales_volume":31.950000286102295,"rate_of_return":0.0}
{"window":{"start":"2023-10-27T09:22:00.000Z","end":"2023-10-27T09:23:00.000Z"},"country":"Norway","OPM":1,"total_sales_volume":242.58000445365906,"rate_of_return":0.0}
{"window":{"start":"2023-10-24T22:23:00.000Z","end":"2023-10-24T22:24:00.000Z"},"country":"United Kingdom","OPM":10,"total_sales_volume":726.6300032138824,"rate_of_return":0.1}
{"window":{"start":"2023-10-25T11:03:00.000Z","end":"2023-10-25T11:04:00.000Z"},"country":"Italy","OPM":1,"total_sales_volume":2.5,"rate_of_return":0.0}
{"window":{"start":"2023-10-28T04:07:00.000Z","end":"2023-10-28T04:08:00.000Z"},"country":"United Kingdom","OPM":7,"total_sales_volume":444.76999777555466,"rate_of_return":0.0}
{"window":{"start":"2023-10-27T08:19:00.000Z","end":"2023-10-27T08:20:00.000Z"},"country":"United Kingdom","OPM":9,"total_sales_volume":994.8300068080425,"rate_of_return":0.0}
{"window":{"start":"2023-10-25T12:56:00.000Z","end":"2023-10-25T12:57:00.000Z"},"country":"United Kingdom","OPM":14,"total_sales_volume":824.4599899947643,"rate_of_return":0.0}
{"window":{"start":"2023-10-28T05:21:00.000Z","end":"2023-10-28T05:22:00.000Z"},"country":"United Kingdom","OPM":14,"total_sales_volume":840.5200047194958,"rate_of_return":0.0}
{"window":{"start":"2023-10-24T20:12:00.000Z","end":"2023-10-24T20:13:00.000Z"},"country":"Netherlands","OPM":1,"total_sales_volume":21.02999997138977,"rate_of_return":0.0}
{"window":{"start":"2023-10-23T13:51:00.000Z","end":"2023-10-23T13:52:00.000Z"},"country":"France","OPM":1,"total_sales_volume":532.300009727478,"rate_of_return":0.0}
{"window":{"start":"2023-10-24T21:12:00.000Z","end":"2023-10-24T21:13:00.000Z"},"country":"United Kingdom","OPM":9,"total_sales_volume":366.2800000011921,"rate_of_return":0.0}
{"window":{"start":"2023-10-24T07:56:00.000Z","end":"2023-10-24T07:57:00.000Z"},"country":"France","OPM":1,"total_sales_volume":-397.52000749111176,"rate_of_return":1.0}
{"window":{"start":"2023-10-26T18:13:00.000Z","end":"2023-10-26T18:14:00.000Z"},"country":"United Kingdom","OPM":14,"total_sales_volume":1002.7500022649765,"rate_of_return":0.14285714285714285}
{"window":{"start":"2023-10-28T03:14:00.000Z","end":"2023-10-28T03:15:00.000Z"},"country":"United Kingdom","OPM":10,"total_sales_volume":393.2199954688549,"rate_of_return":0.1}
{"window":{"start":"2023-10-28T00:13:00.000Z","end":"2023-10-28T00:14:00.000Z"},"country":"Norway","OPM":1,"total_sales_volume":3.319999933242798,"rate_of_return":0.0}
{"window":{"start":"2023-10-26T19:00:00.000Z","end":"2023-10-26T19:01:00.000Z"},"country":"United Kingdom","OPM":12,"total_sales_volume":952.1699974089861,"rate_of_return":0.0}
{"window":{"start":"2023-10-24T10:32:00.000Z","end":"2023-10-24T10:33:00.000Z"},"country":"United Kingdom","OPM":4,"total_sales_volume":583.699992120266,"rate_of_return":0.0}
{"window":{"start":"2023-10-26T09:24:00.000Z","end":"2023-10-26T09:25:00.000Z"},"country":"France","OPM":1,"total_sales_volume":-1.25,"rate_of_return":1.0}
{"window":{"start":"2023-10-25T23:21:00.000Z","end":"2023-10-25T23:22:00.000Z"},"country":"United Kingdom","OPM":8,"total_sales_volume":479.1100018918514,"rate_of_return":0.125}
{"window":{"start":"2023-10-26T17:24:00.000Z","end":"2023-10-26T17:25:00.000Z"},"country":"United Kingdom","OPM":7,"total_sales_volume":915.1299986541271,"rate_of_return":0.14285714285714285}
{"window":{"start":"2023-10-24T23:52:00.000Z","end":"2023-10-24T23:53:00.000Z"},"country":"United Kingdom","OPM":13,"total_sales_volume":298.8699975013733,"rate_of_return":0.07692307692307693}
{"window":{"start":"2023-10-24T18:03:00.000Z","end":"2023-10-24T18:04:00.000Z"},"country":"France","OPM":2,"total_sales_volume":16.22000017762184,"rate_of_return":0.0}
{"window":{"start":"2023-10-27T00:26:00.000Z","end":"2023-10-27T00:27:00.000Z"},"country":"United Kingdom","OPM":6,"total_sales_volume":250.15999844670296,"rate_of_return":0.16666666666666666}
{"window":{"start":"2023-10-26T14:28:00.000Z","end":"2023-10-26T14:29:00.000Z"},"country":"United Kingdom","OPM":11,"total_sales_volume":809.3100049197674,"rate_of_return":0.0}
{"window":{"start":"2023-10-27T16:42:00.000Z","end":"2023-10-27T16:43:00.000Z"},"country":"United Kingdom","OPM":7,"total_sales_volume":568.1599999666214,"rate_of_return":0.14285714285714285}
{"window":{"start":"2023-10-24T22:17:00.000Z","end":"2023-10-24T22:18:00.000Z"},"country":"United Kingdom","OPM":4,"total_sales_volume":71.0399997830391,"rate_of_return":0.0}
{"window":{"start":"2023-10-25T03:08:00.000Z","end":"2023-10-25T03:09:00.000Z"},"country":"Spain","OPM":1,"total_sales_volume":18.47000026702881,"rate_of_return":0.0}
{"window":{"start":"2023-10-24T20:46:00.000Z","end":"2023-10-24T20:47:00.000Z"},"country":"Unspecified","OPM":1,"total_sales_volume":-12.46999990940094,"rate_of_return":1.0}
{"window":{"start":"2023-10-25T14:17:00.000Z","end":"2023-10-25T14:18:00.000Z"},"country":"United Kingdom","OPM":6,"total_sales_volume":459.72999081015587,"rate_of_return":0.0}
{"window":{"start":"2023-10-25T22:29:00.000Z","end":"2023-10-25T22:30:00.000Z"},"country":"United Kingdom","OPM":11,"total_sales_volume":307.4399980902672,"rate_of_return":0.0}
