{"window":{"start":"2023-10-25T16:22:00.000Z","end":"2023-10-25T16:23:00.000Z"},"country":"Portugal","OPM":1,"total_sales_volume":25.399999737739563,"rate_of_return":0.0}
{"window":{"start":"2023-10-24T23:27:00.000Z","end":"2023-10-24T23:28:00.000Z"},"country":"United Kingdom","OPM":1,"total_sales_volume":78.32999897003174,"rate_of_return":0.0}
{"window":{"start":"2023-10-27T23:03:00.000Z","end":"2023-10-27T23:04:00.000Z"},"country":"United Kingdom","OPM":6,"total_sales_volume":330.61000472307205,"rate_of_return":0.16666666666666666}
{"window":{"start":"2023-10-25T19:35:00.000Z","end":"2023-10-25T19:36:00.000Z"},"country":"EIRE","OPM":1,"total_sales_volume":413.15999472141266,"rate_of_return":0.0}
{"window":{"start":"2023-10-26T06:55:00.000Z","end":"2023-10-26T06:56:00.000Z"},"country":"EIRE","OPM":1,"total_sales_volume":43.63999938964844,"rate_of_return":0.0}
{"window":{"start":"2023-10-25T02:16:00.000Z","end":"2023-10-25T02:17:00.000Z"},"country":"Australia","OPM":1,"total_sales_volume":49.49999928474426,"rate_of_return":0.0}
{"window":{"start":"2023-10-27T21:08:00.000Z","end":"2023-10-27T21:09:00.000Z"},"country":"United Kingdom","OPM":12,"total_sales_volume":561.3699969947338,"rate_of_return":0.16666666666666666}
{"window":{"start":"2023-10-27T19:36:00.000Z","end":"2023-10-27T19:37:00.000Z"},"country":"United Kingdom","OPM":6,"total_sales_volume":101.27999943494797,"rate_of_return":0.0}
{"window":{"start":"2023-10-28T03:25:00.000Z","end":"2023-10-28T03:26:00.000Z"},"country":"United Kingdom","OPM":6,"total_sales_volume":210.29999816417694,"rate_of_return":0.0}
{"window":{"start":"2023-10-28T05:46:00.000Z","end":"2023-10-28T05:47:00.000Z"},"country":"United Kingdom","OPM":7,"total_sales_volume":1402.4300089776516,"rate_of_return":0.14285714285714285}
{"window":{"start":"2023-10-27T12:22:00.000Z","end":"2023-10-27T12:23:00.000Z"},"country":"United Kingdom","OPM":4,"total_sales_volume":396.1899987459183,"rate_of_return":0.0}
{"window":{"start":"2023-10-26T05:08:00.000Z","end":"2023-10-26T05:09:00.000Z"},"country":"United Kingdom","OPM":5,"total_sales_volume":230.1300004720688,"rate_of_return":0.0}
{"window":{"start":"2023-10-27T22:30:00.000Z","end":"2023-10-27T22:31:00.000Z"},"country":"Belgium","OPM":1,"total_sales_volume":10.449999809265137,"rate_of_return":0.0}
{"window":{"start":"2023-10-28T02:15:00.000Z","end":"2023-10-28T02:16:00.000Z"},"country":"France","OPM":1,"total_sales_volume":15.0,"rate_of_return":0.0}
{"window":{"start":"2023-10-25T18:08:00.000Z","end":"2023-10-25T18:09:00.000Z"},"country":"United Kingdom","OPM":10,"total_sales_volume":773.4399937093258,"rate_of_return":0.0}
{"window":{"start":"2023-10-26T09:53:00.000Z","end":"2023-10-26T09:54:00.000Z"},"country":"United Kingdom","OPM":9,"total_sales_volume":1014.8300094306469,"rate_of_return":0.1111111111111111}
{"window":{"start":"2023-10-26T16:49:00.000Z","end":"2023-10-26T16:50:00.000Z"},"country":"Channel Islands","OPM":1,"total_sales_volume":199.6600046157837,"rate_of_return":0.0}
{"window":{"start":"2023-10-27T16:40:00.000Z","end":"2023-10-27T16:41:00.000Z"},"country":"United Kingdom","OPM":12,"total_sales_volume":816.6700010001659,"rate_of_return":0.08333333333333333}
{"window":{"start":"2023-10-24T10:48:00.000Z","end":"2023-10-24T10:49:00.000Z"},"country":"France","OPM":1,"total_sales_volume":97.03999984264374,"rate_of_return":0.0}
{"window":{"start":"2023-10-25T21:06:00.000Z","end":"2023-10-25T21:07:00.000Z"},"country":"United Kingdom","OPM":12,"total_sales_volume":428.93999496102333,"rate_of_return":0.08333333333333333}
{"window":{"start":"2023-10-23T21:30:00.000Z","end":"2023-10-23T21:31:00.000Z"},"country":"France","OPM":1,"total_sales_volume":57.88999962806702,"rate_of_return":0.0}
{"window":{"start":"2023-10-24T13:47:00.000Z","end":"2023-10-24T13:48:00.000Z"},"country":"Spain","OPM":1,"total_sales_volume":36.27999973297119,"rate_of_return":0.0}
{"window":{"start":"2023-10-26T12:52:00.000Z","end":"2023-10-26T12:53:00.000Z"},"country":"United Kingdom","OPM":17,"total_sales_volume":702.1200008392334,"rate_of_return":0.058823529411764705}
{"window":{"start":"2023-10-23T12:21:00.000Z","end":"2023-10-23T12:22:00.000Z"},"country":"Spain","OPM":1,"total_sales_volume":31.580000281333923,"rate_of_return":0.0}
{"window":{"start":"2023-10-25T15:56:00.000Z","end":"2023-10-25T15:57:00.000Z"},"country":"EIRE","OPM":2,"total_sales_volume":23.06999981403351,"rate_of_return":0.0}
{"window":{"start":"2023-10-26T20:21:00.000Z","end":"2023-10-26T20:22:00.000Z"},"country":"United Kingdom","OPM":12,"total_sales_volume":403.870001912117,"rate_of_return":0.08333333333333333}
{"window":{"start":"2023-10-26T19:40:00.000Z","end":"2023-10-26T19:41:00.000Z"},"country":"United Kingdom","OPM":12,"total_sales_volume":612.619989156723,"rate_of_return":0.08333333333333333}
{"window":{"start":"2023-10-28T02:16:00.000Z","end":"2023-10-28T02:17:00.000Z"},"country":"Germany","OPM":1,"total_sales_volume":33.30999982357025,"rate_of_return":0.0}
{"window":{"start":"2023-10-24T19:12:00.000Z","end":"2023-10-24T19:13:00.000Z"},"country":"United Kingdom","OPM":4,"total_sales_volume":92.73999953269958,"rate_of_return":0.0}
{"window":{"start":"2023-10-24T10:03:00.000Z","end":"2023-10-24T10:04:00.000Z"},"country":"United Kingdom","OPM":12,"total_sales_volume":396.52000346779823,"rate_of_return":0.08333333333333333}
{"window":{"start":"2023-10-26T05:09:00.000Z","end":"2023-10-26T05:10:00.000Z"},"country":"Germany","OPM":1,"total_sales_volume":29.920000463724136,"rate_of_return":0.0}
{"window":{"start":"2023-10-27T00:51:00.000Z","end":"2023-10-27T00:52:00.000Z"},"country":"United Kingdom","OPM":6,"total_sales_volume":107.52000087499619,"rate_of_return":0.3333333333333333}
{"window":{"start":"2023-10-25T23:21:00.000Z","end":"2023-10-25T23:22:00.000Z"},"country":"Switzerland","OPM":1,"total_sales_volume":118.52000141143799,"rate_of_return":0.0}
{"window":{"start":"2023-10-26T11:34:00.000Z","end":"2023-10-26T11:35:00.000Z"},"country":"United Kingdom","OPM":9,"total_sales_volume":938.4200014472008,"rate_of_return":0.1111111111111111}
{"window":{"start":"2023-10-25T23:42:00.000Z","end":"2023-10-25T23:43:00.000Z"},"country":"United Kingdom","OPM":9,"total_sales_volume":419.24000123143196,"rate_of_return":0.1111111111111111}
{"window":{"start":"2023-10-27T05:35:00.000Z","end":"2023-10-27T05:36:00.000Z"},"country":"Germany","OPM":1,"total_sales_volume":22.5,"rate_of_return":0.0}
{"window":{"start":"2023-10-23T18:38:00.000Z","end":"2023-10-23T18:39:00.000Z"},"country":"Netherlands","OPM":1,"total_sales_volume":16.62999999523163,"rate_of_return":0.0}
{"window":{"start":"2023-10-24T20:08:00.000Z","end":"2023-10-24T20:09:00.000Z"},"country":"EIRE","OPM":1,"total_sales_volume":32.49999928474426,"rate_of_return":0.0}
{"window":{"start":"2023-10-25T02:23:00.000Z","end":"2023-10-25T02:24:00.000Z"},"country":"EIRE","OPM":2,"total_sales_volume":34.34999978542328,"rate_of_return":0.5}
{"window":{"start":"2023-10-25T09:45:00.000Z","end":"2023-10-25T09:46:00.000Z"},"country":"United Kingdom","OPM":6,"total_sales_volume":313.96999818086624,"rate_of_return":0.0}
{"window":{"start":"2023-10-23T16:02:00.000Z","end":"2023-10-23T16:03:00.000Z"},"country":"United Kingdom","OPM":12,"total_sales_volume":487.62999963760376,"rate_of_return":0.08333333333333333}
{"window":{"start":"2023-10-27T20:31:00.000Z","end":"2023-10-27T20:32:00.000Z"},"country":"Norway","OPM":1,"total_sales_volume":19.320000171661377,"rate_of_return":0.0}
{"window":{"start":"2023-10-24T04:08:00.000Z","end":"2023-10-24T04:09:00.000Z"},"country":"Belgium","OPM":1,"total_sales_volume":18.859999388456345,"rate_of_return":0.0}
{"window":{"start":"2023-10-25T14:33:00.000Z","end":"2023-10-25T14:34:00.000Z"},"country":"United Kingdom","OPM":12,"total_sales_volume":897.6099995076656,"rate_of_return":0.16666666666666666}
{"window":{"start":"2023-10-26T20:44:00.000Z","end":"2023-10-26T20:45:00.000Z"},"country":"United Kingdom","OPM":7,"total_sales_volume":324.9099984765053,"rate_of_return":0.0}
{"window":{"start":"2023-10-24T23:07:00.000Z","end":"2023-10-24T23:08:00.000Z"},"country":"Germany","OPM":1,"total_sales_volume":5.849999904632568,"rate_of_return":0.0}
{"window":{"start":"2023-10-27T02:35:00.000Z","end":"2023-10-27T02:36:00.000Z"},"country":"Finland","OPM":1,"total_sales_volume":201.91000056266785,"rate_of_return":0.0}
{"window":{"start":"2023-10-24T15:06:00.000Z","end":"2023-10-24T15:07:00.000Z"},"country":"United Kingdom","OPM":9,"total_sales_volume":1117.9300078749657,"rate_of_return":0.1111111111111111}
{"window":{"start":"2023-10-24T23:12:00.000Z","end":"2023-10-24T23:13:00.000Z"},"country":"United Kingdom","OPM":11,"total_sales_volume":434.6999964416027,"rate_of_return":0.18181818181818182}
{"window":{"start":"2023-10-25T02:30:00.000Z","end":"2023-10-25T02:31:00.000Z"},"country":"United Kingdom","OPM":13,"total_sales_volume":442.70999813079834,"rate_of_return":0.0}
{"window":{"start":"2023-10-24T13:32:00.000Z","end":"2023-10-24T13:33:00.000Z"},"country":"Belgium","OPM":1,"total_sales_volume":12.479999542236328,"rate_of_return":0.0}
{"window":{"start":"2023-10-24T18:22:00.000Z","end":"2023-10-24T18:23:00.000Z"},"country":"EIRE","OPM":1,"total_sales_volume":-2140.4699631929398,"rate_of_return":1.0}
{"window":{"start":"2023-10-25T13:37:00.000Z","end":"2023-10-25T13:38:00.000Z"},"country":"Spain","OPM":1,"total_sales_volume":-19.979999899864197,"rate_of_return":1.0}
{"window":{"start":"2023-10-26T06:14:00.000Z","end":"2023-10-26T06:15:00.000Z"},"country":"United Kingdom","OPM":16,"total_sales_volume":1452.8900100290775,"rate_of_return":0.0625}
{"window":{"start":"2023-10-26T05:39:00.000Z","end":"2023-10-26T05:40:00.000Z"},"country":"United Kingdom","OPM":7,"total_sales_volume":415.51999616622925,"rate_of_return":0.0}
{"window":{"start":"2023-10-23T16:09:00.000Z","end":"2023-10-23T16:10:00.000Z"},"country":"United Kingdom","OPM":12,"total_sales_volume":705.8999981880188,"rate_of_return":0.0}
{"window":{"start":"2023-10-27T19:35:00.000Z","end":"2023-10-27T19:36:00.000Z"},"country":"Germany","OPM":1,"total_sales_volume":20.550000071525574,"rate_of_return":0.0}
{"window":{"start":"2023-10-24T02:07:00.000Z","end":"2023-10-24T02:08:00.000Z"},"country":"France","OPM":1,"total_sales_volume":22.399999618530273,"rate_of_return":0.0}
