{"window":{"start":"2023-10-25T22:38:00.000Z","end":"2023-10-25T22:39:00.000Z"},"country":"EIRE","OPM":1,"total_sales_volume":82.91999998688698,"rate_of_return":0.0}
{"window":{"start":"2023-10-27T01:29:00.000Z","end":"2023-10-27T01:30:00.000Z"},"country":"United Kingdom","OPM":4,"total_sales_volume":180.65999832749367,"rate_of_return":0.0}
{"window":{"start":"2023-10-24T05:34:00.000Z","end":"2023-10-24T05:35:00.000Z"},"country":"Germany","OPM":1,"total_sales_volume":151.63000029325485,"rate_of_return":0.0}
{"window":{"start":"2023-10-25T06:58:00.000Z","end":"2023-10-25T06:59:00.000Z"},"country":"United Kingdom","OPM":8,"total_sales_volume":786.2500066161156,"rate_of_return":0.0}
{"window":{"start":"2023-10-26T17:49:00.000Z","end":"2023-10-26T17:50:00.000Z"},"country":"France","OPM":1,"total_sales_volume":44.839999705553055,"rate_of_return":0.0}
{"window":{"start":"2023-10-23T21:22:00.000Z","end":"2023-10-23T21:23:00.000Z"},"country":"United Kingdom","OPM":4,"total_sales_volume":152.6499975323677,"rate_of_return":0.0}
{"window":{"start":"2023-10-25T11:34:00.000Z","end":"2023-10-25T11:35:00.000Z"},"country":"United Kingdom","OPM":8,"total_sales_volume":1001.7400032579899,"rate_of_return":0.0}
{"window":{"start":"2023-10-25T02:08:00.000Z","end":"2023-10-25T02:09:00.000Z"},"country":"United Kingdom","OPM":6,"total_sales_volume":253.51999807357788,"rate_of_return":0.0}
{"window":{"start":"2023-10-26T16:23:00.000Z","end":"2023-10-26T16:24:00.000Z"},"country":"France","OPM":1,"total_sales_volume":69.8699981868267,"rate_of_return":0.0}
{"window":{"start":"2023-10-26T03:19:00.000Z","end":"2023-10-26T03:20:00.000Z"},"country":"Belgium","OPM":1,"total_sales_volume":57.819998025894165,"rate_of_return":0.0}
{"window":{"start":"2023-10-26T03:43:00.000Z","end":"2023-10-26T03:44:00.000Z"},"country":"Germany","OPM":1,"total_sales_volume":21.049999475479126,"rate_of_return":0.0}
{"window":{"start":"2023-10-27T21:17:00.000Z","end":"2023-10-27T21:18:00.000Z"},"country":"United Kingdom","OPM":11,"total_sales_volume":730.25999340415,"rate_of_return":0.0}
{"window":{"start":"2023-10-25T19:03:00.000Z","end":"2023-10-25T19:04:00.000Z"},"country":"Germany","OPM":1,"total_sales_volume":41.72999954223633,"rate_of_return":0.0}
{"window":{"start":"2023-10-28T05:50:00.000Z","end":"2023-10-28T05:51:00.000Z"},"country":"United Kingdom","OPM":10,"total_sales_volume":387.11998933553696,"rate_of_return":0.2}
{"window":{"start":"2023-10-26T06:47:00.000Z","end":"2023-10-26T06:48:00.000Z"},"country":"Belgium","OPM":1,"total_sales_volume":-168.41000020503998,"rate_of_return":1.0}
{"window":{"start":"2023-10-23T20:11:00.000Z","end":"2023-10-23T20:12:00.000Z"},"country":"Germany","OPM":1,"total_sales_volume":99.19999957084656,"rate_of_return":0.0}
{"window":{"start":"2023-10-27T15:22:00.000Z","end":"2023-10-27T15:23:00.000Z"},"country":"Finland","OPM":1,"total_sales_volume":172.50000071525574,"rate_of_return":0.0}
{"window":{"start":"2023-10-27T04:52:00.000Z","end":"2023-10-27T04:53:00.000Z"},"country":"United Kingdom","OPM":11,"total_sales_volume":557.9599922597408,"rate_of_return":0.0}
{"window":{"start":"2023-10-27T03:03:00.000Z","end":"2023-10-27T03:04:00.000Z"},"country":"United Kingdom","OPM":8,"total_sales_volume":1197.3299617171288,"rate_of_return":0.0}
{"window":{"start":"2023-10-24T08:18:00.000Z","end":"2023-10-24T08:19:00.000Z"},"country":"Portugal","OPM":1,"total_sales_volume":24.869999885559082,"rate_of_return":0.0}
{"window":{"start":"2023-10-26T00:57:00.000Z","end":"2023-10-26T00:58:00.000Z"},"country":"EIRE","OPM":1,"total_sales_volume":21.15999925136566,"rate_of_return":0.0}
{"window":{"start":"2023-10-23T18:53:00.000Z","end":"2023-10-23T18:54:00.000Z"},"country":"United Kingdom","OPM":6,"total_sales_volume":229.05000016093254,"rate_of_return":0.16666666666666666}
{"window":{"start":"2023-10-25T04:50:00.000Z","end":"2023-10-25T04:51:00.000Z"},"country":"United Kingdom","OPM":13,"total_sales_volume":1055.91997808218,"rate_of_return":0.07692307692307693}
{"window":{"start":"2023-10-25T02:10:00.000Z","end":"2023-10-25T02:11:00.000Z"},"country":"United Kingdom","OPM":15,"total_sales_volume":862.7299974262714,"rate_of_return":0.0}
{"window":{"start":"2023-10-24T14:07:00.000Z","end":"2023-10-24T14:08:00.000Z"},"country":"United Kingdom","OPM":8,"total_sales_volume":135.48999786376953,"rate_of_return":0.125}
{"window":{"start":"2023-10-25T07:32:00.000Z","end":"2023-10-25T07:33:00.000Z"},"country":"France","OPM":1,"total_sales_volume":62.10999882221222,"rate_of_return":0.0}
{"window":{"start":"2023-10-25T04:57:00.000Z","end":"2023-10-25T04:58:00.000Z"},"country":"France","OPM":2,"total_sales_volume":81.6399997472763,"rate_of_return":0.0}
{"window":{"start":"2023-10-25T01:05:00.000Z","end":"2023-10-25T01:06:00.000Z"},"country":"United Kingdom","OPM":13,"total_sales_volume":869.4199995994568,"rate_of_return":0.23076923076923078}
{"window":{"start":"2023-10-25T16:10:00.000Z","end":"2023-10-25T16:11:00.000Z"},"country":"Belgium","OPM":1,"total_sales_volume":52.019999742507935,"rate_of_return":0.0}
{"window":{"start":"2023-10-24T08:45:00.000Z","end":"2023-10-24T08:46:00.000Z"},"country":"United Kingdom","OPM":12,"total_sales_volume":584.7799941897392,"rate_of_return":0.0}
{"window":{"start":"2023-10-25T04:35:00.000Z","end":"2023-10-25T04:36:00.000Z"},"country":"EIRE","OPM":1,"total_sales_volume":9.899999618530273,"rate_of_return":0.0}
{"window":{"start":"2023-10-26T20:09:00.000Z","end":"2023-10-26T20:10:00.000Z"},"country":"United Kingdom","OPM":8,"total_sales_volume":157.809999614954,"rate_of_return":0.0}
{"window":{"start":"2023-10-27T09:35:00.000Z","end":"2023-10-27T09:36:00.000Z"},"country":"Germany","OPM":1,"total_sales_volume":1.6299999952316284,"rate_of_return":0.0}
{"window":{"start":"2023-10-24T18:16:00.000Z","end":"2023-10-24T18:17:00.000Z"},"country":"United Kingdom","OPM":7,"total_sales_volume":9.929999858140945,"rate_of_return":0.14285714285714285}
{"window":{"start":"2023-10-25T11:18:00.000Z","end":"2023-10-25T11:19:00.000Z"},"country":"United Kingdom","OPM":8,"total_sales_volume":289.62000331282616,"rate_of_return":0.0}
{"window":{"start":"2023-10-24T00:42:00.000Z","end":"2023-10-24T00:43:00.000Z"},"country":"France","OPM":1,"total_sales_volume":19.139999628067017,"rate_of_return":0.0}
{"window":{"start":"2023-10-26T18:17:00.000Z","end":"2023-10-26T18:18:00.000Z"},"country":"Netherlands","OPM":1,"total_sales_volume":1.25,"rate_of_return":0.0}
{"window":{"start":"2023-10-27T12:24:00.000Z","end":"2023-10-27T12:25:00.000Z"},"country":"United Kingdom","OPM":8,"total_sales_volume":444.8999938070774,"rate_of_return":0.0}
{"window":{"start":"2023-10-23T23:42:00.000Z","end":"2023-10-23T23:43:00.000Z"},"country":"United Kingdom","OPM":6,"total_sales_volume":339.04999938607216,"rate_of_return":0.0}
{"window":{"start":"2023-10-26T21:47:00.000Z","end":"2023-10-26T21:48:00.000Z"},"country":"United Kingdom","OPM":13,"total_sales_volume":482.64000299572945,"rate_of_return":0.0}
{"window":{"start":"2023-10-24T11:41:00.000Z","end":"2023-10-24T11:42:00.000Z"},"country":"United Kingdom","OPM":7,"total_sales_volume":1161.5000243782997,"rate_of_return":0.0}
{"window":{"start":"2023-10-25T17:14:00.000Z","end":"2023-10-25T17:15:00.000Z"},"country":"Netherlands","OPM":1,"total_sales_volume":9.330000221729279,"rate_of_return":0.0}
{"window":{"start":"2023-10-27T03:45:00.000Z","end":"2023-10-27T03:46:00.000Z"},"country":"Germany","OPM":1,"total_sales_volume":280.680004298687,"rate_of_return":0.0}
{"window":{"start":"2023-10-23T17:16:00.000Z","end":"2023-10-23T17:17:00.000Z"},"country":"United Kingdom","OPM":11,"total_sales_volume":383.85999751091003,"rate_of_return":0.09090909090909091}
{"window":{"start":"2023-10-27T18:30:00.000Z","end":"2023-10-27T18:31:00.000Z"},"country":"United Kingdom","OPM":8,"total_sales_volume":435.19000244140625,"rate_of_return":0.125}
{"window":{"start":"2023-10-24T04:54:00.000Z","end":"2023-10-24T04:55:00.000Z"},"country":"France","OPM":1,"total_sales_volume":-24.070000171661377,"rate_of_return":1.0}
{"window":{"start":"2023-10-28T00:51:00.000Z","end":"2023-10-28T00:52:00.000Z"},"country":"EIRE","OPM":1,"total_sales_volume":42.94999897480011,"rate_of_return":0.0}
{"window":{"start":"2023-10-25T21:53:00.000Z","end":"2023-10-25T21:54:00.000Z"},"country":"United Kingdom","OPM":6,"total_sales_volume":1021.9099839925766,"rate_of_return":0.0}
{"window":{"start":"2023-10-26T16:37:00.000Z","end":"2023-10-26T16:38:00.000Z"},"country":"United Kingdom","OPM":7,"total_sales_volume":347.90999644994736,"rate_of_return":0.14285714285714285}
{"window":{"start":"2023-10-27T04:43:00.000Z","end":"2023-10-27T04:44:00.000Z"},"country":"EIRE","OPM":1,"total_sales_volume":139.11999940872192,"rate_of_return":0.0}
{"window":{"start":"2023-10-28T04:09:00.000Z","end":"2023-10-28T04:10:00.000Z"},"country":"EIRE","OPM":1,"total_sales_volume":6.230000019073486,"rate_of_return":0.0}
{"window":{"start":"2023-10-25T01:26:00.000Z","end":"2023-10-25T01:27:00.000Z"},"country":"United Kingdom","OPM":6,"total_sales_volume":71.8699991106987,"rate_of_return":0.0}
{"window":{"start":"2023-10-27T04:02:00.000Z","end":"2023-10-27T04:03:00.000Z"},"country":"EIRE","OPM":1,"total_sales_volume":64.06000018119812,"rate_of_return":0.0}
{"window":{"start":"2023-10-24T04:08:00.000Z","end":"2023-10-24T04:09:00.000Z"},"country":"Switzerland","OPM":1,"total_sales_volume":5.1000001430511475,"rate_of_return":0.0}
{"window":{"start":"2023-10-25T13:41:00.000Z","end":"2023-10-25T13:42:00.000Z"},"country":"Germany","OPM":1,"total_sales_volume":283.41000175476074,"rate_of_return":0.0}
{"window":{"start":"2023-10-26T03:35:00.000Z","end":"2023-10-26T03:36:00.000Z"},"country":"United Kingdom","OPM":10,"total_sales_volume":319.5399949848652,"rate_of_return":0.2}
{"window":{"start":"2023-10-23T20:53:00.000Z","end":"2023-10-23T20:54:00.000Z"},"country":"United Kingdom","OPM":8,"total_sales_volume":115.3899961411953,"rate_of_return":0.25}
{"window":{"start":"2023-10-25T03:21:00.000Z","end":"2023-10-25T03:22:00.000Z"},"country":"Norway","OPM":1,"total_sales_volume":163.87999838590622,"rate_of_return":0.0}
