{"window":{"start":"2023-10-24T14:48:00.000Z","end":"2023-10-24T14:49:00.000Z"},"country":"United Kingdom","OPM":4,"total_sales_volume":101.35999894142151,"rate_of_return":0.0}
{"window":{"start":"2023-10-24T22:06:00.000Z","end":"2023-10-24T22:07:00.000Z"},"country":"Netherlands","OPM":1,"total_sales_volume":180.7700043618679,"rate_of_return":0.0}
{"window":{"start":"2023-10-27T08:54:00.000Z","end":"2023-10-27T08:55:00.000Z"},"country":"United Kingdom","OPM":9,"total_sales_volume":429.38999289274216,"rate_of_return":0.1111111111111111}
{"window":{"start":"2023-10-24T04:54:00.000Z","end":"2023-10-24T04:55:00.000Z"},"country":"United Kingdom","OPM":8,"total_sales_volume":361.8999991416931,"rate_of_return":0.0}
{"window":{"start":"2023-10-25T06:30:00.000Z","end":"2023-10-25T06:31:00.000Z"},"country":"United Kingdom","OPM":13,"total_sales_volume":932.3000043332577,"rate_of_return":0.15384615384615385}
{"window":{"start":"2023-10-24T11:15:00.000Z","end":"2023-10-24T11:16:00.000Z"},"country":"United Kingdom","OPM":8,"total_sales_volume":386.909998267889,"rate_of_return":0.0}
{"window":{"start":"2023-10-28T02:24:00.000Z","end":"2023-10-28T02:25:00.000Z"},"country":"France","OPM":3,"total_sales_volume":552.0299974679947,"rate_of_return":0.0}
{"window":{"start":"2023-10-23T21:14:00.000Z","end":"2023-10-23T21:15:00.000Z"},"country":"United Kingdom","OPM":5,"total_sales_volume":220.0600003004074,"rate_of_return":0.0}
{"window":{"start":"2023-10-26T23:46:00.000Z","end":"2023-10-26T23:47:00.000Z"},"country":"United Kingdom","OPM":11,"total_sales_volume":467.8799957036972,"rate_of_return":0.09090909090909091}
{"window":{"start":"2023-10-23T19:59:00.000Z","end":"2023-10-23T20:00:00.000Z"},"country":"United Kingdom","OPM":12,"total_sales_volume":668.9099908769131,"rate_of_return":0.0}
{"window":{"start":"2023-10-24T17:51:00.000Z","end":"2023-10-24T17:52:00.000Z"},"country":"United Kingdom","OPM":9,"total_sales_volume":351.1099900007248,"rate_of_return":0.0}
{"window":{"start":"2023-10-23T18:52:00.000Z","end":"2023-10-23T18:53:00.000Z"},"country":"France","OPM":1,"total_sales_volume":53.859998762607574,"rate_of_return":0.0}
{"window":{"start":"2023-10-23T22:57:00.000Z","end":"2023-10-23T22:58:00.000Z"},"country":"Unspecified","OPM":1,"total_sales_volume":25.399999260902405,"rate_of_return":0.0}
{"window":{"start":"2023-10-25T06:34:00.000Z","end":"2023-10-25T06:35:00.000Z"},"country":"Switzerland","OPM":1,"total_sales_volume":57.2599992454052,"rate_of_return":0.0}
{"window":{"start":"2023-10-27T20:36:00.000Z","end":"2023-10-27T20:37:00.000Z"},"country":"Italy","OPM":1,"total_sales_volume":31.190000295639038,"rate_of_return":0.0}
{"window":{"start":"2023-10-27T22:45:00.000Z","end":"2023-10-27T22:46:00.000Z"},"country":"United Kingdom","OPM":8,"total_sales_volume":278.9699981212616,"rate_of_return":0.0}
{"window":{"start":"2023-10-24T16:05:00.000Z","end":"2023-10-24T16:06:00.000Z"},"country":"United Kingdom","OPM":6,"total_sales_volume":309.34999668598175,"rate_of_return":0.0}
{"window":{"start":"2023-10-23T17:33:00.000Z","end":"2023-10-23T17:34:00.000Z"},"country":"France","OPM":1,"total_sales_volume":255.27000033855438,"rate_of_return":0.0}
{"window":{"start":"2023-10-26T11:16:00.000Z","end":"2023-10-26T11:17:00.000Z"},"country":"United Kingdom","OPM":5,"total_sales_volume":326.2300008535385,"rate_of_return":0.0}
{"window":{"start":"2023-10-26T12:17:00.000Z","end":"2023-10-26T12:18:00.000Z"},"country":"United Kingdom","OPM":13,"total_sales_volume":1075.5699890553951,"rate_of_return":0.07692307692307693}
{"window":{"start":"2023-10-25T14:59:00.000Z","end":"2023-10-25T15:00:00.000Z"},"country":"United Kingdom","OPM":9,"total_sales_volume":469.2599986195564,"rate_of_return":0.0}
{"window":{"start":"2023-10-26T02:10:00.000Z","end":"2023-10-26T02:11:00.000Z"},"country":"Italy","OPM":1,"total_sales_volume":15.0,"rate_of_return":0.0}
{"window":{"start":"2023-10-27T03:52:00.000Z","end":"2023-10-27T03:53:00.000Z"},"country":"United Kingdom","OPM":12,"total_sales_volume":1596.2399812936783,"rate_of_return":0.0}
{"window":{"start":"2023-10-27T08:55:00.000Z","end":"2023-10-27T08:56:00.000Z"},"country":"United Kingdom","OPM":12,"total_sales_volume":564.4099953770638,"rate_of_return":0.08333333333333333}
{"window":{"start":"2023-10-25T15:56:00.000Z","end":"2023-10-25T15:57:00.000Z"},"country":"Cyprus","OPM":1,"total_sales_volume":18.990000545978546,"rate_of_return":0.0}
{"window":{"start":"2023-10-26T15:00:00.000Z","end":"2023-10-26T15:01:00.000Z"},"country":"EIRE","OPM":1,"total_sales_volume":51.16999888420105,"rate_of_return":0.0}
{"window":{"start":"2023-10-27T23:13:00.000Z","end":"2023-10-27T23:14:00.000Z"},"country":"United Kingdom","OPM":12,"total_sales_volume":1005.5000034570694,"rate_of_return":0.0}
{"window":{"start":"2023-10-25T15:28:00.000Z","end":"2023-10-25T15:29:00.000Z"},"country":"United Kingdom","OPM":6,"total_sales_volume":200.51999893784523,"rate_of_return":0.0}
{"window":{"start":"2023-10-26T12:28:00.000Z","end":"2023-10-26T12:29:00.000Z"},"country":"Italy","OPM":1,"total_sales_volume":144.000001847744,"rate_of_return":0.0}
{"window":{"start":"2023-10-24T16:54:00.000Z","end":"2023-10-24T16:55:00.000Z"},"country":"Netherlands","OPM":1,"total_sales_volume":-87.06000256538391,"rate_of_return":1.0}
{"window":{"start":"2023-10-27T02:42:00.000Z","end":"2023-10-27T02:43:00.000Z"},"country":"United Kingdom","OPM":12,"total_sales_volume":578.6999942362309,"rate_of_return":0.16666666666666666}
{"window":{"start":"2023-10-25T05:26:00.000Z","end":"2023-10-25T05:27:00.000Z"},"country":"EIRE","OPM":1,"total_sales_volume":1.25,"rate_of_return":0.0}
{"window":{"start":"2023-10-26T18:19:00.000Z","end":"2023-10-26T18:20:00.000Z"},"country":"EIRE","OPM":1,"total_sales_volume":17.700000286102295,"rate_of_return":0.0}
{"window":{"start":"2023-10-27T10:49:00.000Z","end":"2023-10-27T10:50:00.000Z"},"country":"EIRE","OPM":1,"total_sales_volume":22.5,"rate_of_return":0.0}
{"window":{"start":"2023-10-25T20:42:00.000Z","end":"2023-10-25T20:43:00.000Z"},"country":"Belgium","OPM":1,"total_sales_volume":128.4899982213974,"rate_of_return":0.0}
{"window":{"start":"2023-10-25T15:40:00.000Z","end":"2023-10-25T15:41:00.000Z"},"country":"Italy","OPM":1,"total_sales_volume":22.59000027179718,"rate_of_return":0.0}
{"window":{"start":"2023-10-27T13:28:00.000Z","end":"2023-10-27T13:29:00.000Z"},"country":"EIRE","OPM":1,"total_sales_volume":25.56999969482422,"rate_of_return":0.0}
{"window":{"start":"2023-10-23T20:18:00.000Z","end":"2023-10-23T20:19:00.000Z"},"country":"Germany","OPM":2,"total_sales_volume":105.73999983072281,"rate_of_return":0.0}
{"window":{"start":"2023-10-24T22:11:00.000Z","end":"2023-10-24T22:12:00.000Z"},"country":"Spain","OPM":1,"total_sales_volume":231.9999965429306,"rate_of_return":0.0}
{"window":{"start":"2023-10-27T21:40:00.000Z","end":"2023-10-27T21:41:00.000Z"},"country":"France","OPM":1,"total_sales_volume":61.44000020623207,"rate_of_return":0.0}
{"window":{"start":"2023-10-27T12:34:00.000Z","end":"2023-10-27T12:35:00.000Z"},"country":"United Kingdom","OPM":6,"total_sales_volume":2146.5999948978424,"rate_of_return":0.0}
{"window":{"start":"2023-10-23T18:27:00.000Z","end":"2023-10-23T18:28:00.000Z"},"country":"Germany","OPM":1,"total_sales_volume":3.259999990463257,"rate_of_return":0.0}
{"window":{"start":"2023-10-26T02:43:00.000Z","end":"2023-10-26T02:44:00.000Z"},"country":"United Kingdom","OPM":11,"total_sales_volume":542.4399956464767,"rate_of_return":0.0}
{"window":{"start":"2023-10-27T13:41:00.000Z","end":"2023-10-27T13:42:00.000Z"},"country":"Belgium","OPM":1,"total_sales_volume":16.09999942779541,"rate_of_return":0.0}
{"window":{"start":"2023-10-23T18:52:00.000Z","end":"2023-10-23T18:53:00.000Z"},"country":"Germany","OPM":1,"total_sales_volume":15.299999713897705,"rate_of_return":0.0}
{"window":{"start":"2023-10-26T05:09:00.000Z","end":"2023-10-26T05:10:00.000Z"},"country":"United Kingdom","OPM":8,"total_sales_volume":795.3900170922279,"rate_of_return":0.0}
{"window":{"start":"2023-10-26T14:04:00.000Z","end":"2023-10-26T14:05:00.000Z"},"country":"Portugal","OPM":1,"total_sales_volume":133.0499975681305,"rate_of_return":0.0}
{"window":{"start":"2023-10-25T22:07:00.000Z","end":"2023-10-25T22:08:00.000Z"},"country":"France","OPM":1,"total_sales_volume":2.9799999594688416,"rate_of_return":0.0}
{"window":{"start":"2023-10-26T01:49:00.000Z","end":"2023-10-26T01:50:00.000Z"},"country":"United Kingdom","OPM":14,"total_sales_volume":898.7699965238571,"rate_of_return":0.0}
{"window":{"start":"2023-10-24T19:54:00.000Z","end":"2023-10-24T19:55:00.000Z"},"country":"United Kingdom","OPM":9,"total_sales_volume":258.0399980247021,"rate_of_return":0.2222222222222222}
{"window":{"start":"2023-10-27T18:39:00.000Z","end":"2023-10-27T18:40:00.000Z"},"country":"RSA","OPM":1,"total_sales_volume":60.45000058412552,"rate_of_return":0.0}
{"window":{"start":"2023-10-26T06:42:00.000Z","end":"2023-10-26T06:43:00.000Z"},"country":"United Kingdom","OPM":8,"total_sales_volume":747.9899940788746,"rate_of_return":0.125}
{"window":{"start":"2023-10-24T23:38:00.000Z","end":"2023-10-24T23:39:00.000Z"},"country":"United Kingdom","OPM":15,"total_sales_volume":1734.8799785375595,"rate_of_return":0.0}
{"window":{"start":"2023-10-27T18:14:00.000Z","end":"2023-10-27T18:15:00.000Z"},"country":"United Kingdom","OPM":14,"total_sales_volume":974.1500000059605,"rate_of_return":0.0}
{"window":{"start":"2023-10-26T10:17:00.000Z","end":"2023-10-26T10:18:00.000Z"},"country":"Germany","OPM":1,"total_sales_volume":39.630000591278076,"rate_of_return":0.0}
{"window":{"start":"2023-10-24T22:35:00.000Z","end":"2023-10-24T22:36:00.000Z"},"country":"United Kingdom","OPM":17,"total_sales_volume":1836.490007698536,"rate_of_return":0.058823529411764705}
{"window":{"start":"2023-10-24T06:57:00.000Z","end":"2023-10-24T06:58:00.000Z"},"country":"United Kingdom","OPM":4,"total_sales_volume":129.48999854922295,"rate_of_return":0.0}
{"window":{"start":"2023-10-24T15:37:00.000Z","end":"2023-10-24T15:38:00.000Z"},"country":"United Kingdom","OPM":15,"total_sales_volume":1488.9700181484222,"rate_of_return":0.06666666666666667}
{"window":{"start":"2023-10-24T04:16:00.000Z","end":"2023-10-24T04:17:00.000Z"},"country":"United Kingdom","OPM":6,"total_sales_volume":331.55000457167625,"rate_of_return":0.0}
{"window":{"start":"2023-10-26T10:46:00.000Z","end":"2023-10-26T10:47:00.000Z"},"country":"United Kingdom","OPM":11,"total_sales_volume":820.6699841022491,"rate_of_return":0.09090909090909091}
{"window":{"start":"2023-10-24T03:41:00.000Z","end":"2023-10-24T03:42:00.000Z"},"country":"Belgium","OPM":1,"total_sales_volume":30.0,"rate_of_return":0.0}
