{"window":{"start":"2023-10-26T13:56:00.000Z","end":"2023-10-26T13:57:00.000Z"},"country":"Germany","OPM":1,"total_sales_volume":354.3300030231476,"rate_of_return":0.0}
{"window":{"start":"2023-10-27T15:10:00.000Z","end":"2023-10-27T15:11:00.000Z"},"country":"Netherlands","OPM":1,"total_sales_volume":-15.749999821186066,"rate_of_return":1.0}
{"window":{"start":"2023-10-27T19:12:00.000Z","end":"2023-10-27T19:13:00.000Z"},"country":"Finland","OPM":1,"total_sales_volume":20.799999237060547,"rate_of_return":0.0}
{"window":{"start":"2023-10-24T19:24:00.000Z","end":"2023-10-24T19:25:00.000Z"},"country":"United Kingdom","OPM":12,"total_sales_volume":654.6299969553947,"rate_of_return":0.0}
{"window":{"start":"2023-10-26T02:58:00.000Z","end":"2023-10-26T02:59:00.000Z"},"country":"United Kingdom","OPM":6,"total_sales_volume":678.0999851152301,"rate_of_return":0.0}
{"window":{"start":"2023-10-27T07:35:00.000Z","end":"2023-10-27T07:36:00.000Z"},"country":"France","OPM":1,"total_sales_volume":71.13999956846237,"rate_of_return":0.0}
{"window":{"start":"2023-10-27T06:34:00.000Z","end":"2023-10-27T06:35:00.000Z"},"country":"United Kingdom","OPM":10,"total_sales_volume":396.9100008904934,"rate_of_return":0.0}
{"window":{"start":"2023-10-24T16:06:00.000Z","end":"2023-10-24T16:07:00.000Z"},"country":"United Kingdom","OPM":14,"total_sales_volume":573.1999934315681,"rate_of_return":0.0}
{"window":{"start":"2023-10-24T21:59:00.000Z","end":"2023-10-24T22:00:00.000Z"},"country":"United Kingdom","OPM":7,"total_sales_volume":780.6900095939636,"rate_of_return":0.0}
{"window":{"start":"2023-10-24T10:58:00.000Z","end":"2023-10-24T10:59:00.000Z"},"country":"Norway","OPM":1,"total_sales_volume":19.869999885559082,"rate_of_return":0.0}
{"window":{"start":"2023-10-26T06:16:00.000Z","end":"2023-10-26T06:17:00.000Z"},"country":"EIRE","OPM":1,"total_sales_volume":32.329999566078186,"rate_of_return":0.0}
{"window":{"start":"2023-10-25T21:40:00.000Z","end":"2023-10-25T21:41:00.000Z"},"country":"Germany","OPM":1,"total_sales_volume":28.09999990463257,"rate_of_return":0.0}
{"window":{"start":"2023-10-24T02:15:00.000Z","end":"2023-10-24T02:16:00.000Z"},"country":"Channel Islands","OPM":2,"total_sales_volume":46.070000886917114,"rate_of_return":0.0}
{"window":{"start":"2023-10-24T04:41:00.000Z","end":"2023-10-24T04:42:00.000Z"},"country":"United Kingdom","OPM":14,"total_sales_volume":683.0099913477898,"rate_of_return":0.0}
{"window":{"start":"2023-10-27T16:47:00.000Z","end":"2023-10-27T16:48:00.000Z"},"country":"Germany","OPM":1,"total_sales_volume":-39.579999804496765,"rate_of_return":1.0}
{"window":{"start":"2023-10-27T05:16:00.000Z","end":"2023-10-27T05:17:00.000Z"},"country":"Spain","OPM":1,"total_sales_volume":169.5000021457672,"rate_of_return":0.0}
{"window":{"start":"2023-10-24T18:40:00.000Z","end":"2023-10-24T18:41:00.000Z"},"country":"United Kingdom","OPM":14,"total_sales_volume":662.1300005912781,"rate_of_return":0.14285714285714285}
{"window":{"start":"2023-10-25T05:47:00.000Z","end":"2023-10-25T05:48:00.000Z"},"country":"United Kingdom","OPM":9,"total_sales_volume":811.9999914467335,"rate_of_return":0.0}
{"window":{"start":"2023-10-26T16:56:00.000Z","end":"2023-10-26T16:57:00.000Z"},"country":"United Kingdom","OPM":6,"total_sales_volume":229.51000291109085,"rate_of_return":0.16666666666666666}
{"window":{"start":"2023-10-27T07:19:00.000Z","end":"2023-10-27T07:20:00.000Z"},"country":"United Kingdom","OPM":8,"total_sales_volume":659.3799954652786,"rate_of_return":0.125}
{"window":{"start":"2023-10-28T03:46:00.000Z","end":"2023-10-28T03:47:00.000Z"},"country":"United Kingdom","OPM":7,"total_sales_volume":285.47999835014343,"rate_of_return":0.0}
{"window":{"start":"2023-10-28T05:28:00.000Z","end":"2023-10-28T05:29:00.000Z"},"country":"United Kingdom","OPM":8,"total_sales_volume":576.6299972832203,"rate_of_return":0.125}
{"window":{"start":"2023-10-24T16:07:00.000Z","end":"2023-10-24T16:08:00.000Z"},"country":"United Kingdom","OPM":10,"total_sales_volume":1106.049997150898,"rate_of_return":0.1}
{"window":{"start":"2023-10-27T09:17:00.000Z","end":"2023-10-27T09:18:00.000Z"},"country":"United Kingdom","OPM":7,"total_sales_volume":303.10999961197376,"rate_of_return":0.0}
{"window":{"start":"2023-10-23T22:42:00.000Z","end":"2023-10-23T22:43:00.000Z"},"country":"Italy","OPM":1,"total_sales_volume":30.849999099969864,"rate_of_return":0.0}
{"window":{"start":"2023-10-26T19:46:00.000Z","end":"2023-10-26T19:47:00.000Z"},"country":"EIRE","OPM":2,"total_sales_volume":10.369999945163727,"rate_of_return":0.0}
{"window":{"start":"2023-10-25T04:45:00.000Z","end":"2023-10-25T04:46:00.000Z"},"country":"United Kingdom","OPM":5,"total_sales_volume":288.66999408602715,"rate_of_return":0.0}
{"window":{"start":"2023-10-27T20:57:00.000Z","end":"2023-10-27T20:58:00.000Z"},"country":"Austria","OPM":1,"total_sales_volume":4.949999809265137,"rate_of_return":0.0}
{"window":{"start":"2023-10-25T08:15:00.000Z","end":"2023-10-25T08:16:00.000Z"},"country":"United Kingdom","OPM":10,"total_sales_volume":185.65999993681908,"rate_of_return":0.1}
{"window":{"start":"2023-10-27T09:26:00.000Z","end":"2023-10-27T09:27:00.000Z"},"country":"EIRE","OPM":1,"total_sales_volume":84.200000166893,"rate_of_return":0.0}
{"window":{"start":"2023-10-28T04:51:00.000Z","end":"2023-10-28T04:52:00.000Z"},"country":"United Kingdom","OPM":15,"total_sales_volume":279.7899754047394,"rate_of_return":0.13333333333333333}
{"window":{"start":"2023-10-28T01:05:00.000Z","end":"2023-10-28T01:06:00.000Z"},"country":"United Kingdom","OPM":6,"total_sales_volume":163.4600023329258,"rate_of_return":0.16666666666666666}
{"window":{"start":"2023-10-25T04:36:00.000Z","end":"2023-10-25T04:37:00.000Z"},"country":"United Kingdom","OPM":9,"total_sales_volume":749.1399945616722,"rate_of_return":0.0}
{"window":{"start":"2023-10-24T18:33:00.000Z","end":"2023-10-24T18:34:00.000Z"},"country":"France","OPM":1,"total_sales_volume":0.8299999833106995,"rate_of_return":0.0}
{"window":{"start":"2023-10-24T14:57:00.000Z","end":"2023-10-24T14:58:00.000Z"},"country":"United Kingdom","OPM":4,"total_sales_volume":63.16999810934067,"rate_of_return":0.25}
{"window":{"start":"2023-10-28T05:24:00.000Z","end":"2023-10-28T05:25:00.000Z"},"country":"France","OPM":1,"total_sales_volume":4.049999952316284,"rate_of_return":0.0}
{"window":{"start":"2023-10-26T15:17:00.000Z","end":"2023-10-26T15:18:00.000Z"},"country":"United Kingdom","OPM":11,"total_sales_volume":684.6799913644791,"rate_of_return":0.0}
{"window":{"start":"2023-10-27T22:46:00.000Z","end":"2023-10-27T22:47:00.000Z"},"country":"EIRE","OPM":1,"total_sales_volume":74.46000099182129,"rate_of_return":0.0}
{"window":{"start":"2023-10-27T07:30:00.000Z","end":"2023-10-27T07:31:00.000Z"},"country":"United Kingdom","OPM":7,"total_sales_volume":247.77999985218048,"rate_of_return":0.0}
{"window":{"start":"2023-10-25T01:26:00.000Z","end":"2023-10-25T01:27:00.000Z"},"country":"Portugal","OPM":1,"total_sales_volume":37.12999963760376,"rate_of_return":0.0}
{"window":{"start":"2023-10-23T23:55:00.000Z","end":"2023-10-23T23:56:00.000Z"},"country":"United Kingdom","OPM":12,"total_sales_volume":1452.6599957942963,"rate_of_return":0.08333333333333333}
{"window":{"start":"2023-10-24T19:59:00.000Z","end":"2023-10-24T20:00:00.000Z"},"country":"United Kingdom","OPM":6,"total_sales_volume":303.1099978685379,"rate_of_return":0.16666666666666666}
{"window":{"start":"2023-10-26T04:34:00.000Z","end":"2023-10-26T04:35:00.000Z"},"country":"Germany","OPM":1,"total_sales_volume":1.659999966621399,"rate_of_return":0.0}
{"window":{"start":"2023-10-27T15:45:00.000Z","end":"2023-10-27T15:46:00.000Z"},"country":"United Kingdom","OPM":13,"total_sales_volume":1635.130025267601,"rate_of_return":0.0}
{"window":{"start":"2023-10-26T17:48:00.000Z","end":"2023-10-26T17:49:00.000Z"},"country":"United Kingdom","OPM":10,"total_sales_volume":387.721005601692,"rate_of_return":0.2}
{"window":{"start":"2023-10-24T14:11:00.000Z","end":"2023-10-24T14:12:00.000Z"},"country":"Finland","OPM":1,"total_sales_volume":21.209999948740005,"rate_of_return":0.0}
{"window":{"start":"2023-10-24T23:30:00.000Z","end":"2023-10-24T23:31:00.000Z"},"country":"United Kingdom","OPM":13,"total_sales_volume":921.7499966025352,"rate_of_return":0.0}
{"window":{"start":"2023-10-28T05:49:00.000Z","end":"2023-10-28T05:50:00.000Z"},"country":"United Kingdom","OPM":3,"total_sales_volume":98.95999819040298,"rate_of_return":0.0}
{"window":{"start":"2023-10-24T10:07:00.000Z","end":"2023-10-24T10:08:00.000Z"},"country":"Sweden","OPM":1,"total_sales_volume":16.299999237060547,"rate_of_return":0.0}
{"window":{"start":"2023-10-26T12:50:00.000Z","end":"2023-10-26T12:51:00.000Z"},"country":"United Kingdom","OPM":9,"total_sales_volume":258.2300011217594,"rate_of_return":0.0}
{"window":{"start":"2023-10-27T07:04:00.000Z","end":"2023-10-27T07:05:00.000Z"},"country":"RSA","OPM":1,"total_sales_volume":127.59999966621399,"rate_of_return":0.0}
{"window":{"start":"2023-10-27T15:34:00.000Z","end":"2023-10-27T15:35:00.000Z"},"country":"United Kingdom","OPM":13,"total_sales_volume":997.8399910926819,"rate_of_return":0.07692307692307693}
{"window":{"start":"2023-10-23T21:01:00.000Z","end":"2023-10-23T21:02:00.000Z"},"country":"EIRE","OPM":1,"total_sales_volume":0.28999999165534973,"rate_of_return":0.0}
{"window":{"start":"2023-10-24T02:27:00.000Z","end":"2023-10-24T02:28:00.000Z"},"country":"United Kingdom","OPM":13,"total_sales_volume":447.82000264525414,"rate_of_return":0.0}
{"window":{"start":"2023-10-24T10:04:00.000Z","end":"2023-10-24T10:05:00.000Z"},"country":"United Kingdom","OPM":11,"total_sales_volume":649.930005133152,"rate_of_return":0.18181818181818182}
{"window":{"start":"2023-10-24T05:36:00.000Z","end":"2023-10-24T05:37:00.000Z"},"country":"United Kingdom","OPM":15,"total_sales_volume":991.6400045156479,"rate_of_return":0.0}
