{"window":{"start":"2023-10-26T01:20:00.000Z","end":"2023-10-26T01:21:00.000Z"},"country":"United Kingdom","OPM":11,"total_sales_volume":362.0799931883812,"rate_of_return":0.18181818181818182}
{"window":{"start":"2023-10-25T08:56:00.000Z","end":"2023-10-25T08:57:00.000Z"},"country":"Australia","OPM":1,"total_sales_volume":34.22000074386597,"rate_of_return":0.0}
{"window":{"start":"2023-10-25T00:09:00.000Z","end":"2023-10-25T00:10:00.000Z"},"country":"United Kingdom","OPM":10,"total_sales_volume":462.0199970304966,"rate_of_return":0.0}
{"window":{"start":"2023-10-28T03:27:00.000Z","end":"2023-10-28T03:28:00.000Z"},"country":"United Kingdom","OPM":6,"total_sales_volume":574.9200021028519,"rate_of_return":0.0}
{"window":{"start":"2023-10-26T09:49:00.000Z","end":"2023-10-26T09:50:00.000Z"},"country":"EIRE","OPM":1,"total_sales_volume":17.880000114440918,"rate_of_return":0.0}
{"window":{"start":"2023-10-24T05:13:00.000Z","end":"2023-10-24T05:14:00.000Z"},"country":"Netherlands","OPM":1,"total_sales_volume":70.4400007724762,"rate_of_return":0.0}
{"window":{"start":"2023-10-25T12:27:00.000Z","end":"2023-10-25T12:28:00.000Z"},"country":"Switzerland","OPM":1,"total_sales_volume":25.52999973297119,"rate_of_return":0.0}
{"window":{"start":"2023-10-26T04:52:00.000Z","end":"2023-10-26T04:53:00.000Z"},"country":"United Kingdom","OPM":14,"total_sales_volume":872.4999910891056,"rate_of_return":0.0}
{"window":{"start":"2023-10-25T12:49:00.000Z","end":"2023-10-25T12:50:00.000Z"},"country":"France","OPM":2,"total_sales_volume":34.87999972701073,"rate_of_return":0.0}
{"window":{"start":"2023-10-27T03:10:00.000Z","end":"2023-10-27T03:11:00.000Z"},"country":"United Kingdom","OPM":6,"total_sales_volume":323.43999761343,"rate_of_return":0.0}
{"window":{"start":"2023-10-27T20:51:00.000Z","end":"2023-10-27T20:52:00.000Z"},"country":"France","OPM":1,"total_sales_volume":27.300000190734863,"rate_of_return":0.0}
{"window":{"start":"2023-10-27T01:54:00.000Z","end":"2023-10-27T01:55:00.000Z"},"country":"United Kingdom","OPM":11,"total_sales_volume":562.9099925160408,"rate_of_return":0.0}
{"window":{"start":"2023-10-27T13:54:00.000Z","end":"2023-10-27T13:55:00.000Z"},"country":"Germany","OPM":2,"total_sales_volume":-33.59000027179718,"rate_of_return":0.5}
{"window":{"start":"2023-10-24T23:49:00.000Z","end":"2023-10-24T23:50:00.000Z"},"country":"United Kingdom","OPM":4,"total_sales_volume":644.7699943780899,"rate_of_return":0.25}
{"window":{"start":"2023-10-27T02:14:00.000Z","end":"2023-10-27T02:15:00.000Z"},"country":"United Kingdom","OPM":5,"total_sales_volume":116.88999712467194,"rate_of_return":0.0}
{"window":{"start":"2023-10-25T08:21:00.000Z","end":"2023-10-25T08:22:00.000Z"},"country":"Lebanon","OPM":1,"total_sales_volume":11.469999939203262,"rate_of_return":0.0}
{"window":{"start":"2023-10-27T13:04:00.000Z","end":"2023-10-27T13:05:00.000Z"},"country":"United Kingdom","OPM":10,"total_sales_volume":653.6999983787537,"rate_of_return":0.0}
{"window":{"start":"2023-10-24T01:37:00.000Z","end":"2023-10-24T01:38:00.000Z"},"country":"Italy","OPM":1,"total_sales_volume":1.649999976158142,"rate_of_return":0.0}
{"window":{"start":"2023-10-25T11:50:00.000Z","end":"2023-10-25T11:51:00.000Z"},"country":"France","OPM":1,"total_sales_volume":185.78999945521355,"rate_of_return":0.0}
{"window":{"start":"2023-10-23T23:09:00.000Z","end":"2023-10-23T23:10:00.000Z"},"country":"EIRE","OPM":1,"total_sales_volume":9.149999976158142,"rate_of_return":0.0}
{"window":{"start":"2023-10-23T18:19:00.000Z","end":"2023-10-23T18:20:00.000Z"},"country":"Portugal","OPM":1,"total_sales_volume":174.0699986219406,"rate_of_return":0.0}
{"window":{"start":"2023-10-24T08:36:00.000Z","end":"2023-10-24T08:37:00.000Z"},"country":"Lithuania","OPM":1,"total_sales_volume":57.739999175071716,"rate_of_return":0.0}
{"window":{"start":"2023-10-24T14:04:00.000Z","end":"2023-10-24T14:05:00.000Z"},"country":"France","OPM":2,"total_sales_volume":58.23999971151352,"rate_of_return":0.0}
{"window":{"start":"2023-10-24T02:29:00.000Z","end":"2023-10-24T02:30:00.000Z"},"country":"Spain","OPM":1,"total_sales_volume":46.1199985742569,"rate_of_return":0.0}
{"window":{"start":"2023-10-23T19:57:00.000Z","end":"2023-10-23T19:58:00.000Z"},"country":"EIRE","OPM":1,"total_sales_volume":20.639999389648438,"rate_of_return":0.0}
{"window":{"start":"2023-10-23T18:23:00.000Z","end":"2023-10-23T18:24:00.000Z"},"country":"Germany","OPM":1,"total_sales_volume":180.37999546527863,"rate_of_return":0.0}
{"window":{"start":"2023-10-26T17:35:00.000Z","end":"2023-10-26T17:36:00.000Z"},"country":"Netherlands","OPM":1,"total_sales_volume":18.259999752044678,"rate_of_return":0.0}
{"window":{"start":"2023-10-26T15:19:00.000Z","end":"2023-10-26T15:20:00.000Z"},"country":"France","OPM":1,"total_sales_volume":16472.070937633514,"rate_of_return":0.0}
{"window":{"start":"2023-10-26T20:03:00.000Z","end":"2023-10-26T20:04:00.000Z"},"country":"United Kingdom","OPM":7,"total_sales_volume":285.81000047922134,"rate_of_return":0.0}
{"window":{"start":"2023-10-25T06:21:00.000Z","end":"2023-10-25T06:22:00.000Z"},"country":"Belgium","OPM":1,"total_sales_volume":80.84000015258789,"rate_of_return":0.0}
{"window":{"start":"2023-10-25T09:20:00.000Z","end":"2023-10-25T09:21:00.000Z"},"country":"United Kingdom","OPM":15,"total_sales_volume":1631.2300000190735,"rate_of_return":0.0}
{"window":{"start":"2023-10-26T08:57:00.000Z","end":"2023-10-26T08:58:00.000Z"},"country":"EIRE","OPM":1,"total_sales_volume":45.299999713897705,"rate_of_return":0.0}
{"window":{"start":"2023-10-25T15:50:00.000Z","end":"2023-10-25T15:51:00.000Z"},"country":"United Kingdom","OPM":12,"total_sales_volume":1052.3499969542027,"rate_of_return":0.0}
{"window":{"start":"2023-10-24T00:00:00.000Z","end":"2023-10-24T00:01:00.000Z"},"country":"United Kingdom","OPM":6,"total_sales_volume":366.3799998164177,"rate_of_return":0.0}
{"window":{"start":"2023-10-24T22:15:00.000Z","end":"2023-10-24T22:16:00.000Z"},"country":"EIRE","OPM":1,"total_sales_volume":53.97000163793564,"rate_of_return":0.0}
{"window":{"start":"2023-10-25T13:35:00.000Z","end":"2023-10-25T13:36:00.000Z"},"country":"United Kingdom","OPM":6,"total_sales_volume":1039.1299884319305,"rate_of_return":0.16666666666666666}
{"window":{"start":"2023-10-24T15:26:00.000Z","end":"2023-10-24T15:27:00.000Z"},"country":"United Kingdom","OPM":11,"total_sales_volume":425.9400010108948,"rate_of_return":0.0}
{"window":{"start":"2023-10-27T04:46:00.000Z","end":"2023-10-27T04:47:00.000Z"},"country":"United Kingdom","OPM":10,"total_sales_volume":582.4400060772896,"rate_of_return":0.0}
{"window":{"start":"2023-10-24T05:29:00.000Z","end":"2023-10-24T05:30:00.000Z"},"country":"United Kingdom","OPM":6,"total_sales_volume":502.95999950170517,"rate_of_return":0.0}
{"window":{"start":"2023-10-24T13:27:00.000Z","end":"2023-10-24T13:28:00.000Z"},"country":"Belgium","OPM":1,"total_sales_volume":52.63999962806702,"rate_of_return":0.0}
{"window":{"start":"2023-10-25T05:36:00.000Z","end":"2023-10-25T05:37:00.000Z"},"country":"Netherlands","OPM":1,"total_sales_volume":36.51000028848648,"rate_of_return":0.0}
{"window":{"start":"2023-10-27T08:52:00.000Z","end":"2023-10-27T08:53:00.000Z"},"country":"EIRE","OPM":1,"total_sales_volume":1.25,"rate_of_return":0.0}
{"window":{"start":"2023-10-27T01:23:00.000Z","end":"2023-10-27T01:24:00.000Z"},"country":"Greece","OPM":1,"total_sales_volume":-50.249998331069946,"rate_of_return":1.0}
{"window":{"start":"2023-10-25T14:15:00.000Z","end":"2023-10-25T14:16:00.000Z"},"country":"France","OPM":1,"total_sales_volume":22.34999942779541,"rate_of_return":0.0}
{"window":{"start":"2023-10-23T19:30:00.000Z","end":"2023-10-23T19:31:00.000Z"},"country":"France","OPM":1,"total_sales_volume":4.669999986886978,"rate_of_return":0.0}
{"window":{"start":"2023-10-23T16:35:00.000Z","end":"2023-10-23T16:36:00.000Z"},"country":"United Kingdom","OPM":8,"total_sales_volume":501.4199908077717,"rate_of_return":0.125}
{"window":{"start":"2023-10-26T14:15:00.000Z","end":"2023-10-26T14:16:00.000Z"},"country":"United Kingdom","OPM":4,"total_sales_volume":427.34998881816864,"rate_of_return":0.0}
{"window":{"start":"2023-10-27T06:00:00.000Z","end":"2023-10-27T06:01:00.000Z"},"country":"France","OPM":1,"total_sales_volume":68.48999863862991,"rate_of_return":0.0}
{"window":{"start":"2023-10-26T08:34:00.000Z","end":"2023-10-26T08:35:00.000Z"},"country":"France","OPM":1,"total_sales_volume":31.59999990463257,"rate_of_return":0.0}
{"window":{"start":"2023-10-26T09:06:00.000Z","end":"2023-10-26T09:07:00.000Z"},"country":"Spain","OPM":1,"total_sales_volume":26.760000228881836,"rate_of_return":0.0}
{"window":{"start":"2023-10-28T00:56:00.000Z","end":"2023-10-28T00:57:00.000Z"},"country":"Germany","OPM":1,"total_sales_volume":42.90000009536743,"rate_of_return":0.0}
{"window":{"start":"2023-10-23T16:54:00.000Z","end":"2023-10-23T16:55:00.000Z"},"country":"Belgium","OPM":1,"total_sales_volume":18.699999809265137,"rate_of_return":0.0}
{"window":{"start":"2023-10-23T23:06:00.000Z","end":"2023-10-23T23:07:00.000Z"},"country":"Australia","OPM":1,"total_sales_volume":20.449999809265137,"rate_of_return":0.0}
{"window":{"start":"2023-10-27T10:49:00.000Z","end":"2023-10-27T10:50:00.000Z"},"country":"United Kingdom","OPM":14,"total_sales_volume":2569.0400123894215,"rate_of_return":0.07142857142857142}
{"window":{"start":"2023-10-27T19:31:00.000Z","end":"2023-10-27T19:32:00.000Z"},"country":"United Kingdom","OPM":10,"total_sales_volume":709.3699977099895,"rate_of_return":0.1}
{"window":{"start":"2023-10-28T05:52:00.000Z","end":"2023-10-28T05:53:00.000Z"},"country":"Netherlands","OPM":1,"total_sales_volume":6.68999981880188,"rate_of_return":0.0}
{"window":{"start":"2023-10-26T15:13:00.000Z","end":"2023-10-26T15:14:00.000Z"},"country":"EIRE","OPM":1,"total_sales_volume":24.959999084472656,"rate_of_return":0.0}
{"window":{"start":"2023-10-27T02:23:00.000Z","end":"2023-10-27T02:24:00.000Z"},"country":"Belgium","OPM":1,"total_sales_volume":42.569999158382416,"rate_of_return":0.0}
{"window":{"start":"2023-10-25T03:19:00.000Z","end":"2023-10-25T03:20:00.000Z"},"country":"United Kingdom","OPM":4,"total_sales_volume":120.19000005722046,"rate_of_return":0.0}
{"window":{"start":"2023-10-28T04:37:00.000Z","end":"2023-10-28T04:38:00.000Z"},"country":"United Kingdom","OPM":4,"total_sales_volume":94.51999959349632,"rate_of_return":0.25}
{"window":{"start":"2023-10-23T14:32:00.000Z","end":"2023-10-23T14:33:00.000Z"},"country":"United Kingdom","OPM":8,"total_sales_volume":781.2300007045269,"rate_of_return":0.0}
{"window":{"start":"2023-10-26T19:14:00.000Z","end":"2023-10-26T19:15:00.000Z"},"country":"United Kingdom","OPM":9,"total_sales_volume":787.0099948048592,"rate_of_return":0.0}
{"window":{"start":"2023-10-27T00:58:00.000Z","end":"2023-10-27T00:59:00.000Z"},"country":"Greece","OPM":1,"total_sales_volume":24.600000381469727,"rate_of_return":0.0}
{"window":{"start":"2023-10-26T14:03:00.000Z","end":"2023-10-26T14:04:00.000Z"},"country":"United Kingdom","OPM":9,"total_sales_volume":189.6899997293949,"rate_of_return":0.1111111111111111}
{"window":{"start":"2023-10-25T16:14:00.000Z","end":"2023-10-25T16:15:00.000Z"},"country":"Germany","OPM":1,"total_sales_volume":79.5999984741211,"rate_of_return":0.0}
{"window":{"start":"2023-10-24T13:20:00.000Z","end":"2023-10-24T13:21:00.000Z"},"country":"United Kingdom","OPM":5,"total_sales_volume":1634.9100198596716,"rate_of_return":0.2}
{"window":{"start":"2023-10-27T07:07:00.000Z","end":"2023-10-27T07:08:00.000Z"},"country":"EIRE","OPM":2,"total_sales_volume":66.81000009179115,"rate_of_return":0.0}
{"window":{"start":"2023-10-27T16:28:00.000Z","end":"2023-10-27T16:29:00.000Z"},"country":"Norway","OPM":1,"total_sales_volume":28.070000648498535,"rate_of_return":0.0}
{"window":{"start":"2023-10-26T13:58:00.000Z","end":"2023-10-26T13:59:00.000Z"},"country":"United Kingdom","OPM":11,"total_sales_volume":779.7799889743328,"rate_of_return":0.0}
{"window":{"start":"2023-10-28T01:34:00.000Z","end":"2023-10-28T01:35:00.000Z"},"country":"United Kingdom","OPM":5,"total_sales_volume":282.0100010037422,"rate_of_return":0.0}
