{"window":{"start":"2023-10-26T19:20:00.000Z","end":"2023-10-26T19:21:00.000Z"},"country":"United Kingdom","OPM":6,"total_sales_volume":332.02999660372734,"rate_of_return":0.0}
{"window":{"start":"2023-10-27T09:35:00.000Z","end":"2023-10-27T09:36:00.000Z"},"country":"USA","OPM":1,"total_sales_volume":32.84999918937683,"rate_of_return":0.0}
{"window":{"start":"2023-10-28T04:09:00.000Z","end":"2023-10-28T04:10:00.000Z"},"country":"United Kingdom","OPM":6,"total_sales_volume":889.9700017571449,"rate_of_return":0.0}
{"window":{"start":"2023-10-26T03:54:00.000Z","end":"2023-10-26T03:55:00.000Z"},"country":"Germany","OPM":1,"total_sales_volume":14.70000010728836,"rate_of_return":0.0}
{"window":{"start":"2023-10-24T04:23:00.000Z","end":"2023-10-24T04:24:00.000Z"},"country":"Belgium","OPM":1,"total_sales_volume":55.59000110626221,"rate_of_return":0.0}
{"window":{"start":"2023-10-28T01:21:00.000Z","end":"2023-10-28T01:22:00.000Z"},"country":"United Kingdom","OPM":4,"total_sales_volume":132.5099993944168,"rate_of_return":0.0}
{"window":{"start":"2023-10-26T10:03:00.000Z","end":"2023-10-26T10:04:00.000Z"},"country":"Switzerland","OPM":1,"total_sales_volume":44.019999980926514,"rate_of_return":0.0}
{"window":{"start":"2023-10-23T20:51:00.000Z","end":"2023-10-23T20:52:00.000Z"},"country":"Spain","OPM":1,"total_sales_volume":13.5,"rate_of_return":0.0}
{"window":{"start":"2023-10-25T00:41:00.000Z","end":"2023-10-25T00:42:00.000Z"},"country":"United Kingdom","OPM":15,"total_sales_volume":927.5300122797489,"rate_of_return":0.06666666666666667}
{"window":{"start":"2023-10-24T01:09:00.000Z","end":"2023-10-24T01:10:00.000Z"},"country":"Germany","OPM":2,"total_sales_volume":-38.36999970674515,"rate_of_return":0.5}
{"window":{"start":"2023-10-26T21:31:00.000Z","end":"2023-10-26T21:32:00.000Z"},"country":"United Kingdom","OPM":15,"total_sales_volume":657.9700042903423,"rate_of_return":0.0}
{"window":{"start":"2023-10-28T04:10:00.000Z","end":"2023-10-28T04:11:00.000Z"},"country":"France","OPM":1,"total_sales_volume":254.0000022649765,"rate_of_return":0.0}
{"window":{"start":"2023-10-23T15:56:00.000Z","end":"2023-10-23T15:57:00.000Z"},"country":"United Kingdom","OPM":8,"total_sales_volume":1937.8799977898598,"rate_of_return":0.0}
{"window":{"start":"2023-10-26T01:26:00.000Z","end":"2023-10-26T01:27:00.000Z"},"country":"United Kingdom","OPM":14,"total_sales_volume":956.2199928760529,"rate_of_return":0.0}
{"window":{"start":"2023-10-24T14:17:00.000Z","end":"2023-10-24T14:18:00.000Z"},"country":"United Kingdom","OPM":8,"total_sales_volume":1221.040012449026,"rate_of_return":0.125}
{"window":{"start":"2023-10-27T06:33:00.000Z","end":"2023-10-27T06:34:00.000Z"},"country":"Finland","OPM":1,"total_sales_volume":151.76000094413757,"rate_of_return":0.0}
{"window":{"start":"2023-10-28T02:49:00.000Z","end":"2023-10-28T02:50:00.000Z"},"country":"Switzerland","OPM":1,"total_sales_volume":55.390000343322754,"rate_of_return":0.0}
{"window":{"start":"2023-10-27T17:03:00.000Z","end":"2023-10-27T17:04:00.000Z"},"country":"United Kingdom","OPM":4,"total_sales_volume":178.97999715805054,"rate_of_return":0.0}
{"window":{"start":"2023-10-24T01:08:00.000Z","end":"2023-10-24T01:09:00.000Z"},"country":"Switzerland","OPM":1,"total_sales_volume":100.27000081539154,"rate_of_return":0.0}
{"window":{"start":"2023-10-27T13:25:00.000Z","end":"2023-10-27T13:26:00.000Z"},"country":"Spain","OPM":1,"total_sales_volume":136.58000016212463,"rate_of_return":0.0}
{"window":{"start":"2023-10-27T20:02:00.000Z","end":"2023-10-27T20:03:00.000Z"},"country":"United Kingdom","OPM":13,"total_sales_volume":492.2699983716011,"rate_of_return":0.0}
{"window":{"start":"2023-10-26T14:44:00.000Z","end":"2023-10-26T14:45:00.000Z"},"country":"France","OPM":1,"total_sales_volume":52.09999990463257,"rate_of_return":0.0}
{"window":{"start":"2023-10-23T15:05:00.000Z","end":"2023-10-23T15:06:00.000Z"},"country":"United Kingdom","OPM":10,"total_sales_volume":538.6099990308285,"rate_of_return":0.0}
{"window":{"start":"2023-10-27T10:04:00.000Z","end":"2023-10-27T10:05:00.000Z"},"country":"France","OPM":1,"total_sales_volume":2.549999952316284,"rate_of_return":0.0}
{"window":{"start":"2023-10-26T23:19:00.000Z","end":"2023-10-26T23:20:00.000Z"},"country":"United Kingdom","OPM":12,"total_sales_volume":700.6099941730499,"rate_of_return":0.08333333333333333}
{"window":{"start":"2023-10-28T04:13:00.000Z","end":"2023-10-28T04:14:00.000Z"},"country":"United Kingdom","OPM":8,"total_sales_volume":801.1199871301651,"rate_of_return":0.0}
{"window":{"start":"2023-10-24T08:41:00.000Z","end":"2023-10-24T08:42:00.000Z"},"country":"United Arab Emirates","OPM":1,"total_sales_volume":30.05999982357025,"rate_of_return":0.0}
{"window":{"start":"2023-10-25T02:46:00.000Z","end":"2023-10-25T02:47:00.000Z"},"country":"United Kingdom","OPM":4,"total_sales_volume":200.4699982404709,"rate_of_return":0.0}
{"window":{"start":"2023-10-24T17:50:00.000Z","end":"2023-10-24T17:51:00.000Z"},"country":"United Kingdom","OPM":4,"total_sales_volume":589.4400042593479,"rate_of_return":0.0}
{"window":{"start":"2023-10-25T14:32:00.000Z","end":"2023-10-25T14:33:00.000Z"},"country":"United Kingdom","OPM":6,"total_sales_volume":1357.3400095701218,"rate_of_return":0.0}
{"window":{"start":"2023-10-27T06:22:00.000Z","end":"2023-10-27T06:23:00.000Z"},"country":"United Kingdom","OPM":6,"total_sales_volume":360.95999759435654,"rate_of_return":0.0}
{"window":{"start":"2023-10-28T04:25:00.000Z","end":"2023-10-28T04:26:00.000Z"},"country":"United Kingdom","OPM":8,"total_sales_volume":1044.7799910604954,"rate_of_return":0.0}
{"window":{"start":"2023-10-27T11:01:00.000Z","end":"2023-10-27T11:02:00.000Z"},"country":"United Kingdom","OPM":5,"total_sales_volume":550.2200012207031,"rate_of_return":0.0}
{"window":{"start":"2023-10-27T03:09:00.000Z","end":"2023-10-27T03:10:00.000Z"},"country":"Channel Islands","OPM":1,"total_sales_volume":132.15999948978424,"rate_of_return":0.0}
{"window":{"start":"2023-10-23T22:32:00.000Z","end":"2023-10-23T22:33:00.000Z"},"country":"Germany","OPM":1,"total_sales_volume":19.88000053167343,"rate_of_return":0.0}
{"window":{"start":"2023-10-25T14:21:00.000Z","end":"2023-10-25T14:22:00.000Z"},"country":"United Kingdom","OPM":8,"total_sales_volume":205.6100002527237,"rate_of_return":0.125}
{"window":{"start":"2023-10-25T10:35:00.000Z","end":"2023-10-25T10:36:00.000Z"},"country":"United Kingdom","OPM":8,"total_sales_volume":925.9199823439121,"rate_of_return":0.0}
{"window":{"start":"2023-10-27T08:40:00.000Z","end":"2023-10-27T08:41:00.000Z"},"country":"United Kingdom","OPM":5,"total_sales_volume":415.3299995660782,"rate_of_return":0.0}
{"window":{"start":"2023-10-25T01:36:00.000Z","end":"2023-10-25T01:37:00.000Z"},"country":"United Kingdom","OPM":9,"total_sales_volume":565.6099906861782,"rate_of_return":0.0}
{"window":{"start":"2023-10-23T13:28:00.000Z","end":"2023-10-23T13:29:00.000Z"},"country":"United Kingdom","OPM":9,"total_sales_volume":342.20000118017197,"rate_of_return":0.0}
{"window":{"start":"2023-10-28T05:23:00.000Z","end":"2023-10-28T05:24:00.000Z"},"country":"France","OPM":1,"total_sales_volume":103.6599999666214,"rate_of_return":0.0}
{"window":{"start":"2023-10-26T21:25:00.000Z","end":"2023-10-26T21:26:00.000Z"},"country":"United Kingdom","OPM":6,"total_sales_volume":721.2899968624115,"rate_of_return":0.0}
{"window":{"start":"2023-10-26T09:09:00.000Z","end":"2023-10-26T09:10:00.000Z"},"country":"United Kingdom","OPM":8,"total_sales_volume":256.9499987065792,"rate_of_return":0.0}
{"window":{"start":"2023-10-26T20:16:00.000Z","end":"2023-10-26T20:17:00.000Z"},"country":"United Kingdom","OPM":9,"total_sales_volume":311.1999988555908,"rate_of_return":0.2222222222222222}
{"window":{"start":"2023-10-26T11:35:00.000Z","end":"2023-10-26T11:36:00.000Z"},"country":"United Kingdom","OPM":5,"total_sales_volume":658.9899868965149,"rate_of_return":0.0}
{"window":{"start":"2023-10-23T19:02:00.000Z","end":"2023-10-23T19:03:00.000Z"},"country":"United Kingdom","OPM":12,"total_sales_volume":459.4600011706352,"rate_of_return":0.08333333333333333}
{"window":{"start":"2023-10-28T03:05:00.000Z","end":"2023-10-28T03:06:00.000Z"},"country":"United Kingdom","OPM":5,"total_sales_volume":669.2200067639351,"rate_of_return":0.0}
{"window":{"start":"2023-10-25T21:01:00.000Z","end":"2023-10-25T21:02:00.000Z"},"country":"United Kingdom","OPM":11,"total_sales_volume":938.289999127388,"rate_of_return":0.0}
{"window":{"start":"2023-10-27T18:32:00.000Z","end":"2023-10-27T18:33:00.000Z"},"country":"United Kingdom","OPM":8,"total_sales_volume":443.1300036907196,"rate_of_return":0.0}
{"window":{"start":"2023-10-26T06:39:00.000Z","end":"2023-10-26T06:40:00.000Z"},"country":"France","OPM":1,"total_sales_volume":127.19999885559082,"rate_of_return":0.0}
{"window":{"start":"2023-10-28T00:18:00.000Z","end":"2023-10-28T00:19:00.000Z"},"country":"United Kingdom","OPM":9,"total_sales_volume":383.3200012743473,"rate_of_return":0.1111111111111111}
{"window":{"start":"2023-10-23T22:40:00.000Z","end":"2023-10-23T22:41:00.000Z"},"country":"United Kingdom","OPM":4,"total_sales_volume":195.879998087883,"rate_of_return":0.0}
{"window":{"start":"2023-10-24T22:51:00.000Z","end":"2023-10-24T22:52:00.000Z"},"country":"United Kingdom","OPM":10,"total_sales_volume":595.0700000524521,"rate_of_return":0.2}
{"window":{"start":"2023-10-23T23:54:00.000Z","end":"2023-10-23T23:55:00.000Z"},"country":"United Kingdom","OPM":11,"total_sales_volume":542.3400020599365,"rate_of_return":0.18181818181818182}
{"window":{"start":"2023-10-26T00:20:00.000Z","end":"2023-10-26T00:21:00.000Z"},"country":"United Kingdom","OPM":10,"total_sales_volume":289.0999962836504,"rate_of_return":0.0}
{"window":{"start":"2023-10-27T20:49:00.000Z","end":"2023-10-27T20:50:00.000Z"},"country":"France","OPM":1,"total_sales_volume":3.9000000953674316,"rate_of_return":0.0}
{"window":{"start":"2023-10-25T16:12:00.000Z","end":"2023-10-25T16:13:00.000Z"},"country":"United Kingdom","OPM":15,"total_sales_volume":2226.6099668741226,"rate_of_return":0.13333333333333333}
{"window":{"start":"2023-10-24T15:18:00.000Z","end":"2023-10-24T15:19:00.000Z"},"country":"United Kingdom","OPM":16,"total_sales_volume":1883.0999815165997,"rate_of_return":0.0}
{"window":{"start":"2023-10-27T03:05:00.000Z","end":"2023-10-27T03:06:00.000Z"},"country":"Belgium","OPM":1,"total_sales_volume":2.4600000381469727,"rate_of_return":0.0}
{"window":{"start":"2023-10-27T03:42:00.000Z","end":"2023-10-27T03:43:00.000Z"},"country":"Germany","OPM":1,"total_sales_volume":-30.410000801086426,"rate_of_return":1.0}
{"window":{"start":"2023-10-26T11:58:00.000Z","end":"2023-10-26T11:59:00.000Z"},"country":"United Kingdom","OPM":7,"total_sales_volume":155.639998793602,"rate_of_return":0.0}
{"window":{"start":"2023-10-25T13:31:00.000Z","end":"2023-10-25T13:32:00.000Z"},"country":"United Kingdom","OPM":12,"total_sales_volume":1903.9199780374765,"rate_of_return":0.0}
{"window":{"start":"2023-10-27T02:00:00.000Z","end":"2023-10-27T02:01:00.000Z"},"country":"EIRE","OPM":1,"total_sales_volume":11.46999979019165,"rate_of_return":0.0}
{"window":{"start":"2023-10-24T04:35:00.000Z","end":"2023-10-24T04:36:00.000Z"},"country":"United Kingdom","OPM":10,"total_sales_volume":538.7800024747849,"rate_of_return":0.1}
{"window":{"start":"2023-10-27T07:55:00.000Z","end":"2023-10-27T07:56:00.000Z"},"country":"Norway","OPM":1,"total_sales_volume":41.22000074386597,"rate_of_return":0.0}
{"window":{"start":"2023-10-27T13:05:00.000Z","end":"2023-10-27T13:06:00.000Z"},"country":"France","OPM":1,"total_sales_volume":112.4399998486042,"rate_of_return":0.0}
