{"window":{"start":"2023-10-25T01:37:00.000Z","end":"2023-10-25T01:38:00.000Z"},"country":"France","OPM":1,"total_sales_volume":6.339999973773956,"rate_of_return":0.0}
{"window":{"start":"2023-10-24T18:11:00.000Z","end":"2023-10-24T18:12:00.000Z"},"country":"United Kingdom","OPM":11,"total_sales_volume":350.45999413728714,"rate_of_return":0.09090909090909091}
{"window":{"start":"2023-10-26T21:59:00.000Z","end":"2023-10-26T22:00:00.000Z"},"country":"Unspecified","OPM":1,"total_sales_volume":7.949999809265137,"rate_of_return":0.0}
{"window":{"start":"2023-10-25T16:01:00.000Z","end":"2023-10-25T16:02:00.000Z"},"country":"Spain","OPM":1,"total_sales_volume":33.07000043988228,"rate_of_return":0.0}
{"window":{"start":"2023-10-27T04:34:00.000Z","end":"2023-10-27T04:35:00.000Z"},"country":"United Kingdom","OPM":15,"total_sales_volume":317.32000106573105,"rate_of_return":0.2}
{"window":{"start":"2023-10-24T12:36:00.000Z","end":"2023-10-24T12:37:00.000Z"},"country":"United Kingdom","OPM":4,"total_sales_volume":1216.729989528656,"rate_of_return":0.0}
{"window":{"start":"2023-10-27T09:52:00.000Z","end":"2023-10-27T09:53:00.000Z"},"country":"Hong Kong","OPM":1,"total_sales_volume":18.549999713897705,"rate_of_return":0.0}
{"window":{"start":"2023-10-26T12:08:00.000Z","end":"2023-10-26T12:09:00.000Z"},"country":"United Kingdom","OPM":12,"total_sales_volume":917.1200007498264,"rate_of_return":0.08333333333333333}
{"window":{"start":"2023-10-25T07:43:00.000Z","end":"2023-10-25T07:44:00.000Z"},"country":"United Kingdom","OPM":11,"total_sales_volume":708.1800118684769,"rate_of_return":0.09090909090909091}
{"window":{"start":"2023-10-27T11:20:00.000Z","end":"2023-10-27T11:21:00.000Z"},"country":"United Kingdom","OPM":12,"total_sales_volume":833.3099995851517,"rate_of_return":0.08333333333333333}
{"window":{"start":"2023-10-27T03:05:00.000Z","end":"2023-10-27T03:06:00.000Z"},"country":"EIRE","OPM":2,"total_sales_volume":71.0500006377697,"rate_of_return":0.0}
{"window":{"start":"2023-10-24T02:18:00.000Z","end":"2023-10-24T02:19:00.000Z"},"country":"United Kingdom","OPM":11,"total_sales_volume":655.5499885082245,"rate_of_return":0.09090909090909091}
{"window":{"start":"2023-10-23T20:22:00.000Z","end":"2023-10-23T20:23:00.000Z"},"country":"United Kingdom","OPM":11,"total_sales_volume":1046.8300040364265,"rate_of_return":0.09090909090909091}
{"window":{"start":"2023-10-27T02:27:00.000Z","end":"2023-10-27T02:28:00.000Z"},"country":"Norway","OPM":1,"total_sales_volume":68.5600004196167,"rate_of_return":0.0}
{"window":{"start":"2023-10-26T06:29:00.000Z","end":"2023-10-26T06:30:00.000Z"},"country":"Spain","OPM":1,"total_sales_volume":13.360000014305115,"rate_of_return":0.0}
{"window":{"start":"2023-10-24T18:17:00.000Z","end":"2023-10-24T18:18:00.000Z"},"country":"United Kingdom","OPM":15,"total_sales_volume":823.7099927961826,"rate_of_return":0.0}
{"window":{"start":"2023-10-28T04:13:00.000Z","end":"2023-10-28T04:14:00.000Z"},"country":"Canada","OPM":1,"total_sales_volume":28.649999856948853,"rate_of_return":0.0}
{"window":{"start":"2023-10-25T17:54:00.000Z","end":"2023-10-25T17:55:00.000Z"},"country":"Germany","OPM":1,"total_sales_volume":0.23999999463558197,"rate_of_return":0.0}
{"window":{"start":"2023-10-27T07:03:00.000Z","end":"2023-10-27T07:04:00.000Z"},"country":"United Kingdom","OPM":6,"total_sales_volume":995.0100046098232,"rate_of_return":0.0}
{"window":{"start":"2023-10-25T06:43:00.000Z","end":"2023-10-25T06:44:00.000Z"},"country":"United Kingdom","OPM":15,"total_sales_volume":1581.0499962866306,"rate_of_return":0.06666666666666667}
{"window":{"start":"2023-10-25T06:24:00.000Z","end":"2023-10-25T06:25:00.000Z"},"country":"France","OPM":1,"total_sales_volume":21.53000020980835,"rate_of_return":0.0}
{"window":{"start":"2023-10-25T11:37:00.000Z","end":"2023-10-25T11:38:00.000Z"},"country":"United Kingdom","OPM":12,"total_sales_volume":908.5099918842316,"rate_of_return":0.0}
{"window":{"start":"2023-10-25T07:35:00.000Z","end":"2023-10-25T07:36:00.000Z"},"country":"Spain","OPM":1,"total_sales_volume":99.09999656677246,"rate_of_return":0.0}
{"window":{"start":"2023-10-25T04:57:00.000Z","end":"2023-10-25T04:58:00.000Z"},"country":"United Kingdom","OPM":9,"total_sales_volume":1915.3399996757507,"rate_of_return":0.0}
{"window":{"start":"2023-10-26T04:11:00.000Z","end":"2023-10-26T04:12:00.000Z"},"country":"EIRE","OPM":1,"total_sales_volume":113.30000352859497,"rate_of_return":0.0}
{"window":{"start":"2023-10-24T01:02:00.000Z","end":"2023-10-24T01:03:00.000Z"},"country":"Germany","OPM":1,"total_sales_volume":32.84999942779541,"rate_of_return":0.0}
{"window":{"start":"2023-10-27T05:09:00.000Z","end":"2023-10-27T05:10:00.000Z"},"country":"United Kingdom","OPM":11,"total_sales_volume":735.3399899601936,"rate_of_return":0.0}
{"window":{"start":"2023-10-26T16:45:00.000Z","end":"2023-10-26T16:46:00.000Z"},"country":"Germany","OPM":2,"total_sales_volume":487.95999443531036,"rate_of_return":0.0}
{"window":{"start":"2023-10-23T17:59:00.000Z","end":"2023-10-23T18:00:00.000Z"},"country":"United Kingdom","OPM":13,"total_sales_volume":830.1099964976311,"rate_of_return":0.07692307692307693}
{"window":{"start":"2023-10-27T06:42:00.000Z","end":"2023-10-27T06:43:00.000Z"},"country":"USA","OPM":1,"total_sales_volume":45.709999322891235,"rate_of_return":0.0}
{"window":{"start":"2023-10-25T21:31:00.000Z","end":"2023-10-25T21:32:00.000Z"},"country":"United Kingdom","OPM":8,"total_sales_volume":536.6600003540516,"rate_of_return":0.0}
{"window":{"start":"2023-10-25T18:22:00.000Z","end":"2023-10-25T18:23:00.000Z"},"country":"Switzerland","OPM":1,"total_sales_volume":20.109999656677246,"rate_of_return":0.0}
{"window":{"start":"2023-10-26T06:10:00.000Z","end":"2023-10-26T06:11:00.000Z"},"country":"United Kingdom","OPM":11,"total_sales_volume":576.2500068694353,"rate_of_return":0.09090909090909091}
{"window":{"start":"2023-10-25T00:29:00.000Z","end":"2023-10-25T00:30:00.000Z"},"country":"Germany","OPM":1,"total_sales_volume":2.5,"rate_of_return":0.0}
{"window":{"start":"2023-10-23T23:07:00.000Z","end":"2023-10-23T23:08:00.000Z"},"country":"United Kingdom","OPM":10,"total_sales_volume":8554.389849126339,"rate_of_return":0.1}
{"window":{"start":"2023-10-26T05:47:00.000Z","end":"2023-10-26T05:48:00.000Z"},"country":"Germany","OPM":2,"total_sales_volume":52.60999920964241,"rate_of_return":0.0}
{"window":{"start":"2023-10-25T09:29:00.000Z","end":"2023-10-25T09:30:00.000Z"},"country":"Germany","OPM":1,"total_sales_volume":16.49999976158142,"rate_of_return":0.0}
{"window":{"start":"2023-10-24T01:00:00.000Z","end":"2023-10-24T01:01:00.000Z"},"country":"United Kingdom","OPM":12,"total_sales_volume":1580.9899919629097,"rate_of_return":0.0}
{"window":{"start":"2023-10-24T06:05:00.000Z","end":"2023-10-24T06:06:00.000Z"},"country":"United Kingdom","OPM":4,"total_sales_volume":142.20000171661377,"rate_of_return":0.0}
{"window":{"start":"2023-10-26T07:12:00.000Z","end":"2023-10-26T07:13:00.000Z"},"country":"United Kingdom","OPM":10,"total_sales_volume":485.40000024437904,"rate_of_return":0.1}
{"window":{"start":"2023-10-27T08:29:00.000Z","end":"2023-10-27T08:30:00.000Z"},"country":"France","OPM":2,"total_sales_volume":56.94000160694122,"rate_of_return":0.5}
{"window":{"start":"2023-10-27T13:53:00.000Z","end":"2023-10-27T13:54:00.000Z"},"country":"Portugal","OPM":1,"total_sales_volume":6.230000019073486,"rate_of_return":0.0}
{"window":{"start":"2023-10-26T04:33:00.000Z","end":"2023-10-26T04:34:00.000Z"},"country":"United Kingdom","OPM":9,"total_sales_volume":172.68999847769737,"rate_of_return":0.0}
{"window":{"start":"2023-10-23T18:04:00.000Z","end":"2023-10-23T18:05:00.000Z"},"country":"United Kingdom","OPM":14,"total_sales_volume":314.4000047631562,"rate_of_return":0.21428571428571427}
{"window":{"start":"2023-10-24T06:50:00.000Z","end":"2023-10-24T06:51:00.000Z"},"country":"United Kingdom","OPM":4,"total_sales_volume":490.819997549057,"rate_of_return":0.0}
{"window":{"start":"2023-10-24T01:40:00.000Z","end":"2023-10-24T01:41:00.000Z"},"country":"United Kingdom","OPM":14,"total_sales_volume":497.1899966597557,"rate_of_return":0.07142857142857142}
{"window":{"start":"2023-10-27T16:42:00.000Z","end":"2023-10-27T16:43:00.000Z"},"country":"Germany","OPM":1,"total_sales_volume":73.7999997138977,"rate_of_return":0.0}
{"window":{"start":"2023-10-27T09:36:00.000Z","end":"2023-10-27T09:37:00.000Z"},"country":"United Kingdom","OPM":12,"total_sales_volume":17.379998236894608,"rate_of_return":0.16666666666666666}
{"window":{"start":"2023-10-27T16:14:00.000Z","end":"2023-10-27T16:15:00.000Z"},"country":"United Kingdom","OPM":9,"total_sales_volume":382.68999737501144,"rate_of_return":0.0}
{"window":{"start":"2023-10-25T12:01:00.000Z","end":"2023-10-25T12:02:00.000Z"},"country":"United Kingdom","OPM":17,"total_sales_volume":819.7499865591526,"rate_of_return":0.11764705882352941}
{"window":{"start":"2023-10-26T16:55:00.000Z","end":"2023-10-26T16:56:00.000Z"},"country":"United Kingdom","OPM":9,"total_sales_volume":466.27999925613403,"rate_of_return":0.0}
{"window":{"start":"2023-10-24T21:35:00.000Z","end":"2023-10-24T21:36:00.000Z"},"country":"United Kingdom","OPM":7,"total_sales_volume":547.7299909889698,"rate_of_return":0.0}
{"window":{"start":"2023-10-24T01:09:00.000Z","end":"2023-10-24T01:10:00.000Z"},"country":"United Kingdom","OPM":8,"total_sales_volume":362.0800023972988,"rate_of_return":0.0}
{"window":{"start":"2023-10-23T12:14:00.000Z","end":"2023-10-23T12:15:00.000Z"},"country":"France","OPM":1,"total_sales_volume":14.15999984741211,"rate_of_return":0.0}
{"window":{"start":"2023-10-27T23:17:00.000Z","end":"2023-10-27T23:18:00.000Z"},"country":"France","OPM":1,"total_sales_volume":106.8500018119812,"rate_of_return":0.0}
{"window":{"start":"2023-10-24T18:31:00.000Z","end":"2023-10-24T18:32:00.000Z"},"country":"Germany","OPM":1,"total_sales_volume":157.07000011205673,"rate_of_return":0.0}
{"window":{"start":"2023-10-25T12:40:00.000Z","end":"2023-10-25T12:41:00.000Z"},"country":"United Kingdom","OPM":4,"total_sales_volume":991.2100024521351,"rate_of_return":0.0}
{"window":{"start":"2023-10-27T06:08:00.000Z","end":"2023-10-27T06:09:00.000Z"},"country":"United Kingdom","OPM":11,"total_sales_volume":353.199998319149,"rate_of_return":0.09090909090909091}
{"window":{"start":"2023-10-24T14:24:00.000Z","end":"2023-10-24T14:25:00.000Z"},"country":"United Kingdom","OPM":13,"total_sales_volume":668.2600030601025,"rate_of_return":0.0}
{"window":{"start":"2023-10-28T02:13:00.000Z","end":"2023-10-28T02:14:00.000Z"},"country":"Austria","OPM":1,"total_sales_volume":22.119999647140503,"rate_of_return":0.0}
{"window":{"start":"2023-10-26T16:25:00.000Z","end":"2023-10-26T16:26:00.000Z"},"country":"United Kingdom","OPM":13,"total_sales_volume":898.8099907934666,"rate_of_return":0.0}
{"window":{"start":"2023-10-23T16:32:00.000Z","end":"2023-10-23T16:33:00.000Z"},"country":"Israel","OPM":1,"total_sales_volume":11.209999948740005,"rate_of_return":0.0}
{"window":{"start":"2023-10-25T04:31:00.000Z","end":"2023-10-25T04:32:00.000Z"},"country":"United Kingdom","OPM":10,"total_sales_volume":512.199998497963,"rate_of_return":0.1}
{"window":{"start":"2023-10-27T07:30:00.000Z","end":"2023-10-27T07:31:00.000Z"},"country":"Germany","OPM":1,"total_sales_volume":72.19999933242798,"rate_of_return":0.0}
{"window":{"start":"2023-10-23T17:07:00.000Z","end":"2023-10-23T17:08:00.000Z"},"country":"Portugal","OPM":1,"total_sales_volume":17.700000286102295,"rate_of_return":0.0}
{"window":{"start":"2023-10-26T04:04:00.000Z","end":"2023-10-26T04:05:00.000Z"},"country":"United Kingdom","OPM":7,"total_sales_volume":226.1400025486946,"rate_of_return":0.14285714285714285}
