{"window":{"start":"2023-10-25T06:31:00.000Z","end":"2023-10-25T06:32:00.000Z"},"country":"United Kingdom","OPM":14,"total_sales_volume":402.65999576449394,"rate_of_return":0.0}
{"window":{"start":"2023-10-27T13:01:00.000Z","end":"2023-10-27T13:02:00.000Z"},"country":"United Kingdom","OPM":11,"total_sales_volume":1036.1199963092804,"rate_of_return":0.0}
{"window":{"start":"2023-10-26T01:33:00.000Z","end":"2023-10-26T01:34:00.000Z"},"country":"Spain","OPM":1,"total_sales_volume":127.55999910831451,"rate_of_return":0.0}
{"window":{"start":"2023-10-26T17:01:00.000Z","end":"2023-10-26T17:02:00.000Z"},"country":"United Kingdom","OPM":5,"total_sales_volume":448.9199951887131,"rate_of_return":0.0}
{"window":{"start":"2023-10-27T22:26:00.000Z","end":"2023-10-27T22:27:00.000Z"},"country":"Germany","OPM":1,"total_sales_volume":11.399999916553497,"rate_of_return":0.0}
{"window":{"start":"2023-10-27T23:34:00.000Z","end":"2023-10-27T23:35:00.000Z"},"country":"United Kingdom","OPM":4,"total_sales_volume":322.0199987888336,"rate_of_return":0.0}
{"window":{"start":"2023-10-26T16:53:00.000Z","end":"2023-10-26T16:54:00.000Z"},"country":"Germany","OPM":1,"total_sales_volume":19.359999418258667,"rate_of_return":0.0}
{"window":{"start":"2023-10-23T13:59:00.000Z","end":"2023-10-23T14:00:00.000Z"},"country":"France","OPM":1,"total_sales_volume":0.8500000238418579,"rate_of_return":0.0}
{"window":{"start":"2023-10-27T16:07:00.000Z","end":"2023-10-27T16:08:00.000Z"},"country":"Germany","OPM":1,"total_sales_volume":1.649999976158142,"rate_of_return":0.0}
{"window":{"start":"2023-10-26T17:55:00.000Z","end":"2023-10-26T17:56:00.000Z"},"country":"United Kingdom","OPM":9,"total_sales_volume":528.5399915277958,"rate_of_return":0.0}
{"window":{"start":"2023-10-28T05:00:00.000Z","end":"2023-10-28T05:01:00.000Z"},"country":"Germany","OPM":1,"total_sales_volume":99.65000057220459,"rate_of_return":0.0}
{"window":{"start":"2023-10-26T14:15:00.000Z","end":"2023-10-26T14:16:00.000Z"},"country":"Poland","OPM":1,"total_sales_volume":330.9599980413914,"rate_of_return":0.0}
{"window":{"start":"2023-10-27T01:32:00.000Z","end":"2023-10-27T01:33:00.000Z"},"country":"United Kingdom","OPM":7,"total_sales_volume":942.8699844181538,"rate_of_return":0.0}
{"window":{"start":"2023-10-23T17:52:00.000Z","end":"2023-10-23T17:53:00.000Z"},"country":"France","OPM":1,"total_sales_volume":94.28999817371368,"rate_of_return":0.0}
{"window":{"start":"2023-10-26T21:48:00.000Z","end":"2023-10-26T21:49:00.000Z"},"country":"United Kingdom","OPM":13,"total_sales_volume":965.9499976634979,"rate_of_return":0.0}
{"window":{"start":"2023-10-24T20:16:00.000Z","end":"2023-10-24T20:17:00.000Z"},"country":"Germany","OPM":1,"total_sales_volume":27.200000286102295,"rate_of_return":0.0}
{"window":{"start":"2023-10-23T23:51:00.000Z","end":"2023-10-23T23:52:00.000Z"},"country":"United Kingdom","OPM":7,"total_sales_volume":-64.64000377058983,"rate_of_return":0.14285714285714285}
{"window":{"start":"2023-10-27T10:40:00.000Z","end":"2023-10-27T10:41:00.000Z"},"country":"France","OPM":1,"total_sales_volume":40.00999927520752,"rate_of_return":0.0}
{"window":{"start":"2023-10-24T03:24:00.000Z","end":"2023-10-24T03:25:00.000Z"},"country":"EIRE","OPM":1,"total_sales_volume":205.72999912500381,"rate_of_return":0.0}
{"window":{"start":"2023-10-24T17:33:00.000Z","end":"2023-10-24T17:34:00.000Z"},"country":"Germany","OPM":1,"total_sales_volume":91.84999823570251,"rate_of_return":0.0}
{"window":{"start":"2023-10-26T12:51:00.000Z","end":"2023-10-26T12:52:00.000Z"},"country":"United Kingdom","OPM":11,"total_sales_volume":1011.1599804461002,"rate_of_return":0.0}
{"window":{"start":"2023-10-24T18:11:00.000Z","end":"2023-10-24T18:12:00.000Z"},"country":"EIRE","OPM":1,"total_sales_volume":-50.22999918460846,"rate_of_return":1.0}
{"window":{"start":"2023-10-26T19:51:00.000Z","end":"2023-10-26T19:52:00.000Z"},"country":"United Kingdom","OPM":10,"total_sales_volume":547.1699983775616,"rate_of_return":0.0}
{"window":{"start":"2023-10-23T14:59:00.000Z","end":"2023-10-23T15:00:00.000Z"},"country":"United Kingdom","OPM":8,"total_sales_volume":189.4500006735325,"rate_of_return":0.125}
{"window":{"start":"2023-10-27T01:10:00.000Z","end":"2023-10-27T01:11:00.000Z"},"country":"United Kingdom","OPM":6,"total_sales_volume":312.48999297618866,"rate_of_return":0.0}
{"window":{"start":"2023-10-27T03:04:00.000Z","end":"2023-10-27T03:05:00.000Z"},"country":"United Kingdom","OPM":6,"total_sales_volume":894.9200129508972,"rate_of_return":0.0}
{"window":{"start":"2023-10-24T14:02:00.000Z","end":"2023-10-24T14:03:00.000Z"},"country":"Unspecified","OPM":1,"total_sales_volume":41.96999931335449,"rate_of_return":0.0}
{"window":{"start":"2023-10-23T18:54:00.000Z","end":"2023-10-23T18:55:00.000Z"},"country":"Germany","OPM":1,"total_sales_volume":208.8499960899353,"rate_of_return":0.0}
{"window":{"start":"2023-10-25T17:32:00.000Z","end":"2023-10-25T17:33:00.000Z"},"country":"United Kingdom","OPM":8,"total_sales_volume":695.149993211031,"rate_of_return":0.0}
{"window":{"start":"2023-10-25T18:03:00.000Z","end":"2023-10-25T18:04:00.000Z"},"country":"United Kingdom","OPM":10,"total_sales_volume":926.4699784815311,"rate_of_return":0.0}
{"window":{"start":"2023-10-26T03:53:00.000Z","end":"2023-10-26T03:54:00.000Z"},"country":"United Kingdom","OPM":8,"total_sales_volume":515.1399905979633,"rate_of_return":0.125}
{"window":{"start":"2023-10-27T11:17:00.000Z","end":"2023-10-27T11:18:00.000Z"},"country":"France","OPM":1,"total_sales_volume":107.73000240325928,"rate_of_return":0.0}
{"window":{"start":"2023-10-24T03:21:00.000Z","end":"2023-10-24T03:22:00.000Z"},"country":"United Kingdom","OPM":14,"total_sales_volume":451.80999425053596,"rate_of_return":0.0}
{"window":{"start":"2023-10-26T02:41:00.000Z","end":"2023-10-26T02:42:00.000Z"},"country":"France","OPM":1,"total_sales_volume":10.0,"rate_of_return":0.0}
{"window":{"start":"2023-10-26T02:37:00.000Z","end":"2023-10-26T02:38:00.000Z"},"country":"United Kingdom","OPM":13,"total_sales_volume":725.0800069272518,"rate_of_return":0.0}
{"window":{"start":"2023-10-25T11:36:00.000Z","end":"2023-10-25T11:37:00.000Z"},"country":"United Kingdom","OPM":10,"total_sales_volume":289.7299997806549,"rate_of_return":0.0}
{"window":{"start":"2023-10-26T00:55:00.000Z","end":"2023-10-26T00:56:00.000Z"},"country":"United Kingdom","OPM":6,"total_sales_volume":611.2499956190586,"rate_of_return":0.0}
{"window":{"start":"2023-10-28T03:47:00.000Z","end":"2023-10-28T03:48:00.000Z"},"country":"United Kingdom","OPM":8,"total_sales_volume":2014.1800467073917,"rate_of_return":0.0}
{"window":{"start":"2023-10-23T14:26:00.000Z","end":"2023-10-23T14:27:00.000Z"},"country":"France","OPM":1,"total_sales_volume":93.61999988555908,"rate_of_return":0.0}
{"window":{"start":"2023-10-25T04:04:00.000Z","end":"2023-10-25T04:05:00.000Z"},"country":"United Kingdom","OPM":6,"total_sales_volume":165.02999994158745,"rate_of_return":0.16666666666666666}
{"window":{"start":"2023-10-24T16:57:00.000Z","end":"2023-10-24T16:58:00.000Z"},"country":"United Kingdom","OPM":6,"total_sales_volume":975.8699795007706,"rate_of_return":0.0}
{"window":{"start":"2023-10-27T21:53:00.000Z","end":"2023-10-27T21:54:00.000Z"},"country":"France","OPM":1,"total_sales_volume":10.100000143051147,"rate_of_return":0.0}
{"window":{"start":"2023-10-23T17:27:00.000Z","end":"2023-10-23T17:28:00.000Z"},"country":"United Kingdom","OPM":10,"total_sales_volume":306.7499971687794,"rate_of_return":0.0}
{"window":{"start":"2023-10-24T21:56:00.000Z","end":"2023-10-24T21:57:00.000Z"},"country":"United Kingdom","OPM":9,"total_sales_volume":351.49000185728073,"rate_of_return":0.1111111111111111}
{"window":{"start":"2023-10-26T03:05:00.000Z","end":"2023-10-26T03:06:00.000Z"},"country":"United Kingdom","OPM":8,"total_sales_volume":910.260004401207,"rate_of_return":0.0}
{"window":{"start":"2023-10-25T12:54:00.000Z","end":"2023-10-25T12:55:00.000Z"},"country":"United Kingdom","OPM":7,"total_sales_volume":574.4199915826321,"rate_of_return":0.0}
{"window":{"start":"2023-10-24T08:21:00.000Z","end":"2023-10-24T08:22:00.000Z"},"country":"United Kingdom","OPM":14,"total_sales_volume":602.3799973614514,"rate_of_return":0.0}
{"window":{"start":"2023-10-25T09:04:00.000Z","end":"2023-10-25T09:05:00.000Z"},"country":"United Kingdom","OPM":11,"total_sales_volume":448.57000055909157,"rate_of_return":0.18181818181818182}
{"window":{"start":"2023-10-26T15:42:00.000Z","end":"2023-10-26T15:43:00.000Z"},"country":"France","OPM":1,"total_sales_volume":23.28999960422516,"rate_of_return":0.0}
{"window":{"start":"2023-10-24T08:05:00.000Z","end":"2023-10-24T08:06:00.000Z"},"country":"United Kingdom","OPM":12,"total_sales_volume":449.34999388456345,"rate_of_return":0.08333333333333333}
{"window":{"start":"2023-10-24T05:05:00.000Z","end":"2023-10-24T05:06:00.000Z"},"country":"United Kingdom","OPM":9,"total_sales_volume":88.87000742554665,"rate_of_return":0.1111111111111111}
{"window":{"start":"2023-10-27T07:26:00.000Z","end":"2023-10-27T07:27:00.000Z"},"country":"United Kingdom","OPM":15,"total_sales_volume":550.9499962925911,"rate_of_return":0.06666666666666667}
