{"window":{"start":"2023-10-27T22:28:00.000Z","end":"2023-10-27T22:29:00.000Z"},"country":"United Kingdom","OPM":12,"total_sales_volume":467.8699941635132,"rate_of_return":0.0}
{"window":{"start":"2023-10-24T02:51:00.000Z","end":"2023-10-24T02:52:00.000Z"},"country":"EIRE","OPM":1,"total_sales_volume":57.260000705718994,"rate_of_return":0.0}
{"window":{"start":"2023-10-24T11:46:00.000Z","end":"2023-10-24T11:47:00.000Z"},"country":"United Kingdom","OPM":8,"total_sales_volume":1580.9799954891205,"rate_of_return":0.0}
{"window":{"start":"2023-10-25T05:21:00.000Z","end":"2023-10-25T05:22:00.000Z"},"country":"Germany","OPM":1,"total_sales_volume":7.4700000286102295,"rate_of_return":0.0}
{"window":{"start":"2023-10-25T09:47:00.000Z","end":"2023-10-25T09:48:00.000Z"},"country":"Germany","OPM":1,"total_sales_volume":28.47000029683113,"rate_of_return":0.0}
{"window":{"start":"2023-10-27T12:19:00.000Z","end":"2023-10-27T12:20:00.000Z"},"country":"EIRE","OPM":1,"total_sales_volume":26.97000002861023,"rate_of_return":0.0}
{"window":{"start":"2023-10-26T09:30:00.000Z","end":"2023-10-26T09:31:00.000Z"},"country":"United Kingdom","OPM":9,"total_sales_volume":267.95000168681145,"rate_of_return":0.0}
{"window":{"start":"2023-10-26T09:52:00.000Z","end":"2023-10-26T09:53:00.000Z"},"country":"United Kingdom","OPM":10,"total_sales_volume":939.8200083971024,"rate_of_return":0.0}
{"window":{"start":"2023-10-27T20:10:00.000Z","end":"2023-10-27T20:11:00.000Z"},"country":"United Kingdom","OPM":6,"total_sales_volume":716.8399991989136,"rate_of_return":0.16666666666666666}
{"window":{"start":"2023-10-25T12:02:00.000Z","end":"2023-10-25T12:03:00.000Z"},"country":"United Kingdom","OPM":5,"total_sales_volume":318.90999925136566,"rate_of_return":0.0}
{"window":{"start":"2023-10-25T05:30:00.000Z","end":"2023-10-25T05:31:00.000Z"},"country":"EIRE","OPM":1,"total_sales_volume":-52.94999870657921,"rate_of_return":1.0}
{"window":{"start":"2023-10-24T19:04:00.000Z","end":"2023-10-24T19:05:00.000Z"},"country":"United Kingdom","OPM":10,"total_sales_volume":530.3399965465069,"rate_of_return":0.0}
{"window":{"start":"2023-10-26T06:02:00.000Z","end":"2023-10-26T06:03:00.000Z"},"country":"Germany","OPM":1,"total_sales_volume":18.579999685287476,"rate_of_return":0.0}
{"window":{"start":"2023-10-25T15:45:00.000Z","end":"2023-10-25T15:46:00.000Z"},"country":"Germany","OPM":1,"total_sales_volume":48.57999938726425,"rate_of_return":0.0}
{"window":{"start":"2023-10-25T14:05:00.000Z","end":"2023-10-25T14:06:00.000Z"},"country":"United Kingdom","OPM":13,"total_sales_volume":1828.7099800109863,"rate_of_return":0.07692307692307693}
{"window":{"start":"2023-10-24T20:20:00.000Z","end":"2023-10-24T20:21:00.000Z"},"country":"United Kingdom","OPM":9,"total_sales_volume":714.7499949932098,"rate_of_return":0.0}
{"window":{"start":"2023-10-27T19:00:00.000Z","end":"2023-10-27T19:01:00.000Z"},"country":"Belgium","OPM":1,"total_sales_volume":56.950000047683716,"rate_of_return":0.0}
{"window":{"start":"2023-10-23T12:56:00.000Z","end":"2023-10-23T12:57:00.000Z"},"country":"United Kingdom","OPM":12,"total_sales_volume":350.14999786019325,"rate_of_return":0.0}
{"window":{"start":"2023-10-26T16:14:00.000Z","end":"2023-10-26T16:15:00.000Z"},"country":"United Kingdom","OPM":12,"total_sales_volume":-396.67997562885284,"rate_of_return":0.16666666666666666}
{"window":{"start":"2023-10-26T06:33:00.000Z","end":"2023-10-26T06:34:00.000Z"},"country":"France","OPM":1,"total_sales_volume":-64.3999993801117,"rate_of_return":1.0}
{"window":{"start":"2023-10-24T15:05:00.000Z","end":"2023-10-24T15:06:00.000Z"},"country":"Germany","OPM":1,"total_sales_volume":15.339999914169312,"rate_of_return":0.0}
{"window":{"start":"2023-10-25T04:00:00.000Z","end":"2023-10-25T04:01:00.000Z"},"country":"France","OPM":1,"total_sales_volume":10.359999656677246,"rate_of_return":0.0}
{"window":{"start":"2023-10-25T17:31:00.000Z","end":"2023-10-25T17:32:00.000Z"},"country":"United Kingdom","OPM":9,"total_sales_volume":703.089992672205,"rate_of_return":0.0}
{"window":{"start":"2023-10-23T16:06:00.000Z","end":"2023-10-23T16:07:00.000Z"},"country":"Hong Kong","OPM":1,"total_sales_volume":11.579999923706055,"rate_of_return":0.0}
{"window":{"start":"2023-10-26T22:40:00.000Z","end":"2023-10-26T22:41:00.000Z"},"country":"France","OPM":1,"total_sales_volume":-58.75000220537186,"rate_of_return":1.0}
{"window":{"start":"2023-10-27T01:00:00.000Z","end":"2023-10-27T01:01:00.000Z"},"country":"United Kingdom","OPM":14,"total_sales_volume":630.0099990963936,"rate_of_return":0.0}
{"window":{"start":"2023-10-23T22:14:00.000Z","end":"2023-10-23T22:15:00.000Z"},"country":"Italy","OPM":1,"total_sales_volume":49.250001430511475,"rate_of_return":0.0}
{"window":{"start":"2023-10-27T09:28:00.000Z","end":"2023-10-27T09:29:00.000Z"},"country":"United Kingdom","OPM":13,"total_sales_volume":446.2500010728836,"rate_of_return":0.0}
{"window":{"start":"2023-10-23T12:17:00.000Z","end":"2023-10-23T12:18:00.000Z"},"country":"Portugal","OPM":1,"total_sales_volume":79.35999917984009,"rate_of_return":0.0}
{"window":{"start":"2023-10-25T18:30:00.000Z","end":"2023-10-25T18:31:00.000Z"},"country":"United Kingdom","OPM":8,"total_sales_volume":471.09000036120415,"rate_of_return":0.0}
{"window":{"start":"2023-10-24T00:19:00.000Z","end":"2023-10-24T00:20:00.000Z"},"country":"United Kingdom","OPM":11,"total_sales_volume":703.8699974417686,"rate_of_return":0.0}
{"window":{"start":"2023-10-24T09:29:00.000Z","end":"2023-10-24T09:30:00.000Z"},"country":"United Kingdom","OPM":14,"total_sales_volume":1612.4999976456165,"rate_of_return":0.07142857142857142}
{"window":{"start":"2023-10-23T14:57:00.000Z","end":"2023-10-23T14:58:00.000Z"},"country":"United Kingdom","OPM":10,"total_sales_volume":503.7300044000149,"rate_of_return":0.0}
{"window":{"start":"2023-10-24T11:10:00.000Z","end":"2023-10-24T11:11:00.000Z"},"country":"Germany","OPM":1,"total_sales_volume":36.63999938964844,"rate_of_return":0.0}
{"window":{"start":"2023-10-27T01:34:00.000Z","end":"2023-10-27T01:35:00.000Z"},"country":"Germany","OPM":1,"total_sales_volume":43.00000071525574,"rate_of_return":0.0}
{"window":{"start":"2023-10-23T22:37:00.000Z","end":"2023-10-23T22:38:00.000Z"},"country":"Italy","OPM":1,"total_sales_volume":79.34999918937683,"rate_of_return":0.0}
{"window":{"start":"2023-10-24T05:23:00.000Z","end":"2023-10-24T05:24:00.000Z"},"country":"United Kingdom","OPM":8,"total_sales_volume":516.669997215271,"rate_of_return":0.0}
{"window":{"start":"2023-10-24T12:30:00.000Z","end":"2023-10-24T12:31:00.000Z"},"country":"EIRE","OPM":1,"total_sales_volume":2.509999990463257,"rate_of_return":0.0}
{"window":{"start":"2023-10-26T11:10:00.000Z","end":"2023-10-26T11:11:00.000Z"},"country":"United Kingdom","OPM":7,"total_sales_volume":370.7200058698654,"rate_of_return":0.14285714285714285}
{"window":{"start":"2023-10-23T15:11:00.000Z","end":"2023-10-23T15:12:00.000Z"},"country":"Germany","OPM":1,"total_sales_volume":15.299999713897705,"rate_of_return":0.0}
{"window":{"start":"2023-10-23T13:42:00.000Z","end":"2023-10-23T13:43:00.000Z"},"country":"Australia","OPM":1,"total_sales_volume":0.38999998569488525,"rate_of_return":0.0}
{"window":{"start":"2023-10-26T20:19:00.000Z","end":"2023-10-26T20:20:00.000Z"},"country":"United Kingdom","OPM":6,"total_sales_volume":1506.7199752032757,"rate_of_return":0.0}
{"window":{"start":"2023-10-23T21:37:00.000Z","end":"2023-10-23T21:38:00.000Z"},"country":"EIRE","OPM":1,"total_sales_volume":19.68000030517578,"rate_of_return":0.0}
{"window":{"start":"2023-10-25T20:54:00.000Z","end":"2023-10-25T20:55:00.000Z"},"country":"EIRE","OPM":1,"total_sales_volume":150.10000026226044,"rate_of_return":0.0}
{"window":{"start":"2023-10-24T05:18:00.000Z","end":"2023-10-24T05:19:00.000Z"},"country":"United Kingdom","OPM":9,"total_sales_volume":1027.7900049984455,"rate_of_return":0.1111111111111111}
{"window":{"start":"2023-10-23T13:05:00.000Z","end":"2023-10-23T13:06:00.000Z"},"country":"United Kingdom","OPM":5,"total_sales_volume":105.74999964237213,"rate_of_return":0.2}
{"window":{"start":"2023-10-23T20:52:00.000Z","end":"2023-10-23T20:53:00.000Z"},"country":"Germany","OPM":1,"total_sales_volume":283.3300061225891,"rate_of_return":0.0}
{"window":{"start":"2023-10-26T11:17:00.000Z","end":"2023-10-26T11:18:00.000Z"},"country":"United Kingdom","OPM":5,"total_sales_volume":119.61000037193298,"rate_of_return":0.2}
{"window":{"start":"2023-10-24T17:26:00.000Z","end":"2023-10-24T17:27:00.000Z"},"country":"United Kingdom","OPM":14,"total_sales_volume":74.56000816822052,"rate_of_return":0.14285714285714285}
{"window":{"start":"2023-10-24T22:50:00.000Z","end":"2023-10-24T22:51:00.000Z"},"country":"Belgium","OPM":1,"total_sales_volume":6.580000042915344,"rate_of_return":0.0}
{"window":{"start":"2023-10-25T05:55:00.000Z","end":"2023-10-25T05:56:00.000Z"},"country":"United Kingdom","OPM":7,"total_sales_volume":218.78000035881996,"rate_of_return":0.0}
{"window":{"start":"2023-10-27T16:03:00.000Z","end":"2023-10-27T16:04:00.000Z"},"country":"Germany","OPM":2,"total_sales_volume":77.58000040054321,"rate_of_return":0.0}
{"window":{"start":"2023-10-26T09:45:00.000Z","end":"2023-10-26T09:46:00.000Z"},"country":"United Kingdom","OPM":14,"total_sales_volume":469.14999744296074,"rate_of_return":0.07142857142857142}
{"window":{"start":"2023-10-26T16:48:00.000Z","end":"2023-10-26T16:49:00.000Z"},"country":"United Kingdom","OPM":8,"total_sales_volume":404.2599997520447,"rate_of_return":0.125}
{"window":{"start":"2023-10-23T19:19:00.000Z","end":"2023-10-23T19:20:00.000Z"},"country":"United Kingdom","OPM":15,"total_sales_volume":1002.5000014305115,"rate_of_return":0.06666666666666667}
{"window":{"start":"2023-10-26T05:40:00.000Z","end":"2023-10-26T05:41:00.000Z"},"country":"Germany","OPM":1,"total_sales_volume":23.09000051021576,"rate_of_return":0.0}
{"window":{"start":"2023-10-23T20:55:00.000Z","end":"2023-10-23T20:56:00.000Z"},"country":"Germany","OPM":1,"total_sales_volume":8.24999988079071,"rate_of_return":0.0}
{"window":{"start":"2023-10-27T12:56:00.000Z","end":"2023-10-27T12:57:00.000Z"},"country":"Germany","OPM":1,"total_sales_volume":659.3500294685364,"rate_of_return":0.0}
{"window":{"start":"2023-10-26T20:32:00.000Z","end":"2023-10-26T20:33:00.000Z"},"country":"United Kingdom","OPM":6,"total_sales_volume":-69.09000012278557,"rate_of_return":0.16666666666666666}
{"window":{"start":"2023-10-27T03:05:00.000Z","end":"2023-10-27T03:06:00.000Z"},"country":"USA","OPM":1,"total_sales_volume":15.0,"rate_of_return":0.0}
{"window":{"start":"2023-10-28T01:59:00.000Z","end":"2023-10-28T02:00:00.000Z"},"country":"United Kingdom","OPM":10,"total_sales_volume":472.06999853253365,"rate_of_return":0.1}
{"window":{"start":"2023-10-26T00:44:00.000Z","end":"2023-10-26T00:45:00.000Z"},"country":"United Kingdom","OPM":9,"total_sales_volume":272.9400002360344,"rate_of_return":0.1111111111111111}
{"window":{"start":"2023-10-26T23:39:00.000Z","end":"2023-10-26T23:40:00.000Z"},"country":"Germany","OPM":1,"total_sales_volume":92.1999979019165,"rate_of_return":0.0}
{"window":{"start":"2023-10-28T03:53:00.000Z","end":"2023-10-28T03:54:00.000Z"},"country":"United Kingdom","OPM":6,"total_sales_volume":405.3699864447117,"rate_of_return":0.0}
{"window":{"start":"2023-10-24T02:56:00.000Z","end":"2023-10-24T02:57:00.000Z"},"country":"United Kingdom","OPM":9,"total_sales_volume":938.0199942588806,"rate_of_return":0.0}
{"window":{"start":"2023-10-25T02:29:00.000Z","end":"2023-10-25T02:30:00.000Z"},"country":"Belgium","OPM":1,"total_sales_volume":40.799999713897705,"rate_of_return":0.0}
{"window":{"start":"2023-10-25T07:01:00.000Z","end":"2023-10-25T07:02:00.000Z"},"country":"United Kingdom","OPM":7,"total_sales_volume":245.4799980223179,"rate_of_return":0.0}
{"window":{"start":"2023-10-25T17:34:00.000Z","end":"2023-10-25T17:35:00.000Z"},"country":"Germany","OPM":1,"total_sales_volume":9.949999809265137,"rate_of_return":0.0}
