{"window":{"start":"2023-10-23T13:16:00.000Z","end":"2023-10-23T13:17:00.000Z"},"country":"United Kingdom","OPM":6,"total_sales_volume":121.0100000500679,"rate_of_return":0.0}
{"window":{"start":"2023-10-25T19:49:00.000Z","end":"2023-10-25T19:50:00.000Z"},"country":"United Kingdom","OPM":8,"total_sales_volume":513.1400010883808,"rate_of_return":0.0}
{"window":{"start":"2023-10-27T08:14:00.000Z","end":"2023-10-27T08:15:00.000Z"},"country":"United Kingdom","OPM":6,"total_sales_volume":944.4799683690071,"rate_of_return":0.0}
{"window":{"start":"2023-10-27T14:14:00.000Z","end":"2023-10-27T14:15:00.000Z"},"country":"United Kingdom","OPM":10,"total_sales_volume":262.0099976360798,"rate_of_return":0.0}
{"window":{"start":"2023-10-23T12:26:00.000Z","end":"2023-10-23T12:27:00.000Z"},"country":"United Kingdom","OPM":11,"total_sales_volume":1271.519981712103,"rate_of_return":0.09090909090909091}
{"window":{"start":"2023-10-28T01:12:00.000Z","end":"2023-10-28T01:13:00.000Z"},"country":"United Kingdom","OPM":6,"total_sales_volume":148.3599989116192,"rate_of_return":0.0}
{"window":{"start":"2023-10-27T05:50:00.000Z","end":"2023-10-27T05:51:00.000Z"},"country":"Poland","OPM":1,"total_sales_volume":-35.94999980926514,"rate_of_return":1.0}
{"window":{"start":"2023-10-24T08:26:00.000Z","end":"2023-10-24T08:27:00.000Z"},"country":"United Kingdom","OPM":10,"total_sales_volume":446.75999170541763,"rate_of_return":0.0}
{"window":{"start":"2023-10-25T12:36:00.000Z","end":"2023-10-25T12:37:00.000Z"},"country":"Belgium","OPM":1,"total_sales_volume":9.439999759197235,"rate_of_return":0.0}
{"window":{"start":"2023-10-27T19:10:00.000Z","end":"2023-10-27T19:11:00.000Z"},"country":"United Kingdom","OPM":12,"total_sales_volume":1212.030006915331,"rate_of_return":0.08333333333333333}
{"window":{"start":"2023-10-27T13:06:00.000Z","end":"2023-10-27T13:07:00.000Z"},"country":"France","OPM":1,"total_sales_volume":-64.54000186920166,"rate_of_return":1.0}
{"window":{"start":"2023-10-25T21:37:00.000Z","end":"2023-10-25T21:38:00.000Z"},"country":"United Kingdom","OPM":13,"total_sales_volume":851.2900041937828,"rate_of_return":0.0}
{"window":{"start":"2023-10-26T05:06:00.000Z","end":"2023-10-26T05:07:00.000Z"},"country":"United Kingdom","OPM":3,"total_sales_volume":115.83999839425087,"rate_of_return":0.0}
{"window":{"start":"2023-10-23T22:02:00.000Z","end":"2023-10-23T22:03:00.000Z"},"country":"United Kingdom","OPM":8,"total_sales_volume":458.15999788045883,"rate_of_return":0.0}
{"window":{"start":"2023-10-24T08:02:00.000Z","end":"2023-10-24T08:03:00.000Z"},"country":"Netherlands","OPM":1,"total_sales_volume":132.55000007152557,"rate_of_return":0.0}
{"window":{"start":"2023-10-27T00:00:00.000Z","end":"2023-10-27T00:01:00.000Z"},"country":"EIRE","OPM":1,"total_sales_volume":69.12000060081482,"rate_of_return":0.0}
{"window":{"start":"2023-10-28T02:31:00.000Z","end":"2023-10-28T02:32:00.000Z"},"country":"United Kingdom","OPM":5,"total_sales_volume":187.89999532699585,"rate_of_return":0.0}
{"window":{"start":"2023-10-23T20:08:00.000Z","end":"2023-10-23T20:09:00.000Z"},"country":"Germany","OPM":1,"total_sales_volume":25.5,"rate_of_return":0.0}
{"window":{"start":"2023-10-28T04:52:00.000Z","end":"2023-10-28T04:53:00.000Z"},"country":"Germany","OPM":1,"total_sales_volume":4.600000023841858,"rate_of_return":0.0}
{"window":{"start":"2023-10-25T14:16:00.000Z","end":"2023-10-25T14:17:00.000Z"},"country":"United Kingdom","OPM":9,"total_sales_volume":503.40000584721565,"rate_of_return":0.0}
{"window":{"start":"2023-10-26T08:23:00.000Z","end":"2023-10-26T08:24:00.000Z"},"country":"Channel Islands","OPM":1,"total_sales_volume":479.4599916934967,"rate_of_return":0.0}
{"window":{"start":"2023-10-28T02:22:00.000Z","end":"2023-10-28T02:23:00.000Z"},"country":"United Kingdom","OPM":11,"total_sales_volume":1115.8599961996078,"rate_of_return":0.09090909090909091}
{"window":{"start":"2023-10-25T02:25:00.000Z","end":"2023-10-25T02:26:00.000Z"},"country":"France","OPM":1,"total_sales_volume":113.50000023841858,"rate_of_return":0.0}
{"window":{"start":"2023-10-25T01:41:00.000Z","end":"2023-10-25T01:42:00.000Z"},"country":"EIRE","OPM":1,"total_sales_volume":-75.91999983787537,"rate_of_return":1.0}
{"window":{"start":"2023-10-24T23:42:00.000Z","end":"2023-10-24T23:43:00.000Z"},"country":"United Kingdom","OPM":10,"total_sales_volume":315.04999750852585,"rate_of_return":0.0}
{"window":{"start":"2023-10-26T07:09:00.000Z","end":"2023-10-26T07:10:00.000Z"},"country":"United Kingdom","OPM":11,"total_sales_volume":1231.7499803900719,"rate_of_return":0.0}
{"window":{"start":"2023-10-24T17:27:00.000Z","end":"2023-10-24T17:28:00.000Z"},"country":"United Kingdom","OPM":13,"total_sales_volume":564.6899992823601,"rate_of_return":0.0}
{"window":{"start":"2023-10-26T13:06:00.000Z","end":"2023-10-26T13:07:00.000Z"},"country":"United Kingdom","OPM":9,"total_sales_volume":295.6700029075146,"rate_of_return":0.2222222222222222}
{"window":{"start":"2023-10-28T00:26:00.000Z","end":"2023-10-28T00:27:00.000Z"},"country":"United Kingdom","OPM":12,"total_sales_volume":580.3000035881996,"rate_of_return":0.0}
{"window":{"start":"2023-10-24T15:09:00.000Z","end":"2023-10-24T15:10:00.000Z"},"country":"United Kingdom","OPM":6,"total_sales_volume":671.5299971103668,"rate_of_return":0.0}
{"window":{"start":"2023-10-25T15:53:00.000Z","end":"2023-10-25T15:54:00.000Z"},"country":"United Kingdom","OPM":11,"total_sales_volume":678.8100000023842,"rate_of_return":0.0}
{"window":{"start":"2023-10-23T23:00:00.000Z","end":"2023-10-23T23:01:00.000Z"},"country":"United Kingdom","OPM":7,"total_sales_volume":488.49999514222145,"rate_of_return":0.0}
{"window":{"start":"2023-10-25T14:03:00.000Z","end":"2023-10-25T14:04:00.000Z"},"country":"United Kingdom","OPM":10,"total_sales_volume":411.66000536084175,"rate_of_return":0.1}
{"window":{"start":"2023-10-27T02:02:00.000Z","end":"2023-10-27T02:03:00.000Z"},"country":"United Kingdom","OPM":10,"total_sales_volume":499.3100021779537,"rate_of_return":0.0}
{"window":{"start":"2023-10-24T12:36:00.000Z","end":"2023-10-24T12:37:00.000Z"},"country":"Switzerland","OPM":1,"total_sales_volume":34.40000033378601,"rate_of_return":0.0}
{"window":{"start":"2023-10-26T22:29:00.000Z","end":"2023-10-26T22:30:00.000Z"},"country":"United Kingdom","OPM":12,"total_sales_volume":719.9900070130825,"rate_of_return":0.08333333333333333}
{"window":{"start":"2023-10-24T17:47:00.000Z","end":"2023-10-24T17:48:00.000Z"},"country":"United Kingdom","OPM":7,"total_sales_volume":276.02000066637993,"rate_of_return":0.0}
{"window":{"start":"2023-10-24T06:38:00.000Z","end":"2023-10-24T06:39:00.000Z"},"country":"United Kingdom","OPM":13,"total_sales_volume":544.560002475977,"rate_of_return":0.07692307692307693}
{"window":{"start":"2023-10-25T04:02:00.000Z","end":"2023-10-25T04:03:00.000Z"},"country":"United Kingdom","OPM":6,"total_sales_volume":-406.850001513958,"rate_of_return":0.16666666666666666}
{"window":{"start":"2023-10-25T23:37:00.000Z","end":"2023-10-25T23:38:00.000Z"},"country":"United Kingdom","OPM":14,"total_sales_volume":489.9700002670288,"rate_of_return":0.07142857142857142}
{"window":{"start":"2023-10-27T16:51:00.000Z","end":"2023-10-27T16:52:00.000Z"},"country":"Spain","OPM":1,"total_sales_volume":101.20999932289124,"rate_of_return":0.0}
{"window":{"start":"2023-10-23T16:23:00.000Z","end":"2023-10-23T16:24:00.000Z"},"country":"Greece","OPM":1,"total_sales_volume":190.2000002861023,"rate_of_return":0.0}
{"window":{"start":"2023-10-26T15:34:00.000Z","end":"2023-10-26T15:35:00.000Z"},"country":"United Kingdom","OPM":5,"total_sales_volume":411.9700000882149,"rate_of_return":0.0}
{"window":{"start":"2023-10-26T15:16:00.000Z","end":"2023-10-26T15:17:00.000Z"},"country":"United Kingdom","OPM":14,"total_sales_volume":448.7999995946884,"rate_of_return":0.0}
{"window":{"start":"2023-10-26T06:33:00.000Z","end":"2023-10-26T06:34:00.000Z"},"country":"United Kingdom","OPM":6,"total_sales_volume":392.72000300884247,"rate_of_return":0.0}
{"window":{"start":"2023-10-25T03:45:00.000Z","end":"2023-10-25T03:46:00.000Z"},"country":"Netherlands","OPM":1,"total_sales_volume":28.62000012397766,"rate_of_return":0.0}
{"window":{"start":"2023-10-27T11:26:00.000Z","end":"2023-10-27T11:27:00.000Z"},"country":"Malta","OPM":1,"total_sales_volume":141.33999800682068,"rate_of_return":0.0}
{"window":{"start":"2023-10-23T16:58:00.000Z","end":"2023-10-23T16:59:00.000Z"},"country":"United Kingdom","OPM":9,"total_sales_volume":260.87999868392944,"rate_of_return":0.1111111111111111}
{"window":{"start":"2023-10-27T17:39:00.000Z","end":"2023-10-27T17:40:00.000Z"},"country":"EIRE","OPM":1,"total_sales_volume":144.40000247955322,"rate_of_return":0.0}
{"window":{"start":"2023-10-27T05:28:00.000Z","end":"2023-10-27T05:29:00.000Z"},"country":"United Kingdom","OPM":9,"total_sales_volume":522.6900012493134,"rate_of_return":0.0}
{"window":{"start":"2023-10-26T06:17:00.000Z","end":"2023-10-26T06:18:00.000Z"},"country":"United Kingdom","OPM":6,"total_sales_volume":226.21999809145927,"rate_of_return":0.16666666666666666}
{"window":{"start":"2023-10-25T14:27:00.000Z","end":"2023-10-25T14:28:00.000Z"},"country":"United Kingdom","OPM":9,"total_sales_volume":239.25999969244003,"rate_of_return":0.0}
{"window":{"start":"2023-10-25T22:46:00.000Z","end":"2023-10-25T22:47:00.000Z"},"country":"United Kingdom","OPM":10,"total_sales_volume":504.4000000357628,"rate_of_return":0.0}
{"window":{"start":"2023-10-27T10:47:00.000Z","end":"2023-10-27T10:48:00.000Z"},"country":"United Kingdom","OPM":13,"total_sales_volume":1410.6699971556664,"rate_of_return":0.0}
{"window":{"start":"2023-10-24T01:41:00.000Z","end":"2023-10-24T01:42:00.000Z"},"country":"United Kingdom","OPM":13,"total_sales_volume":664.9899971783161,"rate_of_return":0.07692307692307693}
{"window":{"start":"2023-10-25T01:50:00.000Z","end":"2023-10-25T01:51:00.000Z"},"country":"United Kingdom","OPM":5,"total_sales_volume":187.52000060677528,"rate_of_return":0.0}
{"window":{"start":"2023-10-27T08:42:00.000Z","end":"2023-10-27T08:43:00.000Z"},"country":"United Kingdom","OPM":12,"total_sales_volume":460.9299948811531,"rate_of_return":0.0}
{"window":{"start":"2023-10-24T18:27:00.000Z","end":"2023-10-24T18:28:00.000Z"},"country":"Japan","OPM":1,"total_sales_volume":3.75,"rate_of_return":0.0}
{"window":{"start":"2023-10-26T03:00:00.000Z","end":"2023-10-26T03:01:00.000Z"},"country":"Spain","OPM":1,"total_sales_volume":2.509999990463257,"rate_of_return":0.0}
{"window":{"start":"2023-10-25T05:31:00.000Z","end":"2023-10-25T05:32:00.000Z"},"country":"EIRE","OPM":1,"total_sales_volume":15.710000097751617,"rate_of_return":0.0}
{"window":{"start":"2023-10-26T13:37:00.000Z","end":"2023-10-26T13:38:00.000Z"},"country":"United Kingdom","OPM":11,"total_sales_volume":499.8800046443939,"rate_of_return":0.09090909090909091}
{"window":{"start":"2023-10-27T18:34:00.000Z","end":"2023-10-27T18:35:00.000Z"},"country":"Iceland","OPM":1,"total_sales_volume":32.670000433921814,"rate_of_return":0.0}
