{"window":{"start":"2023-10-26T16:12:00.000Z","end":"2023-10-26T16:13:00.000Z"},"country":"United Kingdom","OPM":7,"total_sales_volume":1173.9299802184105,"rate_of_return":0.0}
{"window":{"start":"2023-10-25T06:44:00.000Z","end":"2023-10-25T06:45:00.000Z"},"country":"France","OPM":1,"total_sales_volume":64.30000114440918,"rate_of_return":0.0}
{"window":{"start":"2023-10-23T19:59:00.000Z","end":"2023-10-23T20:00:00.000Z"},"country":"Belgium","OPM":1,"total_sales_volume":-8.540000051259995,"rate_of_return":1.0}
{"window":{"start":"2023-10-25T18:50:00.000Z","end":"2023-10-25T18:51:00.000Z"},"country":"United Kingdom","OPM":12,"total_sales_volume":1243.85000346601,"rate_of_return":0.0}
{"window":{"start":"2023-10-27T12:17:00.000Z","end":"2023-10-27T12:18:00.000Z"},"country":"Spain","OPM":1,"total_sales_volume":21.77999997138977,"rate_of_return":0.0}
{"window":{"start":"2023-10-24T20:44:00.000Z","end":"2023-10-24T20:45:00.000Z"},"country":"United Kingdom","OPM":9,"total_sales_volume":661.639995098114,"rate_of_return":0.2222222222222222}
{"window":{"start":"2023-10-27T16:38:00.000Z","end":"2023-10-27T16:39:00.000Z"},"country":"Unspecified","OPM":1,"total_sales_volume":58.190000891685486,"rate_of_return":0.0}
{"window":{"start":"2023-10-27T07:03:00.000Z","end":"2023-10-27T07:04:00.000Z"},"country":"Germany","OPM":1,"total_sales_volume":49.10000014305115,"rate_of_return":0.0}
{"window":{"start":"2023-10-24T05:43:00.000Z","end":"2023-10-24T05:44:00.000Z"},"country":"Netherlands","OPM":1,"total_sales_volume":594.7200164794922,"rate_of_return":0.0}
{"window":{"start":"2023-10-24T20:43:00.000Z","end":"2023-10-24T20:44:00.000Z"},"country":"Norway","OPM":1,"total_sales_volume":45.149999380111694,"rate_of_return":0.0}
{"window":{"start":"2023-10-25T05:56:00.000Z","end":"2023-10-25T05:57:00.000Z"},"country":"United Kingdom","OPM":5,"total_sales_volume":139.55999851226807,"rate_of_return":0.0}
{"window":{"start":"2023-10-23T13:42:00.000Z","end":"2023-10-23T13:43:00.000Z"},"country":"United Kingdom","OPM":9,"total_sales_volume":304.4399981498718,"rate_of_return":0.0}
{"window":{"start":"2023-10-28T04:41:00.000Z","end":"2023-10-28T04:42:00.000Z"},"country":"Norway","OPM":1,"total_sales_volume":86.31999969482422,"rate_of_return":0.0}
{"window":{"start":"2023-10-27T16:05:00.000Z","end":"2023-10-27T16:06:00.000Z"},"country":"EIRE","OPM":1,"total_sales_volume":523.8399986028671,"rate_of_return":0.0}
{"window":{"start":"2023-10-24T19:42:00.000Z","end":"2023-10-24T19:43:00.000Z"},"country":"Portugal","OPM":1,"total_sales_volume":124.27999949455261,"rate_of_return":0.0}
{"window":{"start":"2023-10-25T01:51:00.000Z","end":"2023-10-25T01:52:00.000Z"},"country":"Portugal","OPM":1,"total_sales_volume":11.5,"rate_of_return":0.0}
{"window":{"start":"2023-10-28T01:06:00.000Z","end":"2023-10-28T01:07:00.000Z"},"country":"France","OPM":1,"total_sales_volume":243.84999084472656,"rate_of_return":0.0}
{"window":{"start":"2023-10-28T02:11:00.000Z","end":"2023-10-28T02:12:00.000Z"},"country":"United Kingdom","OPM":12,"total_sales_volume":1143.1600011587143,"rate_of_return":0.0}
{"window":{"start":"2023-10-23T15:34:00.000Z","end":"2023-10-23T15:35:00.000Z"},"country":"Finland","OPM":1,"total_sales_volume":16.75,"rate_of_return":0.0}
{"window":{"start":"2023-10-26T13:14:00.000Z","end":"2023-10-26T13:15:00.000Z"},"country":"United Kingdom","OPM":6,"total_sales_volume":493.6099880337715,"rate_of_return":0.0}
{"window":{"start":"2023-10-28T01:51:00.000Z","end":"2023-10-28T01:52:00.000Z"},"country":"United Kingdom","OPM":9,"total_sales_volume":1447.6100021600723,"rate_of_return":0.1111111111111111}
{"window":{"start":"2023-10-26T05:09:00.000Z","end":"2023-10-26T05:10:00.000Z"},"country":"Portugal","OPM":1,"total_sales_volume":32.99999928474426,"rate_of_return":0.0}
{"window":{"start":"2023-10-27T20:08:00.000Z","end":"2023-10-27T20:09:00.000Z"},"country":"Switzerland","OPM":1,"total_sales_volume":43.02999985218048,"rate_of_return":0.0}
{"window":{"start":"2023-10-24T04:38:00.000Z","end":"2023-10-24T04:39:00.000Z"},"country":"Portugal","OPM":1,"total_sales_volume":16.139999985694885,"rate_of_return":0.0}
{"window":{"start":"2023-10-26T01:30:00.000Z","end":"2023-10-26T01:31:00.000Z"},"country":"United Arab Emirates","OPM":1,"total_sales_volume":110.58999633789062,"rate_of_return":0.0}
{"window":{"start":"2023-10-27T06:22:00.000Z","end":"2023-10-27T06:23:00.000Z"},"country":"Switzerland","OPM":1,"total_sales_volume":45.34000015258789,"rate_of_return":0.0}
{"window":{"start":"2023-10-25T14:46:00.000Z","end":"2023-10-25T14:47:00.000Z"},"country":"France","OPM":1,"total_sales_volume":52.72999835014343,"rate_of_return":0.0}
{"window":{"start":"2023-10-24T17:54:00.000Z","end":"2023-10-24T17:55:00.000Z"},"country":"EIRE","OPM":1,"total_sales_volume":119.45999729633331,"rate_of_return":0.0}
{"window":{"start":"2023-10-24T16:42:00.000Z","end":"2023-10-24T16:43:00.000Z"},"country":"Germany","OPM":1,"total_sales_volume":23.509999990463257,"rate_of_return":0.0}
{"window":{"start":"2023-10-24T18:34:00.000Z","end":"2023-10-24T18:35:00.000Z"},"country":"United Kingdom","OPM":7,"total_sales_volume":729.9300076514482,"rate_of_return":0.0}
{"window":{"start":"2023-10-24T20:33:00.000Z","end":"2023-10-24T20:34:00.000Z"},"country":"United Kingdom","OPM":15,"total_sales_volume":1372.8499571383,"rate_of_return":0.0}
{"window":{"start":"2023-10-27T01:58:00.000Z","end":"2023-10-27T01:59:00.000Z"},"country":"United Kingdom","OPM":6,"total_sales_volume":478.89000621438026,"rate_of_return":0.0}
{"window":{"start":"2023-10-25T05:49:00.000Z","end":"2023-10-25T05:50:00.000Z"},"country":"Netherlands","OPM":1,"total_sales_volume":112.74999967217445,"rate_of_return":0.0}
{"window":{"start":"2023-10-27T20:20:00.000Z","end":"2023-10-27T20:21:00.000Z"},"country":"Belgium","OPM":1,"total_sales_volume":36.16000032424927,"rate_of_return":0.0}
{"window":{"start":"2023-10-23T16:10:00.000Z","end":"2023-10-23T16:11:00.000Z"},"country":"United Kingdom","OPM":11,"total_sales_volume":434.32999324798584,"rate_of_return":0.0}
{"window":{"start":"2023-10-28T02:15:00.000Z","end":"2023-10-28T02:16:00.000Z"},"country":"Germany","OPM":1,"total_sales_volume":35.79999923706055,"rate_of_return":0.0}
{"window":{"start":"2023-10-25T02:12:00.000Z","end":"2023-10-25T02:13:00.000Z"},"country":"Germany","OPM":1,"total_sales_volume":42.78999924659729,"rate_of_return":0.0}
{"window":{"start":"2023-10-24T19:29:00.000Z","end":"2023-10-24T19:30:00.000Z"},"country":"Netherlands","OPM":1,"total_sales_volume":71.28000032901764,"rate_of_return":0.0}
{"window":{"start":"2023-10-23T15:17:00.000Z","end":"2023-10-23T15:18:00.000Z"},"country":"United Kingdom","OPM":14,"total_sales_volume":1203.289994508028,"rate_of_return":0.0}
{"window":{"start":"2023-10-25T19:52:00.000Z","end":"2023-10-25T19:53:00.000Z"},"country":"United Kingdom","OPM":11,"total_sales_volume":468.8400006890297,"rate_of_return":0.0}
{"window":{"start":"2023-10-27T18:16:00.000Z","end":"2023-10-27T18:17:00.000Z"},"country":"Germany","OPM":1,"total_sales_volume":1040.490021944046,"rate_of_return":0.0}
{"window":{"start":"2023-10-24T20:59:00.000Z","end":"2023-10-24T21:00:00.000Z"},"country":"Iceland","OPM":1,"total_sales_volume":72.36999821662903,"rate_of_return":0.0}
{"window":{"start":"2023-10-27T16:53:00.000Z","end":"2023-10-27T16:54:00.000Z"},"country":"United Kingdom","OPM":9,"total_sales_volume":473.689994931221,"rate_of_return":0.0}
{"window":{"start":"2023-10-25T10:39:00.000Z","end":"2023-10-25T10:40:00.000Z"},"country":"Spain","OPM":1,"total_sales_volume":19.799999713897705,"rate_of_return":0.0}
{"window":{"start":"2023-10-24T00:37:00.000Z","end":"2023-10-24T00:38:00.000Z"},"country":"Portugal","OPM":1,"total_sales_volume":0.8500000238418579,"rate_of_return":0.0}
{"window":{"start":"2023-10-26T12:40:00.000Z","end":"2023-10-26T12:41:00.000Z"},"country":"EIRE","OPM":1,"total_sales_volume":6.149999737739563,"rate_of_return":0.0}
{"window":{"start":"2023-10-25T17:54:00.000Z","end":"2023-10-25T17:55:00.000Z"},"country":"United Kingdom","OPM":10,"total_sales_volume":450.91999503970146,"rate_of_return":0.1}
{"window":{"start":"2023-10-25T18:50:00.000Z","end":"2023-10-25T18:51:00.000Z"},"country":"Germany","OPM":1,"total_sales_volume":25.5,"rate_of_return":0.0}
{"window":{"start":"2023-10-24T02:50:00.000Z","end":"2023-10-24T02:51:00.000Z"},"country":"United Kingdom","OPM":7,"total_sales_volume":556.0900022536516,"rate_of_return":0.0}
{"window":{"start":"2023-10-27T23:30:00.000Z","end":"2023-10-27T23:31:00.000Z"},"country":"Germany","OPM":1,"total_sales_volume":14.510000228881836,"rate_of_return":0.0}
{"window":{"start":"2023-10-23T23:30:00.000Z","end":"2023-10-23T23:31:00.000Z"},"country":"United Kingdom","OPM":10,"total_sales_volume":720.2999985218048,"rate_of_return":0.0}
{"window":{"start":"2023-10-25T08:27:00.000Z","end":"2023-10-25T08:28:00.000Z"},"country":"United Kingdom","OPM":6,"total_sales_volume":234.4499994814396,"rate_of_return":0.16666666666666666}
{"window":{"start":"2023-10-27T11:36:00.000Z","end":"2023-10-27T11:37:00.000Z"},"country":"United Kingdom","OPM":9,"total_sales_volume":1304.8299896121025,"rate_of_return":0.0}
{"window":{"start":"2023-10-25T00:50:00.000Z","end":"2023-10-25T00:51:00.000Z"},"country":"United Kingdom","OPM":12,"total_sales_volume":1127.0399854183197,"rate_of_return":0.08333333333333333}
{"window":{"start":"2023-10-26T08:43:00.000Z","end":"2023-10-26T08:44:00.000Z"},"country":"United Kingdom","OPM":11,"total_sales_volume":514.719998717308,"rate_of_return":0.0}
{"window":{"start":"2023-10-24T06:02:00.000Z","end":"2023-10-24T06:03:00.000Z"},"country":"Spain","OPM":1,"total_sales_volume":24.039999306201935,"rate_of_return":0.0}
{"window":{"start":"2023-10-25T04:22:00.000Z","end":"2023-10-25T04:23:00.000Z"},"country":"Switzerland","OPM":1,"total_sales_volume":22.850000381469727,"rate_of_return":0.0}
{"window":{"start":"2023-10-27T23:42:00.000Z","end":"2023-10-27T23:43:00.000Z"},"country":"EIRE","OPM":1,"total_sales_volume":42.30000114440918,"rate_of_return":0.0}
{"window":{"start":"2023-10-26T14:11:00.000Z","end":"2023-10-26T14:12:00.000Z"},"country":"Switzerland","OPM":1,"total_sales_volume":83.44999870657921,"rate_of_return":0.0}
{"window":{"start":"2023-10-25T03:21:00.000Z","end":"2023-10-25T03:22:00.000Z"},"country":"United Kingdom","OPM":8,"total_sales_volume":586.4600024223328,"rate_of_return":0.125}
