{"window":{"start":"2023-10-26T19:54:00.000Z","end":"2023-10-26T19:55:00.000Z"},"country":"United Kingdom","OPM":5,"total_sales_volume":172.56999918818474,"rate_of_return":0.0}
{"window":{"start":"2023-10-26T04:05:00.000Z","end":"2023-10-26T04:06:00.000Z"},"country":"United Kingdom","OPM":5,"total_sales_volume":119.03000020980835,"rate_of_return":0.0}
{"window":{"start":"2023-10-26T01:19:00.000Z","end":"2023-10-26T01:20:00.000Z"},"country":"United Kingdom","OPM":11,"total_sales_volume":2288.0200216174126,"rate_of_return":0.09090909090909091}
{"window":{"start":"2023-10-23T17:54:00.000Z","end":"2023-10-23T17:55:00.000Z"},"country":"Spain","OPM":2,"total_sales_volume":39.49999997019768,"rate_of_return":0.0}
{"window":{"start":"2023-10-26T02:11:00.000Z","end":"2023-10-26T02:12:00.000Z"},"country":"Netherlands","OPM":1,"total_sales_volume":148.7599993944168,"rate_of_return":0.0}
{"window":{"start":"2023-10-25T14:08:00.000Z","end":"2023-10-25T14:09:00.000Z"},"country":"United Kingdom","OPM":13,"total_sales_volume":423.95999827980995,"rate_of_return":0.0}
{"window":{"start":"2023-10-27T08:44:00.000Z","end":"2023-10-27T08:45:00.000Z"},"country":"United Kingdom","OPM":10,"total_sales_volume":3710.580024689436,"rate_of_return":0.0}
{"window":{"start":"2023-10-25T22:48:00.000Z","end":"2023-10-25T22:49:00.000Z"},"country":"United Kingdom","OPM":13,"total_sales_volume":1127.4099957048893,"rate_of_return":0.07692307692307693}
{"window":{"start":"2023-10-25T01:17:00.000Z","end":"2023-10-25T01:18:00.000Z"},"country":"France","OPM":1,"total_sales_volume":113.79999953508377,"rate_of_return":0.0}
{"window":{"start":"2023-10-26T18:12:00.000Z","end":"2023-10-26T18:13:00.000Z"},"country":"United Kingdom","OPM":9,"total_sales_volume":1087.149983227253,"rate_of_return":0.1111111111111111}
{"window":{"start":"2023-10-23T14:26:00.000Z","end":"2023-10-23T14:27:00.000Z"},"country":"United Kingdom","OPM":8,"total_sales_volume":190.91999784111977,"rate_of_return":0.25}
{"window":{"start":"2023-10-27T01:41:00.000Z","end":"2023-10-27T01:42:00.000Z"},"country":"United Kingdom","OPM":16,"total_sales_volume":1251.43998670578,"rate_of_return":0.0}
{"window":{"start":"2023-10-25T18:21:00.000Z","end":"2023-10-25T18:22:00.000Z"},"country":"United Kingdom","OPM":7,"total_sales_volume":352.1299891769886,"rate_of_return":0.0}
{"window":{"start":"2023-10-26T01:50:00.000Z","end":"2023-10-26T01:51:00.000Z"},"country":"United Kingdom","OPM":9,"total_sales_volume":446.5599993467331,"rate_of_return":0.1111111111111111}
{"window":{"start":"2023-10-26T05:55:00.000Z","end":"2023-10-26T05:56:00.000Z"},"country":"United Kingdom","OPM":14,"total_sales_volume":941.1799900233746,"rate_of_return":0.07142857142857142}
{"window":{"start":"2023-10-24T06:00:00.000Z","end":"2023-10-24T06:01:00.000Z"},"country":"United Kingdom","OPM":5,"total_sales_volume":574.1600009799004,"rate_of_return":0.0}
{"window":{"start":"2023-10-24T23:25:00.000Z","end":"2023-10-24T23:26:00.000Z"},"country":"United Kingdom","OPM":13,"total_sales_volume":1439.6599916517735,"rate_of_return":0.0}
{"window":{"start":"2023-10-24T12:25:00.000Z","end":"2023-10-24T12:26:00.000Z"},"country":"United Kingdom","OPM":6,"total_sales_volume":205.36999875307083,"rate_of_return":0.0}
{"window":{"start":"2023-10-25T09:07:00.000Z","end":"2023-10-25T09:08:00.000Z"},"country":"United Kingdom","OPM":5,"total_sales_volume":212.52000260353088,"rate_of_return":0.0}
{"window":{"start":"2023-10-27T22:25:00.000Z","end":"2023-10-27T22:26:00.000Z"},"country":"United Kingdom","OPM":11,"total_sales_volume":842.9399851858616,"rate_of_return":0.0}
{"window":{"start":"2023-10-27T23:42:00.000Z","end":"2023-10-27T23:43:00.000Z"},"country":"United Kingdom","OPM":5,"total_sales_volume":174.07000297307968,"rate_of_return":0.0}
{"window":{"start":"2023-10-25T07:36:00.000Z","end":"2023-10-25T07:37:00.000Z"},"country":"United Kingdom","OPM":9,"total_sales_volume":237.3799991607666,"rate_of_return":0.1111111111111111}
{"window":{"start":"2023-10-23T14:33:00.000Z","end":"2023-10-23T14:34:00.000Z"},"country":"Germany","OPM":1,"total_sales_volume":24.529999256134033,"rate_of_return":0.0}
{"window":{"start":"2023-10-23T13:10:00.000Z","end":"2023-10-23T13:11:00.000Z"},"country":"United Kingdom","OPM":9,"total_sales_volume":591.4999876320362,"rate_of_return":0.0}
{"window":{"start":"2023-10-26T04:31:00.000Z","end":"2023-10-26T04:32:00.000Z"},"country":"United Kingdom","OPM":6,"total_sales_volume":85.35999944806099,"rate_of_return":0.16666666666666666}
{"window":{"start":"2023-10-23T13:07:00.000Z","end":"2023-10-23T13:08:00.000Z"},"country":"Germany","OPM":1,"total_sales_volume":0.949999988079071,"rate_of_return":0.0}
{"window":{"start":"2023-10-24T07:48:00.000Z","end":"2023-10-24T07:49:00.000Z"},"country":"United Kingdom","OPM":14,"total_sales_volume":424.0799971520901,"rate_of_return":0.07142857142857142}
{"window":{"start":"2023-10-26T00:56:00.000Z","end":"2023-10-26T00:57:00.000Z"},"country":"Belgium","OPM":1,"total_sales_volume":160.6099954843521,"rate_of_return":0.0}
{"window":{"start":"2023-10-26T14:44:00.000Z","end":"2023-10-26T14:45:00.000Z"},"country":"United Kingdom","OPM":14,"total_sales_volume":983.5299959629774,"rate_of_return":0.07142857142857142}
{"window":{"start":"2023-10-24T12:54:00.000Z","end":"2023-10-24T12:55:00.000Z"},"country":"Germany","OPM":1,"total_sales_volume":9.899999856948853,"rate_of_return":0.0}
{"window":{"start":"2023-10-26T23:35:00.000Z","end":"2023-10-26T23:36:00.000Z"},"country":"United Kingdom","OPM":8,"total_sales_volume":1310.7299689352512,"rate_of_return":0.0}
{"window":{"start":"2023-10-24T14:18:00.000Z","end":"2023-10-24T14:19:00.000Z"},"country":"United Kingdom","OPM":11,"total_sales_volume":761.2200215756893,"rate_of_return":0.09090909090909091}
{"window":{"start":"2023-10-23T20:51:00.000Z","end":"2023-10-23T20:52:00.000Z"},"country":"United Kingdom","OPM":9,"total_sales_volume":475.78999269008636,"rate_of_return":0.0}
{"window":{"start":"2023-10-25T10:17:00.000Z","end":"2023-10-25T10:18:00.000Z"},"country":"Netherlands","OPM":1,"total_sales_volume":17.0,"rate_of_return":0.0}
{"window":{"start":"2023-10-23T12:12:00.000Z","end":"2023-10-23T12:13:00.000Z"},"country":"United Kingdom","OPM":13,"total_sales_volume":828.9899942874908,"rate_of_return":0.0}
{"window":{"start":"2023-10-23T21:26:00.000Z","end":"2023-10-23T21:27:00.000Z"},"country":"Japan","OPM":1,"total_sales_volume":60.78999972343445,"rate_of_return":0.0}
{"window":{"start":"2023-10-26T09:59:00.000Z","end":"2023-10-26T10:00:00.000Z"},"country":"United Kingdom","OPM":6,"total_sales_volume":331.8399991989136,"rate_of_return":0.0}
{"window":{"start":"2023-10-27T18:42:00.000Z","end":"2023-10-27T18:43:00.000Z"},"country":"United Kingdom","OPM":10,"total_sales_volume":506.1999936103821,"rate_of_return":0.0}
{"window":{"start":"2023-10-26T11:42:00.000Z","end":"2023-10-26T11:43:00.000Z"},"country":"United Kingdom","OPM":9,"total_sales_volume":359.7900064587593,"rate_of_return":0.2222222222222222}
{"window":{"start":"2023-10-23T21:09:00.000Z","end":"2023-10-23T21:10:00.000Z"},"country":"Norway","OPM":1,"total_sales_volume":1.25,"rate_of_return":0.0}
{"window":{"start":"2023-10-24T12:49:00.000Z","end":"2023-10-24T12:50:00.000Z"},"country":"Hong Kong","OPM":1,"total_sales_volume":4.150000095367432,"rate_of_return":0.0}
{"window":{"start":"2023-10-27T02:33:00.000Z","end":"2023-10-27T02:34:00.000Z"},"country":"United Kingdom","OPM":12,"total_sales_volume":16290.960109561682,"rate_of_return":0.08333333333333333}
{"window":{"start":"2023-10-24T09:57:00.000Z","end":"2023-10-24T09:58:00.000Z"},"country":"Spain","OPM":1,"total_sales_volume":11.190000057220459,"rate_of_return":0.0}
{"window":{"start":"2023-10-23T13:14:00.000Z","end":"2023-10-23T13:15:00.000Z"},"country":"United Kingdom","OPM":3,"total_sales_volume":88.09999895095825,"rate_of_return":0.0}
{"window":{"start":"2023-10-24T20:59:00.000Z","end":"2023-10-24T21:00:00.000Z"},"country":"United Kingdom","OPM":6,"total_sales_volume":258.58000269532204,"rate_of_return":0.0}
{"window":{"start":"2023-10-24T07:12:00.000Z","end":"2023-10-24T07:13:00.000Z"},"country":"France","OPM":1,"total_sales_volume":567.6299951076508,"rate_of_return":0.0}
{"window":{"start":"2023-10-26T08:28:00.000Z","end":"2023-10-26T08:29:00.000Z"},"country":"France","OPM":1,"total_sales_volume":41.099998235702515,"rate_of_return":0.0}
{"window":{"start":"2023-10-24T22:45:00.000Z","end":"2023-10-24T22:46:00.000Z"},"country":"United Kingdom","OPM":15,"total_sales_volume":855.2699880003929,"rate_of_return":0.0}
{"window":{"start":"2023-10-23T12:45:00.000Z","end":"2023-10-23T12:46:00.000Z"},"country":"United Kingdom","OPM":8,"total_sales_volume":675.7799982428551,"rate_of_return":0.0}
{"window":{"start":"2023-10-25T17:04:00.000Z","end":"2023-10-25T17:05:00.000Z"},"country":"Australia","OPM":1,"total_sales_volume":27.539999842643738,"rate_of_return":0.0}
{"window":{"start":"2023-10-27T07:47:00.000Z","end":"2023-10-27T07:48:00.000Z"},"country":"France","OPM":1,"total_sales_volume":46.08999967575073,"rate_of_return":0.0}
{"window":{"start":"2023-10-26T03:26:00.000Z","end":"2023-10-26T03:27:00.000Z"},"country":"United Kingdom","OPM":6,"total_sales_volume":313.19999691843987,"rate_of_return":0.0}
{"window":{"start":"2023-10-25T00:27:00.000Z","end":"2023-10-25T00:28:00.000Z"},"country":"United Kingdom","OPM":7,"total_sales_volume":589.4500025510788,"rate_of_return":0.14285714285714285}
{"window":{"start":"2023-10-25T18:49:00.000Z","end":"2023-10-25T18:50:00.000Z"},"country":"Germany","OPM":1,"total_sales_volume":19.09999942779541,"rate_of_return":0.0}
{"window":{"start":"2023-10-26T08:12:00.000Z","end":"2023-10-26T08:13:00.000Z"},"country":"Germany","OPM":1,"total_sales_volume":1.9500000476837158,"rate_of_return":0.0}
