{"window":{"start":"2023-10-24T22:50:00.000Z","end":"2023-10-24T22:51:00.000Z"},"country":"USA","OPM":1,"total_sales_volume":54.040000200271606,"rate_of_return":0.0}
{"window":{"start":"2023-10-26T23:14:00.000Z","end":"2023-10-26T23:15:00.000Z"},"country":"United Kingdom","OPM":3,"total_sales_volume":198.79000091552734,"rate_of_return":0.0}
{"window":{"start":"2023-10-26T20:43:00.000Z","end":"2023-10-26T20:44:00.000Z"},"country":"France","OPM":1,"total_sales_volume":16.700000286102295,"rate_of_return":0.0}
{"window":{"start":"2023-10-27T01:33:00.000Z","end":"2023-10-27T01:34:00.000Z"},"country":"United Kingdom","OPM":8,"total_sales_volume":386.51000249385834,"rate_of_return":0.125}
{"window":{"start":"2023-10-23T17:24:00.000Z","end":"2023-10-23T17:25:00.000Z"},"country":"France","OPM":1,"total_sales_volume":209.80000257492065,"rate_of_return":0.0}
{"window":{"start":"2023-10-25T07:26:00.000Z","end":"2023-10-25T07:27:00.000Z"},"country":"United Kingdom","OPM":4,"total_sales_volume":298.9999985694885,"rate_of_return":0.0}
{"window":{"start":"2023-10-27T10:09:00.000Z","end":"2023-10-27T10:10:00.000Z"},"country":"United Kingdom","OPM":15,"total_sales_volume":764.7699906826019,"rate_of_return":0.13333333333333333}
{"window":{"start":"2023-10-25T16:40:00.000Z","end":"2023-10-25T16:41:00.000Z"},"country":"United Kingdom","OPM":6,"total_sales_volume":182.85999655723572,"rate_of_return":0.0}
{"window":{"start":"2023-10-26T19:37:00.000Z","end":"2023-10-26T19:38:00.000Z"},"country":"United Kingdom","OPM":6,"total_sales_volume":185.15999960899353,"rate_of_return":0.0}
{"window":{"start":"2023-10-23T22:27:00.000Z","end":"2023-10-23T22:28:00.000Z"},"country":"Spain","OPM":1,"total_sales_volume":45.79999929666519,"rate_of_return":0.0}
{"window":{"start":"2023-10-24T00:31:00.000Z","end":"2023-10-24T00:32:00.000Z"},"country":"Switzerland","OPM":1,"total_sales_volume":39.25999915599823,"rate_of_return":0.0}
{"window":{"start":"2023-10-24T14:25:00.000Z","end":"2023-10-24T14:26:00.000Z"},"country":"France","OPM":1,"total_sales_volume":11.649999976158142,"rate_of_return":0.0}
{"window":{"start":"2023-10-26T12:29:00.000Z","end":"2023-10-26T12:30:00.000Z"},"country":"United Kingdom","OPM":10,"total_sales_volume":446.8299962282181,"rate_of_return":0.0}
{"window":{"start":"2023-10-25T13:49:00.000Z","end":"2023-10-25T13:50:00.000Z"},"country":"Netherlands","OPM":1,"total_sales_volume":76.79999828338623,"rate_of_return":0.0}
{"window":{"start":"2023-10-23T23:18:00.000Z","end":"2023-10-23T23:19:00.000Z"},"country":"United Kingdom","OPM":11,"total_sales_volume":872.8299815803766,"rate_of_return":0.0}
{"window":{"start":"2023-10-27T21:02:00.000Z","end":"2023-10-27T21:03:00.000Z"},"country":"United Kingdom","OPM":9,"total_sales_volume":636.8799982368946,"rate_of_return":0.0}
{"window":{"start":"2023-10-26T06:14:00.000Z","end":"2023-10-26T06:15:00.000Z"},"country":"European Community","OPM":1,"total_sales_volume":10.399999618530273,"rate_of_return":0.0}
{"window":{"start":"2023-10-25T20:36:00.000Z","end":"2023-10-25T20:37:00.000Z"},"country":"Malta","OPM":1,"total_sales_volume":90.0999984741211,"rate_of_return":0.0}
{"window":{"start":"2023-10-26T09:41:00.000Z","end":"2023-10-26T09:42:00.000Z"},"country":"France","OPM":1,"total_sales_volume":41.58000183105469,"rate_of_return":0.0}
{"window":{"start":"2023-10-24T11:07:00.000Z","end":"2023-10-24T11:08:00.000Z"},"country":"United Kingdom","OPM":3,"total_sales_volume":98.8799968957901,"rate_of_return":0.0}
{"window":{"start":"2023-10-24T22:54:00.000Z","end":"2023-10-24T22:55:00.000Z"},"country":"Spain","OPM":1,"total_sales_volume":34.56999969482422,"rate_of_return":0.0}
{"window":{"start":"2023-10-28T05:47:00.000Z","end":"2023-10-28T05:48:00.000Z"},"country":"Switzerland","OPM":2,"total_sales_volume":124.16999983787537,"rate_of_return":0.0}
{"window":{"start":"2023-10-26T23:43:00.000Z","end":"2023-10-26T23:44:00.000Z"},"country":"United Kingdom","OPM":11,"total_sales_volume":479.72999572753906,"rate_of_return":0.0}
{"window":{"start":"2023-10-26T11:53:00.000Z","end":"2023-10-26T11:54:00.000Z"},"country":"United Kingdom","OPM":6,"total_sales_volume":318.4799987077713,"rate_of_return":0.0}
{"window":{"start":"2023-10-26T04:22:00.000Z","end":"2023-10-26T04:23:00.000Z"},"country":"Italy","OPM":1,"total_sales_volume":89.6499992609024,"rate_of_return":0.0}
{"window":{"start":"2023-10-24T21:17:00.000Z","end":"2023-10-24T21:18:00.000Z"},"country":"United Kingdom","OPM":10,"total_sales_volume":261.0700000822544,"rate_of_return":0.1}
{"window":{"start":"2023-10-25T23:38:00.000Z","end":"2023-10-25T23:39:00.000Z"},"country":"United Kingdom","OPM":11,"total_sales_volume":821.2700036764145,"rate_of_return":0.18181818181818182}
{"window":{"start":"2023-10-27T16:58:00.000Z","end":"2023-10-27T16:59:00.000Z"},"country":"United Kingdom","OPM":12,"total_sales_volume":1163.8900029659271,"rate_of_return":0.08333333333333333}
{"window":{"start":"2023-10-23T18:52:00.000Z","end":"2023-10-23T18:53:00.000Z"},"country":"EIRE","OPM":1,"total_sales_volume":73.07999902963638,"rate_of_return":0.0}
{"window":{"start":"2023-10-27T14:28:00.000Z","end":"2023-10-27T14:29:00.000Z"},"country":"United Kingdom","OPM":10,"total_sales_volume":6075.719865977764,"rate_of_return":0.0}
{"window":{"start":"2023-10-26T06:53:00.000Z","end":"2023-10-26T06:54:00.000Z"},"country":"Switzerland","OPM":1,"total_sales_volume":-32.930000364780426,"rate_of_return":1.0}
{"window":{"start":"2023-10-24T09:28:00.000Z","end":"2023-10-24T09:29:00.000Z"},"country":"France","OPM":1,"total_sales_volume":10.119999885559082,"rate_of_return":0.0}
{"window":{"start":"2023-10-26T00:13:00.000Z","end":"2023-10-26T00:14:00.000Z"},"country":"United Kingdom","OPM":8,"total_sales_volume":446.2000025510788,"rate_of_return":0.0}
{"window":{"start":"2023-10-23T19:53:00.000Z","end":"2023-10-23T19:54:00.000Z"},"country":"United Kingdom","OPM":9,"total_sales_volume":571.9899940490723,"rate_of_return":0.0}
{"window":{"start":"2023-10-24T15:27:00.000Z","end":"2023-10-24T15:28:00.000Z"},"country":"United Kingdom","OPM":9,"total_sales_volume":801.4799935519695,"rate_of_return":0.0}
{"window":{"start":"2023-10-25T15:35:00.000Z","end":"2023-10-25T15:36:00.000Z"},"country":"United Kingdom","OPM":14,"total_sales_volume":825.009981572628,"rate_of_return":0.0}
{"window":{"start":"2023-10-27T03:16:00.000Z","end":"2023-10-27T03:17:00.000Z"},"country":"United Kingdom","OPM":5,"total_sales_volume":275.8899991810322,"rate_of_return":0.0}
{"window":{"start":"2023-10-25T12:44:00.000Z","end":"2023-10-25T12:45:00.000Z"},"country":"United Kingdom","OPM":5,"total_sales_volume":195.36999610066414,"rate_of_return":0.0}
{"window":{"start":"2023-10-24T16:26:00.000Z","end":"2023-10-24T16:27:00.000Z"},"country":"Portugal","OPM":1,"total_sales_volume":1.649999976158142,"rate_of_return":0.0}
{"window":{"start":"2023-10-26T02:02:00.000Z","end":"2023-10-26T02:03:00.000Z"},"country":"Switzerland","OPM":1,"total_sales_volume":24.799999237060547,"rate_of_return":0.0}
{"window":{"start":"2023-10-25T09:47:00.000Z","end":"2023-10-25T09:48:00.000Z"},"country":"United Kingdom","OPM":13,"total_sales_volume":763.99998742342,"rate_of_return":0.0}
{"window":{"start":"2023-10-24T20:43:00.000Z","end":"2023-10-24T20:44:00.000Z"},"country":"Unspecified","OPM":1,"total_sales_volume":5.789999961853027,"rate_of_return":0.0}
{"window":{"start":"2023-10-24T17:19:00.000Z","end":"2023-10-24T17:20:00.000Z"},"country":"United Kingdom","OPM":12,"total_sales_volume":1999.6599715948105,"rate_of_return":0.08333333333333333}
{"window":{"start":"2023-10-23T18:56:00.000Z","end":"2023-10-23T18:57:00.000Z"},"country":"United Kingdom","OPM":7,"total_sales_volume":352.10999584198,"rate_of_return":0.0}
{"window":{"start":"2023-10-26T20:58:00.000Z","end":"2023-10-26T20:59:00.000Z"},"country":"United Kingdom","OPM":10,"total_sales_volume":359.3000001013279,"rate_of_return":0.1}
{"window":{"start":"2023-10-25T10:00:00.000Z","end":"2023-10-25T10:01:00.000Z"},"country":"Spain","OPM":1,"total_sales_volume":0.41999998688697815,"rate_of_return":0.0}
{"window":{"start":"2023-10-27T18:21:00.000Z","end":"2023-10-27T18:22:00.000Z"},"country":"United Kingdom","OPM":15,"total_sales_volume":631.809993326664,"rate_of_return":0.0}
{"window":{"start":"2023-10-28T02:58:00.000Z","end":"2023-10-28T02:59:00.000Z"},"country":"United Kingdom","OPM":6,"total_sales_volume":184.50999438762665,"rate_of_return":0.0}
{"window":{"start":"2023-10-27T12:11:00.000Z","end":"2023-10-27T12:12:00.000Z"},"country":"EIRE","OPM":1,"total_sales_volume":25.75,"rate_of_return":0.0}
{"window":{"start":"2023-10-24T16:03:00.000Z","end":"2023-10-24T16:04:00.000Z"},"country":"United Kingdom","OPM":9,"total_sales_volume":375.3900001347065,"rate_of_return":0.0}
{"window":{"start":"2023-10-26T13:50:00.000Z","end":"2023-10-26T13:51:00.000Z"},"country":"United Kingdom","OPM":10,"total_sales_volume":329.20999279618263,"rate_of_return":0.1}
{"window":{"start":"2023-10-25T21:19:00.000Z","end":"2023-10-25T21:20:00.000Z"},"country":"United Kingdom","OPM":12,"total_sales_volume":930.1199980378151,"rate_of_return":0.25}
{"window":{"start":"2023-10-25T18:48:00.000Z","end":"2023-10-25T18:49:00.000Z"},"country":"Germany","OPM":1,"total_sales_volume":18.210000038146973,"rate_of_return":0.0}
{"window":{"start":"2023-10-25T14:24:00.000Z","end":"2023-10-25T14:25:00.000Z"},"country":"France","OPM":1,"total_sales_volume":73.77000045776367,"rate_of_return":0.0}
{"window":{"start":"2023-10-25T03:44:00.000Z","end":"2023-10-25T03:45:00.000Z"},"country":"France","OPM":1,"total_sales_volume":15.630000233650208,"rate_of_return":0.0}
{"window":{"start":"2023-10-26T15:12:00.000Z","end":"2023-10-26T15:13:00.000Z"},"country":"United Kingdom","OPM":13,"total_sales_volume":1341.5300207436085,"rate_of_return":0.07692307692307693}
{"window":{"start":"2023-10-24T04:00:00.000Z","end":"2023-10-24T04:01:00.000Z"},"country":"United Kingdom","OPM":6,"total_sales_volume":238.46000057458878,"rate_of_return":0.0}
{"window":{"start":"2023-10-28T03:39:00.000Z","end":"2023-10-28T03:40:00.000Z"},"country":"United Kingdom","OPM":12,"total_sales_volume":710.8699996769428,"rate_of_return":0.0}
{"window":{"start":"2023-10-28T03:43:00.000Z","end":"2023-10-28T03:44:00.000Z"},"country":"United Kingdom","OPM":15,"total_sales_volume":1010.3599719107151,"rate_of_return":0.0}
{"window":{"start":"2023-10-28T04:59:00.000Z","end":"2023-10-28T05:00:00.000Z"},"country":"Belgium","OPM":1,"total_sales_volume":46.87999963760376,"rate_of_return":0.0}
{"window":{"start":"2023-10-27T03:51:00.000Z","end":"2023-10-27T03:52:00.000Z"},"country":"United Kingdom","OPM":4,"total_sales_volume":138.08000054955482,"rate_of_return":0.0}
{"window":{"start":"2023-10-26T21:52:00.000Z","end":"2023-10-26T21:53:00.000Z"},"country":"United Kingdom","OPM":14,"total_sales_volume":1175.6899846494198,"rate_of_return":0.07142857142857142}
{"window":{"start":"2023-10-23T22:12:00.000Z","end":"2023-10-23T22:13:00.000Z"},"country":"United Kingdom","OPM":3,"total_sales_volume":180.04999792575836,"rate_of_return":0.0}
{"window":{"start":"2023-10-24T05:39:00.000Z","end":"2023-10-24T05:40:00.000Z"},"country":"Switzerland","OPM":1,"total_sales_volume":123.92000198364258,"rate_of_return":0.0}
{"window":{"start":"2023-10-23T19:00:00.000Z","end":"2023-10-23T19:01:00.000Z"},"country":"Belgium","OPM":1,"total_sales_volume":70.69999885559082,"rate_of_return":0.0}
{"window":{"start":"2023-10-26T09:27:00.000Z","end":"2023-10-26T09:28:00.000Z"},"country":"United Kingdom","OPM":9,"total_sales_volume":415.79000133275986,"rate_of_return":0.0}
{"window":{"start":"2023-10-27T12:44:00.000Z","end":"2023-10-27T12:45:00.000Z"},"country":"United Kingdom","OPM":6,"total_sales_volume":1207.1399954557419,"rate_of_return":0.0}
{"window":{"start":"2023-10-27T13:14:00.000Z","end":"2023-10-27T13:15:00.000Z"},"country":"United Kingdom","OPM":15,"total_sales_volume":970.3099969029427,"rate_of_return":0.0}
{"window":{"start":"2023-10-23T19:41:00.000Z","end":"2023-10-23T19:42:00.000Z"},"country":"European Community","OPM":1,"total_sales_volume":7.419999957084656,"rate_of_return":0.0}
{"window":{"start":"2023-10-23T20:41:00.000Z","end":"2023-10-23T20:42:00.000Z"},"country":"Germany","OPM":1,"total_sales_volume":40.76999866962433,"rate_of_return":0.0}
{"window":{"start":"2023-10-24T02:47:00.000Z","end":"2023-10-24T02:48:00.000Z"},"country":"United Kingdom","OPM":10,"total_sales_volume":671.0799959301949,"rate_of_return":0.0}
