{"window":{"start":"2023-10-27T02:59:00.000Z","end":"2023-10-27T03:00:00.000Z"},"country":"Germany","OPM":2,"total_sales_volume":394.5600047111511,"rate_of_return":0.0}
{"window":{"start":"2023-10-24T05:24:00.000Z","end":"2023-10-24T05:25:00.000Z"},"country":"France","OPM":1,"total_sales_volume":17.549999952316284,"rate_of_return":0.0}
{"window":{"start":"2023-10-25T11:56:00.000Z","end":"2023-10-25T11:57:00.000Z"},"country":"Poland","OPM":1,"total_sales_volume":12.5,"rate_of_return":0.0}
{"window":{"start":"2023-10-27T04:27:00.000Z","end":"2023-10-27T04:28:00.000Z"},"country":"United Kingdom","OPM":11,"total_sales_volume":259.1999991238117,"rate_of_return":0.09090909090909091}
{"window":{"start":"2023-10-25T03:21:00.000Z","end":"2023-10-25T03:22:00.000Z"},"country":"France","OPM":1,"total_sales_volume":32.98000007867813,"rate_of_return":0.0}
{"window":{"start":"2023-10-28T01:40:00.000Z","end":"2023-10-28T01:41:00.000Z"},"country":"United Kingdom","OPM":15,"total_sales_volume":431.30999767780304,"rate_of_return":0.13333333333333333}
{"window":{"start":"2023-10-27T04:13:00.000Z","end":"2023-10-27T04:14:00.000Z"},"country":"United Kingdom","OPM":11,"total_sales_volume":960.0099946409464,"rate_of_return":0.0}
{"window":{"start":"2023-10-24T09:25:00.000Z","end":"2023-10-24T09:26:00.000Z"},"country":"Australia","OPM":1,"total_sales_volume":26.200000524520874,"rate_of_return":0.0}
{"window":{"start":"2023-10-24T01:20:00.000Z","end":"2023-10-24T01:21:00.000Z"},"country":"France","OPM":1,"total_sales_volume":0.8500000238418579,"rate_of_return":0.0}
{"window":{"start":"2023-10-27T19:32:00.000Z","end":"2023-10-27T19:33:00.000Z"},"country":"United Kingdom","OPM":15,"total_sales_volume":698.2099908590317,"rate_of_return":0.13333333333333333}
{"window":{"start":"2023-10-26T04:42:00.000Z","end":"2023-10-26T04:43:00.000Z"},"country":"United Kingdom","OPM":10,"total_sales_volume":407.9699954390526,"rate_of_return":0.0}
{"window":{"start":"2023-10-24T23:41:00.000Z","end":"2023-10-24T23:42:00.000Z"},"country":"United Kingdom","OPM":8,"total_sales_volume":494.44999715685844,"rate_of_return":0.0}
{"window":{"start":"2023-10-25T23:19:00.000Z","end":"2023-10-25T23:20:00.000Z"},"country":"United Kingdom","OPM":8,"total_sales_volume":68.3799988925457,"rate_of_return":0.0}
{"window":{"start":"2023-10-26T15:41:00.000Z","end":"2023-10-26T15:42:00.000Z"},"country":"EIRE","OPM":1,"total_sales_volume":2.939999908208847,"rate_of_return":0.0}
{"window":{"start":"2023-10-24T11:06:00.000Z","end":"2023-10-24T11:07:00.000Z"},"country":"United Kingdom","OPM":7,"total_sales_volume":410.6900007426739,"rate_of_return":0.0}
{"window":{"start":"2023-10-26T04:39:00.000Z","end":"2023-10-26T04:40:00.000Z"},"country":"Netherlands","OPM":1,"total_sales_volume":236.10999989509583,"rate_of_return":0.0}
{"window":{"start":"2023-10-24T12:14:00.000Z","end":"2023-10-24T12:15:00.000Z"},"country":"United Kingdom","OPM":13,"total_sales_volume":765.7199983596802,"rate_of_return":0.07692307692307693}
{"window":{"start":"2023-10-28T05:31:00.000Z","end":"2023-10-28T05:32:00.000Z"},"country":"United Kingdom","OPM":8,"total_sales_volume":310.55999970436096,"rate_of_return":0.0}
{"window":{"start":"2023-10-24T00:54:00.000Z","end":"2023-10-24T00:55:00.000Z"},"country":"Italy","OPM":1,"total_sales_volume":-25.540000081062317,"rate_of_return":1.0}
{"window":{"start":"2023-10-28T05:06:00.000Z","end":"2023-10-28T05:07:00.000Z"},"country":"United Kingdom","OPM":8,"total_sales_volume":626.9399941563606,"rate_of_return":0.125}
{"window":{"start":"2023-10-25T10:33:00.000Z","end":"2023-10-25T10:34:00.000Z"},"country":"United Kingdom","OPM":7,"total_sales_volume":303.8699997663498,"rate_of_return":0.0}
{"window":{"start":"2023-10-23T18:52:00.000Z","end":"2023-10-23T18:53:00.000Z"},"country":"Channel Islands","OPM":1,"total_sales_volume":59.10999870300293,"rate_of_return":0.0}
{"window":{"start":"2023-10-26T03:53:00.000Z","end":"2023-10-26T03:54:00.000Z"},"country":"France","OPM":1,"total_sales_volume":55.16999888420105,"rate_of_return":0.0}
{"window":{"start":"2023-10-23T18:16:00.000Z","end":"2023-10-23T18:17:00.000Z"},"country":"United Kingdom","OPM":6,"total_sales_volume":476.6799854040146,"rate_of_return":0.16666666666666666}
{"window":{"start":"2023-10-26T08:45:00.000Z","end":"2023-10-26T08:46:00.000Z"},"country":"Iceland","OPM":1,"total_sales_volume":10.499999672174454,"rate_of_return":0.0}
{"window":{"start":"2023-10-26T11:23:00.000Z","end":"2023-10-26T11:24:00.000Z"},"country":"Australia","OPM":1,"total_sales_volume":251.71999943256378,"rate_of_return":0.0}
{"window":{"start":"2023-10-27T06:18:00.000Z","end":"2023-10-27T06:19:00.000Z"},"country":"France","OPM":1,"total_sales_volume":64.62000036239624,"rate_of_return":0.0}
{"window":{"start":"2023-10-27T15:53:00.000Z","end":"2023-10-27T15:54:00.000Z"},"country":"United Kingdom","OPM":5,"total_sales_volume":363.0799966454506,"rate_of_return":0.0}
{"window":{"start":"2023-10-23T12:34:00.000Z","end":"2023-10-23T12:35:00.000Z"},"country":"United Kingdom","OPM":8,"total_sales_volume":273.3999977707863,"rate_of_return":0.125}
{"window":{"start":"2023-10-26T09:48:00.000Z","end":"2023-10-26T09:49:00.000Z"},"country":"United Kingdom","OPM":13,"total_sales_volume":752.0099982619286,"rate_of_return":0.07692307692307693}
{"window":{"start":"2023-10-24T06:07:00.000Z","end":"2023-10-24T06:08:00.000Z"},"country":"United Kingdom","OPM":7,"total_sales_volume":771.0400027632713,"rate_of_return":0.0}
{"window":{"start":"2023-10-26T06:44:00.000Z","end":"2023-10-26T06:45:00.000Z"},"country":"Spain","OPM":1,"total_sales_volume":13.600000023841858,"rate_of_return":0.0}
{"window":{"start":"2023-10-26T03:37:00.000Z","end":"2023-10-26T03:38:00.000Z"},"country":"United Kingdom","OPM":11,"total_sales_volume":353.1800005733967,"rate_of_return":0.0}
{"window":{"start":"2023-10-26T07:03:00.000Z","end":"2023-10-26T07:04:00.000Z"},"country":"United Kingdom","OPM":14,"total_sales_volume":913.9199969768524,"rate_of_return":0.0}
{"window":{"start":"2023-10-23T13:54:00.000Z","end":"2023-10-23T13:55:00.000Z"},"country":"United Kingdom","OPM":8,"total_sales_volume":740.9500017762184,"rate_of_return":0.0}
{"window":{"start":"2023-10-27T19:31:00.000Z","end":"2023-10-27T19:32:00.000Z"},"country":"EIRE","OPM":1,"total_sales_volume":15.049999505281448,"rate_of_return":0.0}
{"window":{"start":"2023-10-27T06:07:00.000Z","end":"2023-10-27T06:08:00.000Z"},"country":"Germany","OPM":1,"total_sales_volume":-86.7000024318695,"rate_of_return":1.0}
{"window":{"start":"2023-10-28T00:45:00.000Z","end":"2023-10-28T00:46:00.000Z"},"country":"United Kingdom","OPM":13,"total_sales_volume":360.3899958431721,"rate_of_return":0.15384615384615385}
{"window":{"start":"2023-10-24T16:44:00.000Z","end":"2023-10-24T16:45:00.000Z"},"country":"United Kingdom","OPM":11,"total_sales_volume":349.0099954903126,"rate_of_return":0.09090909090909091}
{"window":{"start":"2023-10-25T12:35:00.000Z","end":"2023-10-25T12:36:00.000Z"},"country":"Denmark","OPM":1,"total_sales_volume":66.87999856472015,"rate_of_return":0.0}
{"window":{"start":"2023-10-25T10:25:00.000Z","end":"2023-10-25T10:26:00.000Z"},"country":"Netherlands","OPM":1,"total_sales_volume":166.71000266075134,"rate_of_return":0.0}
{"window":{"start":"2023-10-26T22:20:00.000Z","end":"2023-10-26T22:21:00.000Z"},"country":"United Kingdom","OPM":11,"total_sales_volume":-101.8099892437458,"rate_of_return":0.36363636363636365}
{"window":{"start":"2023-10-24T18:01:00.000Z","end":"2023-10-24T18:02:00.000Z"},"country":"United Kingdom","OPM":12,"total_sales_volume":779.130000770092,"rate_of_return":0.08333333333333333}
{"window":{"start":"2023-10-24T17:02:00.000Z","end":"2023-10-24T17:03:00.000Z"},"country":"United Kingdom","OPM":14,"total_sales_volume":1013.4899889528751,"rate_of_return":0.07142857142857142}
{"window":{"start":"2023-10-27T10:41:00.000Z","end":"2023-10-27T10:42:00.000Z"},"country":"United Kingdom","OPM":7,"total_sales_volume":381.81999292969704,"rate_of_return":0.2857142857142857}
{"window":{"start":"2023-10-24T16:13:00.000Z","end":"2023-10-24T16:14:00.000Z"},"country":"United Kingdom","OPM":9,"total_sales_volume":125.75000229477882,"rate_of_return":0.1111111111111111}
{"window":{"start":"2023-10-27T02:53:00.000Z","end":"2023-10-27T02:54:00.000Z"},"country":"Finland","OPM":1,"total_sales_volume":28.950000286102295,"rate_of_return":0.0}
{"window":{"start":"2023-10-28T03:56:00.000Z","end":"2023-10-28T03:57:00.000Z"},"country":"France","OPM":1,"total_sales_volume":55.37999927997589,"rate_of_return":0.0}
{"window":{"start":"2023-10-25T11:25:00.000Z","end":"2023-10-25T11:26:00.000Z"},"country":"Spain","OPM":1,"total_sales_volume":26.999999433755875,"rate_of_return":0.0}
{"window":{"start":"2023-10-26T22:10:00.000Z","end":"2023-10-26T22:11:00.000Z"},"country":"United Kingdom","OPM":14,"total_sales_volume":814.6799892485142,"rate_of_return":0.0}
{"window":{"start":"2023-10-24T23:26:00.000Z","end":"2023-10-24T23:27:00.000Z"},"country":"United Kingdom","OPM":4,"total_sales_volume":232.1899987757206,"rate_of_return":0.0}
{"window":{"start":"2023-10-26T20:05:00.000Z","end":"2023-10-26T20:06:00.000Z"},"country":"United Kingdom","OPM":6,"total_sales_volume":518.4199956357479,"rate_of_return":0.0}
{"window":{"start":"2023-10-23T17:04:00.000Z","end":"2023-10-23T17:05:00.000Z"},"country":"Norway","OPM":1,"total_sales_volume":5.069999814033508,"rate_of_return":0.0}
{"window":{"start":"2023-10-23T19:54:00.000Z","end":"2023-10-23T19:55:00.000Z"},"country":"United Kingdom","OPM":8,"total_sales_volume":302.96999752521515,"rate_of_return":0.0}
{"window":{"start":"2023-10-24T11:31:00.000Z","end":"2023-10-24T11:32:00.000Z"},"country":"United Kingdom","OPM":11,"total_sales_volume":1263.299987822771,"rate_of_return":0.0}
{"window":{"start":"2023-10-28T04:59:00.000Z","end":"2023-10-28T05:00:00.000Z"},"country":"United Kingdom","OPM":6,"total_sales_volume":114.80000838637352,"rate_of_return":0.16666666666666666}
{"window":{"start":"2023-10-27T05:40:00.000Z","end":"2023-10-27T05:41:00.000Z"},"country":"EIRE","OPM":1,"total_sales_volume":324.47998809814453,"rate_of_return":0.0}
{"window":{"start":"2023-10-27T17:58:00.000Z","end":"2023-10-27T17:59:00.000Z"},"country":"EIRE","OPM":1,"total_sales_volume":5.099999904632568,"rate_of_return":0.0}
{"window":{"start":"2023-10-27T23:05:00.000Z","end":"2023-10-27T23:06:00.000Z"},"country":"United Kingdom","OPM":8,"total_sales_volume":220.84999811649323,"rate_of_return":0.0}
{"window":{"start":"2023-10-23T22:41:00.000Z","end":"2023-10-23T22:42:00.000Z"},"country":"United Kingdom","OPM":11,"total_sales_volume":375.22000190615654,"rate_of_return":0.0}
{"window":{"start":"2023-10-23T15:03:00.000Z","end":"2023-10-23T15:04:00.000Z"},"country":"United Kingdom","OPM":12,"total_sales_volume":2597.9699999690056,"rate_of_return":0.0}
{"window":{"start":"2023-10-28T01:16:00.000Z","end":"2023-10-28T01:17:00.000Z"},"country":"Germany","OPM":1,"total_sales_volume":10.399999618530273,"rate_of_return":0.0}
{"window":{"start":"2023-10-24T10:45:00.000Z","end":"2023-10-24T10:46:00.000Z"},"country":"Norway","OPM":1,"total_sales_volume":20.949999809265137,"rate_of_return":0.0}
{"window":{"start":"2023-10-27T11:46:00.000Z","end":"2023-10-27T11:47:00.000Z"},"country":"United Kingdom","OPM":9,"total_sales_volume":451.4800035357475,"rate_of_return":0.1111111111111111}
{"window":{"start":"2023-10-26T17:07:00.000Z","end":"2023-10-26T17:08:00.000Z"},"country":"Unspecified","OPM":1,"total_sales_volume":61.369998931884766,"rate_of_return":0.0}
{"window":{"start":"2023-10-24T00:23:00.000Z","end":"2023-10-24T00:24:00.000Z"},"country":"United Kingdom","OPM":5,"total_sales_volume":294.0600018799305,"rate_of_return":0.0}
{"window":{"start":"2023-10-26T02:57:00.000Z","end":"2023-10-26T02:58:00.000Z"},"country":"United Kingdom","OPM":11,"total_sales_volume":1095.9399870038033,"rate_of_return":0.0}
{"window":{"start":"2023-10-26T20:31:00.000Z","end":"2023-10-26T20:32:00.000Z"},"country":"United Kingdom","OPM":4,"total_sales_volume":303.0899981558323,"rate_of_return":0.0}
{"window":{"start":"2023-10-24T04:06:00.000Z","end":"2023-10-24T04:07:00.000Z"},"country":"United Kingdom","OPM":8,"total_sales_volume":1545.2700326442719,"rate_of_return":0.125}
{"window":{"start":"2023-10-23T15:57:00.000Z","end":"2023-10-23T15:58:00.000Z"},"country":"United Kingdom","OPM":8,"total_sales_volume":1080.3000001311302,"rate_of_return":0.0}
{"window":{"start":"2023-10-27T23:53:00.000Z","end":"2023-10-27T23:54:00.000Z"},"country":"United Kingdom","OPM":13,"total_sales_volume":499.6999954804778,"rate_of_return":0.07692307692307693}
{"window":{"start":"2023-10-26T22:53:00.000Z","end":"2023-10-26T22:54:00.000Z"},"country":"United Kingdom","OPM":10,"total_sales_volume":748.8399919569492,"rate_of_return":0.0}
{"window":{"start":"2023-10-24T04:27:00.000Z","end":"2023-10-24T04:28:00.000Z"},"country":"United Kingdom","OPM":10,"total_sales_volume":1001.6499888002872,"rate_of_return":0.0}
