{"window":{"start":"2023-10-25T00:43:00.000Z","end":"2023-10-25T00:44:00.000Z"},"country":"EIRE","OPM":1,"total_sales_volume":48.90000057220459,"rate_of_return":0.0}
{"window":{"start":"2023-10-27T14:02:00.000Z","end":"2023-10-27T14:03:00.000Z"},"country":"Finland","OPM":2,"total_sales_volume":143.2999946475029,"rate_of_return":0.0}
{"window":{"start":"2023-10-25T08:47:00.000Z","end":"2023-10-25T08:48:00.000Z"},"country":"France","OPM":1,"total_sales_volume":41.30000114440918,"rate_of_return":0.0}
{"window":{"start":"2023-10-25T00:36:00.000Z","end":"2023-10-25T00:37:00.000Z"},"country":"EIRE","OPM":1,"total_sales_volume":1.25,"rate_of_return":0.0}
{"window":{"start":"2023-10-27T22:25:00.000Z","end":"2023-10-27T22:26:00.000Z"},"country":"France","OPM":1,"total_sales_volume":75.71999979019165,"rate_of_return":0.0}
{"window":{"start":"2023-10-27T11:28:00.000Z","end":"2023-10-27T11:29:00.000Z"},"country":"Netherlands","OPM":1,"total_sales_volume":21.7400004863739,"rate_of_return":0.0}
{"window":{"start":"2023-10-26T16:35:00.000Z","end":"2023-10-26T16:36:00.000Z"},"country":"United Kingdom","OPM":8,"total_sales_volume":250.81999790668488,"rate_of_return":0.125}
{"window":{"start":"2023-10-23T18:26:00.000Z","end":"2023-10-23T18:27:00.000Z"},"country":"Belgium","OPM":1,"total_sales_volume":-12.030000030994415,"rate_of_return":1.0}
{"window":{"start":"2023-10-28T01:47:00.000Z","end":"2023-10-28T01:48:00.000Z"},"country":"Spain","OPM":1,"total_sales_volume":32.999999046325684,"rate_of_return":0.0}
{"window":{"start":"2023-10-23T14:43:00.000Z","end":"2023-10-23T14:44:00.000Z"},"country":"United Kingdom","OPM":11,"total_sales_volume":415.5299912393093,"rate_of_return":0.18181818181818182}
{"window":{"start":"2023-10-26T05:17:00.000Z","end":"2023-10-26T05:18:00.000Z"},"country":"United Kingdom","OPM":7,"total_sales_volume":379.8400012254715,"rate_of_return":0.14285714285714285}
{"window":{"start":"2023-10-23T16:50:00.000Z","end":"2023-10-23T16:51:00.000Z"},"country":"United Kingdom","OPM":6,"total_sales_volume":741.0099939107895,"rate_of_return":0.0}
{"window":{"start":"2023-10-28T02:59:00.000Z","end":"2023-10-28T03:00:00.000Z"},"country":"Germany","OPM":1,"total_sales_volume":6.5899999141693115,"rate_of_return":0.0}
{"window":{"start":"2023-10-26T08:18:00.000Z","end":"2023-10-26T08:19:00.000Z"},"country":"United Kingdom","OPM":14,"total_sales_volume":719.6999840736389,"rate_of_return":0.14285714285714285}
{"window":{"start":"2023-10-24T08:52:00.000Z","end":"2023-10-24T08:53:00.000Z"},"country":"Belgium","OPM":1,"total_sales_volume":11.999999731779099,"rate_of_return":0.0}
{"window":{"start":"2023-10-25T08:32:00.000Z","end":"2023-10-25T08:33:00.000Z"},"country":"EIRE","OPM":1,"total_sales_volume":63.29999843239784,"rate_of_return":0.0}
{"window":{"start":"2023-10-23T22:10:00.000Z","end":"2023-10-23T22:11:00.000Z"},"country":"France","OPM":1,"total_sales_volume":128.8599956035614,"rate_of_return":0.0}
{"window":{"start":"2023-10-24T08:53:00.000Z","end":"2023-10-24T08:54:00.000Z"},"country":"United Kingdom","OPM":15,"total_sales_volume":1221.7799830436707,"rate_of_return":0.0}
{"window":{"start":"2023-10-23T12:21:00.000Z","end":"2023-10-23T12:22:00.000Z"},"country":"United Kingdom","OPM":4,"total_sales_volume":105.53000140190125,"rate_of_return":0.25}
{"window":{"start":"2023-10-24T04:32:00.000Z","end":"2023-10-24T04:33:00.000Z"},"country":"Belgium","OPM":1,"total_sales_volume":37.989999294281006,"rate_of_return":0.0}
{"window":{"start":"2023-10-26T22:55:00.000Z","end":"2023-10-26T22:56:00.000Z"},"country":"Germany","OPM":2,"total_sales_volume":7.909999966621399,"rate_of_return":0.0}
{"window":{"start":"2023-10-24T14:58:00.000Z","end":"2023-10-24T14:59:00.000Z"},"country":"Hong Kong","OPM":1,"total_sales_volume":13.520000457763672,"rate_of_return":0.0}
{"window":{"start":"2023-10-28T02:05:00.000Z","end":"2023-10-28T02:06:00.000Z"},"country":"United Kingdom","OPM":6,"total_sales_volume":177.20000103116035,"rate_of_return":0.16666666666666666}
{"window":{"start":"2023-10-26T10:37:00.000Z","end":"2023-10-26T10:38:00.000Z"},"country":"United Kingdom","OPM":14,"total_sales_volume":1081.6799600720406,"rate_of_return":0.07142857142857142}
{"window":{"start":"2023-10-24T07:09:00.000Z","end":"2023-10-24T07:10:00.000Z"},"country":"Germany","OPM":1,"total_sales_volume":0.8500000238418579,"rate_of_return":0.0}
{"window":{"start":"2023-10-27T23:54:00.000Z","end":"2023-10-27T23:55:00.000Z"},"country":"Netherlands","OPM":1,"total_sales_volume":19.500000476837158,"rate_of_return":0.0}
{"window":{"start":"2023-10-26T18:05:00.000Z","end":"2023-10-26T18:06:00.000Z"},"country":"France","OPM":1,"total_sales_volume":26.15999960899353,"rate_of_return":0.0}
{"window":{"start":"2023-10-27T20:49:00.000Z","end":"2023-10-27T20:50:00.000Z"},"country":"United Kingdom","OPM":12,"total_sales_volume":869.8599992990494,"rate_of_return":0.0}
{"window":{"start":"2023-10-24T20:31:00.000Z","end":"2023-10-24T20:32:00.000Z"},"country":"Switzerland","OPM":1,"total_sales_volume":61.19999885559082,"rate_of_return":0.0}
{"window":{"start":"2023-10-28T02:49:00.000Z","end":"2023-10-28T02:50:00.000Z"},"country":"United Kingdom","OPM":8,"total_sales_volume":546.5199971795082,"rate_of_return":0.125}
{"window":{"start":"2023-10-25T04:40:00.000Z","end":"2023-10-25T04:41:00.000Z"},"country":"United Kingdom","OPM":12,"total_sales_volume":550.6100016236305,"rate_of_return":0.08333333333333333}
{"window":{"start":"2023-10-23T15:43:00.000Z","end":"2023-10-23T15:44:00.000Z"},"country":"United Kingdom","OPM":16,"total_sales_volume":1618.200013577938,"rate_of_return":0.0}
{"window":{"start":"2023-10-27T17:33:00.000Z","end":"2023-10-27T17:34:00.000Z"},"country":"Netherlands","OPM":1,"total_sales_volume":138.75000286102295,"rate_of_return":0.0}
{"window":{"start":"2023-10-25T10:01:00.000Z","end":"2023-10-25T10:02:00.000Z"},"country":"Netherlands","OPM":1,"total_sales_volume":30.0,"rate_of_return":0.0}
{"window":{"start":"2023-10-28T02:33:00.000Z","end":"2023-10-28T02:34:00.000Z"},"country":"United Kingdom","OPM":14,"total_sales_volume":750.829996407032,"rate_of_return":0.0}
{"window":{"start":"2023-10-25T18:27:00.000Z","end":"2023-10-25T18:28:00.000Z"},"country":"United Kingdom","OPM":6,"total_sales_volume":141.24999809265137,"rate_of_return":0.16666666666666666}
{"window":{"start":"2023-10-24T16:02:00.000Z","end":"2023-10-24T16:03:00.000Z"},"country":"EIRE","OPM":1,"total_sales_volume":4.600000023841858,"rate_of_return":0.0}
{"window":{"start":"2023-10-26T07:41:00.000Z","end":"2023-10-26T07:42:00.000Z"},"country":"United Kingdom","OPM":14,"total_sales_volume":897.0300037562847,"rate_of_return":0.0}
{"window":{"start":"2023-10-24T01:10:00.000Z","end":"2023-10-24T01:11:00.000Z"},"country":"United Kingdom","OPM":14,"total_sales_volume":1052.3299995362759,"rate_of_return":0.0}
{"window":{"start":"2023-10-26T02:02:00.000Z","end":"2023-10-26T02:03:00.000Z"},"country":"Channel Islands","OPM":1,"total_sales_volume":40.40000081062317,"rate_of_return":0.0}
{"window":{"start":"2023-10-27T13:22:00.000Z","end":"2023-10-27T13:23:00.000Z"},"country":"EIRE","OPM":1,"total_sales_volume":2.890000104904175,"rate_of_return":0.0}
{"window":{"start":"2023-10-24T13:06:00.000Z","end":"2023-10-24T13:07:00.000Z"},"country":"Germany","OPM":1,"total_sales_volume":56.30000114440918,"rate_of_return":0.0}
{"window":{"start":"2023-10-25T19:45:00.000Z","end":"2023-10-25T19:46:00.000Z"},"country":"Netherlands","OPM":1,"total_sales_volume":20.779999434947968,"rate_of_return":0.0}
{"window":{"start":"2023-10-23T22:19:00.000Z","end":"2023-10-23T22:20:00.000Z"},"country":"United Kingdom","OPM":7,"total_sales_volume":431.26999032497406,"rate_of_return":0.0}
{"window":{"start":"2023-10-25T19:03:00.000Z","end":"2023-10-25T19:04:00.000Z"},"country":"Switzerland","OPM":1,"total_sales_volume":23.070000052452087,"rate_of_return":0.0}
{"window":{"start":"2023-10-25T11:58:00.000Z","end":"2023-10-25T11:59:00.000Z"},"country":"United Kingdom","OPM":6,"total_sales_volume":185.23000146448612,"rate_of_return":0.16666666666666666}
{"window":{"start":"2023-10-24T22:54:00.000Z","end":"2023-10-24T22:55:00.000Z"},"country":"United Kingdom","OPM":16,"total_sales_volume":1690.0199991166592,"rate_of_return":0.0}
{"window":{"start":"2023-10-26T16:21:00.000Z","end":"2023-10-26T16:22:00.000Z"},"country":"EIRE","OPM":1,"total_sales_volume":168.02999824285507,"rate_of_return":0.0}
{"window":{"start":"2023-10-25T02:21:00.000Z","end":"2023-10-25T02:22:00.000Z"},"country":"United Kingdom","OPM":13,"total_sales_volume":720.379999756813,"rate_of_return":0.0}
{"window":{"start":"2023-10-23T23:01:00.000Z","end":"2023-10-23T23:02:00.000Z"},"country":"United Kingdom","OPM":17,"total_sales_volume":1674.8599899411201,"rate_of_return":0.0}
{"window":{"start":"2023-10-25T18:36:00.000Z","end":"2023-10-25T18:37:00.000Z"},"country":"United Kingdom","OPM":13,"total_sales_volume":1420.8199966549873,"rate_of_return":0.0}
{"window":{"start":"2023-10-27T02:55:00.000Z","end":"2023-10-27T02:56:00.000Z"},"country":"United Kingdom","OPM":5,"total_sales_volume":229.54000118374825,"rate_of_return":0.0}
{"window":{"start":"2023-10-25T20:43:00.000Z","end":"2023-10-25T20:44:00.000Z"},"country":"France","OPM":1,"total_sales_volume":67.2000002861023,"rate_of_return":0.0}
{"window":{"start":"2023-10-23T20:46:00.000Z","end":"2023-10-23T20:47:00.000Z"},"country":"France","OPM":1,"total_sales_volume":2.5999999046325684,"rate_of_return":0.0}
{"window":{"start":"2023-10-24T07:52:00.000Z","end":"2023-10-24T07:53:00.000Z"},"country":"United Kingdom","OPM":5,"total_sales_volume":433.0999950170517,"rate_of_return":0.0}
{"window":{"start":"2023-10-27T19:18:00.000Z","end":"2023-10-27T19:19:00.000Z"},"country":"United Kingdom","OPM":5,"total_sales_volume":232.02999964356422,"rate_of_return":0.0}
{"window":{"start":"2023-10-25T05:33:00.000Z","end":"2023-10-25T05:34:00.000Z"},"country":"United Kingdom","OPM":15,"total_sales_volume":1333.9099975526333,"rate_of_return":0.0}
{"window":{"start":"2023-10-26T17:39:00.000Z","end":"2023-10-26T17:40:00.000Z"},"country":"United Kingdom","OPM":10,"total_sales_volume":513.4499995708466,"rate_of_return":0.0}
{"window":{"start":"2023-10-25T04:38:00.000Z","end":"2023-10-25T04:39:00.000Z"},"country":"France","OPM":1,"total_sales_volume":10.0,"rate_of_return":0.0}
{"window":{"start":"2023-10-27T18:06:00.000Z","end":"2023-10-27T18:07:00.000Z"},"country":"Iceland","OPM":1,"total_sales_volume":23.250000476837158,"rate_of_return":0.0}
{"window":{"start":"2023-10-25T00:39:00.000Z","end":"2023-10-25T00:40:00.000Z"},"country":"United Kingdom","OPM":6,"total_sales_volume":345.73998910188675,"rate_of_return":0.0}
{"window":{"start":"2023-10-27T04:19:00.000Z","end":"2023-10-27T04:20:00.000Z"},"country":"Belgium","OPM":1,"total_sales_volume":1.25,"rate_of_return":0.0}
{"window":{"start":"2023-10-26T12:33:00.000Z","end":"2023-10-26T12:34:00.000Z"},"country":"United Kingdom","OPM":6,"total_sales_volume":395.0799962133169,"rate_of_return":0.16666666666666666}
{"window":{"start":"2023-10-24T09:59:00.000Z","end":"2023-10-24T10:00:00.000Z"},"country":"United Kingdom","OPM":5,"total_sales_volume":437.7199983596802,"rate_of_return":0.0}
{"window":{"start":"2023-10-24T03:07:00.000Z","end":"2023-10-24T03:08:00.000Z"},"country":"United Kingdom","OPM":7,"total_sales_volume":173.00999704003334,"rate_of_return":0.0}
{"window":{"start":"2023-10-23T14:49:00.000Z","end":"2023-10-23T14:50:00.000Z"},"country":"United Kingdom","OPM":9,"total_sales_volume":1099.4999984502792,"rate_of_return":0.1111111111111111}
{"window":{"start":"2023-10-23T16:59:00.000Z","end":"2023-10-23T17:00:00.000Z"},"country":"EIRE","OPM":1,"total_sales_volume":54.14999878406525,"rate_of_return":0.0}
{"window":{"start":"2023-10-24T01:40:00.000Z","end":"2023-10-24T01:41:00.000Z"},"country":"Italy","OPM":1,"total_sales_volume":34.199999928474426,"rate_of_return":0.0}
{"window":{"start":"2023-10-24T02:35:00.000Z","end":"2023-10-24T02:36:00.000Z"},"country":"France","OPM":1,"total_sales_volume":127.88999879360199,"rate_of_return":0.0}
{"window":{"start":"2023-10-24T10:40:00.000Z","end":"2023-10-24T10:41:00.000Z"},"country":"United Kingdom","OPM":11,"total_sales_volume":390.25000301003456,"rate_of_return":0.09090909090909091}
{"window":{"start":"2023-10-24T11:14:00.000Z","end":"2023-10-24T11:15:00.000Z"},"country":"United Kingdom","OPM":10,"total_sales_volume":882.2199981212616,"rate_of_return":0.2}
