{"window":{"start":"2023-10-26T11:54:00.000Z","end":"2023-10-26T11:55:00.000Z"},"country":"Spain","OPM":1,"total_sales_volume":37.20000076293945,"rate_of_return":0.0}
{"window":{"start":"2023-10-24T16:53:00.000Z","end":"2023-10-24T16:54:00.000Z"},"country":"United Kingdom","OPM":9,"total_sales_volume":378.8699965402484,"rate_of_return":0.0}
{"window":{"start":"2023-10-26T12:03:00.000Z","end":"2023-10-26T12:04:00.000Z"},"country":"United Kingdom","OPM":5,"total_sales_volume":761.4999933838844,"rate_of_return":0.0}
{"window":{"start":"2023-10-27T08:35:00.000Z","end":"2023-10-27T08:36:00.000Z"},"country":"United Kingdom","OPM":9,"total_sales_volume":291.89999982714653,"rate_of_return":0.0}
{"window":{"start":"2023-10-27T04:38:00.000Z","end":"2023-10-27T04:39:00.000Z"},"country":"EIRE","OPM":1,"total_sales_volume":46.71000009775162,"rate_of_return":0.0}
{"window":{"start":"2023-10-24T21:30:00.000Z","end":"2023-10-24T21:31:00.000Z"},"country":"United Kingdom","OPM":7,"total_sales_volume":370.6799932420254,"rate_of_return":0.0}
{"window":{"start":"2023-10-25T12:37:00.000Z","end":"2023-10-25T12:38:00.000Z"},"country":"EIRE","OPM":1,"total_sales_volume":11.899999618530273,"rate_of_return":0.0}
{"window":{"start":"2023-10-27T02:25:00.000Z","end":"2023-10-27T02:26:00.000Z"},"country":"United Kingdom","OPM":8,"total_sales_volume":398.2099983692169,"rate_of_return":0.0}
{"window":{"start":"2023-10-27T18:50:00.000Z","end":"2023-10-27T18:51:00.000Z"},"country":"United Kingdom","OPM":10,"total_sales_volume":517.900009483099,"rate_of_return":0.2}
{"window":{"start":"2023-10-27T01:05:00.000Z","end":"2023-10-27T01:06:00.000Z"},"country":"Germany","OPM":1,"total_sales_volume":17.0,"rate_of_return":0.0}
{"window":{"start":"2023-10-25T16:29:00.000Z","end":"2023-10-25T16:30:00.000Z"},"country":"United Kingdom","OPM":6,"total_sales_volume":581.8200023472309,"rate_of_return":0.0}
{"window":{"start":"2023-10-25T21:48:00.000Z","end":"2023-10-25T21:49:00.000Z"},"country":"Belgium","OPM":1,"total_sales_volume":87.63000059127808,"rate_of_return":0.0}
{"window":{"start":"2023-10-26T13:02:00.000Z","end":"2023-10-26T13:03:00.000Z"},"country":"EIRE","OPM":1,"total_sales_volume":1.6299999952316284,"rate_of_return":0.0}
{"window":{"start":"2023-10-26T17:57:00.000Z","end":"2023-10-26T17:58:00.000Z"},"country":"United Kingdom","OPM":11,"total_sales_volume":681.169996201992,"rate_of_return":0.0}
{"window":{"start":"2023-10-26T02:26:00.000Z","end":"2023-10-26T02:27:00.000Z"},"country":"United Kingdom","OPM":12,"total_sales_volume":483.3499993607402,"rate_of_return":0.0}
{"window":{"start":"2023-10-27T17:50:00.000Z","end":"2023-10-27T17:51:00.000Z"},"country":"Germany","OPM":1,"total_sales_volume":33.25999999046326,"rate_of_return":0.0}
{"window":{"start":"2023-10-27T07:10:00.000Z","end":"2023-10-27T07:11:00.000Z"},"country":"United Kingdom","OPM":5,"total_sales_volume":133.66999849677086,"rate_of_return":0.0}
{"window":{"start":"2023-10-25T03:53:00.000Z","end":"2023-10-25T03:54:00.000Z"},"country":"United Kingdom","OPM":7,"total_sales_volume":325.3299934864044,"rate_of_return":0.14285714285714285}
{"window":{"start":"2023-10-27T00:50:00.000Z","end":"2023-10-27T00:51:00.000Z"},"country":"United Kingdom","OPM":4,"total_sales_volume":556.8200015127659,"rate_of_return":0.0}
{"window":{"start":"2023-10-24T13:59:00.000Z","end":"2023-10-24T14:00:00.000Z"},"country":"EIRE","OPM":1,"total_sales_volume":-44.55999940633774,"rate_of_return":1.0}
{"window":{"start":"2023-10-25T19:14:00.000Z","end":"2023-10-25T19:15:00.000Z"},"country":"Switzerland","OPM":1,"total_sales_volume":17.75000011920929,"rate_of_return":0.0}
{"window":{"start":"2023-10-25T19:06:00.000Z","end":"2023-10-25T19:07:00.000Z"},"country":"EIRE","OPM":1,"total_sales_volume":24.089999556541443,"rate_of_return":0.0}
{"window":{"start":"2023-10-24T10:14:00.000Z","end":"2023-10-24T10:15:00.000Z"},"country":"United Kingdom","OPM":7,"total_sales_volume":471.080004632473,"rate_of_return":0.0}
{"window":{"start":"2023-10-25T14:24:00.000Z","end":"2023-10-25T14:25:00.000Z"},"country":"EIRE","OPM":1,"total_sales_volume":17.700000673532486,"rate_of_return":0.0}
{"window":{"start":"2023-10-25T03:49:00.000Z","end":"2023-10-25T03:50:00.000Z"},"country":"EIRE","OPM":1,"total_sales_volume":49.38000154495239,"rate_of_return":0.0}
{"window":{"start":"2023-10-27T04:59:00.000Z","end":"2023-10-27T05:00:00.000Z"},"country":"United Kingdom","OPM":8,"total_sales_volume":287.21999901533127,"rate_of_return":0.0}
{"window":{"start":"2023-10-27T05:59:00.000Z","end":"2023-10-27T06:00:00.000Z"},"country":"United Kingdom","OPM":11,"total_sales_volume":1033.3499938845634,"rate_of_return":0.09090909090909091}
{"window":{"start":"2023-10-27T22:58:00.000Z","end":"2023-10-27T22:59:00.000Z"},"country":"United Kingdom","OPM":11,"total_sales_volume":451.03000202775,"rate_of_return":0.09090909090909091}
{"window":{"start":"2023-10-27T23:55:00.000Z","end":"2023-10-27T23:56:00.000Z"},"country":"United Kingdom","OPM":5,"total_sales_volume":208.27000284194946,"rate_of_return":0.0}
{"window":{"start":"2023-10-25T17:17:00.000Z","end":"2023-10-25T17:18:00.000Z"},"country":"United Kingdom","OPM":9,"total_sales_volume":572.4099961817265,"rate_of_return":0.1111111111111111}
{"window":{"start":"2023-10-26T09:42:00.000Z","end":"2023-10-26T09:43:00.000Z"},"country":"United Kingdom","OPM":9,"total_sales_volume":609.0299871265888,"rate_of_return":0.1111111111111111}
{"window":{"start":"2023-10-28T00:59:00.000Z","end":"2023-10-28T01:00:00.000Z"},"country":"EIRE","OPM":1,"total_sales_volume":2.0999999046325684,"rate_of_return":0.0}
{"window":{"start":"2023-10-25T02:32:00.000Z","end":"2023-10-25T02:33:00.000Z"},"country":"United Kingdom","OPM":15,"total_sales_volume":728.4299937188625,"rate_of_return":0.06666666666666667}
{"window":{"start":"2023-10-26T14:27:00.000Z","end":"2023-10-26T14:28:00.000Z"},"country":"Italy","OPM":1,"total_sales_volume":51.959999084472656,"rate_of_return":0.0}
{"window":{"start":"2023-10-23T15:43:00.000Z","end":"2023-10-23T15:44:00.000Z"},"country":"Germany","OPM":1,"total_sales_volume":-1.25,"rate_of_return":1.0}
{"window":{"start":"2023-10-27T16:19:00.000Z","end":"2023-10-27T16:20:00.000Z"},"country":"United Kingdom","OPM":10,"total_sales_volume":464.6599993109703,"rate_of_return":0.0}
{"window":{"start":"2023-10-27T01:18:00.000Z","end":"2023-10-27T01:19:00.000Z"},"country":"United Kingdom","OPM":8,"total_sales_volume":842.9000137746334,"rate_of_return":0.0}
{"window":{"start":"2023-10-24T20:45:00.000Z","end":"2023-10-24T20:46:00.000Z"},"country":"Norway","OPM":1,"total_sales_volume":11.97000002861023,"rate_of_return":0.0}
{"window":{"start":"2023-10-23T13:08:00.000Z","end":"2023-10-23T13:09:00.000Z"},"country":"United Kingdom","OPM":11,"total_sales_volume":724.1899865865707,"rate_of_return":0.09090909090909091}
{"window":{"start":"2023-10-26T17:40:00.000Z","end":"2023-10-26T17:41:00.000Z"},"country":"United Kingdom","OPM":13,"total_sales_volume":306.53999960422516,"rate_of_return":0.0}
{"window":{"start":"2023-10-28T02:27:00.000Z","end":"2023-10-28T02:28:00.000Z"},"country":"Cyprus","OPM":1,"total_sales_volume":41.81000089645386,"rate_of_return":0.0}
{"window":{"start":"2023-10-26T15:03:00.000Z","end":"2023-10-26T15:04:00.000Z"},"country":"Portugal","OPM":1,"total_sales_volume":41.170000314712524,"rate_of_return":0.0}
{"window":{"start":"2023-10-27T23:32:00.000Z","end":"2023-10-27T23:33:00.000Z"},"country":"United Kingdom","OPM":8,"total_sales_volume":871.8599964678288,"rate_of_return":0.0}
{"window":{"start":"2023-10-28T04:14:00.000Z","end":"2023-10-28T04:15:00.000Z"},"country":"United Kingdom","OPM":11,"total_sales_volume":347.580000013113,"rate_of_return":0.18181818181818182}
{"window":{"start":"2023-10-28T03:15:00.000Z","end":"2023-10-28T03:16:00.000Z"},"country":"United Kingdom","OPM":4,"total_sales_volume":250.81999915838242,"rate_of_return":0.0}
{"window":{"start":"2023-10-24T21:39:00.000Z","end":"2023-10-24T21:40:00.000Z"},"country":"Denmark","OPM":1,"total_sales_volume":16.49999976158142,"rate_of_return":0.0}
{"window":{"start":"2023-10-25T10:04:00.000Z","end":"2023-10-25T10:05:00.000Z"},"country":"United Kingdom","OPM":5,"total_sales_volume":6040.060136526823,"rate_of_return":0.0}
{"window":{"start":"2023-10-24T16:37:00.000Z","end":"2023-10-24T16:38:00.000Z"},"country":"United Kingdom","OPM":2,"total_sales_volume":42.929999351501465,"rate_of_return":0.0}
{"window":{"start":"2023-10-27T01:25:00.000Z","end":"2023-10-27T01:26:00.000Z"},"country":"Australia","OPM":1,"total_sales_volume":25.71999990940094,"rate_of_return":0.0}
{"window":{"start":"2023-10-27T06:05:00.000Z","end":"2023-10-27T06:06:00.000Z"},"country":"United Kingdom","OPM":4,"total_sales_volume":100.52999758720398,"rate_of_return":0.0}
{"window":{"start":"2023-10-25T23:46:00.000Z","end":"2023-10-25T23:47:00.000Z"},"country":"United Kingdom","OPM":9,"total_sales_volume":630.6000010967255,"rate_of_return":0.0}
{"window":{"start":"2023-10-26T15:07:00.000Z","end":"2023-10-26T15:08:00.000Z"},"country":"United Kingdom","OPM":6,"total_sales_volume":141.3999964594841,"rate_of_return":0.0}
{"window":{"start":"2023-10-26T18:31:00.000Z","end":"2023-10-26T18:32:00.000Z"},"country":"EIRE","OPM":1,"total_sales_volume":11.039999634027481,"rate_of_return":0.0}
{"window":{"start":"2023-10-26T00:50:00.000Z","end":"2023-10-26T00:51:00.000Z"},"country":"France","OPM":1,"total_sales_volume":35.69000053405762,"rate_of_return":0.0}
