{"window":{"start":"2023-10-27T11:19:00.000Z","end":"2023-10-27T11:20:00.000Z"},"country":"United Kingdom","OPM":13,"total_sales_volume":763.5600016117096,"rate_of_return":0.0}
{"window":{"start":"2023-10-23T13:57:00.000Z","end":"2023-10-23T13:58:00.000Z"},"country":"United Kingdom","OPM":5,"total_sales_volume":440.61999732255936,"rate_of_return":0.0}
{"window":{"start":"2023-10-25T14:48:00.000Z","end":"2023-10-25T14:49:00.000Z"},"country":"Bahrain","OPM":1,"total_sales_volume":-42.29999923706055,"rate_of_return":1.0}
{"window":{"start":"2023-10-25T00:39:00.000Z","end":"2023-10-25T00:40:00.000Z"},"country":"Cyprus","OPM":1,"total_sales_volume":5.78000020980835,"rate_of_return":0.0}
{"window":{"start":"2023-10-27T11:15:00.000Z","end":"2023-10-27T11:16:00.000Z"},"country":"Channel Islands","OPM":1,"total_sales_volume":92.34999763965607,"rate_of_return":0.0}
{"window":{"start":"2023-10-23T22:02:00.000Z","end":"2023-10-23T22:03:00.000Z"},"country":"Spain","OPM":1,"total_sales_volume":29.230000019073486,"rate_of_return":0.0}
{"window":{"start":"2023-10-27T14:23:00.000Z","end":"2023-10-27T14:24:00.000Z"},"country":"France","OPM":1,"total_sales_volume":267.45999896526337,"rate_of_return":0.0}
{"window":{"start":"2023-10-23T15:24:00.000Z","end":"2023-10-23T15:25:00.000Z"},"country":"United Kingdom","OPM":17,"total_sales_volume":603.9200004339218,"rate_of_return":0.058823529411764705}
{"window":{"start":"2023-10-24T18:43:00.000Z","end":"2023-10-24T18:44:00.000Z"},"country":"United Kingdom","OPM":7,"total_sales_volume":461.0700060427189,"rate_of_return":0.0}
{"window":{"start":"2023-10-24T05:34:00.000Z","end":"2023-10-24T05:35:00.000Z"},"country":"United Kingdom","OPM":8,"total_sales_volume":398.2699939906597,"rate_of_return":0.125}
{"window":{"start":"2023-10-24T16:41:00.000Z","end":"2023-10-24T16:42:00.000Z"},"country":"United Kingdom","OPM":12,"total_sales_volume":1349.8399706184864,"rate_of_return":0.08333333333333333}
{"window":{"start":"2023-10-25T03:58:00.000Z","end":"2023-10-25T03:59:00.000Z"},"country":"United Kingdom","OPM":15,"total_sales_volume":1143.730008482933,"rate_of_return":0.06666666666666667}
{"window":{"start":"2023-10-27T02:53:00.000Z","end":"2023-10-27T02:54:00.000Z"},"country":"United Kingdom","OPM":9,"total_sales_volume":525.159998446703,"rate_of_return":0.0}
{"window":{"start":"2023-10-23T16:06:00.000Z","end":"2023-10-23T16:07:00.000Z"},"country":"United Kingdom","OPM":15,"total_sales_volume":219.2899973988533,"rate_of_return":0.13333333333333333}
{"window":{"start":"2023-10-25T06:28:00.000Z","end":"2023-10-25T06:29:00.000Z"},"country":"United Kingdom","OPM":3,"total_sales_volume":111.40999734401703,"rate_of_return":0.0}
{"window":{"start":"2023-10-27T14:55:00.000Z","end":"2023-10-27T14:56:00.000Z"},"country":"United Kingdom","OPM":7,"total_sales_volume":199.68999910354614,"rate_of_return":0.14285714285714285}
{"window":{"start":"2023-10-25T07:21:00.000Z","end":"2023-10-25T07:22:00.000Z"},"country":"United Kingdom","OPM":5,"total_sales_volume":263.840000718832,"rate_of_return":0.0}
{"window":{"start":"2023-10-24T15:10:00.000Z","end":"2023-10-24T15:11:00.000Z"},"country":"United Kingdom","OPM":10,"total_sales_volume":674.0299988687038,"rate_of_return":0.0}
{"window":{"start":"2023-10-26T02:09:00.000Z","end":"2023-10-26T02:10:00.000Z"},"country":"United Kingdom","OPM":7,"total_sales_volume":179.23999473452568,"rate_of_return":0.14285714285714285}
{"window":{"start":"2023-10-26T02:34:00.000Z","end":"2023-10-26T02:35:00.000Z"},"country":"United Kingdom","OPM":5,"total_sales_volume":175.49000012874603,"rate_of_return":0.0}
{"window":{"start":"2023-10-24T01:18:00.000Z","end":"2023-10-24T01:19:00.000Z"},"country":"United Kingdom","OPM":10,"total_sales_volume":841.6000040769577,"rate_of_return":0.0}
{"window":{"start":"2023-10-27T17:56:00.000Z","end":"2023-10-27T17:57:00.000Z"},"country":"Switzerland","OPM":1,"total_sales_volume":59.84999883174896,"rate_of_return":0.0}
{"window":{"start":"2023-10-27T18:12:00.000Z","end":"2023-10-27T18:13:00.000Z"},"country":"United Kingdom","OPM":12,"total_sales_volume":3736.590084761381,"rate_of_return":0.08333333333333333}
{"window":{"start":"2023-10-27T06:35:00.000Z","end":"2023-10-27T06:36:00.000Z"},"country":"United Kingdom","OPM":8,"total_sales_volume":297.110000282526,"rate_of_return":0.125}
{"window":{"start":"2023-10-24T18:37:00.000Z","end":"2023-10-24T18:38:00.000Z"},"country":"United Kingdom","OPM":3,"total_sales_volume":375.2900094985962,"rate_of_return":0.3333333333333333}
{"window":{"start":"2023-10-26T07:37:00.000Z","end":"2023-10-26T07:38:00.000Z"},"country":"United Kingdom","OPM":10,"total_sales_volume":555.7200022339821,"rate_of_return":0.1}
{"window":{"start":"2023-10-26T12:12:00.000Z","end":"2023-10-26T12:13:00.000Z"},"country":"Germany","OPM":1,"total_sales_volume":45.74999940395355,"rate_of_return":0.0}
{"window":{"start":"2023-10-24T10:38:00.000Z","end":"2023-10-24T10:39:00.000Z"},"country":"United Kingdom","OPM":11,"total_sales_volume":440.03000581264496,"rate_of_return":0.09090909090909091}
{"window":{"start":"2023-10-26T02:11:00.000Z","end":"2023-10-26T02:12:00.000Z"},"country":"United Kingdom","OPM":12,"total_sales_volume":377.91999608278275,"rate_of_return":0.0}
{"window":{"start":"2023-10-26T20:13:00.000Z","end":"2023-10-26T20:14:00.000Z"},"country":"Austria","OPM":1,"total_sales_volume":39.34999895095825,"rate_of_return":0.0}
{"window":{"start":"2023-10-27T13:44:00.000Z","end":"2023-10-27T13:45:00.000Z"},"country":"United Kingdom","OPM":5,"total_sales_volume":553.1299887895584,"rate_of_return":0.0}
{"window":{"start":"2023-10-27T04:19:00.000Z","end":"2023-10-27T04:20:00.000Z"},"country":"United Kingdom","OPM":15,"total_sales_volume":2057.9499957859516,"rate_of_return":0.06666666666666667}
{"window":{"start":"2023-10-23T19:16:00.000Z","end":"2023-10-23T19:17:00.000Z"},"country":"Italy","OPM":1,"total_sales_volume":10.800000309944153,"rate_of_return":0.0}
{"window":{"start":"2023-10-24T20:47:00.000Z","end":"2023-10-24T20:48:00.000Z"},"country":"EIRE","OPM":1,"total_sales_volume":57.60000038146973,"rate_of_return":0.0}
{"window":{"start":"2023-10-27T01:03:00.000Z","end":"2023-10-27T01:04:00.000Z"},"country":"Israel","OPM":1,"total_sales_volume":7.420000076293945,"rate_of_return":0.0}
{"window":{"start":"2023-10-25T23:55:00.000Z","end":"2023-10-25T23:56:00.000Z"},"country":"Germany","OPM":1,"total_sales_volume":28.380000114440918,"rate_of_return":0.0}
{"window":{"start":"2023-10-27T15:22:00.000Z","end":"2023-10-27T15:23:00.000Z"},"country":"France","OPM":1,"total_sales_volume":6.020000100135803,"rate_of_return":0.0}
{"window":{"start":"2023-10-28T02:56:00.000Z","end":"2023-10-28T02:57:00.000Z"},"country":"Germany","OPM":1,"total_sales_volume":39.149999499320984,"rate_of_return":0.0}
{"window":{"start":"2023-10-28T05:07:00.000Z","end":"2023-10-28T05:08:00.000Z"},"country":"United Kingdom","OPM":4,"total_sales_volume":572.7299982309341,"rate_of_return":0.0}
{"window":{"start":"2023-10-23T12:35:00.000Z","end":"2023-10-23T12:36:00.000Z"},"country":"United Kingdom","OPM":4,"total_sales_volume":952.9100025594234,"rate_of_return":0.0}
{"window":{"start":"2023-10-24T20:15:00.000Z","end":"2023-10-24T20:16:00.000Z"},"country":"United Kingdom","OPM":8,"total_sales_volume":690.5399997234344,"rate_of_return":0.0}
{"window":{"start":"2023-10-27T04:02:00.000Z","end":"2023-10-27T04:03:00.000Z"},"country":"United Kingdom","OPM":10,"total_sales_volume":389.5199970304966,"rate_of_return":0.0}
{"window":{"start":"2023-10-25T00:30:00.000Z","end":"2023-10-25T00:31:00.000Z"},"country":"United Kingdom","OPM":11,"total_sales_volume":123.78999647498131,"rate_of_return":0.09090909090909091}
{"window":{"start":"2023-10-26T22:25:00.000Z","end":"2023-10-26T22:26:00.000Z"},"country":"EIRE","OPM":1,"total_sales_volume":203.90000253915787,"rate_of_return":0.0}
{"window":{"start":"2023-10-24T02:34:00.000Z","end":"2023-10-24T02:35:00.000Z"},"country":"EIRE","OPM":1,"total_sales_volume":-7.829999923706055,"rate_of_return":1.0}
{"window":{"start":"2023-10-27T20:20:00.000Z","end":"2023-10-27T20:21:00.000Z"},"country":"Switzerland","OPM":1,"total_sales_volume":109.60999858379364,"rate_of_return":0.0}
{"window":{"start":"2023-10-23T12:18:00.000Z","end":"2023-10-23T12:19:00.000Z"},"country":"United Kingdom","OPM":3,"total_sales_volume":78.99000155925751,"rate_of_return":0.0}
{"window":{"start":"2023-10-26T22:55:00.000Z","end":"2023-10-26T22:56:00.000Z"},"country":"Unspecified","OPM":1,"total_sales_volume":103.68999928236008,"rate_of_return":0.0}
{"window":{"start":"2023-10-24T15:11:00.000Z","end":"2023-10-24T15:12:00.000Z"},"country":"United Kingdom","OPM":6,"total_sales_volume":352.19999969005585,"rate_of_return":0.0}
{"window":{"start":"2023-10-24T05:30:00.000Z","end":"2023-10-24T05:31:00.000Z"},"country":"EIRE","OPM":1,"total_sales_volume":27.889999389648438,"rate_of_return":0.0}
{"window":{"start":"2023-10-25T15:09:00.000Z","end":"2023-10-25T15:10:00.000Z"},"country":"United Kingdom","OPM":8,"total_sales_volume":385.7599984407425,"rate_of_return":0.0}
{"window":{"start":"2023-10-23T22:49:00.000Z","end":"2023-10-23T22:50:00.000Z"},"country":"United Kingdom","OPM":2,"total_sales_volume":31.100000113248825,"rate_of_return":0.0}
{"window":{"start":"2023-10-26T03:38:00.000Z","end":"2023-10-26T03:39:00.000Z"},"country":"France","OPM":1,"total_sales_volume":15.28000009059906,"rate_of_return":0.0}
{"window":{"start":"2023-10-25T03:48:00.000Z","end":"2023-10-25T03:49:00.000Z"},"country":"Austria","OPM":1,"total_sales_volume":435.37001168727875,"rate_of_return":0.0}
{"window":{"start":"2023-10-26T14:55:00.000Z","end":"2023-10-26T14:56:00.000Z"},"country":"United Kingdom","OPM":11,"total_sales_volume":855.909987539053,"rate_of_return":0.09090909090909091}
{"window":{"start":"2023-10-26T13:52:00.000Z","end":"2023-10-26T13:53:00.000Z"},"country":"Sweden","OPM":1,"total_sales_volume":76.5,"rate_of_return":0.0}
{"window":{"start":"2023-10-26T02:29:00.000Z","end":"2023-10-26T02:30:00.000Z"},"country":"Australia","OPM":1,"total_sales_volume":21.949999451637268,"rate_of_return":0.0}
