{"window":{"start":"2023-10-27T18:35:00.000Z","end":"2023-10-27T18:36:00.000Z"},"country":"United Kingdom","OPM":12,"total_sales_volume":296.71000066399574,"rate_of_return":0.0}
{"window":{"start":"2023-10-24T18:29:00.000Z","end":"2023-10-24T18:30:00.000Z"},"country":"Greece","OPM":1,"total_sales_volume":30.0,"rate_of_return":0.0}
{"window":{"start":"2023-10-26T16:26:00.000Z","end":"2023-10-26T16:27:00.000Z"},"country":"Germany","OPM":1,"total_sales_volume":59.3999981880188,"rate_of_return":0.0}
{"window":{"start":"2023-10-25T16:42:00.000Z","end":"2023-10-25T16:43:00.000Z"},"country":"EIRE","OPM":1,"total_sales_volume":-33.429999351501465,"rate_of_return":1.0}
{"window":{"start":"2023-10-26T18:48:00.000Z","end":"2023-10-26T18:49:00.000Z"},"country":"United Kingdom","OPM":8,"total_sales_volume":362.159998357296,"rate_of_return":0.0}
{"window":{"start":"2023-10-24T20:22:00.000Z","end":"2023-10-24T20:23:00.000Z"},"country":"United Kingdom","OPM":13,"total_sales_volume":487.4799904972315,"rate_of_return":0.15384615384615385}
{"window":{"start":"2023-10-27T12:13:00.000Z","end":"2023-10-27T12:14:00.000Z"},"country":"United Kingdom","OPM":5,"total_sales_volume":502.0199966430664,"rate_of_return":0.0}
{"window":{"start":"2023-10-24T13:27:00.000Z","end":"2023-10-24T13:28:00.000Z"},"country":"Norway","OPM":1,"total_sales_volume":43.35999846458435,"rate_of_return":0.0}
{"window":{"start":"2023-10-25T04:34:00.000Z","end":"2023-10-25T04:35:00.000Z"},"country":"United Kingdom","OPM":9,"total_sales_volume":353.2899995446205,"rate_of_return":0.0}
{"window":{"start":"2023-10-27T19:17:00.000Z","end":"2023-10-27T19:18:00.000Z"},"country":"United Kingdom","OPM":14,"total_sales_volume":880.1799917221069,"rate_of_return":0.07142857142857142}
{"window":{"start":"2023-10-24T15:40:00.000Z","end":"2023-10-24T15:41:00.000Z"},"country":"United Kingdom","OPM":10,"total_sales_volume":1044.6999824643135,"rate_of_return":0.0}
{"window":{"start":"2023-10-26T19:24:00.000Z","end":"2023-10-26T19:25:00.000Z"},"country":"France","OPM":1,"total_sales_volume":1.690000057220459,"rate_of_return":0.0}
{"window":{"start":"2023-10-23T21:51:00.000Z","end":"2023-10-23T21:52:00.000Z"},"country":"United Kingdom","OPM":10,"total_sales_volume":482.4799968600273,"rate_of_return":0.0}
{"window":{"start":"2023-10-27T19:24:00.000Z","end":"2023-10-27T19:25:00.000Z"},"country":"United Kingdom","OPM":7,"total_sales_volume":291.09000384807587,"rate_of_return":0.14285714285714285}
{"window":{"start":"2023-10-24T23:57:00.000Z","end":"2023-10-24T23:58:00.000Z"},"country":"United Kingdom","OPM":6,"total_sales_volume":842.0199800431728,"rate_of_return":0.0}
{"window":{"start":"2023-10-27T08:53:00.000Z","end":"2023-10-27T08:54:00.000Z"},"country":"United Kingdom","OPM":5,"total_sales_volume":409.1199996769428,"rate_of_return":0.0}
{"window":{"start":"2023-10-23T23:46:00.000Z","end":"2023-10-23T23:47:00.000Z"},"country":"United Kingdom","OPM":7,"total_sales_volume":297.3899974524975,"rate_of_return":0.0}
{"window":{"start":"2023-10-26T05:01:00.000Z","end":"2023-10-26T05:02:00.000Z"},"country":"United Kingdom","OPM":14,"total_sales_volume":514.9299972653389,"rate_of_return":0.07142857142857142}
{"window":{"start":"2023-10-23T19:05:00.000Z","end":"2023-10-23T19:06:00.000Z"},"country":"Germany","OPM":1,"total_sales_volume":3.4000000953674316,"rate_of_return":0.0}
{"window":{"start":"2023-10-27T00:17:00.000Z","end":"2023-10-27T00:18:00.000Z"},"country":"United Kingdom","OPM":9,"total_sales_volume":188.60999941825867,"rate_of_return":0.1111111111111111}
{"window":{"start":"2023-10-24T23:28:00.000Z","end":"2023-10-24T23:29:00.000Z"},"country":"United Kingdom","OPM":16,"total_sales_volume":720.8600087761879,"rate_of_return":0.125}
{"window":{"start":"2023-10-26T16:04:00.000Z","end":"2023-10-26T16:05:00.000Z"},"country":"United Kingdom","OPM":9,"total_sales_volume":38.34999766945839,"rate_of_return":0.1111111111111111}
{"window":{"start":"2023-10-24T11:59:00.000Z","end":"2023-10-24T12:00:00.000Z"},"country":"Germany","OPM":1,"total_sales_volume":59.760000228881836,"rate_of_return":0.0}
{"window":{"start":"2023-10-24T03:19:00.000Z","end":"2023-10-24T03:20:00.000Z"},"country":"United Kingdom","OPM":11,"total_sales_volume":371.0099989771843,"rate_of_return":0.09090909090909091}
{"window":{"start":"2023-10-26T02:10:00.000Z","end":"2023-10-26T02:11:00.000Z"},"country":"EIRE","OPM":1,"total_sales_volume":110.4200006723404,"rate_of_return":0.0}
{"window":{"start":"2023-10-25T18:17:00.000Z","end":"2023-10-25T18:18:00.000Z"},"country":"United Kingdom","OPM":11,"total_sales_volume":1164.5099803805351,"rate_of_return":0.0}
{"window":{"start":"2023-10-23T20:42:00.000Z","end":"2023-10-23T20:43:00.000Z"},"country":"United Kingdom","OPM":12,"total_sales_volume":319.2399998307228,"rate_of_return":0.08333333333333333}
{"window":{"start":"2023-10-26T22:39:00.000Z","end":"2023-10-26T22:40:00.000Z"},"country":"Germany","OPM":1,"total_sales_volume":24.48000007867813,"rate_of_return":0.0}
{"window":{"start":"2023-10-25T21:07:00.000Z","end":"2023-10-25T21:08:00.000Z"},"country":"United Kingdom","OPM":9,"total_sales_volume":3303.999984294176,"rate_of_return":0.0}
{"window":{"start":"2023-10-26T23:29:00.000Z","end":"2023-10-26T23:30:00.000Z"},"country":"France","OPM":1,"total_sales_volume":52.47999969124794,"rate_of_return":0.0}
{"window":{"start":"2023-10-24T19:24:00.000Z","end":"2023-10-24T19:25:00.000Z"},"country":"Switzerland","OPM":1,"total_sales_volume":5.039999842643738,"rate_of_return":0.0}
{"window":{"start":"2023-10-27T03:28:00.000Z","end":"2023-10-27T03:29:00.000Z"},"country":"United Kingdom","OPM":6,"total_sales_volume":117.33000063896179,"rate_of_return":0.16666666666666666}
{"window":{"start":"2023-10-26T06:38:00.000Z","end":"2023-10-26T06:39:00.000Z"},"country":"United Kingdom","OPM":15,"total_sales_volume":920.4400068819523,"rate_of_return":0.0}
{"window":{"start":"2023-10-26T20:30:00.000Z","end":"2023-10-26T20:31:00.000Z"},"country":"Spain","OPM":1,"total_sales_volume":8.470000267028809,"rate_of_return":0.0}
{"window":{"start":"2023-10-24T16:26:00.000Z","end":"2023-10-24T16:27:00.000Z"},"country":"United Kingdom","OPM":14,"total_sales_volume":1219.8099967837334,"rate_of_return":0.0}
{"window":{"start":"2023-10-24T20:24:00.000Z","end":"2023-10-24T20:25:00.000Z"},"country":"United Kingdom","OPM":4,"total_sales_volume":167.99999877810478,"rate_of_return":0.25}
{"window":{"start":"2023-10-25T10:26:00.000Z","end":"2023-10-25T10:27:00.000Z"},"country":"Germany","OPM":1,"total_sales_volume":67.0900011062622,"rate_of_return":0.0}
{"window":{"start":"2023-10-25T14:12:00.000Z","end":"2023-10-25T14:13:00.000Z"},"country":"Japan","OPM":1,"total_sales_volume":36.96000015735626,"rate_of_return":0.0}
{"window":{"start":"2023-10-26T08:27:00.000Z","end":"2023-10-26T08:28:00.000Z"},"country":"United Kingdom","OPM":7,"total_sales_volume":424.9900023341179,"rate_of_return":0.0}
{"window":{"start":"2023-10-27T03:43:00.000Z","end":"2023-10-27T03:44:00.000Z"},"country":"United Kingdom","OPM":7,"total_sales_volume":326.7599990069866,"rate_of_return":0.0}
{"window":{"start":"2023-10-25T15:39:00.000Z","end":"2023-10-25T15:40:00.000Z"},"country":"United Kingdom","OPM":12,"total_sales_volume":635.2700012922287,"rate_of_return":0.08333333333333333}
{"window":{"start":"2023-10-26T22:35:00.000Z","end":"2023-10-26T22:36:00.000Z"},"country":"Germany","OPM":1,"total_sales_volume":15.539999604225159,"rate_of_return":0.0}
{"window":{"start":"2023-10-26T00:27:00.000Z","end":"2023-10-26T00:28:00.000Z"},"country":"United Kingdom","OPM":9,"total_sales_volume":220.47999906539917,"rate_of_return":0.1111111111111111}
{"window":{"start":"2023-10-27T11:29:00.000Z","end":"2023-10-27T11:30:00.000Z"},"country":"United Kingdom","OPM":15,"total_sales_volume":1383.9799963533878,"rate_of_return":0.0}
{"window":{"start":"2023-10-27T22:35:00.000Z","end":"2023-10-27T22:36:00.000Z"},"country":"France","OPM":1,"total_sales_volume":36.12000131607056,"rate_of_return":0.0}
{"window":{"start":"2023-10-27T02:09:00.000Z","end":"2023-10-27T02:10:00.000Z"},"country":"United Kingdom","OPM":16,"total_sales_volume":796.4799969643354,"rate_of_return":0.0}
{"window":{"start":"2023-10-25T22:36:00.000Z","end":"2023-10-25T22:37:00.000Z"},"country":"Cyprus","OPM":1,"total_sales_volume":19.950000286102295,"rate_of_return":0.0}
{"window":{"start":"2023-10-25T02:03:00.000Z","end":"2023-10-25T02:04:00.000Z"},"country":"United Kingdom","OPM":10,"total_sales_volume":658.2100075185299,"rate_of_return":0.2}
{"window":{"start":"2023-10-27T01:37:00.000Z","end":"2023-10-27T01:38:00.000Z"},"country":"United Kingdom","OPM":7,"total_sales_volume":528.6000036299229,"rate_of_return":0.14285714285714285}
{"window":{"start":"2023-10-25T12:37:00.000Z","end":"2023-10-25T12:38:00.000Z"},"country":"Norway","OPM":1,"total_sales_volume":72.2899980545044,"rate_of_return":0.0}
{"window":{"start":"2023-10-26T22:05:00.000Z","end":"2023-10-26T22:06:00.000Z"},"country":"Italy","OPM":1,"total_sales_volume":159.8399994969368,"rate_of_return":0.0}
{"window":{"start":"2023-10-25T01:03:00.000Z","end":"2023-10-25T01:04:00.000Z"},"country":"Norway","OPM":1,"total_sales_volume":21.2400004863739,"rate_of_return":0.0}
{"window":{"start":"2023-10-23T14:31:00.000Z","end":"2023-10-23T14:32:00.000Z"},"country":"United Kingdom","OPM":14,"total_sales_volume":824.7199950814247,"rate_of_return":0.0}
{"window":{"start":"2023-10-26T22:06:00.000Z","end":"2023-10-26T22:07:00.000Z"},"country":"EIRE","OPM":1,"total_sales_volume":158.62999868392944,"rate_of_return":0.0}
{"window":{"start":"2023-10-26T14:34:00.000Z","end":"2023-10-26T14:35:00.000Z"},"country":"United Kingdom","OPM":12,"total_sales_volume":482.20998904109,"rate_of_return":0.08333333333333333}
{"window":{"start":"2023-10-25T08:53:00.000Z","end":"2023-10-25T08:54:00.000Z"},"country":"Spain","OPM":1,"total_sales_volume":4.130000114440918,"rate_of_return":0.0}
{"window":{"start":"2023-10-24T03:43:00.000Z","end":"2023-10-24T03:44:00.000Z"},"country":"United Kingdom","OPM":11,"total_sales_volume":350.10999105870724,"rate_of_return":0.09090909090909091}
{"window":{"start":"2023-10-24T07:31:00.000Z","end":"2023-10-24T07:32:00.000Z"},"country":"United Kingdom","OPM":5,"total_sales_volume":211.20999997854233,"rate_of_return":0.0}
{"window":{"start":"2023-10-27T05:13:00.000Z","end":"2023-10-27T05:14:00.000Z"},"country":"United Kingdom","OPM":14,"total_sales_volume":484.9000005722046,"rate_of_return":0.14285714285714285}
{"window":{"start":"2023-10-25T07:19:00.000Z","end":"2023-10-25T07:20:00.000Z"},"country":"United Kingdom","OPM":13,"total_sales_volume":669.589999973774,"rate_of_return":0.0}
{"window":{"start":"2023-10-27T14:38:00.000Z","end":"2023-10-27T14:39:00.000Z"},"country":"United Kingdom","OPM":5,"total_sales_volume":245.8600035905838,"rate_of_return":0.0}
