{"window":{"start":"2023-10-26T14:51:00.000Z","end":"2023-10-26T14:52:00.000Z"},"country":"France","OPM":1,"total_sales_volume":3.950000047683716,"rate_of_return":0.0}
{"window":{"start":"2023-10-27T01:08:00.000Z","end":"2023-10-27T01:09:00.000Z"},"country":"United Kingdom","OPM":11,"total_sales_volume":1058.30998519063,"rate_of_return":0.0}
{"window":{"start":"2023-10-27T13:48:00.000Z","end":"2023-10-27T13:49:00.000Z"},"country":"United Kingdom","OPM":4,"total_sales_volume":376.999999165535,"rate_of_return":0.25}
{"window":{"start":"2023-10-25T18:00:00.000Z","end":"2023-10-25T18:01:00.000Z"},"country":"Finland","OPM":1,"total_sales_volume":70.89000096917152,"rate_of_return":0.0}
{"window":{"start":"2023-10-24T04:58:00.000Z","end":"2023-10-24T04:59:00.000Z"},"country":"France","OPM":1,"total_sales_volume":34.79999923706055,"rate_of_return":0.0}
{"window":{"start":"2023-10-25T23:34:00.000Z","end":"2023-10-25T23:35:00.000Z"},"country":"United Kingdom","OPM":14,"total_sales_volume":193.08999839425087,"rate_of_return":0.14285714285714285}
{"window":{"start":"2023-10-24T22:14:00.000Z","end":"2023-10-24T22:15:00.000Z"},"country":"United Kingdom","OPM":9,"total_sales_volume":612.130007982254,"rate_of_return":0.0}
{"window":{"start":"2023-10-24T20:03:00.000Z","end":"2023-10-24T20:04:00.000Z"},"country":"France","OPM":1,"total_sales_volume":21.800000488758087,"rate_of_return":0.0}
{"window":{"start":"2023-10-25T21:49:00.000Z","end":"2023-10-25T21:50:00.000Z"},"country":"United Kingdom","OPM":11,"total_sales_volume":249.87999990582466,"rate_of_return":0.18181818181818182}
{"window":{"start":"2023-10-26T07:04:00.000Z","end":"2023-10-26T07:05:00.000Z"},"country":"United Kingdom","OPM":5,"total_sales_volume":190.45999982953072,"rate_of_return":0.0}
{"window":{"start":"2023-10-24T00:01:00.000Z","end":"2023-10-24T00:02:00.000Z"},"country":"Germany","OPM":1,"total_sales_volume":20.649999618530273,"rate_of_return":0.0}
{"window":{"start":"2023-10-25T02:00:00.000Z","end":"2023-10-25T02:01:00.000Z"},"country":"United Kingdom","OPM":3,"total_sales_volume":276.5599983036518,"rate_of_return":0.0}
{"window":{"start":"2023-10-27T01:01:00.000Z","end":"2023-10-27T01:02:00.000Z"},"country":"United Kingdom","OPM":13,"total_sales_volume":568.9700002968311,"rate_of_return":0.07692307692307693}
{"window":{"start":"2023-10-27T08:24:00.000Z","end":"2023-10-27T08:25:00.000Z"},"country":"EIRE","OPM":1,"total_sales_volume":80.03999853134155,"rate_of_return":0.0}
{"window":{"start":"2023-10-27T11:07:00.000Z","end":"2023-10-27T11:08:00.000Z"},"country":"France","OPM":1,"total_sales_volume":106.5799970626831,"rate_of_return":0.0}
{"window":{"start":"2023-10-25T19:01:00.000Z","end":"2023-10-25T19:02:00.000Z"},"country":"Norway","OPM":1,"total_sales_volume":-55.000001192092896,"rate_of_return":1.0}
{"window":{"start":"2023-10-26T23:22:00.000Z","end":"2023-10-26T23:23:00.000Z"},"country":"United Kingdom","OPM":6,"total_sales_volume":341.7099960446358,"rate_of_return":0.0}
{"window":{"start":"2023-10-26T13:24:00.000Z","end":"2023-10-26T13:25:00.000Z"},"country":"France","OPM":1,"total_sales_volume":40.049999356269836,"rate_of_return":0.0}
{"window":{"start":"2023-10-26T20:35:00.000Z","end":"2023-10-26T20:36:00.000Z"},"country":"United Kingdom","OPM":6,"total_sales_volume":437.1799983680248,"rate_of_return":0.0}
{"window":{"start":"2023-10-27T15:10:00.000Z","end":"2023-10-27T15:11:00.000Z"},"country":"EIRE","OPM":1,"total_sales_volume":-31.93999934196472,"rate_of_return":1.0}
{"window":{"start":"2023-10-24T18:07:00.000Z","end":"2023-10-24T18:08:00.000Z"},"country":"United Kingdom","OPM":7,"total_sales_volume":64.90999329090118,"rate_of_return":0.14285714285714285}
{"window":{"start":"2023-10-26T19:21:00.000Z","end":"2023-10-26T19:22:00.000Z"},"country":"Germany","OPM":1,"total_sales_volume":9.049999713897705,"rate_of_return":0.0}
{"window":{"start":"2023-10-24T06:34:00.000Z","end":"2023-10-24T06:35:00.000Z"},"country":"United Kingdom","OPM":3,"total_sales_volume":30.070000648498535,"rate_of_return":0.3333333333333333}
{"window":{"start":"2023-10-26T21:11:00.000Z","end":"2023-10-26T21:12:00.000Z"},"country":"United Kingdom","OPM":7,"total_sales_volume":473.1799995005131,"rate_of_return":0.14285714285714285}
{"window":{"start":"2023-10-25T14:43:00.000Z","end":"2023-10-25T14:44:00.000Z"},"country":"United Kingdom","OPM":5,"total_sales_volume":149.2799972295761,"rate_of_return":0.0}
{"window":{"start":"2023-10-23T19:49:00.000Z","end":"2023-10-23T19:50:00.000Z"},"country":"United Kingdom","OPM":9,"total_sales_volume":1140.6800021231174,"rate_of_return":0.0}
{"window":{"start":"2023-10-24T19:05:00.000Z","end":"2023-10-24T19:06:00.000Z"},"country":"Italy","OPM":1,"total_sales_volume":-1.649999976158142,"rate_of_return":1.0}
{"window":{"start":"2023-10-27T00:46:00.000Z","end":"2023-10-27T00:47:00.000Z"},"country":"United Kingdom","OPM":11,"total_sales_volume":849.8999987244606,"rate_of_return":0.09090909090909091}
{"window":{"start":"2023-10-27T22:31:00.000Z","end":"2023-10-27T22:32:00.000Z"},"country":"United Kingdom","OPM":12,"total_sales_volume":533.4499977827072,"rate_of_return":0.08333333333333333}
{"window":{"start":"2023-10-25T21:43:00.000Z","end":"2023-10-25T21:44:00.000Z"},"country":"Germany","OPM":1,"total_sales_volume":24.249999433755875,"rate_of_return":0.0}
{"window":{"start":"2023-10-23T17:02:00.000Z","end":"2023-10-23T17:03:00.000Z"},"country":"USA","OPM":1,"total_sales_volume":254.5800108909607,"rate_of_return":0.0}
{"window":{"start":"2023-10-28T00:07:00.000Z","end":"2023-10-28T00:08:00.000Z"},"country":"Belgium","OPM":1,"total_sales_volume":19.899999618530273,"rate_of_return":0.0}
{"window":{"start":"2023-10-23T18:14:00.000Z","end":"2023-10-23T18:15:00.000Z"},"country":"Australia","OPM":1,"total_sales_volume":50.25,"rate_of_return":0.0}
{"window":{"start":"2023-10-25T05:39:00.000Z","end":"2023-10-25T05:40:00.000Z"},"country":"United Kingdom","OPM":13,"total_sales_volume":6120.009947866201,"rate_of_return":0.0}
{"window":{"start":"2023-10-28T04:41:00.000Z","end":"2023-10-28T04:42:00.000Z"},"country":"United Kingdom","OPM":5,"total_sales_volume":427.15999233722687,"rate_of_return":0.0}
{"window":{"start":"2023-10-24T11:56:00.000Z","end":"2023-10-24T11:57:00.000Z"},"country":"United Kingdom","OPM":16,"total_sales_volume":517.3999980092049,"rate_of_return":0.125}
{"window":{"start":"2023-10-27T03:32:00.000Z","end":"2023-10-27T03:33:00.000Z"},"country":"United Kingdom","OPM":10,"total_sales_volume":543.4399913847446,"rate_of_return":0.0}
{"window":{"start":"2023-10-27T09:54:00.000Z","end":"2023-10-27T09:55:00.000Z"},"country":"Germany","OPM":1,"total_sales_volume":15.899999618530273,"rate_of_return":0.0}
{"window":{"start":"2023-10-23T19:09:00.000Z","end":"2023-10-23T19:10:00.000Z"},"country":"Austria","OPM":1,"total_sales_volume":254.3399956226349,"rate_of_return":0.0}
{"window":{"start":"2023-10-25T06:27:00.000Z","end":"2023-10-25T06:28:00.000Z"},"country":"United Kingdom","OPM":9,"total_sales_volume":608.8599896132946,"rate_of_return":0.0}
{"window":{"start":"2023-10-24T16:17:00.000Z","end":"2023-10-24T16:18:00.000Z"},"country":"EIRE","OPM":1,"total_sales_volume":2.9499999284744263,"rate_of_return":0.0}
{"window":{"start":"2023-10-26T05:12:00.000Z","end":"2023-10-26T05:13:00.000Z"},"country":"Sweden","OPM":1,"total_sales_volume":2.0799999237060547,"rate_of_return":0.0}
{"window":{"start":"2023-10-25T18:14:00.000Z","end":"2023-10-25T18:15:00.000Z"},"country":"United Kingdom","OPM":10,"total_sales_volume":822.4099929332733,"rate_of_return":0.2}
{"window":{"start":"2023-10-28T02:00:00.000Z","end":"2023-10-28T02:01:00.000Z"},"country":"United Kingdom","OPM":12,"total_sales_volume":686.3399990797043,"rate_of_return":0.25}
{"window":{"start":"2023-10-26T13:27:00.000Z","end":"2023-10-26T13:28:00.000Z"},"country":"United Kingdom","OPM":10,"total_sales_volume":10.279995143413544,"rate_of_return":0.2}
{"window":{"start":"2023-10-26T10:26:00.000Z","end":"2023-10-26T10:27:00.000Z"},"country":"Netherlands","OPM":1,"total_sales_volume":37.29999923706055,"rate_of_return":0.0}
{"window":{"start":"2023-10-23T17:05:00.000Z","end":"2023-10-23T17:06:00.000Z"},"country":"United Kingdom","OPM":6,"total_sales_volume":525.1200020611286,"rate_of_return":0.0}
{"window":{"start":"2023-10-23T18:15:00.000Z","end":"2023-10-23T18:16:00.000Z"},"country":"United Kingdom","OPM":6,"total_sales_volume":251.9800005853176,"rate_of_return":0.0}
{"window":{"start":"2023-10-25T03:56:00.000Z","end":"2023-10-25T03:57:00.000Z"},"country":"United Kingdom","OPM":11,"total_sales_volume":804.1000053882599,"rate_of_return":0.18181818181818182}
{"window":{"start":"2023-10-24T15:08:00.000Z","end":"2023-10-24T15:09:00.000Z"},"country":"United Kingdom","OPM":7,"total_sales_volume":278.3400000631809,"rate_of_return":0.14285714285714285}
{"window":{"start":"2023-10-26T04:45:00.000Z","end":"2023-10-26T04:46:00.000Z"},"country":"United Kingdom","OPM":12,"total_sales_volume":794.3999949991703,"rate_of_return":0.0}
{"window":{"start":"2023-10-27T17:20:00.000Z","end":"2023-10-27T17:21:00.000Z"},"country":"EIRE","OPM":1,"total_sales_volume":21.749999523162842,"rate_of_return":0.0}
{"window":{"start":"2023-10-23T12:33:00.000Z","end":"2023-10-23T12:34:00.000Z"},"country":"United Kingdom","OPM":8,"total_sales_volume":210.41999733448029,"rate_of_return":0.125}
{"window":{"start":"2023-10-25T09:20:00.000Z","end":"2023-10-25T09:21:00.000Z"},"country":"Australia","OPM":1,"total_sales_volume":18.869999527931213,"rate_of_return":0.0}
{"window":{"start":"2023-10-27T18:17:00.000Z","end":"2023-10-27T18:18:00.000Z"},"country":"EIRE","OPM":1,"total_sales_volume":133.26999932527542,"rate_of_return":0.0}
{"window":{"start":"2023-10-26T19:34:00.000Z","end":"2023-10-26T19:35:00.000Z"},"country":"United Kingdom","OPM":12,"total_sales_volume":390.6199979484081,"rate_of_return":0.08333333333333333}
{"window":{"start":"2023-10-25T23:21:00.000Z","end":"2023-10-25T23:22:00.000Z"},"country":"Australia","OPM":1,"total_sales_volume":24.25,"rate_of_return":0.0}
{"window":{"start":"2023-10-24T00:31:00.000Z","end":"2023-10-24T00:32:00.000Z"},"country":"United Kingdom","OPM":11,"total_sales_volume":491.3699948489666,"rate_of_return":0.0}
{"window":{"start":"2023-10-26T02:16:00.000Z","end":"2023-10-26T02:17:00.000Z"},"country":"Belgium","OPM":1,"total_sales_volume":7.460000038146973,"rate_of_return":0.0}
{"window":{"start":"2023-10-26T22:00:00.000Z","end":"2023-10-26T22:01:00.000Z"},"country":"Germany","OPM":1,"total_sales_volume":7.5,"rate_of_return":0.0}
{"window":{"start":"2023-10-27T05:42:00.000Z","end":"2023-10-27T05:43:00.000Z"},"country":"France","OPM":1,"total_sales_volume":4.960000038146973,"rate_of_return":0.0}
{"window":{"start":"2023-10-27T06:47:00.000Z","end":"2023-10-27T06:48:00.000Z"},"country":"Switzerland","OPM":1,"total_sales_volume":24.789999842643738,"rate_of_return":0.0}
{"window":{"start":"2023-10-25T16:10:00.000Z","end":"2023-10-25T16:11:00.000Z"},"country":"Australia","OPM":1,"total_sales_volume":85.49999856948853,"rate_of_return":0.0}
{"window":{"start":"2023-10-25T05:53:00.000Z","end":"2023-10-25T05:54:00.000Z"},"country":"United Kingdom","OPM":6,"total_sales_volume":300.8599990606308,"rate_of_return":0.0}
{"window":{"start":"2023-10-26T20:06:00.000Z","end":"2023-10-26T20:07:00.000Z"},"country":"United Kingdom","OPM":8,"total_sales_volume":739.7099891006947,"rate_of_return":0.0}
