{"window":{"start":"2023-10-26T11:09:00.000Z","end":"2023-10-26T11:10:00.000Z"},"country":"United Kingdom","OPM":5,"total_sales_volume":144.31999254226685,"rate_of_return":0.4}
{"window":{"start":"2023-10-25T00:06:00.000Z","end":"2023-10-25T00:07:00.000Z"},"country":"Germany","OPM":1,"total_sales_volume":26.489999920129776,"rate_of_return":0.0}
{"window":{"start":"2023-10-26T21:36:00.000Z","end":"2023-10-26T21:37:00.000Z"},"country":"United Kingdom","OPM":10,"total_sales_volume":272.0399992465973,"rate_of_return":0.0}
{"window":{"start":"2023-10-26T19:31:00.000Z","end":"2023-10-26T19:32:00.000Z"},"country":"France","OPM":1,"total_sales_volume":13.069999933242798,"rate_of_return":0.0}
{"window":{"start":"2023-10-23T16:59:00.000Z","end":"2023-10-23T17:00:00.000Z"},"country":"United Kingdom","OPM":15,"total_sales_volume":1046.3800061941147,"rate_of_return":0.06666666666666667}
{"window":{"start":"2023-10-24T12:12:00.000Z","end":"2023-10-24T12:13:00.000Z"},"country":"United Kingdom","OPM":5,"total_sales_volume":153.5799993276596,"rate_of_return":0.0}
{"window":{"start":"2023-10-27T09:16:00.000Z","end":"2023-10-27T09:17:00.000Z"},"country":"United Kingdom","OPM":9,"total_sales_volume":99.22999987006187,"rate_of_return":0.2222222222222222}
{"window":{"start":"2023-10-27T11:28:00.000Z","end":"2023-10-27T11:29:00.000Z"},"country":"EIRE","OPM":2,"total_sales_volume":52.64999866485596,"rate_of_return":0.0}
{"window":{"start":"2023-10-23T21:58:00.000Z","end":"2023-10-23T21:59:00.000Z"},"country":"United Kingdom","OPM":12,"total_sales_volume":1188.149984434247,"rate_of_return":0.08333333333333333}
{"window":{"start":"2023-10-27T13:12:00.000Z","end":"2023-10-27T13:13:00.000Z"},"country":"Germany","OPM":1,"total_sales_volume":187.6099950671196,"rate_of_return":0.0}
{"window":{"start":"2023-10-27T16:00:00.000Z","end":"2023-10-27T16:01:00.000Z"},"country":"Germany","OPM":1,"total_sales_volume":8.500000238418579,"rate_of_return":0.0}
{"window":{"start":"2023-10-24T06:13:00.000Z","end":"2023-10-24T06:14:00.000Z"},"country":"United Kingdom","OPM":18,"total_sales_volume":901.8199987411499,"rate_of_return":0.0}
{"window":{"start":"2023-10-24T17:29:00.000Z","end":"2023-10-24T17:30:00.000Z"},"country":"EIRE","OPM":1,"total_sales_volume":24.639999389648438,"rate_of_return":0.0}
{"window":{"start":"2023-10-23T22:12:00.000Z","end":"2023-10-23T22:13:00.000Z"},"country":"France","OPM":1,"total_sales_volume":90.24999976158142,"rate_of_return":0.0}
{"window":{"start":"2023-10-25T13:25:00.000Z","end":"2023-10-25T13:26:00.000Z"},"country":"United Kingdom","OPM":11,"total_sales_volume":497.69999971985817,"rate_of_return":0.09090909090909091}
{"window":{"start":"2023-10-27T16:32:00.000Z","end":"2023-10-27T16:33:00.000Z"},"country":"USA","OPM":1,"total_sales_volume":26.079999804496765,"rate_of_return":0.0}
{"window":{"start":"2023-10-28T05:01:00.000Z","end":"2023-10-28T05:02:00.000Z"},"country":"EIRE","OPM":1,"total_sales_volume":63.27000021934509,"rate_of_return":0.0}
{"window":{"start":"2023-10-24T11:07:00.000Z","end":"2023-10-24T11:08:00.000Z"},"country":"EIRE","OPM":1,"total_sales_volume":78.21000057458878,"rate_of_return":0.0}
{"window":{"start":"2023-10-28T03:01:00.000Z","end":"2023-10-28T03:02:00.000Z"},"country":"United Kingdom","OPM":7,"total_sales_volume":218.54999724030495,"rate_of_return":0.0}
{"window":{"start":"2023-10-26T21:53:00.000Z","end":"2023-10-26T21:54:00.000Z"},"country":"United Kingdom","OPM":8,"total_sales_volume":372.0699918270111,"rate_of_return":0.0}
{"window":{"start":"2023-10-24T21:26:00.000Z","end":"2023-10-24T21:27:00.000Z"},"country":"United Kingdom","OPM":11,"total_sales_volume":664.1099944412708,"rate_of_return":0.0}
{"window":{"start":"2023-10-28T02:01:00.000Z","end":"2023-10-28T02:02:00.000Z"},"country":"Unspecified","OPM":1,"total_sales_volume":2.950000047683716,"rate_of_return":0.0}
{"window":{"start":"2023-10-25T06:10:00.000Z","end":"2023-10-25T06:11:00.000Z"},"country":"France","OPM":1,"total_sales_volume":247.74000531435013,"rate_of_return":0.0}
{"window":{"start":"2023-10-25T18:10:00.000Z","end":"2023-10-25T18:11:00.000Z"},"country":"Hong Kong","OPM":1,"total_sales_volume":206.89999496936798,"rate_of_return":0.0}
{"window":{"start":"2023-10-27T19:23:00.000Z","end":"2023-10-27T19:24:00.000Z"},"country":"Netherlands","OPM":1,"total_sales_volume":28.049999237060547,"rate_of_return":0.0}
{"window":{"start":"2023-10-24T09:39:00.000Z","end":"2023-10-24T09:40:00.000Z"},"country":"EIRE","OPM":1,"total_sales_volume":45.59999942779541,"rate_of_return":0.0}
{"window":{"start":"2023-10-23T13:13:00.000Z","end":"2023-10-23T13:14:00.000Z"},"country":"Australia","OPM":1,"total_sales_volume":61.51999807357788,"rate_of_return":0.0}
{"window":{"start":"2023-10-26T16:27:00.000Z","end":"2023-10-26T16:28:00.000Z"},"country":"EIRE","OPM":1,"total_sales_volume":13.479999542236328,"rate_of_return":0.0}
{"window":{"start":"2023-10-23T19:44:00.000Z","end":"2023-10-23T19:45:00.000Z"},"country":"Germany","OPM":1,"total_sales_volume":17.84999942779541,"rate_of_return":0.0}
{"window":{"start":"2023-10-25T13:12:00.000Z","end":"2023-10-25T13:13:00.000Z"},"country":"United Kingdom","OPM":9,"total_sales_volume":715.5600081086159,"rate_of_return":0.0}
{"window":{"start":"2023-10-24T00:48:00.000Z","end":"2023-10-24T00:49:00.000Z"},"country":"United Kingdom","OPM":10,"total_sales_volume":1581.1800203621387,"rate_of_return":0.0}
{"window":{"start":"2023-10-25T19:33:00.000Z","end":"2023-10-25T19:34:00.000Z"},"country":"United Kingdom","OPM":16,"total_sales_volume":1023.1300085783005,"rate_of_return":0.0625}
{"window":{"start":"2023-10-28T01:42:00.000Z","end":"2023-10-28T01:43:00.000Z"},"country":"United Kingdom","OPM":15,"total_sales_volume":1648.8899838030338,"rate_of_return":0.06666666666666667}
{"window":{"start":"2023-10-27T19:08:00.000Z","end":"2023-10-27T19:09:00.000Z"},"country":"United Kingdom","OPM":5,"total_sales_volume":486.34999990463257,"rate_of_return":0.0}
{"window":{"start":"2023-10-24T14:08:00.000Z","end":"2023-10-24T14:09:00.000Z"},"country":"United Kingdom","OPM":6,"total_sales_volume":202.4100003838539,"rate_of_return":0.0}
{"window":{"start":"2023-10-25T07:24:00.000Z","end":"2023-10-25T07:25:00.000Z"},"country":"United Kingdom","OPM":6,"total_sales_volume":316.3799951672554,"rate_of_return":0.0}
{"window":{"start":"2023-10-23T13:52:00.000Z","end":"2023-10-23T13:53:00.000Z"},"country":"Germany","OPM":1,"total_sales_volume":39.47999954223633,"rate_of_return":0.0}
{"window":{"start":"2023-10-23T23:57:00.000Z","end":"2023-10-23T23:58:00.000Z"},"country":"United Kingdom","OPM":8,"total_sales_volume":378.8299927711487,"rate_of_return":0.125}
{"window":{"start":"2023-10-26T23:13:00.000Z","end":"2023-10-26T23:14:00.000Z"},"country":"United Kingdom","OPM":15,"total_sales_volume":1538.009964376688,"rate_of_return":0.0}
{"window":{"start":"2023-10-28T04:53:00.000Z","end":"2023-10-28T04:54:00.000Z"},"country":"EIRE","OPM":1,"total_sales_volume":53.11999988555908,"rate_of_return":0.0}
{"window":{"start":"2023-10-24T22:49:00.000Z","end":"2023-10-24T22:50:00.000Z"},"country":"Hong Kong","OPM":1,"total_sales_volume":38.63999825716019,"rate_of_return":0.0}
{"window":{"start":"2023-10-28T03:59:00.000Z","end":"2023-10-28T04:00:00.000Z"},"country":"United Kingdom","OPM":11,"total_sales_volume":259.89999586343765,"rate_of_return":0.09090909090909091}
{"window":{"start":"2023-10-24T09:18:00.000Z","end":"2023-10-24T09:19:00.000Z"},"country":"United Kingdom","OPM":11,"total_sales_volume":977.1800006181002,"rate_of_return":0.0}
{"window":{"start":"2023-10-26T21:26:00.000Z","end":"2023-10-26T21:27:00.000Z"},"country":"United Kingdom","OPM":6,"total_sales_volume":827.1199997663498,"rate_of_return":0.0}
{"window":{"start":"2023-10-27T09:13:00.000Z","end":"2023-10-27T09:14:00.000Z"},"country":"EIRE","OPM":1,"total_sales_volume":2.0799999237060547,"rate_of_return":0.0}
{"window":{"start":"2023-10-23T12:42:00.000Z","end":"2023-10-23T12:43:00.000Z"},"country":"United Kingdom","OPM":11,"total_sales_volume":838.210001885891,"rate_of_return":0.0}
{"window":{"start":"2023-10-24T08:19:00.000Z","end":"2023-10-24T08:20:00.000Z"},"country":"EIRE","OPM":1,"total_sales_volume":45.179999470710754,"rate_of_return":0.0}
{"window":{"start":"2023-10-24T18:32:00.000Z","end":"2023-10-24T18:33:00.000Z"},"country":"United Kingdom","OPM":16,"total_sales_volume":817.1599950492382,"rate_of_return":0.0}
{"window":{"start":"2023-10-28T01:13:00.000Z","end":"2023-10-28T01:14:00.000Z"},"country":"Japan","OPM":2,"total_sales_volume":893.5499925613403,"rate_of_return":0.0}
{"window":{"start":"2023-10-24T13:36:00.000Z","end":"2023-10-24T13:37:00.000Z"},"country":"United Kingdom","OPM":13,"total_sales_volume":695.0499983727932,"rate_of_return":0.07692307692307693}
{"window":{"start":"2023-10-28T03:24:00.000Z","end":"2023-10-28T03:25:00.000Z"},"country":"United Kingdom","OPM":15,"total_sales_volume":11167.379726558924,"rate_of_return":0.0}
{"window":{"start":"2023-10-26T13:11:00.000Z","end":"2023-10-26T13:12:00.000Z"},"country":"United Kingdom","OPM":9,"total_sales_volume":794.2899908721447,"rate_of_return":0.0}
{"window":{"start":"2023-10-27T17:55:00.000Z","end":"2023-10-27T17:56:00.000Z"},"country":"EIRE","OPM":1,"total_sales_volume":320.37999153137207,"rate_of_return":0.0}
{"window":{"start":"2023-10-26T16:54:00.000Z","end":"2023-10-26T16:55:00.000Z"},"country":"France","OPM":1,"total_sales_volume":316.1200050711632,"rate_of_return":0.0}
{"window":{"start":"2023-10-27T23:19:00.000Z","end":"2023-10-27T23:20:00.000Z"},"country":"Cyprus","OPM":1,"total_sales_volume":27.149999529123306,"rate_of_return":0.0}
{"window":{"start":"2023-10-23T19:09:00.000Z","end":"2023-10-23T19:10:00.000Z"},"country":"United Kingdom","OPM":5,"total_sales_volume":123.63999915122986,"rate_of_return":0.0}
{"window":{"start":"2023-10-25T06:57:00.000Z","end":"2023-10-25T06:58:00.000Z"},"country":"Poland","OPM":1,"total_sales_volume":93.80999994277954,"rate_of_return":0.0}
{"window":{"start":"2023-10-26T05:27:00.000Z","end":"2023-10-26T05:28:00.000Z"},"country":"United Kingdom","OPM":12,"total_sales_volume":258.2299992442131,"rate_of_return":0.16666666666666666}
{"window":{"start":"2023-10-24T05:24:00.000Z","end":"2023-10-24T05:25:00.000Z"},"country":"Germany","OPM":1,"total_sales_volume":-57.209999084472656,"rate_of_return":1.0}
{"window":{"start":"2023-10-23T17:34:00.000Z","end":"2023-10-23T17:35:00.000Z"},"country":"United Kingdom","OPM":15,"total_sales_volume":742.8600010573864,"rate_of_return":0.0}
{"window":{"start":"2023-10-27T01:23:00.000Z","end":"2023-10-27T01:24:00.000Z"},"country":"United Kingdom","OPM":7,"total_sales_volume":241.99999725818634,"rate_of_return":0.14285714285714285}
