{"window":{"start":"2023-10-25T19:38:00.000Z","end":"2023-10-25T19:39:00.000Z"},"country":"United Kingdom","OPM":14,"total_sales_volume":773.0899913311005,"rate_of_return":0.0}
{"window":{"start":"2023-10-26T01:49:00.000Z","end":"2023-10-26T01:50:00.000Z"},"country":"EIRE","OPM":1,"total_sales_volume":9.649999856948853,"rate_of_return":0.0}
{"window":{"start":"2023-10-26T04:03:00.000Z","end":"2023-10-26T04:04:00.000Z"},"country":"Norway","OPM":1,"total_sales_volume":150.62999957799911,"rate_of_return":0.0}
{"window":{"start":"2023-10-25T01:58:00.000Z","end":"2023-10-25T01:59:00.000Z"},"country":"United Kingdom","OPM":12,"total_sales_volume":597.9999948292971,"rate_of_return":0.0}
{"window":{"start":"2023-10-28T03:34:00.000Z","end":"2023-10-28T03:35:00.000Z"},"country":"United Kingdom","OPM":7,"total_sales_volume":469.6199943423271,"rate_of_return":0.0}
{"window":{"start":"2023-10-24T00:14:00.000Z","end":"2023-10-24T00:15:00.000Z"},"country":"Italy","OPM":1,"total_sales_volume":19.049999833106995,"rate_of_return":0.0}
{"window":{"start":"2023-10-27T22:09:00.000Z","end":"2023-10-27T22:10:00.000Z"},"country":"United Kingdom","OPM":9,"total_sales_volume":2359.7100535929203,"rate_of_return":0.0}
{"window":{"start":"2023-10-25T03:55:00.000Z","end":"2023-10-25T03:56:00.000Z"},"country":"Norway","OPM":1,"total_sales_volume":29.84000015258789,"rate_of_return":0.0}
{"window":{"start":"2023-10-28T00:22:00.000Z","end":"2023-10-28T00:23:00.000Z"},"country":"United Kingdom","OPM":14,"total_sales_volume":459.71999847888947,"rate_of_return":0.14285714285714285}
{"window":{"start":"2023-10-26T01:55:00.000Z","end":"2023-10-26T01:56:00.000Z"},"country":"United Kingdom","OPM":11,"total_sales_volume":1544.0000301003456,"rate_of_return":0.2727272727272727}
{"window":{"start":"2023-10-23T13:48:00.000Z","end":"2023-10-23T13:49:00.000Z"},"country":"United Kingdom","OPM":11,"total_sales_volume":2985.6799378991127,"rate_of_return":0.18181818181818182}
{"window":{"start":"2023-10-28T00:03:00.000Z","end":"2023-10-28T00:04:00.000Z"},"country":"United Kingdom","OPM":12,"total_sales_volume":579.2899975776672,"rate_of_return":0.0}
{"window":{"start":"2023-10-24T18:24:00.000Z","end":"2023-10-24T18:25:00.000Z"},"country":"United Kingdom","OPM":5,"total_sales_volume":414.79999658465385,"rate_of_return":0.2}
{"window":{"start":"2023-10-25T16:46:00.000Z","end":"2023-10-25T16:47:00.000Z"},"country":"United Kingdom","OPM":4,"total_sales_volume":624.9499945640564,"rate_of_return":0.0}
{"window":{"start":"2023-10-27T13:37:00.000Z","end":"2023-10-27T13:38:00.000Z"},"country":"United Kingdom","OPM":12,"total_sales_volume":774.5799926519394,"rate_of_return":0.0}
{"window":{"start":"2023-10-24T07:54:00.000Z","end":"2023-10-24T07:55:00.000Z"},"country":"United Kingdom","OPM":9,"total_sales_volume":406.3399916291237,"rate_of_return":0.1111111111111111}
{"window":{"start":"2023-10-26T07:05:00.000Z","end":"2023-10-26T07:06:00.000Z"},"country":"United Kingdom","OPM":8,"total_sales_volume":1756.330006480217,"rate_of_return":0.125}
{"window":{"start":"2023-10-27T16:19:00.000Z","end":"2023-10-27T16:20:00.000Z"},"country":"Spain","OPM":1,"total_sales_volume":3.75,"rate_of_return":0.0}
{"window":{"start":"2023-10-24T19:37:00.000Z","end":"2023-10-24T19:38:00.000Z"},"country":"United Kingdom","OPM":4,"total_sales_volume":225.94999915361404,"rate_of_return":0.0}
{"window":{"start":"2023-10-27T02:56:00.000Z","end":"2023-10-27T02:57:00.000Z"},"country":"United Kingdom","OPM":8,"total_sales_volume":448.8999976813793,"rate_of_return":0.0}
{"window":{"start":"2023-10-24T10:35:00.000Z","end":"2023-10-24T10:36:00.000Z"},"country":"France","OPM":1,"total_sales_volume":51.12999880313873,"rate_of_return":0.0}
{"window":{"start":"2023-10-26T02:55:00.000Z","end":"2023-10-26T02:56:00.000Z"},"country":"United Kingdom","OPM":15,"total_sales_volume":1329.5799954533577,"rate_of_return":0.06666666666666667}
{"window":{"start":"2023-10-27T10:00:00.000Z","end":"2023-10-27T10:01:00.000Z"},"country":"Germany","OPM":1,"total_sales_volume":22.5,"rate_of_return":0.0}
{"window":{"start":"2023-10-25T16:39:00.000Z","end":"2023-10-25T16:40:00.000Z"},"country":"United Kingdom","OPM":3,"total_sales_volume":133.99999779462814,"rate_of_return":0.0}
{"window":{"start":"2023-10-24T00:00:00.000Z","end":"2023-10-24T00:01:00.000Z"},"country":"EIRE","OPM":1,"total_sales_volume":27.239999651908875,"rate_of_return":0.0}
{"window":{"start":"2023-10-25T10:31:00.000Z","end":"2023-10-25T10:32:00.000Z"},"country":"Japan","OPM":1,"total_sales_volume":123.60999894142151,"rate_of_return":0.0}
{"window":{"start":"2023-10-24T12:41:00.000Z","end":"2023-10-24T12:42:00.000Z"},"country":"United Kingdom","OPM":7,"total_sales_volume":156.7899992465973,"rate_of_return":0.0}
{"window":{"start":"2023-10-26T14:03:00.000Z","end":"2023-10-26T14:04:00.000Z"},"country":"Norway","OPM":1,"total_sales_volume":149.11999583244324,"rate_of_return":0.0}
{"window":{"start":"2023-10-27T09:49:00.000Z","end":"2023-10-27T09:50:00.000Z"},"country":"Australia","OPM":1,"total_sales_volume":30.399999856948853,"rate_of_return":0.0}
{"window":{"start":"2023-10-25T02:54:00.000Z","end":"2023-10-25T02:55:00.000Z"},"country":"Portugal","OPM":1,"total_sales_volume":10.200000286102295,"rate_of_return":0.0}
{"window":{"start":"2023-10-23T22:46:00.000Z","end":"2023-10-23T22:47:00.000Z"},"country":"United Kingdom","OPM":4,"total_sales_volume":-288.12001353502274,"rate_of_return":0.25}
{"window":{"start":"2023-10-27T02:59:00.000Z","end":"2023-10-27T03:00:00.000Z"},"country":"United Kingdom","OPM":4,"total_sales_volume":152.0300016105175,"rate_of_return":0.0}
{"window":{"start":"2023-10-27T13:30:00.000Z","end":"2023-10-27T13:31:00.000Z"},"country":"Switzerland","OPM":1,"total_sales_volume":52.19000029563904,"rate_of_return":0.0}
{"window":{"start":"2023-10-26T08:25:00.000Z","end":"2023-10-26T08:26:00.000Z"},"country":"United Kingdom","OPM":17,"total_sales_volume":860.090006172657,"rate_of_return":0.058823529411764705}
{"window":{"start":"2023-10-27T21:04:00.000Z","end":"2023-10-27T21:05:00.000Z"},"country":"Belgium","OPM":1,"total_sales_volume":37.49000072479248,"rate_of_return":0.0}
{"window":{"start":"2023-10-23T14:05:00.000Z","end":"2023-10-23T14:06:00.000Z"},"country":"United Kingdom","OPM":7,"total_sales_volume":1151.4699913561344,"rate_of_return":0.0}
{"window":{"start":"2023-10-26T21:42:00.000Z","end":"2023-10-26T21:43:00.000Z"},"country":"France","OPM":3,"total_sales_volume":401.55999982357025,"rate_of_return":0.0}
{"window":{"start":"2023-10-24T06:47:00.000Z","end":"2023-10-24T06:48:00.000Z"},"country":"United Kingdom","OPM":11,"total_sales_volume":835.8200016319752,"rate_of_return":0.09090909090909091}
{"window":{"start":"2023-10-25T11:08:00.000Z","end":"2023-10-25T11:09:00.000Z"},"country":"United Kingdom","OPM":14,"total_sales_volume":950.9900054335594,"rate_of_return":0.07142857142857142}
{"window":{"start":"2023-10-27T20:33:00.000Z","end":"2023-10-27T20:34:00.000Z"},"country":"United Kingdom","OPM":10,"total_sales_volume":553.8599941134453,"rate_of_return":0.0}
{"window":{"start":"2023-10-26T18:29:00.000Z","end":"2023-10-26T18:30:00.000Z"},"country":"United Kingdom","OPM":14,"total_sales_volume":622.1999950408936,"rate_of_return":0.0}
{"window":{"start":"2023-10-23T20:55:00.000Z","end":"2023-10-23T20:56:00.000Z"},"country":"United Kingdom","OPM":4,"total_sales_volume":141.8099972307682,"rate_of_return":0.0}
{"window":{"start":"2023-10-26T17:04:00.000Z","end":"2023-10-26T17:05:00.000Z"},"country":"Finland","OPM":1,"total_sales_volume":29.760000228881836,"rate_of_return":0.0}
{"window":{"start":"2023-10-26T01:01:00.000Z","end":"2023-10-26T01:02:00.000Z"},"country":"United Kingdom","OPM":9,"total_sales_volume":338.76000222563744,"rate_of_return":0.1111111111111111}
{"window":{"start":"2023-10-24T01:05:00.000Z","end":"2023-10-24T01:06:00.000Z"},"country":"EIRE","OPM":1,"total_sales_volume":19.799999713897705,"rate_of_return":0.0}
{"window":{"start":"2023-10-24T05:33:00.000Z","end":"2023-10-24T05:34:00.000Z"},"country":"Channel Islands","OPM":1,"total_sales_volume":107.75999855995178,"rate_of_return":0.0}
