{"window":{"start":"2023-10-24T07:06:00.000Z","end":"2023-10-24T07:07:00.000Z"},"country":"United Kingdom","OPM":9,"total_sales_volume":1007.0499959886074,"rate_of_return":0.0}
{"window":{"start":"2023-10-24T14:58:00.000Z","end":"2023-10-24T14:59:00.000Z"},"country":"United Kingdom","OPM":10,"total_sales_volume":986.509995341301,"rate_of_return":0.0}
{"window":{"start":"2023-10-27T15:06:00.000Z","end":"2023-10-27T15:07:00.000Z"},"country":"United Kingdom","OPM":3,"total_sales_volume":195.41000127792358,"rate_of_return":0.0}
{"window":{"start":"2023-10-28T02:59:00.000Z","end":"2023-10-28T03:00:00.000Z"},"country":"United Kingdom","OPM":14,"total_sales_volume":562.8999966084957,"rate_of_return":0.07142857142857142}
{"window":{"start":"2023-10-26T09:10:00.000Z","end":"2023-10-26T09:11:00.000Z"},"country":"Germany","OPM":1,"total_sales_volume":85.78000235557556,"rate_of_return":0.0}
{"window":{"start":"2023-10-25T07:23:00.000Z","end":"2023-10-25T07:24:00.000Z"},"country":"United Kingdom","OPM":5,"total_sales_volume":674.3000039458275,"rate_of_return":0.0}
{"window":{"start":"2023-10-26T23:07:00.000Z","end":"2023-10-26T23:08:00.000Z"},"country":"United Kingdom","OPM":13,"total_sales_volume":847.9899971485138,"rate_of_return":0.0}
{"window":{"start":"2023-10-26T02:08:00.000Z","end":"2023-10-26T02:09:00.000Z"},"country":"Switzerland","OPM":1,"total_sales_volume":10.580000221729279,"rate_of_return":0.0}
{"window":{"start":"2023-10-25T01:16:00.000Z","end":"2023-10-25T01:17:00.000Z"},"country":"EIRE","OPM":2,"total_sales_volume":-4.509999394416809,"rate_of_return":0.5}
{"window":{"start":"2023-10-27T02:08:00.000Z","end":"2023-10-27T02:09:00.000Z"},"country":"United Kingdom","OPM":6,"total_sales_volume":86.21999961137772,"rate_of_return":0.16666666666666666}
{"window":{"start":"2023-10-26T13:28:00.000Z","end":"2023-10-26T13:29:00.000Z"},"country":"United Kingdom","OPM":5,"total_sales_volume":181.0599994957447,"rate_of_return":0.0}
{"window":{"start":"2023-10-27T22:45:00.000Z","end":"2023-10-27T22:46:00.000Z"},"country":"Germany","OPM":1,"total_sales_volume":-32.21999889612198,"rate_of_return":1.0}
{"window":{"start":"2023-10-23T13:51:00.000Z","end":"2023-10-23T13:52:00.000Z"},"country":"Spain","OPM":1,"total_sales_volume":48.75999879837036,"rate_of_return":0.0}
{"window":{"start":"2023-10-27T07:32:00.000Z","end":"2023-10-27T07:33:00.000Z"},"country":"United Kingdom","OPM":12,"total_sales_volume":399.9699992239475,"rate_of_return":0.16666666666666666}
{"window":{"start":"2023-10-25T02:15:00.000Z","end":"2023-10-25T02:16:00.000Z"},"country":"France","OPM":1,"total_sales_volume":83.35000002384186,"rate_of_return":0.0}
{"window":{"start":"2023-10-27T18:53:00.000Z","end":"2023-10-27T18:54:00.000Z"},"country":"United Kingdom","OPM":10,"total_sales_volume":2116.189960181713,"rate_of_return":0.1}
{"window":{"start":"2023-10-25T19:51:00.000Z","end":"2023-10-25T19:52:00.000Z"},"country":"United Kingdom","OPM":6,"total_sales_volume":113.30000060796738,"rate_of_return":0.16666666666666666}
{"window":{"start":"2023-10-27T13:53:00.000Z","end":"2023-10-27T13:54:00.000Z"},"country":"Germany","OPM":1,"total_sales_volume":42.5099983215332,"rate_of_return":0.0}
{"window":{"start":"2023-10-26T23:52:00.000Z","end":"2023-10-26T23:53:00.000Z"},"country":"United Kingdom","OPM":17,"total_sales_volume":1049.2600035369396,"rate_of_return":0.058823529411764705}
{"window":{"start":"2023-10-26T14:00:00.000Z","end":"2023-10-26T14:01:00.000Z"},"country":"United Kingdom","OPM":11,"total_sales_volume":590.9600004553795,"rate_of_return":0.09090909090909091}
{"window":{"start":"2023-10-24T04:09:00.000Z","end":"2023-10-24T04:10:00.000Z"},"country":"United Kingdom","OPM":9,"total_sales_volume":758.1499972939491,"rate_of_return":0.0}
{"window":{"start":"2023-10-24T03:38:00.000Z","end":"2023-10-24T03:39:00.000Z"},"country":"France","OPM":1,"total_sales_volume":20.27999997138977,"rate_of_return":0.0}
{"window":{"start":"2023-10-25T04:15:00.000Z","end":"2023-10-25T04:16:00.000Z"},"country":"United Kingdom","OPM":7,"total_sales_volume":370.10000199079514,"rate_of_return":0.14285714285714285}
{"window":{"start":"2023-10-26T21:31:00.000Z","end":"2023-10-26T21:32:00.000Z"},"country":"Spain","OPM":1,"total_sales_volume":15.0,"rate_of_return":0.0}
{"window":{"start":"2023-10-27T00:07:00.000Z","end":"2023-10-27T00:08:00.000Z"},"country":"Finland","OPM":1,"total_sales_volume":31.289999783039093,"rate_of_return":0.0}
{"window":{"start":"2023-10-26T17:51:00.000Z","end":"2023-10-26T17:52:00.000Z"},"country":"Germany","OPM":1,"total_sales_volume":48.52999973297119,"rate_of_return":0.0}
{"window":{"start":"2023-10-24T16:50:00.000Z","end":"2023-10-24T16:51:00.000Z"},"country":"United Kingdom","OPM":7,"total_sales_volume":290.81999880075455,"rate_of_return":0.0}
{"window":{"start":"2023-10-25T19:55:00.000Z","end":"2023-10-25T19:56:00.000Z"},"country":"United Kingdom","OPM":13,"total_sales_volume":745.5399951934814,"rate_of_return":0.07692307692307693}
{"window":{"start":"2023-10-28T00:36:00.000Z","end":"2023-10-28T00:37:00.000Z"},"country":"Lebanon","OPM":1,"total_sales_volume":21.66999900341034,"rate_of_return":0.0}
{"window":{"start":"2023-10-26T01:57:00.000Z","end":"2023-10-26T01:58:00.000Z"},"country":"France","OPM":1,"total_sales_volume":2.9200000762939453,"rate_of_return":0.0}
{"window":{"start":"2023-10-25T16:18:00.000Z","end":"2023-10-25T16:19:00.000Z"},"country":"EIRE","OPM":2,"total_sales_volume":529.2600052654743,"rate_of_return":0.0}
{"window":{"start":"2023-10-27T17:56:00.000Z","end":"2023-10-27T17:57:00.000Z"},"country":"United Kingdom","OPM":10,"total_sales_volume":958.3799936175346,"rate_of_return":0.1}
{"window":{"start":"2023-10-25T10:31:00.000Z","end":"2023-10-25T10:32:00.000Z"},"country":"United Kingdom","OPM":9,"total_sales_volume":833.4399906396866,"rate_of_return":0.0}
{"window":{"start":"2023-10-25T18:53:00.000Z","end":"2023-10-25T18:54:00.000Z"},"country":"France","OPM":1,"total_sales_volume":79.52999973297119,"rate_of_return":0.0}
{"window":{"start":"2023-10-27T15:13:00.000Z","end":"2023-10-27T15:14:00.000Z"},"country":"EIRE","OPM":1,"total_sales_volume":101.11999917030334,"rate_of_return":0.0}
{"window":{"start":"2023-10-27T16:13:00.000Z","end":"2023-10-27T16:14:00.000Z"},"country":"United Kingdom","OPM":5,"total_sales_volume":161.50999838113785,"rate_of_return":0.0}
{"window":{"start":"2023-10-27T06:03:00.000Z","end":"2023-10-27T06:04:00.000Z"},"country":"United Kingdom","OPM":7,"total_sales_volume":295.2399979233742,"rate_of_return":0.0}
{"window":{"start":"2023-10-27T20:37:00.000Z","end":"2023-10-27T20:38:00.000Z"},"country":"United Kingdom","OPM":2,"total_sales_volume":689.7200127542019,"rate_of_return":0.0}
{"window":{"start":"2023-10-27T11:16:00.000Z","end":"2023-10-27T11:17:00.000Z"},"country":"United Kingdom","OPM":10,"total_sales_volume":692.629999384284,"rate_of_return":0.1}
{"window":{"start":"2023-10-24T19:59:00.000Z","end":"2023-10-24T20:00:00.000Z"},"country":"Germany","OPM":1,"total_sales_volume":27.049999594688416,"rate_of_return":0.0}
{"window":{"start":"2023-10-26T09:06:00.000Z","end":"2023-10-26T09:07:00.000Z"},"country":"United Kingdom","OPM":5,"total_sales_volume":199.63999718427658,"rate_of_return":0.0}
{"window":{"start":"2023-10-26T10:42:00.000Z","end":"2023-10-26T10:43:00.000Z"},"country":"Australia","OPM":1,"total_sales_volume":74.21999740600586,"rate_of_return":0.0}
{"window":{"start":"2023-10-23T13:00:00.000Z","end":"2023-10-23T13:01:00.000Z"},"country":"EIRE","OPM":1,"total_sales_volume":3.75,"rate_of_return":0.0}
{"window":{"start":"2023-10-27T21:25:00.000Z","end":"2023-10-27T21:26:00.000Z"},"country":"United Kingdom","OPM":5,"total_sales_volume":108.88999924063683,"rate_of_return":0.0}
{"window":{"start":"2023-10-24T12:07:00.000Z","end":"2023-10-24T12:08:00.000Z"},"country":"Switzerland","OPM":1,"total_sales_volume":60.17999917268753,"rate_of_return":0.0}
{"window":{"start":"2023-10-26T09:55:00.000Z","end":"2023-10-26T09:56:00.000Z"},"country":"Germany","OPM":1,"total_sales_volume":10.21999979019165,"rate_of_return":0.0}
{"window":{"start":"2023-10-24T12:20:00.000Z","end":"2023-10-24T12:21:00.000Z"},"country":"Spain","OPM":1,"total_sales_volume":16.139999747276306,"rate_of_return":0.0}
{"window":{"start":"2023-10-23T15:19:00.000Z","end":"2023-10-23T15:20:00.000Z"},"country":"United Kingdom","OPM":14,"total_sales_volume":1287.9099948704243,"rate_of_return":0.14285714285714285}
{"window":{"start":"2023-10-27T13:06:00.000Z","end":"2023-10-27T13:07:00.000Z"},"country":"Australia","OPM":1,"total_sales_volume":-65.55000114440918,"rate_of_return":1.0}
{"window":{"start":"2023-10-27T21:45:00.000Z","end":"2023-10-27T21:46:00.000Z"},"country":"Germany","OPM":2,"total_sales_volume":194.4099977016449,"rate_of_return":0.0}
{"window":{"start":"2023-10-25T07:59:00.000Z","end":"2023-10-25T08:00:00.000Z"},"country":"United Kingdom","OPM":11,"total_sales_volume":532.58000177145,"rate_of_return":0.09090909090909091}
{"window":{"start":"2023-10-26T03:33:00.000Z","end":"2023-10-26T03:34:00.000Z"},"country":"United Kingdom","OPM":9,"total_sales_volume":458.29999512434006,"rate_of_return":0.0}
{"window":{"start":"2023-10-27T18:08:00.000Z","end":"2023-10-27T18:09:00.000Z"},"country":"United Kingdom","OPM":7,"total_sales_volume":289.90999895334244,"rate_of_return":0.0}
{"window":{"start":"2023-10-25T17:21:00.000Z","end":"2023-10-25T17:22:00.000Z"},"country":"United Kingdom","OPM":13,"total_sales_volume":709.349994957447,"rate_of_return":0.0}
{"window":{"start":"2023-10-28T01:36:00.000Z","end":"2023-10-28T01:37:00.000Z"},"country":"United Kingdom","OPM":9,"total_sales_volume":2121.0000398159027,"rate_of_return":0.0}
{"window":{"start":"2023-10-26T20:26:00.000Z","end":"2023-10-26T20:27:00.000Z"},"country":"United Kingdom","OPM":13,"total_sales_volume":524.1100020706654,"rate_of_return":0.15384615384615385}
{"window":{"start":"2023-10-28T03:18:00.000Z","end":"2023-10-28T03:19:00.000Z"},"country":"United Kingdom","OPM":10,"total_sales_volume":755.8700028955936,"rate_of_return":0.0}
{"window":{"start":"2023-10-23T23:21:00.000Z","end":"2023-10-23T23:22:00.000Z"},"country":"United Kingdom","OPM":7,"total_sales_volume":754.2499887943268,"rate_of_return":0.0}
{"window":{"start":"2023-10-24T02:44:00.000Z","end":"2023-10-24T02:45:00.000Z"},"country":"United Kingdom","OPM":4,"total_sales_volume":232.59999763965607,"rate_of_return":0.0}
{"window":{"start":"2023-10-27T09:24:00.000Z","end":"2023-10-27T09:25:00.000Z"},"country":"Germany","OPM":1,"total_sales_volume":19.799999713897705,"rate_of_return":0.0}
{"window":{"start":"2023-10-24T19:24:00.000Z","end":"2023-10-24T19:25:00.000Z"},"country":"Germany","OPM":1,"total_sales_volume":-35.18000054359436,"rate_of_return":1.0}
{"window":{"start":"2023-10-25T18:04:00.000Z","end":"2023-10-25T18:05:00.000Z"},"country":"Germany","OPM":1,"total_sales_volume":1.629999965429306,"rate_of_return":0.0}
{"window":{"start":"2023-10-26T01:20:00.000Z","end":"2023-10-26T01:21:00.000Z"},"country":"France","OPM":1,"total_sales_volume":8.500000238418579,"rate_of_return":0.0}
{"window":{"start":"2023-10-24T20:16:00.000Z","end":"2023-10-24T20:17:00.000Z"},"country":"United Kingdom","OPM":14,"total_sales_volume":2222.5100043118,"rate_of_return":0.0}
{"window":{"start":"2023-10-24T10:30:00.000Z","end":"2023-10-24T10:31:00.000Z"},"country":"Belgium","OPM":1,"total_sales_volume":33.65999984741211,"rate_of_return":0.0}
{"window":{"start":"2023-10-24T12:01:00.000Z","end":"2023-10-24T12:02:00.000Z"},"country":"United Kingdom","OPM":16,"total_sales_volume":1988.8599655628204,"rate_of_return":0.125}
{"window":{"start":"2023-10-26T11:23:00.000Z","end":"2023-10-26T11:24:00.000Z"},"country":"Germany","OPM":1,"total_sales_volume":298.8000068664551,"rate_of_return":0.0}
{"window":{"start":"2023-10-27T20:55:00.000Z","end":"2023-10-27T20:56:00.000Z"},"country":"Israel","OPM":1,"total_sales_volume":365.06000542640686,"rate_of_return":0.0}
