{"window":{"start":"2023-10-26T20:23:00.000Z","end":"2023-10-26T20:24:00.000Z"},"country":"United Kingdom","OPM":8,"total_sales_volume":392.22999677062035,"rate_of_return":0.125}
{"window":{"start":"2023-10-26T17:28:00.000Z","end":"2023-10-26T17:29:00.000Z"},"country":"United Kingdom","OPM":6,"total_sales_volume":470.21999406814575,"rate_of_return":0.16666666666666666}
{"window":{"start":"2023-10-27T06:56:00.000Z","end":"2023-10-27T06:57:00.000Z"},"country":"United Kingdom","OPM":15,"total_sales_volume":1049.6999877095222,"rate_of_return":0.0}
{"window":{"start":"2023-10-27T10:14:00.000Z","end":"2023-10-27T10:15:00.000Z"},"country":"EIRE","OPM":1,"total_sales_volume":205.56999969482422,"rate_of_return":0.0}
{"window":{"start":"2023-10-28T03:41:00.000Z","end":"2023-10-28T03:42:00.000Z"},"country":"Poland","OPM":1,"total_sales_volume":179.0499974489212,"rate_of_return":0.0}
{"window":{"start":"2023-10-28T02:03:00.000Z","end":"2023-10-28T02:04:00.000Z"},"country":"United Kingdom","OPM":9,"total_sales_volume":797.5099997967482,"rate_of_return":0.0}
{"window":{"start":"2023-10-27T18:17:00.000Z","end":"2023-10-27T18:18:00.000Z"},"country":"United Kingdom","OPM":4,"total_sales_volume":103.97999840974808,"rate_of_return":0.25}
{"window":{"start":"2023-10-27T21:35:00.000Z","end":"2023-10-27T21:36:00.000Z"},"country":"Germany","OPM":1,"total_sales_volume":70.80000114440918,"rate_of_return":0.0}
{"window":{"start":"2023-10-27T16:11:00.000Z","end":"2023-10-27T16:12:00.000Z"},"country":"Unspecified","OPM":1,"total_sales_volume":111.0500009059906,"rate_of_return":0.0}
{"window":{"start":"2023-10-25T12:38:00.000Z","end":"2023-10-25T12:39:00.000Z"},"country":"United Kingdom","OPM":8,"total_sales_volume":713.5499833226204,"rate_of_return":0.0}
{"window":{"start":"2023-10-26T22:45:00.000Z","end":"2023-10-26T22:46:00.000Z"},"country":"Germany","OPM":1,"total_sales_volume":-97.64000096917152,"rate_of_return":1.0}
{"window":{"start":"2023-10-24T10:39:00.000Z","end":"2023-10-24T10:40:00.000Z"},"country":"Germany","OPM":3,"total_sales_volume":-26.549999952316284,"rate_of_return":0.3333333333333333}
{"window":{"start":"2023-10-25T19:46:00.000Z","end":"2023-10-25T19:47:00.000Z"},"country":"United Kingdom","OPM":9,"total_sales_volume":797.9300039708614,"rate_of_return":0.0}
{"window":{"start":"2023-10-24T11:02:00.000Z","end":"2023-10-24T11:03:00.000Z"},"country":"Singapore","OPM":1,"total_sales_volume":5.78000009059906,"rate_of_return":0.0}
{"window":{"start":"2023-10-26T08:23:00.000Z","end":"2023-10-26T08:24:00.000Z"},"country":"United Kingdom","OPM":12,"total_sales_volume":627.8699953556061,"rate_of_return":0.0}
{"window":{"start":"2023-10-25T09:41:00.000Z","end":"2023-10-25T09:42:00.000Z"},"country":"United Kingdom","OPM":5,"total_sales_volume":116.42000105977058,"rate_of_return":0.2}
{"window":{"start":"2023-10-28T05:16:00.000Z","end":"2023-10-28T05:17:00.000Z"},"country":"United Kingdom","OPM":7,"total_sales_volume":256.6599962413311,"rate_of_return":0.0}
{"window":{"start":"2023-10-24T10:15:00.000Z","end":"2023-10-24T10:16:00.000Z"},"country":"Germany","OPM":1,"total_sales_volume":0.8299999833106995,"rate_of_return":0.0}
{"window":{"start":"2023-10-28T05:52:00.000Z","end":"2023-10-28T05:53:00.000Z"},"country":"Germany","OPM":1,"total_sales_volume":19.78999936580658,"rate_of_return":0.0}
{"window":{"start":"2023-10-28T04:31:00.000Z","end":"2023-10-28T04:32:00.000Z"},"country":"United Kingdom","OPM":12,"total_sales_volume":1143.2900057435036,"rate_of_return":0.0}
{"window":{"start":"2023-10-25T13:03:00.000Z","end":"2023-10-25T13:04:00.000Z"},"country":"Netherlands","OPM":1,"total_sales_volume":121.63000094890594,"rate_of_return":0.0}
{"window":{"start":"2023-10-25T21:14:00.000Z","end":"2023-10-25T21:15:00.000Z"},"country":"EIRE","OPM":1,"total_sales_volume":101.62999776005745,"rate_of_return":0.0}
{"window":{"start":"2023-10-26T11:55:00.000Z","end":"2023-10-26T11:56:00.000Z"},"country":"EIRE","OPM":1,"total_sales_volume":68.27999845147133,"rate_of_return":0.0}
{"window":{"start":"2023-10-26T05:06:00.000Z","end":"2023-10-26T05:07:00.000Z"},"country":"Portugal","OPM":1,"total_sales_volume":26.409999132156372,"rate_of_return":0.0}
{"window":{"start":"2023-10-27T23:08:00.000Z","end":"2023-10-27T23:09:00.000Z"},"country":"Germany","OPM":2,"total_sales_volume":75.64999902248383,"rate_of_return":0.0}
{"window":{"start":"2023-10-25T06:20:00.000Z","end":"2023-10-25T06:21:00.000Z"},"country":"Australia","OPM":1,"total_sales_volume":17.84999942779541,"rate_of_return":0.0}
{"window":{"start":"2023-10-25T02:02:00.000Z","end":"2023-10-25T02:03:00.000Z"},"country":"United Kingdom","OPM":11,"total_sales_volume":469.5899987220764,"rate_of_return":0.0}
{"window":{"start":"2023-10-26T02:18:00.000Z","end":"2023-10-26T02:19:00.000Z"},"country":"United Kingdom","OPM":11,"total_sales_volume":325.44999581575394,"rate_of_return":0.18181818181818182}
{"window":{"start":"2023-10-27T08:36:00.000Z","end":"2023-10-27T08:37:00.000Z"},"country":"Australia","OPM":1,"total_sales_volume":486.19998502731323,"rate_of_return":0.0}
{"window":{"start":"2023-10-23T17:51:00.000Z","end":"2023-10-23T17:52:00.000Z"},"country":"EIRE","OPM":1,"total_sales_volume":7.949999809265137,"rate_of_return":0.0}
{"window":{"start":"2023-10-28T01:27:00.000Z","end":"2023-10-28T01:28:00.000Z"},"country":"United Kingdom","OPM":13,"total_sales_volume":3439.87001311779,"rate_of_return":0.0}
{"window":{"start":"2023-10-25T03:00:00.000Z","end":"2023-10-25T03:01:00.000Z"},"country":"Norway","OPM":1,"total_sales_volume":1032.6699616909027,"rate_of_return":0.0}
{"window":{"start":"2023-10-26T07:36:00.000Z","end":"2023-10-26T07:37:00.000Z"},"country":"United Kingdom","OPM":8,"total_sales_volume":397.1200040578842,"rate_of_return":0.125}
{"window":{"start":"2023-10-25T13:04:00.000Z","end":"2023-10-25T13:05:00.000Z"},"country":"United Kingdom","OPM":6,"total_sales_volume":-66.96999600529671,"rate_of_return":0.16666666666666666}
{"window":{"start":"2023-10-27T16:45:00.000Z","end":"2023-10-27T16:46:00.000Z"},"country":"Germany","OPM":1,"total_sales_volume":11.0,"rate_of_return":0.0}
{"window":{"start":"2023-10-27T09:53:00.000Z","end":"2023-10-27T09:54:00.000Z"},"country":"United Kingdom","OPM":7,"total_sales_volume":220.36999893188477,"rate_of_return":0.0}
{"window":{"start":"2023-10-24T21:40:00.000Z","end":"2023-10-24T21:41:00.000Z"},"country":"Netherlands","OPM":1,"total_sales_volume":4.539999961853027,"rate_of_return":0.0}
{"window":{"start":"2023-10-26T03:27:00.000Z","end":"2023-10-26T03:28:00.000Z"},"country":"United Kingdom","OPM":10,"total_sales_volume":404.08999863266945,"rate_of_return":0.1}
{"window":{"start":"2023-10-24T00:08:00.000Z","end":"2023-10-24T00:09:00.000Z"},"country":"Unspecified","OPM":1,"total_sales_volume":118.10000014305115,"rate_of_return":0.0}
{"window":{"start":"2023-10-25T19:59:00.000Z","end":"2023-10-25T20:00:00.000Z"},"country":"France","OPM":1,"total_sales_volume":22.34999942779541,"rate_of_return":0.0}
{"window":{"start":"2023-10-26T10:13:00.000Z","end":"2023-10-26T10:14:00.000Z"},"country":"France","OPM":1,"total_sales_volume":9.949999809265137,"rate_of_return":0.0}
{"window":{"start":"2023-10-25T07:48:00.000Z","end":"2023-10-25T07:49:00.000Z"},"country":"United Kingdom","OPM":8,"total_sales_volume":443.959998100996,"rate_of_return":0.0}
{"window":{"start":"2023-10-27T14:57:00.000Z","end":"2023-10-27T14:58:00.000Z"},"country":"United Kingdom","OPM":13,"total_sales_volume":1070.929999947548,"rate_of_return":0.0}
{"window":{"start":"2023-10-27T15:19:00.000Z","end":"2023-10-27T15:20:00.000Z"},"country":"Israel","OPM":1,"total_sales_volume":10.079999685287476,"rate_of_return":0.0}
{"window":{"start":"2023-10-26T22:29:00.000Z","end":"2023-10-26T22:30:00.000Z"},"country":"Germany","OPM":1,"total_sales_volume":44.639999985694885,"rate_of_return":0.0}
{"window":{"start":"2023-10-25T02:34:00.000Z","end":"2023-10-25T02:35:00.000Z"},"country":"United Kingdom","OPM":6,"total_sales_volume":393.21000051498413,"rate_of_return":0.16666666666666666}
{"window":{"start":"2023-10-23T13:25:00.000Z","end":"2023-10-23T13:26:00.000Z"},"country":"United Kingdom","OPM":7,"total_sales_volume":337.8700053691864,"rate_of_return":0.14285714285714285}
{"window":{"start":"2023-10-25T09:08:00.000Z","end":"2023-10-25T09:09:00.000Z"},"country":"EIRE","OPM":1,"total_sales_volume":255.0399932861328,"rate_of_return":0.0}
{"window":{"start":"2023-10-26T15:56:00.000Z","end":"2023-10-26T15:57:00.000Z"},"country":"United Kingdom","OPM":5,"total_sales_volume":263.21999830007553,"rate_of_return":0.0}
{"window":{"start":"2023-10-27T12:01:00.000Z","end":"2023-10-27T12:02:00.000Z"},"country":"United Kingdom","OPM":13,"total_sales_volume":694.199997484684,"rate_of_return":0.0}
{"window":{"start":"2023-10-26T04:58:00.000Z","end":"2023-10-26T04:59:00.000Z"},"country":"EIRE","OPM":2,"total_sales_volume":372.97000432014465,"rate_of_return":0.0}
{"window":{"start":"2023-10-25T07:35:00.000Z","end":"2023-10-25T07:36:00.000Z"},"country":"Germany","OPM":1,"total_sales_volume":3.299999952316284,"rate_of_return":0.0}
{"window":{"start":"2023-10-28T05:29:00.000Z","end":"2023-10-28T05:30:00.000Z"},"country":"United Kingdom","OPM":9,"total_sales_volume":519.1099981665611,"rate_of_return":0.0}
{"window":{"start":"2023-10-27T16:10:00.000Z","end":"2023-10-27T16:11:00.000Z"},"country":"Germany","OPM":1,"total_sales_volume":18.1599999666214,"rate_of_return":0.0}
{"window":{"start":"2023-10-24T13:35:00.000Z","end":"2023-10-24T13:36:00.000Z"},"country":"Sweden","OPM":1,"total_sales_volume":-29.320000648498535,"rate_of_return":1.0}
{"window":{"start":"2023-10-24T14:55:00.000Z","end":"2023-10-24T14:56:00.000Z"},"country":"Spain","OPM":1,"total_sales_volume":10.199999809265137,"rate_of_return":0.0}
{"window":{"start":"2023-10-26T12:39:00.000Z","end":"2023-10-26T12:40:00.000Z"},"country":"United Kingdom","OPM":13,"total_sales_volume":752.8899969756603,"rate_of_return":0.0}
{"window":{"start":"2023-10-25T05:44:00.000Z","end":"2023-10-25T05:45:00.000Z"},"country":"EIRE","OPM":2,"total_sales_volume":114.86999812722206,"rate_of_return":0.0}
{"window":{"start":"2023-10-25T20:29:00.000Z","end":"2023-10-25T20:30:00.000Z"},"country":"United Kingdom","OPM":7,"total_sales_volume":433.5699963569641,"rate_of_return":0.0}
{"window":{"start":"2023-10-23T19:33:00.000Z","end":"2023-10-23T19:34:00.000Z"},"country":"United Kingdom","OPM":7,"total_sales_volume":391.3299996852875,"rate_of_return":0.14285714285714285}
{"window":{"start":"2023-10-27T00:06:00.000Z","end":"2023-10-27T00:07:00.000Z"},"country":"United Kingdom","OPM":7,"total_sales_volume":285.10000014305115,"rate_of_return":0.14285714285714285}
{"window":{"start":"2023-10-25T04:33:00.000Z","end":"2023-10-25T04:34:00.000Z"},"country":"United Kingdom","OPM":15,"total_sales_volume":1251.3100070655346,"rate_of_return":0.0}
{"window":{"start":"2023-10-26T06:27:00.000Z","end":"2023-10-26T06:28:00.000Z"},"country":"United Kingdom","OPM":8,"total_sales_volume":537.2400010824203,"rate_of_return":0.0}
{"window":{"start":"2023-10-24T13:02:00.000Z","end":"2023-10-24T13:03:00.000Z"},"country":"Channel Islands","OPM":1,"total_sales_volume":56.869999289512634,"rate_of_return":0.0}
{"window":{"start":"2023-10-24T06:36:00.000Z","end":"2023-10-24T06:37:00.000Z"},"country":"United Kingdom","OPM":10,"total_sales_volume":124.0699896812439,"rate_of_return":0.1}
{"window":{"start":"2023-10-27T11:41:00.000Z","end":"2023-10-27T11:42:00.000Z"},"country":"United Kingdom","OPM":15,"total_sales_volume":1035.269989401102,"rate_of_return":0.0}
