{"window":{"start":"2023-10-27T06:12:00.000Z","end":"2023-10-27T06:13:00.000Z"},"country":"United Kingdom","OPM":4,"total_sales_volume":894.5100213289261,"rate_of_return":0.25}
{"window":{"start":"2023-10-27T20:13:00.000Z","end":"2023-10-27T20:14:00.000Z"},"country":"Germany","OPM":1,"total_sales_volume":42.61999988555908,"rate_of_return":0.0}
{"window":{"start":"2023-10-25T07:45:00.000Z","end":"2023-10-25T07:46:00.000Z"},"country":"United Kingdom","OPM":1,"total_sales_volume":10.499999523162842,"rate_of_return":0.0}
{"window":{"start":"2023-10-26T22:26:00.000Z","end":"2023-10-26T22:27:00.000Z"},"country":"Hong Kong","OPM":1,"total_sales_volume":-21.579999923706055,"rate_of_return":1.0}
{"window":{"start":"2023-10-26T12:04:00.000Z","end":"2023-10-26T12:05:00.000Z"},"country":"Netherlands","OPM":1,"total_sales_volume":11.700000286102295,"rate_of_return":0.0}
{"window":{"start":"2023-10-24T15:18:00.000Z","end":"2023-10-24T15:19:00.000Z"},"country":"Poland","OPM":1,"total_sales_volume":80.9000015258789,"rate_of_return":0.0}
{"window":{"start":"2023-10-24T22:49:00.000Z","end":"2023-10-24T22:50:00.000Z"},"country":"Spain","OPM":1,"total_sales_volume":19.84000015258789,"rate_of_return":0.0}
{"window":{"start":"2023-10-24T21:52:00.000Z","end":"2023-10-24T21:53:00.000Z"},"country":"United Kingdom","OPM":6,"total_sales_volume":683.0899956226349,"rate_of_return":0.0}
{"window":{"start":"2023-10-25T18:17:00.000Z","end":"2023-10-25T18:18:00.000Z"},"country":"Germany","OPM":1,"total_sales_volume":-6.709999918937683,"rate_of_return":1.0}
{"window":{"start":"2023-10-24T17:18:00.000Z","end":"2023-10-24T17:19:00.000Z"},"country":"Spain","OPM":1,"total_sales_volume":87.93000078201294,"rate_of_return":0.0}
{"window":{"start":"2023-10-25T22:24:00.000Z","end":"2023-10-25T22:25:00.000Z"},"country":"Germany","OPM":2,"total_sales_volume":54.80000019073486,"rate_of_return":0.0}
{"window":{"start":"2023-10-27T21:10:00.000Z","end":"2023-10-27T21:11:00.000Z"},"country":"EIRE","OPM":1,"total_sales_volume":-1.25,"rate_of_return":1.0}
{"window":{"start":"2023-10-24T13:57:00.000Z","end":"2023-10-24T13:58:00.000Z"},"country":"United Kingdom","OPM":8,"total_sales_volume":744.399996817112,"rate_of_return":0.125}
{"window":{"start":"2023-10-25T14:34:00.000Z","end":"2023-10-25T14:35:00.000Z"},"country":"United Kingdom","OPM":10,"total_sales_volume":574.3599974513054,"rate_of_return":0.2}
{"window":{"start":"2023-10-25T00:09:00.000Z","end":"2023-10-25T00:10:00.000Z"},"country":"Italy","OPM":1,"total_sales_volume":-69.34999871253967,"rate_of_return":1.0}
{"window":{"start":"2023-10-27T11:59:00.000Z","end":"2023-10-27T12:00:00.000Z"},"country":"Germany","OPM":1,"total_sales_volume":20.039999842643738,"rate_of_return":0.0}
{"window":{"start":"2023-10-27T04:56:00.000Z","end":"2023-10-27T04:57:00.000Z"},"country":"United Kingdom","OPM":8,"total_sales_volume":342.55999276041985,"rate_of_return":0.125}
{"window":{"start":"2023-10-24T12:42:00.000Z","end":"2023-10-24T12:43:00.000Z"},"country":"United Kingdom","OPM":16,"total_sales_volume":1019.7500011026859,"rate_of_return":0.0}
{"window":{"start":"2023-10-24T18:26:00.000Z","end":"2023-10-24T18:27:00.000Z"},"country":"Germany","OPM":1,"total_sales_volume":0.8399999737739563,"rate_of_return":0.0}
{"window":{"start":"2023-10-27T19:57:00.000Z","end":"2023-10-27T19:58:00.000Z"},"country":"Germany","OPM":1,"total_sales_volume":17.700000286102295,"rate_of_return":0.0}
{"window":{"start":"2023-10-23T21:35:00.000Z","end":"2023-10-23T21:36:00.000Z"},"country":"United Kingdom","OPM":14,"total_sales_volume":630.1300013065338,"rate_of_return":0.0}
{"window":{"start":"2023-10-28T00:16:00.000Z","end":"2023-10-28T00:17:00.000Z"},"country":"EIRE","OPM":1,"total_sales_volume":51.960000872612,"rate_of_return":0.0}
{"window":{"start":"2023-10-25T00:03:00.000Z","end":"2023-10-25T00:04:00.000Z"},"country":"United Kingdom","OPM":8,"total_sales_volume":521.8100057244301,"rate_of_return":0.125}
{"window":{"start":"2023-10-23T14:10:00.000Z","end":"2023-10-23T14:11:00.000Z"},"country":"United Kingdom","OPM":3,"total_sales_volume":148.64999878406525,"rate_of_return":0.0}
{"window":{"start":"2023-10-27T11:35:00.000Z","end":"2023-10-27T11:36:00.000Z"},"country":"United Kingdom","OPM":10,"total_sales_volume":1839.7100181281567,"rate_of_return":0.1}
{"window":{"start":"2023-10-26T04:48:00.000Z","end":"2023-10-26T04:49:00.000Z"},"country":"United Kingdom","OPM":14,"total_sales_volume":798.8499937206507,"rate_of_return":0.0}
{"window":{"start":"2023-10-25T12:53:00.000Z","end":"2023-10-25T12:54:00.000Z"},"country":"Germany","OPM":1,"total_sales_volume":237.84000027179718,"rate_of_return":0.0}
{"window":{"start":"2023-10-24T20:13:00.000Z","end":"2023-10-24T20:14:00.000Z"},"country":"United Kingdom","OPM":13,"total_sales_volume":1452.8600026071072,"rate_of_return":0.0}
{"window":{"start":"2023-10-24T10:56:00.000Z","end":"2023-10-24T10:57:00.000Z"},"country":"United Kingdom","OPM":8,"total_sales_volume":805.3800069391727,"rate_of_return":0.0}
{"window":{"start":"2023-10-25T06:24:00.000Z","end":"2023-10-25T06:25:00.000Z"},"country":"United Kingdom","OPM":12,"total_sales_volume":354.6099969446659,"rate_of_return":0.0}
{"window":{"start":"2023-10-24T20:37:00.000Z","end":"2023-10-24T20:38:00.000Z"},"country":"Netherlands","OPM":1,"total_sales_volume":86.27999877929688,"rate_of_return":0.0}
{"window":{"start":"2023-10-25T17:13:00.000Z","end":"2023-10-25T17:14:00.000Z"},"country":"France","OPM":1,"total_sales_volume":10.200000286102295,"rate_of_return":0.0}
{"window":{"start":"2023-10-26T12:53:00.000Z","end":"2023-10-26T12:54:00.000Z"},"country":"Netherlands","OPM":1,"total_sales_volume":262.30999970436096,"rate_of_return":0.0}
{"window":{"start":"2023-10-24T23:55:00.000Z","end":"2023-10-24T23:56:00.000Z"},"country":"Netherlands","OPM":1,"total_sales_volume":3.299999952316284,"rate_of_return":0.0}
{"window":{"start":"2023-10-23T12:50:00.000Z","end":"2023-10-23T12:51:00.000Z"},"country":"Australia","OPM":1,"total_sales_volume":13.179999828338623,"rate_of_return":0.0}
{"window":{"start":"2023-10-23T16:22:00.000Z","end":"2023-10-23T16:23:00.000Z"},"country":"Netherlands","OPM":1,"total_sales_volume":77.56999915838242,"rate_of_return":0.0}
{"window":{"start":"2023-10-24T03:38:00.000Z","end":"2023-10-24T03:39:00.000Z"},"country":"United Kingdom","OPM":11,"total_sales_volume":674.3199994266033,"rate_of_return":0.09090909090909091}
{"window":{"start":"2023-10-26T23:40:00.000Z","end":"2023-10-26T23:41:00.000Z"},"country":"United Kingdom","OPM":7,"total_sales_volume":164.91999620199203,"rate_of_return":0.14285714285714285}
{"window":{"start":"2023-10-25T13:08:00.000Z","end":"2023-10-25T13:09:00.000Z"},"country":"United Kingdom","OPM":14,"total_sales_volume":623.2399970889091,"rate_of_return":0.07142857142857142}
{"window":{"start":"2023-10-26T19:30:00.000Z","end":"2023-10-26T19:31:00.000Z"},"country":"United Kingdom","OPM":12,"total_sales_volume":432.9800001978874,"rate_of_return":0.0}
{"window":{"start":"2023-10-25T08:49:00.000Z","end":"2023-10-25T08:50:00.000Z"},"country":"Germany","OPM":1,"total_sales_volume":0.41999998688697815,"rate_of_return":0.0}
{"window":{"start":"2023-10-26T12:47:00.000Z","end":"2023-10-26T12:48:00.000Z"},"country":"United Kingdom","OPM":7,"total_sales_volume":80.58999973535538,"rate_of_return":0.0}
{"window":{"start":"2023-10-24T14:22:00.000Z","end":"2023-10-24T14:23:00.000Z"},"country":"France","OPM":1,"total_sales_volume":35.100000619888306,"rate_of_return":0.0}
{"window":{"start":"2023-10-24T19:58:00.000Z","end":"2023-10-24T19:59:00.000Z"},"country":"United Kingdom","OPM":5,"total_sales_volume":184.9999988079071,"rate_of_return":0.2}
{"window":{"start":"2023-10-25T19:31:00.000Z","end":"2023-10-25T19:32:00.000Z"},"country":"United Kingdom","OPM":5,"total_sales_volume":210.20999896526337,"rate_of_return":0.0}
{"window":{"start":"2023-10-23T21:25:00.000Z","end":"2023-10-23T21:26:00.000Z"},"country":"Switzerland","OPM":1,"total_sales_volume":13.950000286102295,"rate_of_return":0.0}
{"window":{"start":"2023-10-24T12:29:00.000Z","end":"2023-10-24T12:30:00.000Z"},"country":"United Kingdom","OPM":6,"total_sales_volume":320.92999532818794,"rate_of_return":0.0}
{"window":{"start":"2023-10-24T05:58:00.000Z","end":"2023-10-24T05:59:00.000Z"},"country":"United Kingdom","OPM":4,"total_sales_volume":197.20999950170517,"rate_of_return":0.0}
{"window":{"start":"2023-10-25T13:28:00.000Z","end":"2023-10-25T13:29:00.000Z"},"country":"Switzerland","OPM":1,"total_sales_volume":47.41999971866608,"rate_of_return":0.0}
{"window":{"start":"2023-10-27T21:51:00.000Z","end":"2023-10-27T21:52:00.000Z"},"country":"United Kingdom","OPM":14,"total_sales_volume":680.8199937641621,"rate_of_return":0.07142857142857142}
{"window":{"start":"2023-10-26T17:26:00.000Z","end":"2023-10-26T17:27:00.000Z"},"country":"France","OPM":1,"total_sales_volume":32.429999351501465,"rate_of_return":0.0}
{"window":{"start":"2023-10-27T02:43:00.000Z","end":"2023-10-27T02:44:00.000Z"},"country":"United Kingdom","OPM":9,"total_sales_volume":150.2599985897541,"rate_of_return":0.2222222222222222}
{"window":{"start":"2023-10-26T07:11:00.000Z","end":"2023-10-26T07:12:00.000Z"},"country":"United Kingdom","OPM":7,"total_sales_volume":302.15999960899353,"rate_of_return":0.0}
{"window":{"start":"2023-10-25T10:45:00.000Z","end":"2023-10-25T10:46:00.000Z"},"country":"Italy","OPM":1,"total_sales_volume":63.61999988555908,"rate_of_return":0.0}
{"window":{"start":"2023-10-25T01:00:00.000Z","end":"2023-10-25T01:01:00.000Z"},"country":"Channel Islands","OPM":1,"total_sales_volume":55.019999623298645,"rate_of_return":0.0}
{"window":{"start":"2023-10-23T12:36:00.000Z","end":"2023-10-23T12:37:00.000Z"},"country":"France","OPM":1,"total_sales_volume":38.039999127388,"rate_of_return":0.0}
{"window":{"start":"2023-10-24T09:22:00.000Z","end":"2023-10-24T09:23:00.000Z"},"country":"United Kingdom","OPM":6,"total_sales_volume":620.329999268055,"rate_of_return":0.0}
{"window":{"start":"2023-10-25T13:02:00.000Z","end":"2023-10-25T13:03:00.000Z"},"country":"United Kingdom","OPM":4,"total_sales_volume":284.5799962282181,"rate_of_return":0.0}
{"window":{"start":"2023-10-24T11:09:00.000Z","end":"2023-10-24T11:10:00.000Z"},"country":"Sweden","OPM":1,"total_sales_volume":79.19999885559082,"rate_of_return":0.0}
{"window":{"start":"2023-10-27T18:20:00.000Z","end":"2023-10-27T18:21:00.000Z"},"country":"United Kingdom","OPM":7,"total_sales_volume":245.22000241279602,"rate_of_return":0.0}
{"window":{"start":"2023-10-25T01:06:00.000Z","end":"2023-10-25T01:07:00.000Z"},"country":"United Kingdom","OPM":7,"total_sales_volume":419.849999666214,"rate_of_return":0.0}
{"window":{"start":"2023-10-26T08:41:00.000Z","end":"2023-10-26T08:42:00.000Z"},"country":"EIRE","OPM":1,"total_sales_volume":16.62999999523163,"rate_of_return":0.0}
{"window":{"start":"2023-10-25T00:02:00.000Z","end":"2023-10-25T00:03:00.000Z"},"country":"United Kingdom","OPM":12,"total_sales_volume":546.4499988555908,"rate_of_return":0.16666666666666666}
{"window":{"start":"2023-10-25T13:22:00.000Z","end":"2023-10-25T13:23:00.000Z"},"country":"United Kingdom","OPM":8,"total_sales_volume":935.7100046873093,"rate_of_return":0.0}
{"window":{"start":"2023-10-28T05:46:00.000Z","end":"2023-10-28T05:47:00.000Z"},"country":"Belgium","OPM":1,"total_sales_volume":-14.559999465942383,"rate_of_return":1.0}
{"window":{"start":"2023-10-26T11:49:00.000Z","end":"2023-10-26T11:50:00.000Z"},"country":"EIRE","OPM":1,"total_sales_volume":22.100000143051147,"rate_of_return":0.0}
