{"window":{"start":"2023-10-24T06:01:00.000Z","end":"2023-10-24T06:02:00.000Z"},"country":"United Kingdom","OPM":5,"total_sales_volume":285.90999525785446,"rate_of_return":0.0}
{"window":{"start":"2023-10-27T01:55:00.000Z","end":"2023-10-27T01:56:00.000Z"},"country":"United Kingdom","OPM":8,"total_sales_volume":219.47000116109848,"rate_of_return":0.0}
{"window":{"start":"2023-10-25T07:11:00.000Z","end":"2023-10-25T07:12:00.000Z"},"country":"Norway","OPM":1,"total_sales_volume":8.309999942779541,"rate_of_return":0.0}
{"window":{"start":"2023-10-24T11:47:00.000Z","end":"2023-10-24T11:48:00.000Z"},"country":"France","OPM":1,"total_sales_volume":80.07000088691711,"rate_of_return":0.0}
{"window":{"start":"2023-10-25T21:30:00.000Z","end":"2023-10-25T21:31:00.000Z"},"country":"United Kingdom","OPM":4,"total_sales_volume":61.790000200271606,"rate_of_return":0.25}
{"window":{"start":"2023-10-26T19:27:00.000Z","end":"2023-10-26T19:28:00.000Z"},"country":"United Kingdom","OPM":11,"total_sales_volume":783.0399951636791,"rate_of_return":0.0}
{"window":{"start":"2023-10-28T00:47:00.000Z","end":"2023-10-28T00:48:00.000Z"},"country":"Belgium","OPM":1,"total_sales_volume":59.49999809265137,"rate_of_return":0.0}
{"window":{"start":"2023-10-25T11:07:00.000Z","end":"2023-10-25T11:08:00.000Z"},"country":"EIRE","OPM":1,"total_sales_volume":1.25,"rate_of_return":0.0}
{"window":{"start":"2023-10-26T22:11:00.000Z","end":"2023-10-26T22:12:00.000Z"},"country":"Germany","OPM":1,"total_sales_volume":18.769999980926514,"rate_of_return":0.0}
{"window":{"start":"2023-10-25T23:35:00.000Z","end":"2023-10-25T23:36:00.000Z"},"country":"United Kingdom","OPM":13,"total_sales_volume":556.8899930417538,"rate_of_return":0.0}
{"window":{"start":"2023-10-27T22:05:00.000Z","end":"2023-10-27T22:06:00.000Z"},"country":"United Kingdom","OPM":13,"total_sales_volume":693.7300032377243,"rate_of_return":0.07692307692307693}
{"window":{"start":"2023-10-23T12:23:00.000Z","end":"2023-10-23T12:24:00.000Z"},"country":"United Kingdom","OPM":4,"total_sales_volume":213.23000073432922,"rate_of_return":0.0}
{"window":{"start":"2023-10-25T14:23:00.000Z","end":"2023-10-25T14:24:00.000Z"},"country":"United Kingdom","OPM":10,"total_sales_volume":631.2599942684174,"rate_of_return":0.0}
{"window":{"start":"2023-10-27T07:11:00.000Z","end":"2023-10-27T07:12:00.000Z"},"country":"Germany","OPM":1,"total_sales_volume":14.109999656677246,"rate_of_return":0.0}
{"window":{"start":"2023-10-27T15:30:00.000Z","end":"2023-10-27T15:31:00.000Z"},"country":"France","OPM":2,"total_sales_volume":331.78999638557434,"rate_of_return":0.0}
{"window":{"start":"2023-10-27T16:00:00.000Z","end":"2023-10-27T16:01:00.000Z"},"country":"United Kingdom","OPM":8,"total_sales_volume":695.2399985194206,"rate_of_return":0.125}
{"window":{"start":"2023-10-26T11:36:00.000Z","end":"2023-10-26T11:37:00.000Z"},"country":"United Kingdom","OPM":11,"total_sales_volume":173.8600005209446,"rate_of_return":0.18181818181818182}
{"window":{"start":"2023-10-23T18:57:00.000Z","end":"2023-10-23T18:58:00.000Z"},"country":"Italy","OPM":1,"total_sales_volume":85.44999885559082,"rate_of_return":0.0}
{"window":{"start":"2023-10-25T23:44:00.000Z","end":"2023-10-25T23:45:00.000Z"},"country":"United Kingdom","OPM":9,"total_sales_volume":316.4399934411049,"rate_of_return":0.1111111111111111}
{"window":{"start":"2023-10-27T22:48:00.000Z","end":"2023-10-27T22:49:00.000Z"},"country":"United Kingdom","OPM":6,"total_sales_volume":230.01000100374222,"rate_of_return":0.0}
{"window":{"start":"2023-10-25T22:06:00.000Z","end":"2023-10-25T22:07:00.000Z"},"country":"United Kingdom","OPM":10,"total_sales_volume":12412.070079609752,"rate_of_return":0.2}
{"window":{"start":"2023-10-24T23:31:00.000Z","end":"2023-10-24T23:32:00.000Z"},"country":"France","OPM":2,"total_sales_volume":80.76999723911285,"rate_of_return":0.0}
{"window":{"start":"2023-10-23T21:58:00.000Z","end":"2023-10-23T21:59:00.000Z"},"country":"Hong Kong","OPM":1,"total_sales_volume":68.80999851226807,"rate_of_return":0.0}
{"window":{"start":"2023-10-23T21:26:00.000Z","end":"2023-10-23T21:27:00.000Z"},"country":"Iceland","OPM":1,"total_sales_volume":21.429999351501465,"rate_of_return":0.0}
{"window":{"start":"2023-10-23T16:28:00.000Z","end":"2023-10-23T16:29:00.000Z"},"country":"France","OPM":1,"total_sales_volume":10.749999761581421,"rate_of_return":0.0}
{"window":{"start":"2023-10-25T14:24:00.000Z","end":"2023-10-25T14:25:00.000Z"},"country":"United Kingdom","OPM":10,"total_sales_volume":738.9799937605858,"rate_of_return":0.0}
{"window":{"start":"2023-10-26T04:18:00.000Z","end":"2023-10-26T04:19:00.000Z"},"country":"United Kingdom","OPM":13,"total_sales_volume":915.300008893013,"rate_of_return":0.07692307692307693}
{"window":{"start":"2023-10-26T16:50:00.000Z","end":"2023-10-26T16:51:00.000Z"},"country":"United Kingdom","OPM":9,"total_sales_volume":266.91999903321266,"rate_of_return":0.0}
{"window":{"start":"2023-10-27T15:21:00.000Z","end":"2023-10-27T15:22:00.000Z"},"country":"United Kingdom","OPM":16,"total_sales_volume":696.4799986481667,"rate_of_return":0.0625}
{"window":{"start":"2023-10-27T10:16:00.000Z","end":"2023-10-27T10:17:00.000Z"},"country":"United Kingdom","OPM":13,"total_sales_volume":419.8999969661236,"rate_of_return":0.15384615384615385}
{"window":{"start":"2023-10-27T07:07:00.000Z","end":"2023-10-27T07:08:00.000Z"},"country":"United Kingdom","OPM":11,"total_sales_volume":419.3499993830919,"rate_of_return":0.09090909090909091}
{"window":{"start":"2023-10-24T20:31:00.000Z","end":"2023-10-24T20:32:00.000Z"},"country":"United Kingdom","OPM":6,"total_sales_volume":240.1900006532669,"rate_of_return":0.0}
{"window":{"start":"2023-10-24T01:20:00.000Z","end":"2023-10-24T01:21:00.000Z"},"country":"United Kingdom","OPM":6,"total_sales_volume":1037.6899897158146,"rate_of_return":0.16666666666666666}
{"window":{"start":"2023-10-23T19:31:00.000Z","end":"2023-10-23T19:32:00.000Z"},"country":"United Kingdom","OPM":10,"total_sales_volume":2971.400033444166,"rate_of_return":0.2}
{"window":{"start":"2023-10-25T15:20:00.000Z","end":"2023-10-25T15:21:00.000Z"},"country":"EIRE","OPM":1,"total_sales_volume":10.46999967098236,"rate_of_return":0.0}
{"window":{"start":"2023-10-25T11:37:00.000Z","end":"2023-10-25T11:38:00.000Z"},"country":"Cyprus","OPM":1,"total_sales_volume":23.25000023841858,"rate_of_return":0.0}
{"window":{"start":"2023-10-25T22:25:00.000Z","end":"2023-10-25T22:26:00.000Z"},"country":"Italy","OPM":1,"total_sales_volume":25.140000343322754,"rate_of_return":0.0}
{"window":{"start":"2023-10-28T05:34:00.000Z","end":"2023-10-28T05:35:00.000Z"},"country":"United Kingdom","OPM":16,"total_sales_volume":769.6399973928928,"rate_of_return":0.0}
{"window":{"start":"2023-10-24T08:10:00.000Z","end":"2023-10-24T08:11:00.000Z"},"country":"Germany","OPM":2,"total_sales_volume":100.9800021648407,"rate_of_return":0.0}
{"window":{"start":"2023-10-25T19:29:00.000Z","end":"2023-10-25T19:30:00.000Z"},"country":"Cyprus","OPM":1,"total_sales_volume":6.639999866485596,"rate_of_return":0.0}
{"window":{"start":"2023-10-24T16:56:00.000Z","end":"2023-10-24T16:57:00.000Z"},"country":"United Kingdom","OPM":8,"total_sales_volume":287.00999373197556,"rate_of_return":0.0}
{"window":{"start":"2023-10-27T22:00:00.000Z","end":"2023-10-27T22:01:00.000Z"},"country":"EIRE","OPM":1,"total_sales_volume":18.369999885559082,"rate_of_return":0.0}
{"window":{"start":"2023-10-26T19:38:00.000Z","end":"2023-10-26T19:39:00.000Z"},"country":"United Kingdom","OPM":8,"total_sales_volume":721.2299969792366,"rate_of_return":0.0}
{"window":{"start":"2023-10-27T02:38:00.000Z","end":"2023-10-27T02:39:00.000Z"},"country":"United Kingdom","OPM":4,"total_sales_volume":578.1499860286713,"rate_of_return":0.0}
{"window":{"start":"2023-10-23T15:14:00.000Z","end":"2023-10-23T15:15:00.000Z"},"country":"United Kingdom","OPM":14,"total_sales_volume":570.059996008873,"rate_of_return":0.0}
{"window":{"start":"2023-10-26T05:02:00.000Z","end":"2023-10-26T05:03:00.000Z"},"country":"United Kingdom","OPM":14,"total_sales_volume":2088.370003372431,"rate_of_return":0.0}
{"window":{"start":"2023-10-26T22:40:00.000Z","end":"2023-10-26T22:41:00.000Z"},"country":"United Kingdom","OPM":11,"total_sales_volume":357.22999945282936,"rate_of_return":0.0}
{"window":{"start":"2023-10-27T19:30:00.000Z","end":"2023-10-27T19:31:00.000Z"},"country":"United Kingdom","OPM":6,"total_sales_volume":300.26999992132187,"rate_of_return":0.0}
{"window":{"start":"2023-10-25T16:44:00.000Z","end":"2023-10-25T16:45:00.000Z"},"country":"France","OPM":1,"total_sales_volume":27.419998943805695,"rate_of_return":0.0}
{"window":{"start":"2023-10-24T16:39:00.000Z","end":"2023-10-24T16:40:00.000Z"},"country":"France","OPM":1,"total_sales_volume":48.97000080347061,"rate_of_return":0.0}
{"window":{"start":"2023-10-24T19:16:00.000Z","end":"2023-10-24T19:17:00.000Z"},"country":"Portugal","OPM":1,"total_sales_volume":15.609999895095825,"rate_of_return":0.0}
{"window":{"start":"2023-10-26T06:00:00.000Z","end":"2023-10-26T06:01:00.000Z"},"country":"Finland","OPM":1,"total_sales_volume":131.1499995291233,"rate_of_return":0.0}
{"window":{"start":"2023-10-25T14:48:00.000Z","end":"2023-10-25T14:49:00.000Z"},"country":"United Kingdom","OPM":10,"total_sales_volume":310.3300007879734,"rate_of_return":0.0}
{"window":{"start":"2023-10-28T03:59:00.000Z","end":"2023-10-28T04:00:00.000Z"},"country":"France","OPM":2,"total_sales_volume":103.53999924659729,"rate_of_return":0.0}
{"window":{"start":"2023-10-24T14:31:00.000Z","end":"2023-10-24T14:32:00.000Z"},"country":"France","OPM":1,"total_sales_volume":39.00000011920929,"rate_of_return":0.0}
{"window":{"start":"2023-10-24T18:26:00.000Z","end":"2023-10-24T18:27:00.000Z"},"country":"Netherlands","OPM":1,"total_sales_volume":45.0,"rate_of_return":0.0}
{"window":{"start":"2023-10-24T16:38:00.000Z","end":"2023-10-24T16:39:00.000Z"},"country":"Spain","OPM":1,"total_sales_volume":61.489999771118164,"rate_of_return":0.0}
{"window":{"start":"2023-10-28T02:40:00.000Z","end":"2023-10-28T02:41:00.000Z"},"country":"United Kingdom","OPM":3,"total_sales_volume":70.64999997615814,"rate_of_return":0.0}
{"window":{"start":"2023-10-26T06:40:00.000Z","end":"2023-10-26T06:41:00.000Z"},"country":"United Kingdom","OPM":7,"total_sales_volume":360.8899979889393,"rate_of_return":0.0}
{"window":{"start":"2023-10-25T13:03:00.000Z","end":"2023-10-25T13:04:00.000Z"},"country":"France","OPM":1,"total_sales_volume":3.75,"rate_of_return":0.0}
{"window":{"start":"2023-10-23T19:06:00.000Z","end":"2023-10-23T19:07:00.000Z"},"country":"France","OPM":1,"total_sales_volume":15.119999527931213,"rate_of_return":0.0}
{"window":{"start":"2023-10-25T14:54:00.000Z","end":"2023-10-25T14:55:00.000Z"},"country":"United Kingdom","OPM":12,"total_sales_volume":664.649998575449,"rate_of_return":0.0}
{"window":{"start":"2023-10-27T01:45:00.000Z","end":"2023-10-27T01:46:00.000Z"},"country":"France","OPM":1,"total_sales_volume":9.899999856948853,"rate_of_return":0.0}
{"window":{"start":"2023-10-26T12:10:00.000Z","end":"2023-10-26T12:11:00.000Z"},"country":"United Kingdom","OPM":9,"total_sales_volume":1044.6799939870834,"rate_of_return":0.1111111111111111}
{"window":{"start":"2023-10-24T05:00:00.000Z","end":"2023-10-24T05:01:00.000Z"},"country":"Germany","OPM":1,"total_sales_volume":6.139999985694885,"rate_of_return":0.0}
{"window":{"start":"2023-10-24T15:42:00.000Z","end":"2023-10-24T15:43:00.000Z"},"country":"United Kingdom","OPM":9,"total_sales_volume":172.60000056028366,"rate_of_return":0.2222222222222222}
{"window":{"start":"2023-10-25T06:29:00.000Z","end":"2023-10-25T06:30:00.000Z"},"country":"EIRE","OPM":1,"total_sales_volume":45.239999771118164,"rate_of_return":0.0}
{"window":{"start":"2023-10-23T18:33:00.000Z","end":"2023-10-23T18:34:00.000Z"},"country":"France","OPM":1,"total_sales_volume":32.93999993801117,"rate_of_return":0.0}
{"window":{"start":"2023-10-25T11:55:00.000Z","end":"2023-10-25T11:56:00.000Z"},"country":"Germany","OPM":1,"total_sales_volume":-14.21999979019165,"rate_of_return":1.0}
{"window":{"start":"2023-10-24T11:30:00.000Z","end":"2023-10-24T11:31:00.000Z"},"country":"United Kingdom","OPM":9,"total_sales_volume":462.0099835395813,"rate_of_return":0.1111111111111111}
