{"window":{"start":"2023-10-25T14:55:00.000Z","end":"2023-10-25T14:56:00.000Z"},"country":"United Kingdom","OPM":4,"total_sales_volume":118.86999794840813,"rate_of_return":0.0}
{"window":{"start":"2023-10-24T23:05:00.000Z","end":"2023-10-24T23:06:00.000Z"},"country":"United Kingdom","OPM":14,"total_sales_volume":141.0199923813343,"rate_of_return":0.14285714285714285}
{"window":{"start":"2023-10-23T21:39:00.000Z","end":"2023-10-23T21:40:00.000Z"},"country":"France","OPM":1,"total_sales_volume":12.25,"rate_of_return":0.0}
{"window":{"start":"2023-10-23T22:58:00.000Z","end":"2023-10-23T22:59:00.000Z"},"country":"United Kingdom","OPM":7,"total_sales_volume":1419.4599986970425,"rate_of_return":0.14285714285714285}
{"window":{"start":"2023-10-24T16:12:00.000Z","end":"2023-10-24T16:13:00.000Z"},"country":"United Kingdom","OPM":10,"total_sales_volume":821.2899973392487,"rate_of_return":0.0}
{"window":{"start":"2023-10-24T03:47:00.000Z","end":"2023-10-24T03:48:00.000Z"},"country":"United Kingdom","OPM":13,"total_sales_volume":684.7499862127006,"rate_of_return":0.07692307692307693}
{"window":{"start":"2023-10-25T20:30:00.000Z","end":"2023-10-25T20:31:00.000Z"},"country":"United Kingdom","OPM":13,"total_sales_volume":728.0999981462955,"rate_of_return":0.0}
{"window":{"start":"2023-10-26T00:06:00.000Z","end":"2023-10-26T00:07:00.000Z"},"country":"United Kingdom","OPM":8,"total_sales_volume":323.4699954688549,"rate_of_return":0.0}
{"window":{"start":"2023-10-27T08:09:00.000Z","end":"2023-10-27T08:10:00.000Z"},"country":"United Kingdom","OPM":14,"total_sales_volume":811.2200031876564,"rate_of_return":0.14285714285714285}
{"window":{"start":"2023-10-28T01:48:00.000Z","end":"2023-10-28T01:49:00.000Z"},"country":"Australia","OPM":1,"total_sales_volume":30.59999942779541,"rate_of_return":0.0}
{"window":{"start":"2023-10-24T14:18:00.000Z","end":"2023-10-24T14:19:00.000Z"},"country":"EIRE","OPM":1,"total_sales_volume":241.70000076293945,"rate_of_return":0.0}
{"window":{"start":"2023-10-23T16:23:00.000Z","end":"2023-10-23T16:24:00.000Z"},"country":"United Kingdom","OPM":4,"total_sales_volume":145.5300006866455,"rate_of_return":0.25}
{"window":{"start":"2023-10-27T01:02:00.000Z","end":"2023-10-27T01:03:00.000Z"},"country":"Australia","OPM":1,"total_sales_volume":51.88999950885773,"rate_of_return":0.0}
{"window":{"start":"2023-10-24T00:41:00.000Z","end":"2023-10-24T00:42:00.000Z"},"country":"France","OPM":1,"total_sales_volume":37.29999923706055,"rate_of_return":0.0}
{"window":{"start":"2023-10-24T01:11:00.000Z","end":"2023-10-24T01:12:00.000Z"},"country":"United Kingdom","OPM":11,"total_sales_volume":896.2099817991257,"rate_of_return":0.09090909090909091}
{"window":{"start":"2023-10-23T14:01:00.000Z","end":"2023-10-23T14:02:00.000Z"},"country":"Germany","OPM":1,"total_sales_volume":128.77999867498875,"rate_of_return":0.0}
{"window":{"start":"2023-10-25T22:02:00.000Z","end":"2023-10-25T22:03:00.000Z"},"country":"Germany","OPM":1,"total_sales_volume":166.10999941825867,"rate_of_return":0.0}
{"window":{"start":"2023-10-26T15:58:00.000Z","end":"2023-10-26T15:59:00.000Z"},"country":"United Kingdom","OPM":8,"total_sales_volume":396.4199994802475,"rate_of_return":0.0}
{"window":{"start":"2023-10-26T01:36:00.000Z","end":"2023-10-26T01:37:00.000Z"},"country":"United Kingdom","OPM":15,"total_sales_volume":1234.9400139451027,"rate_of_return":0.06666666666666667}
{"window":{"start":"2023-10-27T04:50:00.000Z","end":"2023-10-27T04:51:00.000Z"},"country":"Spain","OPM":1,"total_sales_volume":91.64999997615814,"rate_of_return":0.0}
{"window":{"start":"2023-10-27T03:22:00.000Z","end":"2023-10-27T03:23:00.000Z"},"country":"United Kingdom","OPM":12,"total_sales_volume":292.32999089360237,"rate_of_return":0.16666666666666666}
{"window":{"start":"2023-10-23T23:08:00.000Z","end":"2023-10-23T23:09:00.000Z"},"country":"United Kingdom","OPM":18,"total_sales_volume":633.0199941694736,"rate_of_return":0.1111111111111111}
{"window":{"start":"2023-10-25T04:59:00.000Z","end":"2023-10-25T05:00:00.000Z"},"country":"Australia","OPM":1,"total_sales_volume":9.129999995231628,"rate_of_return":0.0}
{"window":{"start":"2023-10-24T01:26:00.000Z","end":"2023-10-24T01:27:00.000Z"},"country":"United Kingdom","OPM":11,"total_sales_volume":455.6899923980236,"rate_of_return":0.0}
{"window":{"start":"2023-10-27T12:51:00.000Z","end":"2023-10-27T12:52:00.000Z"},"country":"United Kingdom","OPM":5,"total_sales_volume":235.26999777555466,"rate_of_return":0.0}
{"window":{"start":"2023-10-27T06:04:00.000Z","end":"2023-10-27T06:05:00.000Z"},"country":"France","OPM":1,"total_sales_volume":99.28999984264374,"rate_of_return":0.0}
{"window":{"start":"2023-10-26T16:59:00.000Z","end":"2023-10-26T17:00:00.000Z"},"country":"United Kingdom","OPM":11,"total_sales_volume":562.5400019586086,"rate_of_return":0.09090909090909091}
{"window":{"start":"2023-10-27T08:36:00.000Z","end":"2023-10-27T08:37:00.000Z"},"country":"United Kingdom","OPM":9,"total_sales_volume":856.6099926233292,"rate_of_return":0.0}
{"window":{"start":"2023-10-26T04:49:00.000Z","end":"2023-10-26T04:50:00.000Z"},"country":"Channel Islands","OPM":1,"total_sales_volume":72.80999931693077,"rate_of_return":0.0}
{"window":{"start":"2023-10-27T03:30:00.000Z","end":"2023-10-27T03:31:00.000Z"},"country":"United Kingdom","OPM":9,"total_sales_volume":509.3599992096424,"rate_of_return":0.1111111111111111}
{"window":{"start":"2023-10-28T03:16:00.000Z","end":"2023-10-28T03:17:00.000Z"},"country":"United Kingdom","OPM":7,"total_sales_volume":1282.6600130796432,"rate_of_return":0.0}
{"window":{"start":"2023-10-25T06:29:00.000Z","end":"2023-10-25T06:30:00.000Z"},"country":"Hong Kong","OPM":1,"total_sales_volume":100.65000069141388,"rate_of_return":0.0}
{"window":{"start":"2023-10-26T20:56:00.000Z","end":"2023-10-26T20:57:00.000Z"},"country":"France","OPM":2,"total_sales_volume":132.05000042915344,"rate_of_return":0.0}
{"window":{"start":"2023-10-26T20:31:00.000Z","end":"2023-10-26T20:32:00.000Z"},"country":"EIRE","OPM":1,"total_sales_volume":-20.629999697208405,"rate_of_return":1.0}
{"window":{"start":"2023-10-23T13:42:00.000Z","end":"2023-10-23T13:43:00.000Z"},"country":"France","OPM":1,"total_sales_volume":201.3499937057495,"rate_of_return":0.0}
{"window":{"start":"2023-10-27T08:11:00.000Z","end":"2023-10-27T08:12:00.000Z"},"country":"Spain","OPM":1,"total_sales_volume":22.5,"rate_of_return":0.0}
{"window":{"start":"2023-10-26T14:04:00.000Z","end":"2023-10-26T14:05:00.000Z"},"country":"United Kingdom","OPM":13,"total_sales_volume":1857.9499414265156,"rate_of_return":0.07692307692307693}
{"window":{"start":"2023-10-27T06:27:00.000Z","end":"2023-10-27T06:28:00.000Z"},"country":"United Kingdom","OPM":17,"total_sales_volume":734.1999956667423,"rate_of_return":0.0}
{"window":{"start":"2023-10-24T10:00:00.000Z","end":"2023-10-24T10:01:00.000Z"},"country":"Germany","OPM":1,"total_sales_volume":216.83000138401985,"rate_of_return":0.0}
{"window":{"start":"2023-10-23T21:13:00.000Z","end":"2023-10-23T21:14:00.000Z"},"country":"Germany","OPM":1,"total_sales_volume":68.14999914169312,"rate_of_return":0.0}
{"window":{"start":"2023-10-27T01:30:00.000Z","end":"2023-10-27T01:31:00.000Z"},"country":"EIRE","OPM":1,"total_sales_volume":-29.199999809265137,"rate_of_return":1.0}
{"window":{"start":"2023-10-27T06:28:00.000Z","end":"2023-10-27T06:29:00.000Z"},"country":"EIRE","OPM":1,"total_sales_volume":14.84999942779541,"rate_of_return":0.0}
{"window":{"start":"2023-10-27T17:04:00.000Z","end":"2023-10-27T17:05:00.000Z"},"country":"United Kingdom","OPM":12,"total_sales_volume":4419.099996864796,"rate_of_return":0.08333333333333333}
{"window":{"start":"2023-10-23T21:16:00.000Z","end":"2023-10-23T21:17:00.000Z"},"country":"United Kingdom","OPM":7,"total_sales_volume":699.450008392334,"rate_of_return":0.0}
{"window":{"start":"2023-10-23T18:40:00.000Z","end":"2023-10-23T18:41:00.000Z"},"country":"Portugal","OPM":1,"total_sales_volume":0.550000011920929,"rate_of_return":0.0}
{"window":{"start":"2023-10-25T19:04:00.000Z","end":"2023-10-25T19:05:00.000Z"},"country":"Spain","OPM":1,"total_sales_volume":54.30000114440918,"rate_of_return":0.0}
{"window":{"start":"2023-10-28T01:15:00.000Z","end":"2023-10-28T01:16:00.000Z"},"country":"Germany","OPM":1,"total_sales_volume":95.9399995803833,"rate_of_return":0.0}
{"window":{"start":"2023-10-25T06:26:00.000Z","end":"2023-10-25T06:27:00.000Z"},"country":"Portugal","OPM":1,"total_sales_volume":1.5800000429153442,"rate_of_return":0.0}
{"window":{"start":"2023-10-24T20:04:00.000Z","end":"2023-10-24T20:05:00.000Z"},"country":"France","OPM":1,"total_sales_volume":33.959999084472656,"rate_of_return":0.0}
{"window":{"start":"2023-10-27T10:27:00.000Z","end":"2023-10-27T10:28:00.000Z"},"country":"United Kingdom","OPM":10,"total_sales_volume":533.3300009965897,"rate_of_return":0.0}
{"window":{"start":"2023-10-26T13:25:00.000Z","end":"2023-10-26T13:26:00.000Z"},"country":"United Kingdom","OPM":8,"total_sales_volume":1163.9899703860283,"rate_of_return":0.0}
{"window":{"start":"2023-10-28T00:54:00.000Z","end":"2023-10-28T00:55:00.000Z"},"country":"Portugal","OPM":1,"total_sales_volume":49.94000053405762,"rate_of_return":0.0}
{"window":{"start":"2023-10-25T13:07:00.000Z","end":"2023-10-25T13:08:00.000Z"},"country":"United Kingdom","OPM":7,"total_sales_volume":157.51000049710274,"rate_of_return":0.14285714285714285}
{"window":{"start":"2023-10-24T23:18:00.000Z","end":"2023-10-24T23:19:00.000Z"},"country":"United Kingdom","OPM":5,"total_sales_volume":637.269992351532,"rate_of_return":0.0}
