{"window":{"start":"2023-10-28T02:06:00.000Z","end":"2023-10-28T02:07:00.000Z"},"country":"EIRE","OPM":1,"total_sales_volume":10.880000114440918,"rate_of_return":0.0}
{"window":{"start":"2023-10-27T19:36:00.000Z","end":"2023-10-27T19:37:00.000Z"},"country":"Germany","OPM":1,"total_sales_volume":2.950000047683716,"rate_of_return":0.0}
{"window":{"start":"2023-10-25T19:17:00.000Z","end":"2023-10-25T19:18:00.000Z"},"country":"United Kingdom","OPM":6,"total_sales_volume":539.6499943137169,"rate_of_return":0.16666666666666666}
{"window":{"start":"2023-10-25T20:35:00.000Z","end":"2023-10-25T20:36:00.000Z"},"country":"United Kingdom","OPM":3,"total_sales_volume":136.35999849438667,"rate_of_return":0.0}
{"window":{"start":"2023-10-26T04:57:00.000Z","end":"2023-10-26T04:58:00.000Z"},"country":"Poland","OPM":1,"total_sales_volume":95.77999821305275,"rate_of_return":0.0}
{"window":{"start":"2023-10-25T04:07:00.000Z","end":"2023-10-25T04:08:00.000Z"},"country":"United Kingdom","OPM":3,"total_sales_volume":192.2699990272522,"rate_of_return":0.0}
{"window":{"start":"2023-10-27T20:28:00.000Z","end":"2023-10-27T20:29:00.000Z"},"country":"United Kingdom","OPM":12,"total_sales_volume":998.1199972033501,"rate_of_return":0.0}
{"window":{"start":"2023-10-23T13:35:00.000Z","end":"2023-10-23T13:36:00.000Z"},"country":"United Kingdom","OPM":19,"total_sales_volume":993.0900062024593,"rate_of_return":0.10526315789473684}
{"window":{"start":"2023-10-27T13:26:00.000Z","end":"2023-10-27T13:27:00.000Z"},"country":"United Kingdom","OPM":12,"total_sales_volume":703.1699865460396,"rate_of_return":0.08333333333333333}
{"window":{"start":"2023-10-26T21:18:00.000Z","end":"2023-10-26T21:19:00.000Z"},"country":"USA","OPM":1,"total_sales_volume":1.6299999952316284,"rate_of_return":0.0}
{"window":{"start":"2023-10-25T14:35:00.000Z","end":"2023-10-25T14:36:00.000Z"},"country":"United Kingdom","OPM":12,"total_sales_volume":1841.3199521303177,"rate_of_return":0.08333333333333333}
{"window":{"start":"2023-10-27T15:15:00.000Z","end":"2023-10-27T15:16:00.000Z"},"country":"United Kingdom","OPM":10,"total_sales_volume":180.76000332832336,"rate_of_return":0.1}
{"window":{"start":"2023-10-24T09:42:00.000Z","end":"2023-10-24T09:43:00.000Z"},"country":"Spain","OPM":1,"total_sales_volume":39.8800003528595,"rate_of_return":0.0}
{"window":{"start":"2023-10-25T10:28:00.000Z","end":"2023-10-25T10:29:00.000Z"},"country":"Germany","OPM":1,"total_sales_volume":56.079999566078186,"rate_of_return":0.0}
{"window":{"start":"2023-10-25T10:29:00.000Z","end":"2023-10-25T10:30:00.000Z"},"country":"United Kingdom","OPM":12,"total_sales_volume":684.8499883711338,"rate_of_return":0.0}
{"window":{"start":"2023-10-27T20:51:00.000Z","end":"2023-10-27T20:52:00.000Z"},"country":"United Kingdom","OPM":6,"total_sales_volume":258.01999711990356,"rate_of_return":0.0}
{"window":{"start":"2023-10-24T07:41:00.000Z","end":"2023-10-24T07:42:00.000Z"},"country":"France","OPM":1,"total_sales_volume":3.2499998807907104,"rate_of_return":0.0}
{"window":{"start":"2023-10-24T04:32:00.000Z","end":"2023-10-24T04:33:00.000Z"},"country":"Germany","OPM":1,"total_sales_volume":1.25,"rate_of_return":0.0}
{"window":{"start":"2023-10-28T04:54:00.000Z","end":"2023-10-28T04:55:00.000Z"},"country":"United Kingdom","OPM":12,"total_sales_volume":896.1999972909689,"rate_of_return":0.08333333333333333}
{"window":{"start":"2023-10-24T21:38:00.000Z","end":"2023-10-24T21:39:00.000Z"},"country":"Switzerland","OPM":2,"total_sales_volume":92.39999613165855,"rate_of_return":0.5}
{"window":{"start":"2023-10-24T22:49:00.000Z","end":"2023-10-24T22:50:00.000Z"},"country":"Belgium","OPM":1,"total_sales_volume":39.79999923706055,"rate_of_return":0.0}
{"window":{"start":"2023-10-27T19:04:00.000Z","end":"2023-10-27T19:05:00.000Z"},"country":"United Kingdom","OPM":16,"total_sales_volume":1041.8399841487408,"rate_of_return":0.0625}
{"window":{"start":"2023-10-24T13:54:00.000Z","end":"2023-10-24T13:55:00.000Z"},"country":"United Kingdom","OPM":8,"total_sales_volume":561.6699904203415,"rate_of_return":0.0}
{"window":{"start":"2023-10-23T12:46:00.000Z","end":"2023-10-23T12:47:00.000Z"},"country":"United Kingdom","OPM":8,"total_sales_volume":290.199994713068,"rate_of_return":0.125}
{"window":{"start":"2023-10-25T13:50:00.000Z","end":"2023-10-25T13:51:00.000Z"},"country":"United Kingdom","OPM":10,"total_sales_volume":472.59000065922737,"rate_of_return":0.0}
{"window":{"start":"2023-10-26T00:36:00.000Z","end":"2023-10-26T00:37:00.000Z"},"country":"United Kingdom","OPM":12,"total_sales_volume":742.4299994111061,"rate_of_return":0.0}
{"window":{"start":"2023-10-27T16:46:00.000Z","end":"2023-10-27T16:47:00.000Z"},"country":"United Kingdom","OPM":12,"total_sales_volume":603.8700042366982,"rate_of_return":0.08333333333333333}
{"window":{"start":"2023-10-23T22:51:00.000Z","end":"2023-10-23T22:52:00.000Z"},"country":"United Kingdom","OPM":8,"total_sales_volume":853.8699948191643,"rate_of_return":0.0}
{"window":{"start":"2023-10-26T09:02:00.000Z","end":"2023-10-26T09:03:00.000Z"},"country":"United Kingdom","OPM":5,"total_sales_volume":212.12000128626823,"rate_of_return":0.0}
{"window":{"start":"2023-10-24T20:37:00.000Z","end":"2023-10-24T20:38:00.000Z"},"country":"Germany","OPM":1,"total_sales_volume":208.36999559402466,"rate_of_return":0.0}
{"window":{"start":"2023-10-25T19:44:00.000Z","end":"2023-10-25T19:45:00.000Z"},"country":"United Kingdom","OPM":12,"total_sales_volume":664.3399959802628,"rate_of_return":0.0}
{"window":{"start":"2023-10-28T05:41:00.000Z","end":"2023-10-28T05:42:00.000Z"},"country":"United Kingdom","OPM":13,"total_sales_volume":452.81999945640564,"rate_of_return":0.0}
{"window":{"start":"2023-10-24T21:28:00.000Z","end":"2023-10-24T21:29:00.000Z"},"country":"United Kingdom","OPM":12,"total_sales_volume":1112.5499892532825,"rate_of_return":0.0}
{"window":{"start":"2023-10-25T04:42:00.000Z","end":"2023-10-25T04:43:00.000Z"},"country":"United Kingdom","OPM":14,"total_sales_volume":830.159988373518,"rate_of_return":0.0}
{"window":{"start":"2023-10-24T02:28:00.000Z","end":"2023-10-24T02:29:00.000Z"},"country":"United Kingdom","OPM":6,"total_sales_volume":419.72001165151596,"rate_of_return":0.3333333333333333}
{"window":{"start":"2023-10-24T07:04:00.000Z","end":"2023-10-24T07:05:00.000Z"},"country":"United Kingdom","OPM":12,"total_sales_volume":1673.1099838614464,"rate_of_return":0.08333333333333333}
{"window":{"start":"2023-10-25T22:18:00.000Z","end":"2023-10-25T22:19:00.000Z"},"country":"United Kingdom","OPM":8,"total_sales_volume":530.9899945557117,"rate_of_return":0.0}
{"window":{"start":"2023-10-25T00:57:00.000Z","end":"2023-10-25T00:58:00.000Z"},"country":"Spain","OPM":1,"total_sales_volume":63.619999289512634,"rate_of_return":0.0}
{"window":{"start":"2023-10-23T18:34:00.000Z","end":"2023-10-23T18:35:00.000Z"},"country":"United Kingdom","OPM":9,"total_sales_volume":533.2499883174896,"rate_of_return":0.1111111111111111}
{"window":{"start":"2023-10-23T17:15:00.000Z","end":"2023-10-23T17:16:00.000Z"},"country":"United Kingdom","OPM":14,"total_sales_volume":793.2500119507313,"rate_of_return":0.07142857142857142}
{"window":{"start":"2023-10-24T17:14:00.000Z","end":"2023-10-24T17:15:00.000Z"},"country":"United Kingdom","OPM":9,"total_sales_volume":1372.0499866008759,"rate_of_return":0.1111111111111111}
{"window":{"start":"2023-10-27T04:16:00.000Z","end":"2023-10-27T04:17:00.000Z"},"country":"United Kingdom","OPM":4,"total_sales_volume":1274.989993751049,"rate_of_return":0.25}
{"window":{"start":"2023-10-27T15:20:00.000Z","end":"2023-10-27T15:21:00.000Z"},"country":"Bahrain","OPM":1,"total_sales_volume":32.99000024795532,"rate_of_return":0.0}
{"window":{"start":"2023-10-27T17:33:00.000Z","end":"2023-10-27T17:34:00.000Z"},"country":"United Kingdom","OPM":5,"total_sales_volume":234.2799992263317,"rate_of_return":0.2}
{"window":{"start":"2023-10-27T07:36:00.000Z","end":"2023-10-27T07:37:00.000Z"},"country":"United Kingdom","OPM":11,"total_sales_volume":6.669997751712799,"rate_of_return":0.09090909090909091}
{"window":{"start":"2023-10-26T02:26:00.000Z","end":"2023-10-26T02:27:00.000Z"},"country":"France","OPM":1,"total_sales_volume":32.3100004196167,"rate_of_return":0.0}
{"window":{"start":"2023-10-25T04:23:00.000Z","end":"2023-10-25T04:24:00.000Z"},"country":"United Kingdom","OPM":15,"total_sales_volume":585.2799964547157,"rate_of_return":0.06666666666666667}
{"window":{"start":"2023-10-26T11:46:00.000Z","end":"2023-10-26T11:47:00.000Z"},"country":"Portugal","OPM":1,"total_sales_volume":62.16999959945679,"rate_of_return":0.0}
{"window":{"start":"2023-10-24T05:56:00.000Z","end":"2023-10-24T05:57:00.000Z"},"country":"United Kingdom","OPM":9,"total_sales_volume":638.9700102806091,"rate_of_return":0.1111111111111111}
{"window":{"start":"2023-10-24T10:41:00.000Z","end":"2023-10-24T10:42:00.000Z"},"country":"Norway","OPM":2,"total_sales_volume":95.93999972939491,"rate_of_return":0.0}
{"window":{"start":"2023-10-27T02:04:00.000Z","end":"2023-10-27T02:05:00.000Z"},"country":"United Kingdom","OPM":13,"total_sales_volume":839.1599937677383,"rate_of_return":0.07692307692307693}
{"window":{"start":"2023-10-27T18:15:00.000Z","end":"2023-10-27T18:16:00.000Z"},"country":"United Kingdom","OPM":7,"total_sales_volume":614.539992749691,"rate_of_return":0.0}
{"window":{"start":"2023-10-27T14:06:00.000Z","end":"2023-10-27T14:07:00.000Z"},"country":"United Kingdom","OPM":13,"total_sales_volume":622.319992184639,"rate_of_return":0.0}
{"window":{"start":"2023-10-25T01:15:00.000Z","end":"2023-10-25T01:16:00.000Z"},"country":"United Kingdom","OPM":17,"total_sales_volume":714.829994648695,"rate_of_return":0.058823529411764705}
{"window":{"start":"2023-10-23T17:20:00.000Z","end":"2023-10-23T17:21:00.000Z"},"country":"United Kingdom","OPM":14,"total_sales_volume":698.9500018805265,"rate_of_return":0.0}
{"window":{"start":"2023-10-27T08:36:00.000Z","end":"2023-10-27T08:37:00.000Z"},"country":"Germany","OPM":1,"total_sales_volume":0.8299999833106995,"rate_of_return":0.0}
{"window":{"start":"2023-10-26T04:25:00.000Z","end":"2023-10-26T04:26:00.000Z"},"country":"France","OPM":1,"total_sales_volume":0.550000011920929,"rate_of_return":0.0}
{"window":{"start":"2023-10-25T15:55:00.000Z","end":"2023-10-25T15:56:00.000Z"},"country":"Norway","OPM":1,"total_sales_volume":125.99999606609344,"rate_of_return":0.0}
{"window":{"start":"2023-10-27T16:55:00.000Z","end":"2023-10-27T16:56:00.000Z"},"country":"United Kingdom","OPM":4,"total_sales_volume":206.8899953365326,"rate_of_return":0.0}
