{"window":{"start":"2023-10-24T17:39:00.000Z","end":"2023-10-24T17:40:00.000Z"},"country":"France","OPM":1,"total_sales_volume":114.77999496459961,"rate_of_return":0.0}
{"window":{"start":"2023-10-27T13:09:00.000Z","end":"2023-10-27T13:10:00.000Z"},"country":"United Kingdom","OPM":9,"total_sales_volume":990.4799909293652,"rate_of_return":0.0}
{"window":{"start":"2023-10-27T14:37:00.000Z","end":"2023-10-27T14:38:00.000Z"},"country":"United Kingdom","OPM":6,"total_sales_volume":143.31999969482422,"rate_of_return":0.0}
{"window":{"start":"2023-10-27T23:18:00.000Z","end":"2023-10-27T23:19:00.000Z"},"country":"Spain","OPM":1,"total_sales_volume":27.580000072717667,"rate_of_return":0.0}
{"window":{"start":"2023-10-26T03:14:00.000Z","end":"2023-10-26T03:15:00.000Z"},"country":"Belgium","OPM":1,"total_sales_volume":33.65999937057495,"rate_of_return":0.0}
{"window":{"start":"2023-10-24T23:31:00.000Z","end":"2023-10-24T23:32:00.000Z"},"country":"United Kingdom","OPM":11,"total_sales_volume":873.0799851119518,"rate_of_return":0.0}
{"window":{"start":"2023-10-28T04:06:00.000Z","end":"2023-10-28T04:07:00.000Z"},"country":"United Kingdom","OPM":4,"total_sales_volume":339.37999990582466,"rate_of_return":0.0}
{"window":{"start":"2023-10-26T06:57:00.000Z","end":"2023-10-26T06:58:00.000Z"},"country":"Austria","OPM":1,"total_sales_volume":6.549999952316284,"rate_of_return":0.0}
{"window":{"start":"2023-10-24T02:36:00.000Z","end":"2023-10-24T02:37:00.000Z"},"country":"Unspecified","OPM":1,"total_sales_volume":120.4600019454956,"rate_of_return":0.0}
{"window":{"start":"2023-10-25T00:19:00.000Z","end":"2023-10-25T00:20:00.000Z"},"country":"United Kingdom","OPM":5,"total_sales_volume":731.0100061893463,"rate_of_return":0.0}
{"window":{"start":"2023-10-28T01:07:00.000Z","end":"2023-10-28T01:08:00.000Z"},"country":"Switzerland","OPM":1,"total_sales_volume":50.43999981880188,"rate_of_return":0.0}
{"window":{"start":"2023-10-25T04:49:00.000Z","end":"2023-10-25T04:50:00.000Z"},"country":"France","OPM":1,"total_sales_volume":18.339999675750732,"rate_of_return":0.0}
{"window":{"start":"2023-10-27T18:54:00.000Z","end":"2023-10-27T18:55:00.000Z"},"country":"United Kingdom","OPM":9,"total_sales_volume":451.2999995946884,"rate_of_return":0.0}
{"window":{"start":"2023-10-23T21:50:00.000Z","end":"2023-10-23T21:51:00.000Z"},"country":"Unspecified","OPM":1,"total_sales_volume":57.329999804496765,"rate_of_return":0.0}
{"window":{"start":"2023-10-24T23:47:00.000Z","end":"2023-10-24T23:48:00.000Z"},"country":"Sweden","OPM":1,"total_sales_volume":41.5,"rate_of_return":0.0}
{"window":{"start":"2023-10-28T02:02:00.000Z","end":"2023-10-28T02:03:00.000Z"},"country":"United Kingdom","OPM":4,"total_sales_volume":317.0799982920289,"rate_of_return":0.0}
{"window":{"start":"2023-10-27T02:15:00.000Z","end":"2023-10-27T02:16:00.000Z"},"country":"United Kingdom","OPM":7,"total_sales_volume":535.0299981236458,"rate_of_return":0.0}
{"window":{"start":"2023-10-26T07:16:00.000Z","end":"2023-10-26T07:17:00.000Z"},"country":"United Kingdom","OPM":8,"total_sales_volume":270.5899985432625,"rate_of_return":0.125}
{"window":{"start":"2023-10-24T00:10:00.000Z","end":"2023-10-24T00:11:00.000Z"},"country":"United Kingdom","OPM":8,"total_sales_volume":704.5599908009171,"rate_of_return":0.125}
{"window":{"start":"2023-10-27T15:50:00.000Z","end":"2023-10-27T15:51:00.000Z"},"country":"Australia","OPM":1,"total_sales_volume":43.14999961853027,"rate_of_return":0.0}
{"window":{"start":"2023-10-25T04:34:00.000Z","end":"2023-10-25T04:35:00.000Z"},"country":"Portugal","OPM":1,"total_sales_volume":44.399999141693115,"rate_of_return":0.0}
{"window":{"start":"2023-10-26T09:35:00.000Z","end":"2023-10-26T09:36:00.000Z"},"country":"United Kingdom","OPM":8,"total_sales_volume":1211.1799978613853,"rate_of_return":0.0}
{"window":{"start":"2023-10-27T10:25:00.000Z","end":"2023-10-27T10:26:00.000Z"},"country":"United Kingdom","OPM":14,"total_sales_volume":365.3899999856949,"rate_of_return":0.07142857142857142}
{"window":{"start":"2023-10-27T08:19:00.000Z","end":"2023-10-27T08:20:00.000Z"},"country":"Israel","OPM":1,"total_sales_volume":28.230000257492065,"rate_of_return":0.0}
{"window":{"start":"2023-10-25T02:59:00.000Z","end":"2023-10-25T03:00:00.000Z"},"country":"United Kingdom","OPM":10,"total_sales_volume":686.1899966597557,"rate_of_return":0.1}
{"window":{"start":"2023-10-27T07:28:00.000Z","end":"2023-10-27T07:29:00.000Z"},"country":"United Kingdom","OPM":5,"total_sales_volume":176.79999786615372,"rate_of_return":0.0}
{"window":{"start":"2023-10-26T13:35:00.000Z","end":"2023-10-26T13:36:00.000Z"},"country":"United Kingdom","OPM":10,"total_sales_volume":472.9399982690811,"rate_of_return":0.0}
{"window":{"start":"2023-10-27T22:59:00.000Z","end":"2023-10-27T23:00:00.000Z"},"country":"United Kingdom","OPM":11,"total_sales_volume":641.4899985790253,"rate_of_return":0.0}
{"window":{"start":"2023-10-25T02:17:00.000Z","end":"2023-10-25T02:18:00.000Z"},"country":"United Kingdom","OPM":15,"total_sales_volume":1380.5999843776226,"rate_of_return":0.06666666666666667}
{"window":{"start":"2023-10-27T02:18:00.000Z","end":"2023-10-27T02:19:00.000Z"},"country":"EIRE","OPM":1,"total_sales_volume":185.30999612808228,"rate_of_return":0.0}
{"window":{"start":"2023-10-27T03:07:00.000Z","end":"2023-10-27T03:08:00.000Z"},"country":"United Kingdom","OPM":8,"total_sales_volume":1248.9399957358837,"rate_of_return":0.0}
{"window":{"start":"2023-10-24T10:18:00.000Z","end":"2023-10-24T10:19:00.000Z"},"country":"United Kingdom","OPM":9,"total_sales_volume":514.5800029933453,"rate_of_return":0.0}
{"window":{"start":"2023-10-24T06:15:00.000Z","end":"2023-10-24T06:16:00.000Z"},"country":"France","OPM":1,"total_sales_volume":112.05999863147736,"rate_of_return":0.0}
{"window":{"start":"2023-10-26T04:24:00.000Z","end":"2023-10-26T04:25:00.000Z"},"country":"Switzerland","OPM":1,"total_sales_volume":58.29999953508377,"rate_of_return":0.0}
{"window":{"start":"2023-10-25T02:47:00.000Z","end":"2023-10-25T02:48:00.000Z"},"country":"United Kingdom","OPM":14,"total_sales_volume":1044.7500087320805,"rate_of_return":0.0}
{"window":{"start":"2023-10-25T16:27:00.000Z","end":"2023-10-25T16:28:00.000Z"},"country":"United Kingdom","OPM":7,"total_sales_volume":577.5199828147888,"rate_of_return":0.0}
{"window":{"start":"2023-10-25T16:37:00.000Z","end":"2023-10-25T16:38:00.000Z"},"country":"Sweden","OPM":1,"total_sales_volume":13.899999618530273,"rate_of_return":0.0}
{"window":{"start":"2023-10-25T01:19:00.000Z","end":"2023-10-25T01:20:00.000Z"},"country":"United Kingdom","OPM":5,"total_sales_volume":188.57000130414963,"rate_of_return":0.0}
{"window":{"start":"2023-10-24T11:25:00.000Z","end":"2023-10-24T11:26:00.000Z"},"country":"United Kingdom","OPM":7,"total_sales_volume":213.57999938726425,"rate_of_return":0.0}
{"window":{"start":"2023-10-25T18:38:00.000Z","end":"2023-10-25T18:39:00.000Z"},"country":"Norway","OPM":1,"total_sales_volume":7.430000066757202,"rate_of_return":0.0}
{"window":{"start":"2023-10-25T13:34:00.000Z","end":"2023-10-25T13:35:00.000Z"},"country":"United Kingdom","OPM":11,"total_sales_volume":742.1500033065677,"rate_of_return":0.09090909090909091}
{"window":{"start":"2023-10-27T09:57:00.000Z","end":"2023-10-27T09:58:00.000Z"},"country":"United Kingdom","OPM":8,"total_sales_volume":4.340004563331604,"rate_of_return":0.125}
{"window":{"start":"2023-10-26T16:02:00.000Z","end":"2023-10-26T16:03:00.000Z"},"country":"United Kingdom","OPM":15,"total_sales_volume":548.4699949920177,"rate_of_return":0.0}
{"window":{"start":"2023-10-23T14:25:00.000Z","end":"2023-10-23T14:26:00.000Z"},"country":"United Kingdom","OPM":8,"total_sales_volume":162.20999404788017,"rate_of_return":0.125}
{"window":{"start":"2023-10-28T00:35:00.000Z","end":"2023-10-28T00:36:00.000Z"},"country":"Spain","OPM":1,"total_sales_volume":60.70999884605408,"rate_of_return":0.0}
{"window":{"start":"2023-10-25T04:47:00.000Z","end":"2023-10-25T04:48:00.000Z"},"country":"United Kingdom","OPM":5,"total_sales_volume":340.2900002002716,"rate_of_return":0.0}
{"window":{"start":"2023-10-25T16:17:00.000Z","end":"2023-10-25T16:18:00.000Z"},"country":"Portugal","OPM":1,"total_sales_volume":20.399999976158142,"rate_of_return":0.0}
{"window":{"start":"2023-10-26T11:02:00.000Z","end":"2023-10-26T11:03:00.000Z"},"country":"United Kingdom","OPM":5,"total_sales_volume":168.7399990260601,"rate_of_return":0.0}
{"window":{"start":"2023-10-25T01:14:00.000Z","end":"2023-10-25T01:15:00.000Z"},"country":"Israel","OPM":1,"total_sales_volume":26.24999976158142,"rate_of_return":0.0}
{"window":{"start":"2023-10-27T01:28:00.000Z","end":"2023-10-27T01:29:00.000Z"},"country":"United Kingdom","OPM":6,"total_sales_volume":265.8599956333637,"rate_of_return":0.0}
{"window":{"start":"2023-10-24T02:22:00.000Z","end":"2023-10-24T02:23:00.000Z"},"country":"United Kingdom","OPM":11,"total_sales_volume":734.0199964046478,"rate_of_return":0.0}
{"window":{"start":"2023-10-26T22:35:00.000Z","end":"2023-10-26T22:36:00.000Z"},"country":"France","OPM":1,"total_sales_volume":49.19999980926514,"rate_of_return":0.0}
{"window":{"start":"2023-10-26T17:59:00.000Z","end":"2023-10-26T18:00:00.000Z"},"country":"Netherlands","OPM":1,"total_sales_volume":20.999999046325684,"rate_of_return":0.0}
