{"window":{"start":"2023-10-25T06:46:00.000Z","end":"2023-10-25T06:47:00.000Z"},"country":"EIRE","OPM":1,"total_sales_volume":4.25,"rate_of_return":0.0}
{"window":{"start":"2023-10-24T22:14:00.000Z","end":"2023-10-24T22:15:00.000Z"},"country":"EIRE","OPM":1,"total_sales_volume":39.980000495910645,"rate_of_return":0.0}
{"window":{"start":"2023-10-27T16:14:00.000Z","end":"2023-10-27T16:15:00.000Z"},"country":"Sweden","OPM":1,"total_sales_volume":2.4600000381469727,"rate_of_return":0.0}
{"window":{"start":"2023-10-27T01:20:00.000Z","end":"2023-10-27T01:21:00.000Z"},"country":"United Kingdom","OPM":5,"total_sales_volume":134.86999879777431,"rate_of_return":0.2}
{"window":{"start":"2023-10-26T22:26:00.000Z","end":"2023-10-26T22:27:00.000Z"},"country":"United Kingdom","OPM":15,"total_sales_volume":949.7100047767162,"rate_of_return":0.0}
{"window":{"start":"2023-10-27T04:42:00.000Z","end":"2023-10-27T04:43:00.000Z"},"country":"United Kingdom","OPM":7,"total_sales_volume":449.3899958729744,"rate_of_return":0.0}
{"window":{"start":"2023-10-25T10:17:00.000Z","end":"2023-10-25T10:18:00.000Z"},"country":"Australia","OPM":1,"total_sales_volume":329.4499988555908,"rate_of_return":0.0}
{"window":{"start":"2023-10-27T17:44:00.000Z","end":"2023-10-27T17:45:00.000Z"},"country":"Germany","OPM":1,"total_sales_volume":16.549999713897705,"rate_of_return":0.0}
{"window":{"start":"2023-10-24T03:42:00.000Z","end":"2023-10-24T03:43:00.000Z"},"country":"Belgium","OPM":1,"total_sales_volume":0.7900000214576721,"rate_of_return":0.0}
{"window":{"start":"2023-10-26T10:41:00.000Z","end":"2023-10-26T10:42:00.000Z"},"country":"United Kingdom","OPM":9,"total_sales_volume":569.2600018978119,"rate_of_return":0.0}
{"window":{"start":"2023-10-25T19:57:00.000Z","end":"2023-10-25T19:58:00.000Z"},"country":"United Kingdom","OPM":8,"total_sales_volume":475.77999156713486,"rate_of_return":0.125}
{"window":{"start":"2023-10-26T19:28:00.000Z","end":"2023-10-26T19:29:00.000Z"},"country":"United Kingdom","OPM":6,"total_sales_volume":218.66999700665474,"rate_of_return":0.0}
{"window":{"start":"2023-10-26T21:55:00.000Z","end":"2023-10-26T21:56:00.000Z"},"country":"EIRE","OPM":1,"total_sales_volume":116.37999701499939,"rate_of_return":0.0}
{"window":{"start":"2023-10-27T21:10:00.000Z","end":"2023-10-27T21:11:00.000Z"},"country":"United Kingdom","OPM":6,"total_sales_volume":189.1899965107441,"rate_of_return":0.0}
{"window":{"start":"2023-10-26T11:32:00.000Z","end":"2023-10-26T11:33:00.000Z"},"country":"EIRE","OPM":1,"total_sales_volume":2.919999986886978,"rate_of_return":0.0}
{"window":{"start":"2023-10-27T20:44:00.000Z","end":"2023-10-27T20:45:00.000Z"},"country":"United Kingdom","OPM":13,"total_sales_volume":1527.940010637045,"rate_of_return":0.0}
{"window":{"start":"2023-10-24T03:14:00.000Z","end":"2023-10-24T03:15:00.000Z"},"country":"United Kingdom","OPM":16,"total_sales_volume":2179.3300074338913,"rate_of_return":0.0625}
{"window":{"start":"2023-10-28T01:14:00.000Z","end":"2023-10-28T01:15:00.000Z"},"country":"EIRE","OPM":1,"total_sales_volume":-130.67999839782715,"rate_of_return":1.0}
{"window":{"start":"2023-10-24T06:41:00.000Z","end":"2023-10-24T06:42:00.000Z"},"country":"United Kingdom","OPM":5,"total_sales_volume":331.5099980533123,"rate_of_return":0.0}
{"window":{"start":"2023-10-23T12:50:00.000Z","end":"2023-10-23T12:51:00.000Z"},"country":"United Kingdom","OPM":9,"total_sales_volume":543.709990054369,"rate_of_return":0.1111111111111111}
{"window":{"start":"2023-10-25T00:42:00.000Z","end":"2023-10-25T00:43:00.000Z"},"country":"United Kingdom","OPM":13,"total_sales_volume":526.3099965453148,"rate_of_return":0.0}
{"window":{"start":"2023-10-25T18:38:00.000Z","end":"2023-10-25T18:39:00.000Z"},"country":"EIRE","OPM":1,"total_sales_volume":3.75,"rate_of_return":0.0}
{"window":{"start":"2023-10-24T10:07:00.000Z","end":"2023-10-24T10:08:00.000Z"},"country":"EIRE","OPM":1,"total_sales_volume":62.99000072479248,"rate_of_return":0.0}
{"window":{"start":"2023-10-25T15:49:00.000Z","end":"2023-10-25T15:50:00.000Z"},"country":"United Kingdom","OPM":5,"total_sales_volume":285.1899971663952,"rate_of_return":0.0}
{"window":{"start":"2023-10-26T11:32:00.000Z","end":"2023-10-26T11:33:00.000Z"},"country":"United Kingdom","OPM":8,"total_sales_volume":1035.9699876904488,"rate_of_return":0.0}
{"window":{"start":"2023-10-25T08:30:00.000Z","end":"2023-10-25T08:31:00.000Z"},"country":"France","OPM":1,"total_sales_volume":46.700000047683716,"rate_of_return":0.0}
{"window":{"start":"2023-10-23T21:29:00.000Z","end":"2023-10-23T21:30:00.000Z"},"country":"Germany","OPM":1,"total_sales_volume":5.949999809265137,"rate_of_return":0.0}
{"window":{"start":"2023-10-26T00:01:00.000Z","end":"2023-10-26T00:02:00.000Z"},"country":"United Kingdom","OPM":9,"total_sales_volume":710.0999871790409,"rate_of_return":0.0}
{"window":{"start":"2023-10-26T04:28:00.000Z","end":"2023-10-26T04:29:00.000Z"},"country":"United Kingdom","OPM":4,"total_sales_volume":106.00000071525574,"rate_of_return":0.0}
{"window":{"start":"2023-10-23T19:28:00.000Z","end":"2023-10-23T19:29:00.000Z"},"country":"Germany","OPM":1,"total_sales_volume":42.5299996137619,"rate_of_return":0.0}
{"window":{"start":"2023-10-23T20:16:00.000Z","end":"2023-10-23T20:17:00.000Z"},"country":"United Kingdom","OPM":12,"total_sales_volume":292.54999911785126,"rate_of_return":0.16666666666666666}
{"window":{"start":"2023-10-25T05:26:00.000Z","end":"2023-10-25T05:27:00.000Z"},"country":"United Kingdom","OPM":6,"total_sales_volume":2097.1599946320057,"rate_of_return":0.0}
{"window":{"start":"2023-10-26T21:18:00.000Z","end":"2023-10-26T21:19:00.000Z"},"country":"EIRE","OPM":1,"total_sales_volume":174.1299977004528,"rate_of_return":0.0}
{"window":{"start":"2023-10-26T10:51:00.000Z","end":"2023-10-26T10:52:00.000Z"},"country":"Portugal","OPM":1,"total_sales_volume":145.0799993276596,"rate_of_return":0.0}
{"window":{"start":"2023-10-28T00:51:00.000Z","end":"2023-10-28T00:52:00.000Z"},"country":"Spain","OPM":1,"total_sales_volume":4.920000076293945,"rate_of_return":0.0}
{"window":{"start":"2023-10-25T17:22:00.000Z","end":"2023-10-25T17:23:00.000Z"},"country":"France","OPM":1,"total_sales_volume":235.43999940156937,"rate_of_return":0.0}
{"window":{"start":"2023-10-27T16:50:00.000Z","end":"2023-10-27T16:51:00.000Z"},"country":"United Kingdom","OPM":8,"total_sales_volume":1052.4600006639957,"rate_of_return":0.0}
{"window":{"start":"2023-10-24T16:40:00.000Z","end":"2023-10-24T16:41:00.000Z"},"country":"Netherlands","OPM":1,"total_sales_volume":19.500000476837158,"rate_of_return":0.0}
{"window":{"start":"2023-10-27T00:41:00.000Z","end":"2023-10-27T00:42:00.000Z"},"country":"Germany","OPM":1,"total_sales_volume":58.73000133037567,"rate_of_return":0.0}
{"window":{"start":"2023-10-23T13:46:00.000Z","end":"2023-10-23T13:47:00.000Z"},"country":"Germany","OPM":1,"total_sales_volume":5.900000095367432,"rate_of_return":0.0}
{"window":{"start":"2023-10-26T09:39:00.000Z","end":"2023-10-26T09:40:00.000Z"},"country":"United Kingdom","OPM":12,"total_sales_volume":208.56999957561493,"rate_of_return":0.08333333333333333}
{"window":{"start":"2023-10-26T13:21:00.000Z","end":"2023-10-26T13:22:00.000Z"},"country":"EIRE","OPM":1,"total_sales_volume":-9.149999618530273,"rate_of_return":1.0}
{"window":{"start":"2023-10-23T17:52:00.000Z","end":"2023-10-23T17:53:00.000Z"},"country":"Italy","OPM":1,"total_sales_volume":36.52000045776367,"rate_of_return":0.0}
{"window":{"start":"2023-10-23T19:56:00.000Z","end":"2023-10-23T19:57:00.000Z"},"country":"United Kingdom","OPM":13,"total_sales_volume":5632.639901161194,"rate_of_return":0.0}
{"window":{"start":"2023-10-27T10:47:00.000Z","end":"2023-10-27T10:48:00.000Z"},"country":"Germany","OPM":1,"total_sales_volume":40.42999994754791,"rate_of_return":0.0}
{"window":{"start":"2023-10-26T04:55:00.000Z","end":"2023-10-26T04:56:00.000Z"},"country":"United Kingdom","OPM":12,"total_sales_volume":859.1600097417831,"rate_of_return":0.08333333333333333}
{"window":{"start":"2023-10-28T04:20:00.000Z","end":"2023-10-28T04:21:00.000Z"},"country":"United Kingdom","OPM":12,"total_sales_volume":950.2099903076887,"rate_of_return":0.0}
{"window":{"start":"2023-10-26T09:48:00.000Z","end":"2023-10-26T09:49:00.000Z"},"country":"EIRE","OPM":1,"total_sales_volume":11.899999618530273,"rate_of_return":0.0}
{"window":{"start":"2023-10-23T16:06:00.000Z","end":"2023-10-23T16:07:00.000Z"},"country":"Australia","OPM":1,"total_sales_volume":214.77999925613403,"rate_of_return":0.0}
{"window":{"start":"2023-10-24T15:56:00.000Z","end":"2023-10-24T15:57:00.000Z"},"country":"EIRE","OPM":1,"total_sales_volume":27.259998947381973,"rate_of_return":0.0}
{"window":{"start":"2023-10-26T03:18:00.000Z","end":"2023-10-26T03:19:00.000Z"},"country":"Norway","OPM":1,"total_sales_volume":26.519999265670776,"rate_of_return":0.0}
{"window":{"start":"2023-10-23T20:23:00.000Z","end":"2023-10-23T20:24:00.000Z"},"country":"United Kingdom","OPM":11,"total_sales_volume":464.68999791145325,"rate_of_return":0.0}
{"window":{"start":"2023-10-24T23:54:00.000Z","end":"2023-10-24T23:55:00.000Z"},"country":"United Kingdom","OPM":4,"total_sales_volume":289.04999792575836,"rate_of_return":0.5}
{"window":{"start":"2023-10-26T01:14:00.000Z","end":"2023-10-26T01:15:00.000Z"},"country":"United Kingdom","OPM":7,"total_sales_volume":588.399987757206,"rate_of_return":0.14285714285714285}
{"window":{"start":"2023-10-26T01:42:00.000Z","end":"2023-10-26T01:43:00.000Z"},"country":"United Kingdom","OPM":5,"total_sales_volume":460.8799924850464,"rate_of_return":0.0}
