{"window":{"start":"2023-10-26T06:03:00.000Z","end":"2023-10-26T06:04:00.000Z"},"country":"Australia","OPM":1,"total_sales_volume":148.02999889850616,"rate_of_return":0.0}
{"window":{"start":"2023-10-24T01:34:00.000Z","end":"2023-10-24T01:35:00.000Z"},"country":"France","OPM":1,"total_sales_volume":15.0,"rate_of_return":0.0}
{"window":{"start":"2023-10-24T03:11:00.000Z","end":"2023-10-24T03:12:00.000Z"},"country":"Denmark","OPM":1,"total_sales_volume":220.3699972629547,"rate_of_return":0.0}
{"window":{"start":"2023-10-27T09:05:00.000Z","end":"2023-10-27T09:06:00.000Z"},"country":"Germany","OPM":1,"total_sales_volume":27.65000057220459,"rate_of_return":0.0}
{"window":{"start":"2023-10-25T04:14:00.000Z","end":"2023-10-25T04:15:00.000Z"},"country":"United Kingdom","OPM":8,"total_sales_volume":838.5699784755707,"rate_of_return":0.0}
{"window":{"start":"2023-10-23T19:34:00.000Z","end":"2023-10-23T19:35:00.000Z"},"country":"United Kingdom","OPM":5,"total_sales_volume":97.84999990463257,"rate_of_return":0.0}
{"window":{"start":"2023-10-26T11:40:00.000Z","end":"2023-10-26T11:41:00.000Z"},"country":"United Kingdom","OPM":7,"total_sales_volume":597.9899923503399,"rate_of_return":0.0}
{"window":{"start":"2023-10-26T21:05:00.000Z","end":"2023-10-26T21:06:00.000Z"},"country":"EIRE","OPM":1,"total_sales_volume":6.7299999594688416,"rate_of_return":0.0}
{"window":{"start":"2023-10-23T18:36:00.000Z","end":"2023-10-23T18:37:00.000Z"},"country":"United Kingdom","OPM":7,"total_sales_volume":458.6299920678139,"rate_of_return":0.0}
{"window":{"start":"2023-10-25T08:48:00.000Z","end":"2023-10-25T08:49:00.000Z"},"country":"United Kingdom","OPM":12,"total_sales_volume":1273.819974064827,"rate_of_return":0.0}
{"window":{"start":"2023-10-27T06:31:00.000Z","end":"2023-10-27T06:32:00.000Z"},"country":"Australia","OPM":1,"total_sales_volume":33.21000003814697,"rate_of_return":0.0}
{"window":{"start":"2023-10-25T13:35:00.000Z","end":"2023-10-25T13:36:00.000Z"},"country":"France","OPM":1,"total_sales_volume":37.459999710321426,"rate_of_return":0.0}
{"window":{"start":"2023-10-23T21:05:00.000Z","end":"2023-10-23T21:06:00.000Z"},"country":"United Kingdom","OPM":6,"total_sales_volume":83.43999886512756,"rate_of_return":0.5}
{"window":{"start":"2023-10-27T22:32:00.000Z","end":"2023-10-27T22:33:00.000Z"},"country":"United Kingdom","OPM":10,"total_sales_volume":786.1099994182587,"rate_of_return":0.0}
{"window":{"start":"2023-10-25T22:39:00.000Z","end":"2023-10-25T22:40:00.000Z"},"country":"Germany","OPM":1,"total_sales_volume":90.58999890089035,"rate_of_return":0.0}
{"window":{"start":"2023-10-25T14:38:00.000Z","end":"2023-10-25T14:39:00.000Z"},"country":"EIRE","OPM":1,"total_sales_volume":13.499999761581421,"rate_of_return":0.0}
{"window":{"start":"2023-10-27T08:13:00.000Z","end":"2023-10-27T08:14:00.000Z"},"country":"United Kingdom","OPM":12,"total_sales_volume":898.859992980957,"rate_of_return":0.0}
{"window":{"start":"2023-10-25T23:51:00.000Z","end":"2023-10-25T23:52:00.000Z"},"country":"France","OPM":1,"total_sales_volume":106.64000248908997,"rate_of_return":0.0}
{"window":{"start":"2023-10-25T04:06:00.000Z","end":"2023-10-25T04:07:00.000Z"},"country":"France","OPM":1,"total_sales_volume":45.0,"rate_of_return":0.0}
{"window":{"start":"2023-10-26T23:54:00.000Z","end":"2023-10-26T23:55:00.000Z"},"country":"United Kingdom","OPM":7,"total_sales_volume":675.339991748333,"rate_of_return":0.0}
{"window":{"start":"2023-10-23T12:48:00.000Z","end":"2023-10-23T12:49:00.000Z"},"country":"United Kingdom","OPM":15,"total_sales_volume":799.910003721714,"rate_of_return":0.0}
{"window":{"start":"2023-10-25T09:14:00.000Z","end":"2023-10-25T09:15:00.000Z"},"country":"United Kingdom","OPM":9,"total_sales_volume":282.3399960398674,"rate_of_return":0.0}
{"window":{"start":"2023-10-24T10:36:00.000Z","end":"2023-10-24T10:37:00.000Z"},"country":"United Kingdom","OPM":11,"total_sales_volume":1393.0800187885761,"rate_of_return":0.0}
{"window":{"start":"2023-10-26T16:49:00.000Z","end":"2023-10-26T16:50:00.000Z"},"country":"Belgium","OPM":1,"total_sales_volume":57.239999651908875,"rate_of_return":0.0}
{"window":{"start":"2023-10-23T14:15:00.000Z","end":"2023-10-23T14:16:00.000Z"},"country":"United Kingdom","OPM":12,"total_sales_volume":574.0799961090088,"rate_of_return":0.08333333333333333}
{"window":{"start":"2023-10-27T01:24:00.000Z","end":"2023-10-27T01:25:00.000Z"},"country":"United Kingdom","OPM":10,"total_sales_volume":253.48999857902527,"rate_of_return":0.0}
{"window":{"start":"2023-10-24T03:25:00.000Z","end":"2023-10-24T03:26:00.000Z"},"country":"United Kingdom","OPM":12,"total_sales_volume":199.18999847769737,"rate_of_return":0.0}
{"window":{"start":"2023-10-27T17:00:00.000Z","end":"2023-10-27T17:01:00.000Z"},"country":"United Kingdom","OPM":13,"total_sales_volume":718.6399925947189,"rate_of_return":0.07692307692307693}
{"window":{"start":"2023-10-27T02:43:00.000Z","end":"2023-10-27T02:44:00.000Z"},"country":"Finland","OPM":1,"total_sales_volume":7.509999990463257,"rate_of_return":0.0}
{"window":{"start":"2023-10-25T06:24:00.000Z","end":"2023-10-25T06:25:00.000Z"},"country":"EIRE","OPM":1,"total_sales_volume":25.0,"rate_of_return":0.0}
{"window":{"start":"2023-10-27T03:11:00.000Z","end":"2023-10-27T03:12:00.000Z"},"country":"EIRE","OPM":1,"total_sales_volume":171.1400010585785,"rate_of_return":0.0}
{"window":{"start":"2023-10-24T04:25:00.000Z","end":"2023-10-24T04:26:00.000Z"},"country":"United Kingdom","OPM":12,"total_sales_volume":798.2899947464466,"rate_of_return":0.0}
{"window":{"start":"2023-10-24T22:18:00.000Z","end":"2023-10-24T22:19:00.000Z"},"country":"United Kingdom","OPM":4,"total_sales_volume":-171.85999810695648,"rate_of_return":0.25}
{"window":{"start":"2023-10-26T06:19:00.000Z","end":"2023-10-26T06:20:00.000Z"},"country":"France","OPM":1,"total_sales_volume":1.649999976158142,"rate_of_return":0.0}
{"window":{"start":"2023-10-23T23:40:00.000Z","end":"2023-10-23T23:41:00.000Z"},"country":"United Kingdom","OPM":12,"total_sales_volume":754.0699952840805,"rate_of_return":0.0}
{"window":{"start":"2023-10-25T17:45:00.000Z","end":"2023-10-25T17:46:00.000Z"},"country":"United Kingdom","OPM":8,"total_sales_volume":5859.8600288927555,"rate_of_return":0.125}
{"window":{"start":"2023-10-25T23:21:00.000Z","end":"2023-10-25T23:22:00.000Z"},"country":"France","OPM":2,"total_sales_volume":46.81000065803528,"rate_of_return":0.0}
{"window":{"start":"2023-10-23T23:05:00.000Z","end":"2023-10-23T23:06:00.000Z"},"country":"United Kingdom","OPM":12,"total_sales_volume":1206.0900051146746,"rate_of_return":0.0}
{"window":{"start":"2023-10-23T17:51:00.000Z","end":"2023-10-23T17:52:00.000Z"},"country":"Germany","OPM":1,"total_sales_volume":21.800000190734863,"rate_of_return":0.0}
{"window":{"start":"2023-10-24T17:39:00.000Z","end":"2023-10-24T17:40:00.000Z"},"country":"Australia","OPM":1,"total_sales_volume":17.850000381469727,"rate_of_return":0.0}
{"window":{"start":"2023-10-28T01:47:00.000Z","end":"2023-10-28T01:48:00.000Z"},"country":"United Kingdom","OPM":3,"total_sales_volume":147.3100038766861,"rate_of_return":0.3333333333333333}
{"window":{"start":"2023-10-25T23:29:00.000Z","end":"2023-10-25T23:30:00.000Z"},"country":"Belgium","OPM":1,"total_sales_volume":40.459999561309814,"rate_of_return":0.0}
{"window":{"start":"2023-10-23T16:34:00.000Z","end":"2023-10-23T16:35:00.000Z"},"country":"United Kingdom","OPM":5,"total_sales_volume":253.00999954342842,"rate_of_return":0.0}
{"window":{"start":"2023-10-26T18:56:00.000Z","end":"2023-10-26T18:57:00.000Z"},"country":"EIRE","OPM":1,"total_sales_volume":5.869999825954437,"rate_of_return":0.0}
{"window":{"start":"2023-10-26T05:48:00.000Z","end":"2023-10-26T05:49:00.000Z"},"country":"Spain","OPM":1,"total_sales_volume":4.32000008225441,"rate_of_return":0.0}
{"window":{"start":"2023-10-23T22:59:00.000Z","end":"2023-10-23T23:00:00.000Z"},"country":"France","OPM":1,"total_sales_volume":115.06999850273132,"rate_of_return":0.0}
{"window":{"start":"2023-10-25T22:17:00.000Z","end":"2023-10-25T22:18:00.000Z"},"country":"Hong Kong","OPM":1,"total_sales_volume":14.299999833106995,"rate_of_return":0.0}
{"window":{"start":"2023-10-25T16:05:00.000Z","end":"2023-10-25T16:06:00.000Z"},"country":"United Kingdom","OPM":15,"total_sales_volume":2368.029970884323,"rate_of_return":0.0}
