{"window":{"start":"2023-10-24T06:35:00.000Z","end":"2023-10-24T06:36:00.000Z"},"country":"United Kingdom","OPM":5,"total_sales_volume":336.7999991476536,"rate_of_return":0.0}
{"window":{"start":"2023-10-25T15:24:00.000Z","end":"2023-10-25T15:25:00.000Z"},"country":"United Kingdom","OPM":5,"total_sales_volume":251.32999965548515,"rate_of_return":0.0}
{"window":{"start":"2023-10-27T03:07:00.000Z","end":"2023-10-27T03:08:00.000Z"},"country":"Germany","OPM":1,"total_sales_volume":48.53000020980835,"rate_of_return":0.0}
{"window":{"start":"2023-10-28T02:23:00.000Z","end":"2023-10-28T02:24:00.000Z"},"country":"Netherlands","OPM":1,"total_sales_volume":33.25,"rate_of_return":0.0}
{"window":{"start":"2023-10-24T03:29:00.000Z","end":"2023-10-24T03:30:00.000Z"},"country":"EIRE","OPM":2,"total_sales_volume":45.01999831199646,"rate_of_return":0.0}
{"window":{"start":"2023-10-23T17:53:00.000Z","end":"2023-10-23T17:54:00.000Z"},"country":"United Kingdom","OPM":7,"total_sales_volume":404.1599912047386,"rate_of_return":0.14285714285714285}
{"window":{"start":"2023-10-27T01:25:00.000Z","end":"2023-10-27T01:26:00.000Z"},"country":"Germany","OPM":1,"total_sales_volume":3.309999942779541,"rate_of_return":0.0}
{"window":{"start":"2023-10-27T22:08:00.000Z","end":"2023-10-27T22:09:00.000Z"},"country":"EIRE","OPM":1,"total_sales_volume":17.700000286102295,"rate_of_return":0.0}
{"window":{"start":"2023-10-25T18:28:00.000Z","end":"2023-10-25T18:29:00.000Z"},"country":"Switzerland","OPM":1,"total_sales_volume":1.5800000429153442,"rate_of_return":0.0}
{"window":{"start":"2023-10-26T05:20:00.000Z","end":"2023-10-26T05:21:00.000Z"},"country":"United Kingdom","OPM":12,"total_sales_volume":585.7700036764145,"rate_of_return":0.0}
{"window":{"start":"2023-10-23T17:54:00.000Z","end":"2023-10-23T17:55:00.000Z"},"country":"United Kingdom","OPM":11,"total_sales_volume":482.569997549057,"rate_of_return":0.0}
{"window":{"start":"2023-10-24T09:49:00.000Z","end":"2023-10-24T09:50:00.000Z"},"country":"United Kingdom","OPM":10,"total_sales_volume":931.6799896359444,"rate_of_return":0.0}
{"window":{"start":"2023-10-28T04:11:00.000Z","end":"2023-10-28T04:12:00.000Z"},"country":"Portugal","OPM":1,"total_sales_volume":7.46999979019165,"rate_of_return":0.0}
{"window":{"start":"2023-10-25T00:05:00.000Z","end":"2023-10-25T00:06:00.000Z"},"country":"Greece","OPM":1,"total_sales_volume":162.94000005722046,"rate_of_return":0.0}
{"window":{"start":"2023-10-24T08:36:00.000Z","end":"2023-10-24T08:37:00.000Z"},"country":"United Kingdom","OPM":9,"total_sales_volume":683.1399954557419,"rate_of_return":0.0}
{"window":{"start":"2023-10-25T20:56:00.000Z","end":"2023-10-25T20:57:00.000Z"},"country":"United Kingdom","OPM":8,"total_sales_volume":219.51999777555466,"rate_of_return":0.0}
{"window":{"start":"2023-10-28T05:34:00.000Z","end":"2023-10-28T05:35:00.000Z"},"country":"France","OPM":1,"total_sales_volume":124.93999853730202,"rate_of_return":0.0}
{"window":{"start":"2023-10-25T18:05:00.000Z","end":"2023-10-25T18:06:00.000Z"},"country":"United Kingdom","OPM":10,"total_sales_volume":684.6500025987625,"rate_of_return":0.1}
{"window":{"start":"2023-10-27T22:43:00.000Z","end":"2023-10-27T22:44:00.000Z"},"country":"Germany","OPM":1,"total_sales_volume":60.059999227523804,"rate_of_return":0.0}
{"window":{"start":"2023-10-24T14:50:00.000Z","end":"2023-10-24T14:51:00.000Z"},"country":"United Kingdom","OPM":16,"total_sales_volume":7889.049961090088,"rate_of_return":0.0625}
{"window":{"start":"2023-10-27T04:14:00.000Z","end":"2023-10-27T04:15:00.000Z"},"country":"United Kingdom","OPM":9,"total_sales_volume":173.40999586880207,"rate_of_return":0.1111111111111111}
{"window":{"start":"2023-10-24T04:47:00.000Z","end":"2023-10-24T04:48:00.000Z"},"country":"United Kingdom","OPM":16,"total_sales_volume":830.9700008034706,"rate_of_return":0.0}
{"window":{"start":"2023-10-26T18:32:00.000Z","end":"2023-10-26T18:33:00.000Z"},"country":"United Kingdom","OPM":7,"total_sales_volume":340.5700016617775,"rate_of_return":0.0}
{"window":{"start":"2023-10-24T03:04:00.000Z","end":"2023-10-24T03:05:00.000Z"},"country":"United Kingdom","OPM":7,"total_sales_volume":265.7399917244911,"rate_of_return":0.2857142857142857}
{"window":{"start":"2023-10-24T02:02:00.000Z","end":"2023-10-24T02:03:00.000Z"},"country":"United Kingdom","OPM":9,"total_sales_volume":1357.1400063633919,"rate_of_return":0.0}
{"window":{"start":"2023-10-26T15:38:00.000Z","end":"2023-10-26T15:39:00.000Z"},"country":"France","OPM":1,"total_sales_volume":200.7800018787384,"rate_of_return":0.0}
{"window":{"start":"2023-10-25T18:53:00.000Z","end":"2023-10-25T18:54:00.000Z"},"country":"Germany","OPM":1,"total_sales_volume":1.9500000476837158,"rate_of_return":0.0}
{"window":{"start":"2023-10-26T15:15:00.000Z","end":"2023-10-26T15:16:00.000Z"},"country":"United Kingdom","OPM":9,"total_sales_volume":822.5499986708164,"rate_of_return":0.0}
{"window":{"start":"2023-10-23T22:35:00.000Z","end":"2023-10-23T22:36:00.000Z"},"country":"EIRE","OPM":1,"total_sales_volume":31.369999885559082,"rate_of_return":0.0}
{"window":{"start":"2023-10-25T23:55:00.000Z","end":"2023-10-25T23:56:00.000Z"},"country":"United Kingdom","OPM":12,"total_sales_volume":256.2300019264221,"rate_of_return":0.16666666666666666}
{"window":{"start":"2023-10-27T00:00:00.000Z","end":"2023-10-27T00:01:00.000Z"},"country":"Cyprus","OPM":1,"total_sales_volume":1596.7999267578125,"rate_of_return":0.0}
{"window":{"start":"2023-10-24T18:38:00.000Z","end":"2023-10-24T18:39:00.000Z"},"country":"Israel","OPM":1,"total_sales_volume":-144.97000074386597,"rate_of_return":1.0}
{"window":{"start":"2023-10-26T05:41:00.000Z","end":"2023-10-26T05:42:00.000Z"},"country":"France","OPM":1,"total_sales_volume":7.019999861717224,"rate_of_return":0.0}
{"window":{"start":"2023-10-26T05:46:00.000Z","end":"2023-10-26T05:47:00.000Z"},"country":"France","OPM":1,"total_sales_volume":21.720000386238098,"rate_of_return":0.0}
{"window":{"start":"2023-10-26T13:59:00.000Z","end":"2023-10-26T14:00:00.000Z"},"country":"United Kingdom","OPM":13,"total_sales_volume":316.3299986720085,"rate_of_return":0.15384615384615385}
{"window":{"start":"2023-10-24T09:33:00.000Z","end":"2023-10-24T09:34:00.000Z"},"country":"United Kingdom","OPM":5,"total_sales_volume":67.35000085830688,"rate_of_return":0.0}
{"window":{"start":"2023-10-24T11:01:00.000Z","end":"2023-10-24T11:02:00.000Z"},"country":"United Kingdom","OPM":7,"total_sales_volume":1271.4499887824059,"rate_of_return":0.0}
{"window":{"start":"2023-10-28T01:32:00.000Z","end":"2023-10-28T01:33:00.000Z"},"country":"United Kingdom","OPM":4,"total_sales_volume":468.330001026392,"rate_of_return":0.0}
{"window":{"start":"2023-10-26T12:56:00.000Z","end":"2023-10-26T12:57:00.000Z"},"country":"United Kingdom","OPM":6,"total_sales_volume":431.27999925613403,"rate_of_return":0.0}
{"window":{"start":"2023-10-24T20:18:00.000Z","end":"2023-10-24T20:19:00.000Z"},"country":"France","OPM":2,"total_sales_volume":47.769999504089355,"rate_of_return":0.0}
{"window":{"start":"2023-10-25T04:22:00.000Z","end":"2023-10-25T04:23:00.000Z"},"country":"United Kingdom","OPM":8,"total_sales_volume":1402.8900027573109,"rate_of_return":0.125}
{"window":{"start":"2023-10-27T02:15:00.000Z","end":"2023-10-27T02:16:00.000Z"},"country":"Norway","OPM":1,"total_sales_volume":6.71999979019165,"rate_of_return":0.0}
{"window":{"start":"2023-10-27T05:45:00.000Z","end":"2023-10-27T05:46:00.000Z"},"country":"Cyprus","OPM":1,"total_sales_volume":82.12999653816223,"rate_of_return":0.0}
{"window":{"start":"2023-10-24T23:21:00.000Z","end":"2023-10-24T23:22:00.000Z"},"country":"Spain","OPM":1,"total_sales_volume":10.200000286102295,"rate_of_return":0.0}
{"window":{"start":"2023-10-23T12:54:00.000Z","end":"2023-10-23T12:55:00.000Z"},"country":"United Kingdom","OPM":6,"total_sales_volume":210.69000044465065,"rate_of_return":0.0}
{"window":{"start":"2023-10-24T16:18:00.000Z","end":"2023-10-24T16:19:00.000Z"},"country":"Unspecified","OPM":1,"total_sales_volume":72.54999995231628,"rate_of_return":0.0}
{"window":{"start":"2023-10-26T20:49:00.000Z","end":"2023-10-26T20:50:00.000Z"},"country":"United Kingdom","OPM":7,"total_sales_volume":283.9500024318695,"rate_of_return":0.0}
{"window":{"start":"2023-10-25T12:34:00.000Z","end":"2023-10-25T12:35:00.000Z"},"country":"Italy","OPM":1,"total_sales_volume":17.700000286102295,"rate_of_return":0.0}
{"window":{"start":"2023-10-26T19:31:00.000Z","end":"2023-10-26T19:32:00.000Z"},"country":"United Kingdom","OPM":13,"total_sales_volume":798.4499867856503,"rate_of_return":0.07692307692307693}
{"window":{"start":"2023-10-25T23:59:00.000Z","end":"2023-10-26T00:00:00.000Z"},"country":"EIRE","OPM":1,"total_sales_volume":10.39000028371811,"rate_of_return":0.0}
{"window":{"start":"2023-10-23T22:40:00.000Z","end":"2023-10-23T22:41:00.000Z"},"country":"Spain","OPM":1,"total_sales_volume":12.5,"rate_of_return":0.0}
{"window":{"start":"2023-10-25T03:06:00.000Z","end":"2023-10-25T03:07:00.000Z"},"country":"Germany","OPM":1,"total_sales_volume":5.0,"rate_of_return":0.0}
{"window":{"start":"2023-10-27T13:55:00.000Z","end":"2023-10-27T13:56:00.000Z"},"country":"Germany","OPM":2,"total_sales_volume":23.399999499320984,"rate_of_return":0.0}
{"window":{"start":"2023-10-23T13:50:00.000Z","end":"2023-10-23T13:51:00.000Z"},"country":"France","OPM":1,"total_sales_volume":-48.11999931931496,"rate_of_return":1.0}
{"window":{"start":"2023-10-27T23:59:00.000Z","end":"2023-10-28T00:00:00.000Z"},"country":"United Kingdom","OPM":7,"total_sales_volume":450.33999863266945,"rate_of_return":0.0}
{"window":{"start":"2023-10-27T19:44:00.000Z","end":"2023-10-27T19:45:00.000Z"},"country":"United Kingdom","OPM":4,"total_sales_volume":136.1099969148636,"rate_of_return":0.0}
{"window":{"start":"2023-10-27T16:05:00.000Z","end":"2023-10-27T16:06:00.000Z"},"country":"Germany","OPM":1,"total_sales_volume":102.95000004768372,"rate_of_return":0.0}
{"window":{"start":"2023-10-23T16:17:00.000Z","end":"2023-10-23T16:18:00.000Z"},"country":"United Kingdom","OPM":11,"total_sales_volume":48.76999366283417,"rate_of_return":0.09090909090909091}
{"window":{"start":"2023-10-25T22:32:00.000Z","end":"2023-10-25T22:33:00.000Z"},"country":"Germany","OPM":1,"total_sales_volume":4.329999923706055,"rate_of_return":0.0}
{"window":{"start":"2023-10-25T21:24:00.000Z","end":"2023-10-25T21:25:00.000Z"},"country":"United Kingdom","OPM":9,"total_sales_volume":399.1800002157688,"rate_of_return":0.0}
{"window":{"start":"2023-10-25T00:36:00.000Z","end":"2023-10-25T00:37:00.000Z"},"country":"United Kingdom","OPM":3,"total_sales_volume":205.440001308918,"rate_of_return":0.0}
{"window":{"start":"2023-10-25T05:58:00.000Z","end":"2023-10-25T05:59:00.000Z"},"country":"Japan","OPM":1,"total_sales_volume":40.360000133514404,"rate_of_return":0.0}
{"window":{"start":"2023-10-27T20:13:00.000Z","end":"2023-10-27T20:14:00.000Z"},"country":"United Kingdom","OPM":12,"total_sales_volume":1203.3200089037418,"rate_of_return":0.0}
