{"window":{"start":"2023-10-23T21:15:00.000Z","end":"2023-10-23T21:16:00.000Z"},"country":"EIRE","OPM":1,"total_sales_volume":31.549998909235,"rate_of_return":0.0}
{"window":{"start":"2023-10-23T23:02:00.000Z","end":"2023-10-23T23:03:00.000Z"},"country":"Sweden","OPM":1,"total_sales_volume":12.889999866485596,"rate_of_return":0.0}
{"window":{"start":"2023-10-23T21:29:00.000Z","end":"2023-10-23T21:30:00.000Z"},"country":"United Kingdom","OPM":7,"total_sales_volume":350.31999838352203,"rate_of_return":0.14285714285714285}
{"window":{"start":"2023-10-23T13:51:00.000Z","end":"2023-10-23T13:52:00.000Z"},"country":"Germany","OPM":1,"total_sales_volume":14.890000343322754,"rate_of_return":0.0}
{"window":{"start":"2023-10-25T14:40:00.000Z","end":"2023-10-25T14:41:00.000Z"},"country":"United Kingdom","OPM":13,"total_sales_volume":679.7999992668629,"rate_of_return":0.0}
{"window":{"start":"2023-10-24T18:05:00.000Z","end":"2023-10-24T18:06:00.000Z"},"country":"United Kingdom","OPM":10,"total_sales_volume":440.94999861717224,"rate_of_return":0.1}
{"window":{"start":"2023-10-27T15:29:00.000Z","end":"2023-10-27T15:30:00.000Z"},"country":"France","OPM":2,"total_sales_volume":58.230000734329224,"rate_of_return":0.0}
{"window":{"start":"2023-10-24T16:34:00.000Z","end":"2023-10-24T16:35:00.000Z"},"country":"United Kingdom","OPM":8,"total_sales_volume":203.5300001502037,"rate_of_return":0.0}
{"window":{"start":"2023-10-27T21:58:00.000Z","end":"2023-10-27T21:59:00.000Z"},"country":"United Kingdom","OPM":8,"total_sales_volume":429.41000121831894,"rate_of_return":0.0}
{"window":{"start":"2023-10-26T11:39:00.000Z","end":"2023-10-26T11:40:00.000Z"},"country":"United Kingdom","OPM":11,"total_sales_volume":500.48999923467636,"rate_of_return":0.0}
{"window":{"start":"2023-10-23T18:44:00.000Z","end":"2023-10-23T18:45:00.000Z"},"country":"Switzerland","OPM":1,"total_sales_volume":226.15000000596046,"rate_of_return":0.0}
{"window":{"start":"2023-10-27T21:00:00.000Z","end":"2023-10-27T21:01:00.000Z"},"country":"Finland","OPM":1,"total_sales_volume":8.399999618530273,"rate_of_return":0.0}
{"window":{"start":"2023-10-25T18:06:00.000Z","end":"2023-10-25T18:07:00.000Z"},"country":"Netherlands","OPM":1,"total_sales_volume":5.0,"rate_of_return":0.0}
{"window":{"start":"2023-10-27T05:49:00.000Z","end":"2023-10-27T05:50:00.000Z"},"country":"United Kingdom","OPM":4,"total_sales_volume":324.12000012397766,"rate_of_return":0.0}
{"window":{"start":"2023-10-28T02:02:00.000Z","end":"2023-10-28T02:03:00.000Z"},"country":"Germany","OPM":1,"total_sales_volume":108.53999996185303,"rate_of_return":0.0}
{"window":{"start":"2023-10-23T21:19:00.000Z","end":"2023-10-23T21:20:00.000Z"},"country":"United Kingdom","OPM":8,"total_sales_volume":250.91999852657318,"rate_of_return":0.0}
{"window":{"start":"2023-10-24T21:00:00.000Z","end":"2023-10-24T21:01:00.000Z"},"country":"United Kingdom","OPM":11,"total_sales_volume":888.2299962341785,"rate_of_return":0.09090909090909091}
{"window":{"start":"2023-10-26T02:59:00.000Z","end":"2023-10-26T03:00:00.000Z"},"country":"United Kingdom","OPM":8,"total_sales_volume":576.9899941682816,"rate_of_return":0.0}
{"window":{"start":"2023-10-25T00:45:00.000Z","end":"2023-10-25T00:46:00.000Z"},"country":"United Kingdom","OPM":11,"total_sales_volume":1145.5900055468082,"rate_of_return":0.0}
{"window":{"start":"2023-10-24T21:36:00.000Z","end":"2023-10-24T21:37:00.000Z"},"country":"Germany","OPM":1,"total_sales_volume":27.450000286102295,"rate_of_return":0.0}
{"window":{"start":"2023-10-23T15:55:00.000Z","end":"2023-10-23T15:56:00.000Z"},"country":"France","OPM":1,"total_sales_volume":4.030000030994415,"rate_of_return":0.0}
{"window":{"start":"2023-10-25T12:00:00.000Z","end":"2023-10-25T12:01:00.000Z"},"country":"United Kingdom","OPM":8,"total_sales_volume":219.77000337839127,"rate_of_return":0.125}
{"window":{"start":"2023-10-26T00:46:00.000Z","end":"2023-10-26T00:47:00.000Z"},"country":"France","OPM":2,"total_sales_volume":641.6299788057804,"rate_of_return":0.0}
{"window":{"start":"2023-10-28T03:50:00.000Z","end":"2023-10-28T03:51:00.000Z"},"country":"United Kingdom","OPM":6,"total_sales_volume":0.04000115394592285,"rate_of_return":0.16666666666666666}
{"window":{"start":"2023-10-27T23:22:00.000Z","end":"2023-10-27T23:23:00.000Z"},"country":"Netherlands","OPM":1,"total_sales_volume":81.48999834060669,"rate_of_return":0.0}
{"window":{"start":"2023-10-27T10:52:00.000Z","end":"2023-10-27T10:53:00.000Z"},"country":"United Kingdom","OPM":6,"total_sales_volume":179.32000145316124,"rate_of_return":0.16666666666666666}
{"window":{"start":"2023-10-25T20:14:00.000Z","end":"2023-10-25T20:15:00.000Z"},"country":"United Kingdom","OPM":14,"total_sales_volume":798.1700015366077,"rate_of_return":0.0}
{"window":{"start":"2023-10-24T05:19:00.000Z","end":"2023-10-24T05:20:00.000Z"},"country":"United Kingdom","OPM":16,"total_sales_volume":309.37000074982643,"rate_of_return":0.125}
{"window":{"start":"2023-10-27T03:38:00.000Z","end":"2023-10-27T03:39:00.000Z"},"country":"United Kingdom","OPM":10,"total_sales_volume":978.8200161457062,"rate_of_return":0.1}
{"window":{"start":"2023-10-28T04:01:00.000Z","end":"2023-10-28T04:02:00.000Z"},"country":"United Kingdom","OPM":7,"total_sales_volume":173.84999918937683,"rate_of_return":0.0}
{"window":{"start":"2023-10-28T01:51:00.000Z","end":"2023-10-28T01:52:00.000Z"},"country":"France","OPM":1,"total_sales_volume":50.0,"rate_of_return":0.0}
{"window":{"start":"2023-10-23T18:34:00.000Z","end":"2023-10-23T18:35:00.000Z"},"country":"France","OPM":1,"total_sales_volume":41.299999713897705,"rate_of_return":0.0}
{"window":{"start":"2023-10-27T02:12:00.000Z","end":"2023-10-27T02:13:00.000Z"},"country":"United Kingdom","OPM":7,"total_sales_volume":541.3900033831596,"rate_of_return":0.14285714285714285}
{"window":{"start":"2023-10-23T15:54:00.000Z","end":"2023-10-23T15:55:00.000Z"},"country":"France","OPM":1,"total_sales_volume":110.4499979019165,"rate_of_return":0.0}
{"window":{"start":"2023-10-27T16:36:00.000Z","end":"2023-10-27T16:37:00.000Z"},"country":"United Kingdom","OPM":6,"total_sales_volume":198.2499986216426,"rate_of_return":0.0}
{"window":{"start":"2023-10-26T09:16:00.000Z","end":"2023-10-26T09:17:00.000Z"},"country":"United Kingdom","OPM":10,"total_sales_volume":778.1500094532967,"rate_of_return":0.0}
{"window":{"start":"2023-10-24T18:54:00.000Z","end":"2023-10-24T18:55:00.000Z"},"country":"United Kingdom","OPM":9,"total_sales_volume":217.68999993801117,"rate_of_return":0.0}
{"window":{"start":"2023-10-27T08:11:00.000Z","end":"2023-10-27T08:12:00.000Z"},"country":"United Kingdom","OPM":8,"total_sales_volume":375.48000168800354,"rate_of_return":0.125}
{"window":{"start":"2023-10-24T15:54:00.000Z","end":"2023-10-24T15:55:00.000Z"},"country":"United Kingdom","OPM":3,"total_sales_volume":177.39999997615814,"rate_of_return":0.0}
{"window":{"start":"2023-10-27T22:28:00.000Z","end":"2023-10-27T22:29:00.000Z"},"country":"EIRE","OPM":2,"total_sales_volume":126.7700001001358,"rate_of_return":0.0}
{"window":{"start":"2023-10-23T21:14:00.000Z","end":"2023-10-23T21:15:00.000Z"},"country":"EIRE","OPM":1,"total_sales_volume":-29.499999403953552,"rate_of_return":1.0}
{"window":{"start":"2023-10-25T23:20:00.000Z","end":"2023-10-25T23:21:00.000Z"},"country":"France","OPM":2,"total_sales_volume":24.209999591112137,"rate_of_return":0.0}
{"window":{"start":"2023-10-26T08:22:00.000Z","end":"2023-10-26T08:23:00.000Z"},"country":"United Kingdom","OPM":5,"total_sales_volume":189.8800004720688,"rate_of_return":0.2}
{"window":{"start":"2023-10-26T21:06:00.000Z","end":"2023-10-26T21:07:00.000Z"},"country":"Spain","OPM":1,"total_sales_volume":82.74000024795532,"rate_of_return":0.0}
{"window":{"start":"2023-10-26T11:13:00.000Z","end":"2023-10-26T11:14:00.000Z"},"country":"United Kingdom","OPM":8,"total_sales_volume":271.33999931812286,"rate_of_return":0.0}
{"window":{"start":"2023-10-25T12:40:00.000Z","end":"2023-10-25T12:41:00.000Z"},"country":"France","OPM":2,"total_sales_volume":80.45000123977661,"rate_of_return":0.0}
{"window":{"start":"2023-10-26T16:23:00.000Z","end":"2023-10-26T16:24:00.000Z"},"country":"Switzerland","OPM":1,"total_sales_volume":55.560001373291016,"rate_of_return":0.0}
{"window":{"start":"2023-10-27T16:37:00.000Z","end":"2023-10-27T16:38:00.000Z"},"country":"United Kingdom","OPM":6,"total_sales_volume":382.62999445199966,"rate_of_return":0.0}
{"window":{"start":"2023-10-26T07:22:00.000Z","end":"2023-10-26T07:23:00.000Z"},"country":"France","OPM":1,"total_sales_volume":172.65000128746033,"rate_of_return":0.0}
{"window":{"start":"2023-10-26T21:18:00.000Z","end":"2023-10-26T21:19:00.000Z"},"country":"United Kingdom","OPM":5,"total_sales_volume":977.0999943912029,"rate_of_return":0.2}
{"window":{"start":"2023-10-28T04:18:00.000Z","end":"2023-10-28T04:19:00.000Z"},"country":"Spain","OPM":1,"total_sales_volume":35.69999969005585,"rate_of_return":0.0}
{"window":{"start":"2023-10-27T16:10:00.000Z","end":"2023-10-27T16:11:00.000Z"},"country":"Cyprus","OPM":1,"total_sales_volume":17.700000286102295,"rate_of_return":0.0}
{"window":{"start":"2023-10-26T22:57:00.000Z","end":"2023-10-26T22:58:00.000Z"},"country":"United Kingdom","OPM":7,"total_sales_volume":380.67999708652496,"rate_of_return":0.0}
{"window":{"start":"2023-10-27T05:32:00.000Z","end":"2023-10-27T05:33:00.000Z"},"country":"United Kingdom","OPM":12,"total_sales_volume":421.5200029015541,"rate_of_return":0.0}
{"window":{"start":"2023-10-23T21:53:00.000Z","end":"2023-10-23T21:54:00.000Z"},"country":"United Kingdom","OPM":6,"total_sales_volume":411.7900061607361,"rate_of_return":0.16666666666666666}
{"window":{"start":"2023-10-24T08:50:00.000Z","end":"2023-10-24T08:51:00.000Z"},"country":"United Kingdom","OPM":11,"total_sales_volume":1458.7000185251236,"rate_of_return":0.0}
{"window":{"start":"2023-10-24T10:23:00.000Z","end":"2023-10-24T10:24:00.000Z"},"country":"United Kingdom","OPM":10,"total_sales_volume":608.7099984288216,"rate_of_return":0.0}
{"window":{"start":"2023-10-23T17:49:00.000Z","end":"2023-10-23T17:50:00.000Z"},"country":"Germany","OPM":1,"total_sales_volume":17.09999966621399,"rate_of_return":0.0}
{"window":{"start":"2023-10-27T10:15:00.000Z","end":"2023-10-27T10:16:00.000Z"},"country":"United Kingdom","OPM":7,"total_sales_volume":189.82000067830086,"rate_of_return":0.14285714285714285}
{"window":{"start":"2023-10-26T19:42:00.000Z","end":"2023-10-26T19:43:00.000Z"},"country":"United Kingdom","OPM":3,"total_sales_volume":164.6900007724762,"rate_of_return":0.0}
{"window":{"start":"2023-10-25T03:44:00.000Z","end":"2023-10-25T03:45:00.000Z"},"country":"EIRE","OPM":1,"total_sales_volume":86.95999908447266,"rate_of_return":0.0}
{"window":{"start":"2023-10-28T00:26:00.000Z","end":"2023-10-28T00:27:00.000Z"},"country":"Germany","OPM":2,"total_sales_volume":301.08999902009964,"rate_of_return":0.0}
{"window":{"start":"2023-10-26T03:34:00.000Z","end":"2023-10-26T03:35:00.000Z"},"country":"United Kingdom","OPM":10,"total_sales_volume":548.8199981749058,"rate_of_return":0.1}
{"window":{"start":"2023-10-24T07:39:00.000Z","end":"2023-10-24T07:40:00.000Z"},"country":"United Kingdom","OPM":6,"total_sales_volume":213.9899986386299,"rate_of_return":0.16666666666666666}
{"window":{"start":"2023-10-24T12:18:00.000Z","end":"2023-10-24T12:19:00.000Z"},"country":"United Kingdom","OPM":6,"total_sales_volume":230.38999938964844,"rate_of_return":0.0}
{"window":{"start":"2023-10-25T11:14:00.000Z","end":"2023-10-25T11:15:00.000Z"},"country":"United Kingdom","OPM":14,"total_sales_volume":959.3099923431873,"rate_of_return":0.07142857142857142}
{"window":{"start":"2023-10-27T22:46:00.000Z","end":"2023-10-27T22:47:00.000Z"},"country":"United Kingdom","OPM":9,"total_sales_volume":140.5499985218048,"rate_of_return":0.0}
