{"window":{"start":"2023-10-28T04:22:00.000Z","end":"2023-10-28T04:23:00.000Z"},"country":"Belgium","OPM":1,"total_sales_volume":8.919999718666077,"rate_of_return":0.0}
{"window":{"start":"2023-10-23T20:53:00.000Z","end":"2023-10-23T20:54:00.000Z"},"country":"France","OPM":1,"total_sales_volume":24.530000686645508,"rate_of_return":0.0}
{"window":{"start":"2023-10-28T04:18:00.000Z","end":"2023-10-28T04:19:00.000Z"},"country":"United Kingdom","OPM":6,"total_sales_volume":534.3099966049194,"rate_of_return":0.0}
{"window":{"start":"2023-10-24T14:36:00.000Z","end":"2023-10-24T14:37:00.000Z"},"country":"United Kingdom","OPM":10,"total_sales_volume":480.5099995136261,"rate_of_return":0.1}
{"window":{"start":"2023-10-24T05:37:00.000Z","end":"2023-10-24T05:38:00.000Z"},"country":"Switzerland","OPM":1,"total_sales_volume":2.950000047683716,"rate_of_return":0.0}
{"window":{"start":"2023-10-25T13:54:00.000Z","end":"2023-10-25T13:55:00.000Z"},"country":"United Kingdom","OPM":11,"total_sales_volume":530.0500057041645,"rate_of_return":0.0}
{"window":{"start":"2023-10-26T17:59:00.000Z","end":"2023-10-26T18:00:00.000Z"},"country":"United Kingdom","OPM":8,"total_sales_volume":5.749999612569809,"rate_of_return":0.25}
{"window":{"start":"2023-10-26T16:52:00.000Z","end":"2023-10-26T16:53:00.000Z"},"country":"United Kingdom","OPM":5,"total_sales_volume":114.68999147415161,"rate_of_return":0.2}
{"window":{"start":"2023-10-24T04:13:00.000Z","end":"2023-10-24T04:14:00.000Z"},"country":"United Kingdom","OPM":10,"total_sales_volume":500.04000094532967,"rate_of_return":0.1}
{"window":{"start":"2023-10-28T03:52:00.000Z","end":"2023-10-28T03:53:00.000Z"},"country":"France","OPM":1,"total_sales_volume":69.43000304698944,"rate_of_return":0.0}
{"window":{"start":"2023-10-23T22:19:00.000Z","end":"2023-10-23T22:20:00.000Z"},"country":"European Community","OPM":1,"total_sales_volume":13.520000457763672,"rate_of_return":0.0}
{"window":{"start":"2023-10-23T15:00:00.000Z","end":"2023-10-23T15:01:00.000Z"},"country":"United Kingdom","OPM":8,"total_sales_volume":379.9699953198433,"rate_of_return":0.0}
{"window":{"start":"2023-10-27T10:00:00.000Z","end":"2023-10-27T10:01:00.000Z"},"country":"United Kingdom","OPM":5,"total_sales_volume":131.59999525547028,"rate_of_return":0.2}
{"window":{"start":"2023-10-27T21:45:00.000Z","end":"2023-10-27T21:46:00.000Z"},"country":"Australia","OPM":1,"total_sales_volume":8.670000314712524,"rate_of_return":0.0}
{"window":{"start":"2023-10-23T19:18:00.000Z","end":"2023-10-23T19:19:00.000Z"},"country":"Belgium","OPM":1,"total_sales_volume":60.60000121593475,"rate_of_return":0.0}
{"window":{"start":"2023-10-24T10:02:00.000Z","end":"2023-10-24T10:03:00.000Z"},"country":"Japan","OPM":1,"total_sales_volume":94.46000099182129,"rate_of_return":0.0}
{"window":{"start":"2023-10-25T08:14:00.000Z","end":"2023-10-25T08:15:00.000Z"},"country":"United Kingdom","OPM":7,"total_sales_volume":189.68999874591827,"rate_of_return":0.0}
{"window":{"start":"2023-10-23T17:46:00.000Z","end":"2023-10-23T17:47:00.000Z"},"country":"Germany","OPM":1,"total_sales_volume":72.47000050544739,"rate_of_return":0.0}
{"window":{"start":"2023-10-26T16:57:00.000Z","end":"2023-10-26T16:58:00.000Z"},"country":"United Kingdom","OPM":9,"total_sales_volume":341.4299984872341,"rate_of_return":0.0}
{"window":{"start":"2023-10-25T19:56:00.000Z","end":"2023-10-25T19:57:00.000Z"},"country":"France","OPM":1,"total_sales_volume":19.799999713897705,"rate_of_return":0.0}
{"window":{"start":"2023-10-23T21:39:00.000Z","end":"2023-10-23T21:40:00.000Z"},"country":"United Kingdom","OPM":12,"total_sales_volume":421.0199954509735,"rate_of_return":0.0}
{"window":{"start":"2023-10-24T04:18:00.000Z","end":"2023-10-24T04:19:00.000Z"},"country":"United Kingdom","OPM":6,"total_sales_volume":348.6100002527237,"rate_of_return":0.0}
{"window":{"start":"2023-10-24T12:15:00.000Z","end":"2023-10-24T12:16:00.000Z"},"country":"United Kingdom","OPM":11,"total_sales_volume":1008.10001334548,"rate_of_return":0.0}
{"window":{"start":"2023-10-26T17:18:00.000Z","end":"2023-10-26T17:19:00.000Z"},"country":"EIRE","OPM":1,"total_sales_volume":17.399999380111694,"rate_of_return":0.0}
{"window":{"start":"2023-10-24T22:22:00.000Z","end":"2023-10-24T22:23:00.000Z"},"country":"United Kingdom","OPM":13,"total_sales_volume":937.2199994921684,"rate_of_return":0.07692307692307693}
{"window":{"start":"2023-10-26T02:39:00.000Z","end":"2023-10-26T02:40:00.000Z"},"country":"United Kingdom","OPM":8,"total_sales_volume":331.87999349832535,"rate_of_return":0.125}
{"window":{"start":"2023-10-26T13:55:00.000Z","end":"2023-10-26T13:56:00.000Z"},"country":"United Kingdom","OPM":6,"total_sales_volume":168.65999799966812,"rate_of_return":0.0}
{"window":{"start":"2023-10-28T04:55:00.000Z","end":"2023-10-28T04:56:00.000Z"},"country":"United Kingdom","OPM":9,"total_sales_volume":897.3999793827534,"rate_of_return":0.0}
{"window":{"start":"2023-10-28T03:41:00.000Z","end":"2023-10-28T03:42:00.000Z"},"country":"United Kingdom","OPM":7,"total_sales_volume":357.7700004577637,"rate_of_return":0.0}
{"window":{"start":"2023-10-24T16:56:00.000Z","end":"2023-10-24T16:57:00.000Z"},"country":"France","OPM":1,"total_sales_volume":166.89000272750854,"rate_of_return":0.0}
{"window":{"start":"2023-10-26T13:12:00.000Z","end":"2023-10-26T13:13:00.000Z"},"country":"United Kingdom","OPM":15,"total_sales_volume":500.1599940210581,"rate_of_return":0.06666666666666667}
{"window":{"start":"2023-10-27T02:50:00.000Z","end":"2023-10-27T02:51:00.000Z"},"country":"United Kingdom","OPM":13,"total_sales_volume":602.8399902135134,"rate_of_return":0.0}
{"window":{"start":"2023-10-27T22:27:00.000Z","end":"2023-10-27T22:28:00.000Z"},"country":"United Kingdom","OPM":8,"total_sales_volume":439.26999670267105,"rate_of_return":0.0}
{"window":{"start":"2023-10-26T09:02:00.000Z","end":"2023-10-26T09:03:00.000Z"},"country":"Finland","OPM":1,"total_sales_volume":13.809999942779541,"rate_of_return":0.0}
{"window":{"start":"2023-10-25T23:39:00.000Z","end":"2023-10-25T23:40:00.000Z"},"country":"United Kingdom","OPM":5,"total_sales_volume":371.759999781847,"rate_of_return":0.0}
{"window":{"start":"2023-10-26T12:43:00.000Z","end":"2023-10-26T12:44:00.000Z"},"country":"United Kingdom","OPM":17,"total_sales_volume":1137.0499984622002,"rate_of_return":0.0}
{"window":{"start":"2023-10-23T17:35:00.000Z","end":"2023-10-23T17:36:00.000Z"},"country":"United Kingdom","OPM":4,"total_sales_volume":188.97999894618988,"rate_of_return":0.25}
{"window":{"start":"2023-10-26T12:16:00.000Z","end":"2023-10-26T12:17:00.000Z"},"country":"EIRE","OPM":1,"total_sales_volume":6.649999916553497,"rate_of_return":0.0}
{"window":{"start":"2023-10-27T23:22:00.000Z","end":"2023-10-27T23:23:00.000Z"},"country":"United Kingdom","OPM":8,"total_sales_volume":307.94999983906746,"rate_of_return":0.125}
{"window":{"start":"2023-10-23T13:37:00.000Z","end":"2023-10-23T13:38:00.000Z"},"country":"United Kingdom","OPM":7,"total_sales_volume":254.16000118851662,"rate_of_return":0.14285714285714285}
{"window":{"start":"2023-10-25T00:28:00.000Z","end":"2023-10-25T00:29:00.000Z"},"country":"United Kingdom","OPM":8,"total_sales_volume":414.2899965643883,"rate_of_return":0.0}
{"window":{"start":"2023-10-24T00:58:00.000Z","end":"2023-10-24T00:59:00.000Z"},"country":"EIRE","OPM":2,"total_sales_volume":142.50999775528908,"rate_of_return":0.0}
{"window":{"start":"2023-10-24T03:50:00.000Z","end":"2023-10-24T03:51:00.000Z"},"country":"United Kingdom","OPM":8,"total_sales_volume":868.9799890518188,"rate_of_return":0.0}
{"window":{"start":"2023-10-27T19:21:00.000Z","end":"2023-10-27T19:22:00.000Z"},"country":"France","OPM":1,"total_sales_volume":448.5699999332428,"rate_of_return":0.0}
{"window":{"start":"2023-10-27T14:35:00.000Z","end":"2023-10-27T14:36:00.000Z"},"country":"United Kingdom","OPM":10,"total_sales_volume":145.64000049233437,"rate_of_return":0.1}
{"window":{"start":"2023-10-27T23:45:00.000Z","end":"2023-10-27T23:46:00.000Z"},"country":"United Kingdom","OPM":10,"total_sales_volume":568.5999991595745,"rate_of_return":0.0}
{"window":{"start":"2023-10-24T20:47:00.000Z","end":"2023-10-24T20:48:00.000Z"},"country":"United Kingdom","OPM":13,"total_sales_volume":201.0399987399578,"rate_of_return":0.23076923076923078}
{"window":{"start":"2023-10-27T03:23:00.000Z","end":"2023-10-27T03:24:00.000Z"},"country":"United Kingdom","OPM":4,"total_sales_volume":399.50999969244003,"rate_of_return":0.0}
{"window":{"start":"2023-10-26T10:21:00.000Z","end":"2023-10-26T10:22:00.000Z"},"country":"United Kingdom","OPM":7,"total_sales_volume":448.1499965786934,"rate_of_return":0.0}
{"window":{"start":"2023-10-26T22:45:00.000Z","end":"2023-10-26T22:46:00.000Z"},"country":"United Kingdom","OPM":15,"total_sales_volume":599.7499953210354,"rate_of_return":0.06666666666666667}
{"window":{"start":"2023-10-24T18:02:00.000Z","end":"2023-10-24T18:03:00.000Z"},"country":"Netherlands","OPM":1,"total_sales_volume":5.909999847412109,"rate_of_return":0.0}
{"window":{"start":"2023-10-25T00:16:00.000Z","end":"2023-10-25T00:17:00.000Z"},"country":"United Kingdom","OPM":9,"total_sales_volume":1038.5400019288063,"rate_of_return":0.0}
{"window":{"start":"2023-10-26T17:08:00.000Z","end":"2023-10-26T17:09:00.000Z"},"country":"United Kingdom","OPM":11,"total_sales_volume":462.92999640107155,"rate_of_return":0.09090909090909091}
{"window":{"start":"2023-10-27T11:16:00.000Z","end":"2023-10-27T11:17:00.000Z"},"country":"Germany","OPM":1,"total_sales_volume":476.6499824523926,"rate_of_return":0.0}
{"window":{"start":"2023-10-25T02:28:00.000Z","end":"2023-10-25T02:29:00.000Z"},"country":"Finland","OPM":1,"total_sales_volume":40.53999924659729,"rate_of_return":0.0}
{"window":{"start":"2023-10-26T04:42:00.000Z","end":"2023-10-26T04:43:00.000Z"},"country":"EIRE","OPM":1,"total_sales_volume":241.13999491930008,"rate_of_return":0.0}
{"window":{"start":"2023-10-26T11:15:00.000Z","end":"2023-10-26T11:16:00.000Z"},"country":"United Kingdom","OPM":9,"total_sales_volume":1130.1199985444546,"rate_of_return":0.0}
{"window":{"start":"2023-10-24T20:58:00.000Z","end":"2023-10-24T20:59:00.000Z"},"country":"United Kingdom","OPM":8,"total_sales_volume":1141.289976477623,"rate_of_return":0.0}
{"window":{"start":"2023-10-26T15:48:00.000Z","end":"2023-10-26T15:49:00.000Z"},"country":"Denmark","OPM":1,"total_sales_volume":25.630000710487366,"rate_of_return":0.0}
{"window":{"start":"2023-10-27T20:00:00.000Z","end":"2023-10-27T20:01:00.000Z"},"country":"United Kingdom","OPM":6,"total_sales_volume":-81.6599988937378,"rate_of_return":0.16666666666666666}
{"window":{"start":"2023-10-25T17:46:00.000Z","end":"2023-10-25T17:47:00.000Z"},"country":"United Kingdom","OPM":10,"total_sales_volume":205.52999764680862,"rate_of_return":0.0}
