{"window":{"start":"2023-10-28T03:30:00.000Z","end":"2023-10-28T03:31:00.000Z"},"country":"Germany","OPM":1,"total_sales_volume":18.680000066757202,"rate_of_return":0.0}
{"window":{"start":"2023-10-27T18:25:00.000Z","end":"2023-10-27T18:26:00.000Z"},"country":"United Kingdom","OPM":9,"total_sales_volume":1137.2699771523476,"rate_of_return":0.1111111111111111}
{"window":{"start":"2023-10-27T03:58:00.000Z","end":"2023-10-27T03:59:00.000Z"},"country":"Netherlands","OPM":1,"total_sales_volume":58.549998909235,"rate_of_return":0.0}
{"window":{"start":"2023-10-25T23:02:00.000Z","end":"2023-10-25T23:03:00.000Z"},"country":"United Kingdom","OPM":10,"total_sales_volume":566.7300069630146,"rate_of_return":0.1}
{"window":{"start":"2023-10-25T05:03:00.000Z","end":"2023-10-25T05:04:00.000Z"},"country":"Germany","OPM":1,"total_sales_volume":150.3099998831749,"rate_of_return":0.0}
{"window":{"start":"2023-10-26T21:46:00.000Z","end":"2023-10-26T21:47:00.000Z"},"country":"United Kingdom","OPM":8,"total_sales_volume":697.2399997711182,"rate_of_return":0.125}
{"window":{"start":"2023-10-24T11:29:00.000Z","end":"2023-10-24T11:30:00.000Z"},"country":"Germany","OPM":1,"total_sales_volume":13.750000238418579,"rate_of_return":0.0}
{"window":{"start":"2023-10-27T13:52:00.000Z","end":"2023-10-27T13:53:00.000Z"},"country":"United Kingdom","OPM":7,"total_sales_volume":255.7099975347519,"rate_of_return":0.0}
{"window":{"start":"2023-10-25T04:12:00.000Z","end":"2023-10-25T04:13:00.000Z"},"country":"EIRE","OPM":1,"total_sales_volume":25.0,"rate_of_return":0.0}
{"window":{"start":"2023-10-27T04:27:00.000Z","end":"2023-10-27T04:28:00.000Z"},"country":"Belgium","OPM":1,"total_sales_volume":32.269999504089355,"rate_of_return":0.0}
{"window":{"start":"2023-10-23T20:10:00.000Z","end":"2023-10-23T20:11:00.000Z"},"country":"United Kingdom","OPM":12,"total_sales_volume":1685.7499967217445,"rate_of_return":0.0}
{"window":{"start":"2023-10-24T09:38:00.000Z","end":"2023-10-24T09:39:00.000Z"},"country":"United Kingdom","OPM":11,"total_sales_volume":939.7599809169769,"rate_of_return":0.09090909090909091}
{"window":{"start":"2023-10-24T03:32:00.000Z","end":"2023-10-24T03:33:00.000Z"},"country":"United Kingdom","OPM":5,"total_sales_volume":317.5299943983555,"rate_of_return":0.0}
{"window":{"start":"2023-10-27T10:44:00.000Z","end":"2023-10-27T10:45:00.000Z"},"country":"Germany","OPM":1,"total_sales_volume":25.660000801086426,"rate_of_return":0.0}
{"window":{"start":"2023-10-26T00:35:00.000Z","end":"2023-10-26T00:36:00.000Z"},"country":"United Kingdom","OPM":11,"total_sales_volume":380.2599946260452,"rate_of_return":0.0}
{"window":{"start":"2023-10-24T09:49:00.000Z","end":"2023-10-24T09:50:00.000Z"},"country":"Austria","OPM":1,"total_sales_volume":220.72999268770218,"rate_of_return":0.0}
{"window":{"start":"2023-10-24T16:32:00.000Z","end":"2023-10-24T16:33:00.000Z"},"country":"France","OPM":1,"total_sales_volume":17.700000286102295,"rate_of_return":0.0}
{"window":{"start":"2023-10-24T00:03:00.000Z","end":"2023-10-24T00:04:00.000Z"},"country":"European Community","OPM":1,"total_sales_volume":53.23000031709671,"rate_of_return":0.0}
{"window":{"start":"2023-10-28T02:43:00.000Z","end":"2023-10-28T02:44:00.000Z"},"country":"France","OPM":1,"total_sales_volume":120.86999928951263,"rate_of_return":0.0}
{"window":{"start":"2023-10-27T11:13:00.000Z","end":"2023-10-27T11:14:00.000Z"},"country":"EIRE","OPM":1,"total_sales_volume":63.54999923706055,"rate_of_return":0.0}
{"window":{"start":"2023-10-26T09:28:00.000Z","end":"2023-10-26T09:29:00.000Z"},"country":"United Kingdom","OPM":13,"total_sales_volume":431.81999909877777,"rate_of_return":0.0}
{"window":{"start":"2023-10-27T20:29:00.000Z","end":"2023-10-27T20:30:00.000Z"},"country":"United Kingdom","OPM":12,"total_sales_volume":805.5299918949604,"rate_of_return":0.08333333333333333}
{"window":{"start":"2023-10-24T23:19:00.000Z","end":"2023-10-24T23:20:00.000Z"},"country":"France","OPM":1,"total_sales_volume":53.03000169992447,"rate_of_return":0.0}
{"window":{"start":"2023-10-25T03:02:00.000Z","end":"2023-10-25T03:03:00.000Z"},"country":"United Kingdom","OPM":8,"total_sales_volume":397.8099980354309,"rate_of_return":0.0}
{"window":{"start":"2023-10-25T16:35:00.000Z","end":"2023-10-25T16:36:00.000Z"},"country":"Germany","OPM":1,"total_sales_volume":22.309999704360962,"rate_of_return":0.0}
{"window":{"start":"2023-10-24T05:26:00.000Z","end":"2023-10-24T05:27:00.000Z"},"country":"United Kingdom","OPM":13,"total_sales_volume":768.7199917733669,"rate_of_return":0.15384615384615385}
{"window":{"start":"2023-10-27T23:32:00.000Z","end":"2023-10-27T23:33:00.000Z"},"country":"Netherlands","OPM":1,"total_sales_volume":34.65999984741211,"rate_of_return":0.0}
{"window":{"start":"2023-10-26T03:24:00.000Z","end":"2023-10-26T03:25:00.000Z"},"country":"United Kingdom","OPM":5,"total_sales_volume":473.7099986374378,"rate_of_return":0.0}
{"window":{"start":"2023-10-27T09:49:00.000Z","end":"2023-10-27T09:50:00.000Z"},"country":"United Kingdom","OPM":12,"total_sales_volume":581.4700022041798,"rate_of_return":0.0}
{"window":{"start":"2023-10-25T03:22:00.000Z","end":"2023-10-25T03:23:00.000Z"},"country":"Norway","OPM":2,"total_sales_volume":55.28999987244606,"rate_of_return":0.0}
{"window":{"start":"2023-10-27T07:05:00.000Z","end":"2023-10-27T07:06:00.000Z"},"country":"Germany","OPM":1,"total_sales_volume":22.899999618530273,"rate_of_return":0.0}
{"window":{"start":"2023-10-28T03:16:00.000Z","end":"2023-10-28T03:17:00.000Z"},"country":"Norway","OPM":1,"total_sales_volume":32.799999713897705,"rate_of_return":0.0}
{"window":{"start":"2023-10-23T23:34:00.000Z","end":"2023-10-23T23:35:00.000Z"},"country":"United Kingdom","OPM":10,"total_sales_volume":402.7400006353855,"rate_of_return":0.0}
{"window":{"start":"2023-10-23T22:09:00.000Z","end":"2023-10-23T22:10:00.000Z"},"country":"United Kingdom","OPM":11,"total_sales_volume":408.869997382164,"rate_of_return":0.09090909090909091}
{"window":{"start":"2023-10-25T12:15:00.000Z","end":"2023-10-25T12:16:00.000Z"},"country":"United Kingdom","OPM":5,"total_sales_volume":263.62000119686127,"rate_of_return":0.0}
{"window":{"start":"2023-10-23T16:36:00.000Z","end":"2023-10-23T16:37:00.000Z"},"country":"France","OPM":1,"total_sales_volume":2.0999999046325684,"rate_of_return":0.0}
{"window":{"start":"2023-10-27T10:22:00.000Z","end":"2023-10-27T10:23:00.000Z"},"country":"United Kingdom","OPM":12,"total_sales_volume":1143.0900106430054,"rate_of_return":0.0}
{"window":{"start":"2023-10-24T06:15:00.000Z","end":"2023-10-24T06:16:00.000Z"},"country":"Spain","OPM":1,"total_sales_volume":120.2399999499321,"rate_of_return":0.0}
{"window":{"start":"2023-10-26T08:19:00.000Z","end":"2023-10-26T08:20:00.000Z"},"country":"United Kingdom","OPM":11,"total_sales_volume":706.5399901866913,"rate_of_return":0.09090909090909091}
{"window":{"start":"2023-10-25T02:29:00.000Z","end":"2023-10-25T02:30:00.000Z"},"country":"France","OPM":1,"total_sales_volume":320.3299937546253,"rate_of_return":0.0}
{"window":{"start":"2023-10-24T20:44:00.000Z","end":"2023-10-24T20:45:00.000Z"},"country":"Germany","OPM":1,"total_sales_volume":29.84999942779541,"rate_of_return":0.0}
{"window":{"start":"2023-10-23T16:53:00.000Z","end":"2023-10-23T16:54:00.000Z"},"country":"United Kingdom","OPM":4,"total_sales_volume":172.8099992275238,"rate_of_return":0.25}
{"window":{"start":"2023-10-27T06:19:00.000Z","end":"2023-10-27T06:20:00.000Z"},"country":"France","OPM":1,"total_sales_volume":20.09000015258789,"rate_of_return":0.0}
{"window":{"start":"2023-10-25T09:32:00.000Z","end":"2023-10-25T09:33:00.000Z"},"country":"United Kingdom","OPM":5,"total_sales_volume":116.08999943733215,"rate_of_return":0.2}
{"window":{"start":"2023-10-27T04:48:00.000Z","end":"2023-10-27T04:49:00.000Z"},"country":"United Kingdom","OPM":10,"total_sales_volume":342.38999688625336,"rate_of_return":0.0}
{"window":{"start":"2023-10-26T16:58:00.000Z","end":"2023-10-26T16:59:00.000Z"},"country":"France","OPM":1,"total_sales_volume":40.72000089287758,"rate_of_return":0.0}
{"window":{"start":"2023-10-28T04:10:00.000Z","end":"2023-10-28T04:11:00.000Z"},"country":"United Kingdom","OPM":9,"total_sales_volume":397.7700024843216,"rate_of_return":0.1111111111111111}
{"window":{"start":"2023-10-23T19:42:00.000Z","end":"2023-10-23T19:43:00.000Z"},"country":"United Kingdom","OPM":8,"total_sales_volume":296.8699938058853,"rate_of_return":0.125}
{"window":{"start":"2023-10-24T21:50:00.000Z","end":"2023-10-24T21:51:00.000Z"},"country":"United Kingdom","OPM":15,"total_sales_volume":1492.9700129330158,"rate_of_return":0.0}
{"window":{"start":"2023-10-27T09:34:00.000Z","end":"2023-10-27T09:35:00.000Z"},"country":"Norway","OPM":1,"total_sales_volume":163.95000344514847,"rate_of_return":0.0}
{"window":{"start":"2023-10-25T07:06:00.000Z","end":"2023-10-25T07:07:00.000Z"},"country":"Channel Islands","OPM":1,"total_sales_volume":9.800000190734863,"rate_of_return":0.0}
{"window":{"start":"2023-10-27T13:15:00.000Z","end":"2023-10-27T13:16:00.000Z"},"country":"Germany","OPM":1,"total_sales_volume":1272.5099835395813,"rate_of_return":0.0}
{"window":{"start":"2023-10-25T15:44:00.000Z","end":"2023-10-25T15:45:00.000Z"},"country":"EIRE","OPM":1,"total_sales_volume":19.289999783039093,"rate_of_return":0.0}
{"window":{"start":"2023-10-24T05:07:00.000Z","end":"2023-10-24T05:08:00.000Z"},"country":"EIRE","OPM":1,"total_sales_volume":34.91999888420105,"rate_of_return":0.0}
