{"window":{"start":"2023-10-26T14:20:00.000Z","end":"2023-10-26T14:21:00.000Z"},"country":"United Kingdom","OPM":17,"total_sales_volume":1513.4399990141392,"rate_of_return":0.0}
{"window":{"start":"2023-10-24T15:35:00.000Z","end":"2023-10-24T15:36:00.000Z"},"country":"United Kingdom","OPM":8,"total_sales_volume":956.3000059723854,"rate_of_return":0.0}
{"window":{"start":"2023-10-24T03:08:00.000Z","end":"2023-10-24T03:09:00.000Z"},"country":"Spain","OPM":2,"total_sales_volume":25.750000476837158,"rate_of_return":0.5}
{"window":{"start":"2023-10-26T18:10:00.000Z","end":"2023-10-26T18:11:00.000Z"},"country":"United Kingdom","OPM":4,"total_sales_volume":3.490001082420349,"rate_of_return":0.25}
{"window":{"start":"2023-10-27T06:54:00.000Z","end":"2023-10-27T06:55:00.000Z"},"country":"United Kingdom","OPM":13,"total_sales_volume":812.2699920237064,"rate_of_return":0.15384615384615385}
{"window":{"start":"2023-10-27T18:33:00.000Z","end":"2023-10-27T18:34:00.000Z"},"country":"United Kingdom","OPM":13,"total_sales_volume":651.1400035619736,"rate_of_return":0.15384615384615385}
{"window":{"start":"2023-10-24T18:17:00.000Z","end":"2023-10-24T18:18:00.000Z"},"country":"Germany","OPM":1,"total_sales_volume":35.089999973773956,"rate_of_return":0.0}
{"window":{"start":"2023-10-24T07:35:00.000Z","end":"2023-10-24T07:36:00.000Z"},"country":"United Kingdom","OPM":12,"total_sales_volume":648.189994841814,"rate_of_return":0.0}
{"window":{"start":"2023-10-26T14:34:00.000Z","end":"2023-10-26T14:35:00.000Z"},"country":"Netherlands","OPM":1,"total_sales_volume":19.399999976158142,"rate_of_return":0.0}
{"window":{"start":"2023-10-27T06:49:00.000Z","end":"2023-10-27T06:50:00.000Z"},"country":"United Kingdom","OPM":10,"total_sales_volume":481.79998925328255,"rate_of_return":0.1}
{"window":{"start":"2023-10-24T00:14:00.000Z","end":"2023-10-24T00:15:00.000Z"},"country":"Australia","OPM":1,"total_sales_volume":72.55000105500221,"rate_of_return":0.0}
{"window":{"start":"2023-10-25T10:09:00.000Z","end":"2023-10-25T10:10:00.000Z"},"country":"United Kingdom","OPM":15,"total_sales_volume":446.0599963963032,"rate_of_return":0.26666666666666666}
{"window":{"start":"2023-10-28T02:49:00.000Z","end":"2023-10-28T02:50:00.000Z"},"country":"Austria","OPM":1,"total_sales_volume":14.129999697208405,"rate_of_return":0.0}
{"window":{"start":"2023-10-25T13:08:00.000Z","end":"2023-10-25T13:09:00.000Z"},"country":"France","OPM":1,"total_sales_volume":187.92999958992004,"rate_of_return":0.0}
{"window":{"start":"2023-10-25T23:05:00.000Z","end":"2023-10-25T23:06:00.000Z"},"country":"Australia","OPM":1,"total_sales_volume":173.1800001859665,"rate_of_return":0.0}
{"window":{"start":"2023-10-24T22:41:00.000Z","end":"2023-10-24T22:42:00.000Z"},"country":"United Kingdom","OPM":11,"total_sales_volume":944.9499917924404,"rate_of_return":0.0}
{"window":{"start":"2023-10-27T16:08:00.000Z","end":"2023-10-27T16:09:00.000Z"},"country":"United Kingdom","OPM":13,"total_sales_volume":699.9299980998039,"rate_of_return":0.0}
{"window":{"start":"2023-10-23T16:30:00.000Z","end":"2023-10-23T16:31:00.000Z"},"country":"Spain","OPM":1,"total_sales_volume":153.93000304698944,"rate_of_return":0.0}
{"window":{"start":"2023-10-24T22:39:00.000Z","end":"2023-10-24T22:40:00.000Z"},"country":"EIRE","OPM":1,"total_sales_volume":47.260000228881836,"rate_of_return":0.0}
{"window":{"start":"2023-10-25T17:19:00.000Z","end":"2023-10-25T17:20:00.000Z"},"country":"Portugal","OPM":1,"total_sales_volume":15.180000185966492,"rate_of_return":0.0}
{"window":{"start":"2023-10-25T05:35:00.000Z","end":"2023-10-25T05:36:00.000Z"},"country":"United Kingdom","OPM":7,"total_sales_volume":920.4499917924404,"rate_of_return":0.0}
{"window":{"start":"2023-10-26T18:17:00.000Z","end":"2023-10-26T18:18:00.000Z"},"country":"United Kingdom","OPM":14,"total_sales_volume":861.3899994194508,"rate_of_return":0.0}
{"window":{"start":"2023-10-28T05:12:00.000Z","end":"2023-10-28T05:13:00.000Z"},"country":"United Kingdom","OPM":12,"total_sales_volume":1211.8300080001354,"rate_of_return":0.08333333333333333}
{"window":{"start":"2023-10-24T10:16:00.000Z","end":"2023-10-24T10:17:00.000Z"},"country":"United Kingdom","OPM":9,"total_sales_volume":685.6299965083599,"rate_of_return":0.0}
{"window":{"start":"2023-10-26T15:23:00.000Z","end":"2023-10-26T15:24:00.000Z"},"country":"United Kingdom","OPM":5,"total_sales_volume":168.53999838232994,"rate_of_return":0.0}
{"window":{"start":"2023-10-24T09:46:00.000Z","end":"2023-10-24T09:47:00.000Z"},"country":"United Kingdom","OPM":5,"total_sales_volume":548.3400003015995,"rate_of_return":0.0}
{"window":{"start":"2023-10-27T07:20:00.000Z","end":"2023-10-27T07:21:00.000Z"},"country":"United Kingdom","OPM":8,"total_sales_volume":136.81999760866165,"rate_of_return":0.0}
{"window":{"start":"2023-10-27T15:56:00.000Z","end":"2023-10-27T15:57:00.000Z"},"country":"United Kingdom","OPM":7,"total_sales_volume":206.52999755740166,"rate_of_return":0.0}
{"window":{"start":"2023-10-27T21:20:00.000Z","end":"2023-10-27T21:21:00.000Z"},"country":"United Kingdom","OPM":15,"total_sales_volume":804.9599999189377,"rate_of_return":0.06666666666666667}
{"window":{"start":"2023-10-26T08:32:00.000Z","end":"2023-10-26T08:33:00.000Z"},"country":"United Kingdom","OPM":8,"total_sales_volume":175.9600004553795,"rate_of_return":0.125}
{"window":{"start":"2023-10-27T11:21:00.000Z","end":"2023-10-27T11:22:00.000Z"},"country":"United Kingdom","OPM":8,"total_sales_volume":197.70999988913536,"rate_of_return":0.125}
{"window":{"start":"2023-10-24T22:03:00.000Z","end":"2023-10-24T22:04:00.000Z"},"country":"Germany","OPM":1,"total_sales_volume":-15.899999618530273,"rate_of_return":1.0}
{"window":{"start":"2023-10-26T22:05:00.000Z","end":"2023-10-26T22:06:00.000Z"},"country":"EIRE","OPM":1,"total_sales_volume":5.789999961853027,"rate_of_return":0.0}
{"window":{"start":"2023-10-25T22:53:00.000Z","end":"2023-10-25T22:54:00.000Z"},"country":"United Kingdom","OPM":14,"total_sales_volume":252.59999972581863,"rate_of_return":0.07142857142857142}
{"window":{"start":"2023-10-24T19:56:00.000Z","end":"2023-10-24T19:57:00.000Z"},"country":"United Kingdom","OPM":16,"total_sales_volume":706.4699978232384,"rate_of_return":0.125}
{"window":{"start":"2023-10-27T07:33:00.000Z","end":"2023-10-27T07:34:00.000Z"},"country":"United Kingdom","OPM":14,"total_sales_volume":946.1499949395657,"rate_of_return":0.0}
{"window":{"start":"2023-10-25T21:32:00.000Z","end":"2023-10-25T21:33:00.000Z"},"country":"United Kingdom","OPM":10,"total_sales_volume":993.539989233017,"rate_of_return":0.0}
{"window":{"start":"2023-10-25T14:41:00.000Z","end":"2023-10-25T14:42:00.000Z"},"country":"United Kingdom","OPM":8,"total_sales_volume":249.47999835014343,"rate_of_return":0.125}
{"window":{"start":"2023-10-24T19:19:00.000Z","end":"2023-10-24T19:20:00.000Z"},"country":"United Kingdom","OPM":8,"total_sales_volume":380.0399975180626,"rate_of_return":0.125}
{"window":{"start":"2023-10-26T14:26:00.000Z","end":"2023-10-26T14:27:00.000Z"},"country":"Australia","OPM":1,"total_sales_volume":59.09999966621399,"rate_of_return":0.0}
{"window":{"start":"2023-10-24T05:18:00.000Z","end":"2023-10-24T05:19:00.000Z"},"country":"Belgium","OPM":1,"total_sales_volume":2.5,"rate_of_return":0.0}
{"window":{"start":"2023-10-26T03:36:00.000Z","end":"2023-10-26T03:37:00.000Z"},"country":"France","OPM":1,"total_sales_volume":-54.30999994277954,"rate_of_return":1.0}
{"window":{"start":"2023-10-26T14:58:00.000Z","end":"2023-10-26T14:59:00.000Z"},"country":"France","OPM":1,"total_sales_volume":124.48999899625778,"rate_of_return":0.0}
{"window":{"start":"2023-10-26T10:20:00.000Z","end":"2023-10-26T10:21:00.000Z"},"country":"Channel Islands","OPM":1,"total_sales_volume":81.27000021934509,"rate_of_return":0.0}
{"window":{"start":"2023-10-24T20:01:00.000Z","end":"2023-10-24T20:02:00.000Z"},"country":"United Kingdom","OPM":8,"total_sales_volume":564.5699961185455,"rate_of_return":0.0}
{"window":{"start":"2023-10-28T05:22:00.000Z","end":"2023-10-28T05:23:00.000Z"},"country":"United Kingdom","OPM":7,"total_sales_volume":531.3799970448017,"rate_of_return":0.0}
{"window":{"start":"2023-10-27T13:56:00.000Z","end":"2023-10-27T13:57:00.000Z"},"country":"United Kingdom","OPM":15,"total_sales_volume":627.3899957835674,"rate_of_return":0.0}
{"window":{"start":"2023-10-24T14:47:00.000Z","end":"2023-10-24T14:48:00.000Z"},"country":"United Kingdom","OPM":9,"total_sales_volume":563.4999887049198,"rate_of_return":0.0}
{"window":{"start":"2023-10-25T10:01:00.000Z","end":"2023-10-25T10:02:00.000Z"},"country":"United Kingdom","OPM":15,"total_sales_volume":1644.7799757421017,"rate_of_return":0.0}
{"window":{"start":"2023-10-24T07:26:00.000Z","end":"2023-10-24T07:27:00.000Z"},"country":"France","OPM":1,"total_sales_volume":13.460000038146973,"rate_of_return":0.0}
{"window":{"start":"2023-10-26T06:16:00.000Z","end":"2023-10-26T06:17:00.000Z"},"country":"United Kingdom","OPM":10,"total_sales_volume":1330.420013062656,"rate_of_return":0.0}
{"window":{"start":"2023-10-26T02:43:00.000Z","end":"2023-10-26T02:44:00.000Z"},"country":"Germany","OPM":1,"total_sales_volume":94.06000119447708,"rate_of_return":0.0}
{"window":{"start":"2023-10-27T15:18:00.000Z","end":"2023-10-27T15:19:00.000Z"},"country":"United Kingdom","OPM":16,"total_sales_volume":639.8799985051155,"rate_of_return":0.0}
{"window":{"start":"2023-10-27T09:54:00.000Z","end":"2023-10-27T09:55:00.000Z"},"country":"United Kingdom","OPM":12,"total_sales_volume":755.1500012874603,"rate_of_return":0.08333333333333333}
{"window":{"start":"2023-10-23T23:11:00.000Z","end":"2023-10-23T23:12:00.000Z"},"country":"United Kingdom","OPM":13,"total_sales_volume":1272.8999974131584,"rate_of_return":0.15384615384615385}
{"window":{"start":"2023-10-25T04:44:00.000Z","end":"2023-10-25T04:45:00.000Z"},"country":"Greece","OPM":1,"total_sales_volume":98.14000004529953,"rate_of_return":0.0}
{"window":{"start":"2023-10-23T16:51:00.000Z","end":"2023-10-23T16:52:00.000Z"},"country":"United Kingdom","OPM":14,"total_sales_volume":1324.6299796402454,"rate_of_return":0.07142857142857142}
{"window":{"start":"2023-10-27T02:45:00.000Z","end":"2023-10-27T02:46:00.000Z"},"country":"United Kingdom","OPM":8,"total_sales_volume":600.63999158144,"rate_of_return":0.0}
{"window":{"start":"2023-10-26T00:12:00.000Z","end":"2023-10-26T00:13:00.000Z"},"country":"Australia","OPM":1,"total_sales_volume":25.309999704360962,"rate_of_return":0.0}
{"window":{"start":"2023-10-25T19:47:00.000Z","end":"2023-10-25T19:48:00.000Z"},"country":"Cyprus","OPM":1,"total_sales_volume":246.7999963760376,"rate_of_return":0.0}
{"window":{"start":"2023-10-25T15:25:00.000Z","end":"2023-10-25T15:26:00.000Z"},"country":"United Kingdom","OPM":6,"total_sales_volume":418.599995136261,"rate_of_return":0.0}
{"window":{"start":"2023-10-26T15:04:00.000Z","end":"2023-10-26T15:05:00.000Z"},"country":"Finland","OPM":1,"total_sales_volume":75.50000095367432,"rate_of_return":0.0}
{"window":{"start":"2023-10-26T18:48:00.000Z","end":"2023-10-26T18:49:00.000Z"},"country":"Norway","OPM":1,"total_sales_volume":174.61000156402588,"rate_of_return":0.0}
