{"window":{"start":"2023-10-25T03:33:00.000Z","end":"2023-10-25T03:34:00.000Z"},"country":"United Kingdom","OPM":3,"total_sales_volume":64.29999935626984,"rate_of_return":0.0}
{"window":{"start":"2023-10-27T15:37:00.000Z","end":"2023-10-27T15:38:00.000Z"},"country":"United Kingdom","OPM":13,"total_sales_volume":872.2099998891354,"rate_of_return":0.0}
{"window":{"start":"2023-10-24T13:00:00.000Z","end":"2023-10-24T13:01:00.000Z"},"country":"United Kingdom","OPM":12,"total_sales_volume":737.0499954223633,"rate_of_return":0.0}
{"window":{"start":"2023-10-24T07:04:00.000Z","end":"2023-10-24T07:05:00.000Z"},"country":"EIRE","OPM":1,"total_sales_volume":109.5999984741211,"rate_of_return":0.0}
{"window":{"start":"2023-10-26T11:55:00.000Z","end":"2023-10-26T11:56:00.000Z"},"country":"United Kingdom","OPM":8,"total_sales_volume":372.1899988949299,"rate_of_return":0.25}
{"window":{"start":"2023-10-27T13:20:00.000Z","end":"2023-10-27T13:21:00.000Z"},"country":"EIRE","OPM":1,"total_sales_volume":3.380000114440918,"rate_of_return":0.0}
{"window":{"start":"2023-10-24T16:01:00.000Z","end":"2023-10-24T16:02:00.000Z"},"country":"EIRE","OPM":1,"total_sales_volume":-81.75000023841858,"rate_of_return":1.0}
{"window":{"start":"2023-10-24T08:25:00.000Z","end":"2023-10-24T08:26:00.000Z"},"country":"United Kingdom","OPM":6,"total_sales_volume":232.2500016093254,"rate_of_return":0.0}
{"window":{"start":"2023-10-25T15:48:00.000Z","end":"2023-10-25T15:49:00.000Z"},"country":"Germany","OPM":1,"total_sales_volume":90.55999898910522,"rate_of_return":0.0}
{"window":{"start":"2023-10-24T14:52:00.000Z","end":"2023-10-24T14:53:00.000Z"},"country":"United Kingdom","OPM":7,"total_sales_volume":344.4999986886978,"rate_of_return":0.0}
{"window":{"start":"2023-10-24T17:29:00.000Z","end":"2023-10-24T17:30:00.000Z"},"country":"United Kingdom","OPM":14,"total_sales_volume":2521.5899532437325,"rate_of_return":0.07142857142857142}
{"window":{"start":"2023-10-24T06:08:00.000Z","end":"2023-10-24T06:09:00.000Z"},"country":"Belgium","OPM":1,"total_sales_volume":6.71000012755394,"rate_of_return":0.0}
{"window":{"start":"2023-10-26T03:33:00.000Z","end":"2023-10-26T03:34:00.000Z"},"country":"EIRE","OPM":2,"total_sales_volume":488.4599959850311,"rate_of_return":0.0}
{"window":{"start":"2023-10-25T03:13:00.000Z","end":"2023-10-25T03:14:00.000Z"},"country":"France","OPM":1,"total_sales_volume":181.7199993133545,"rate_of_return":0.0}
{"window":{"start":"2023-10-25T21:14:00.000Z","end":"2023-10-25T21:15:00.000Z"},"country":"Netherlands","OPM":1,"total_sales_volume":25.590000584721565,"rate_of_return":0.0}
{"window":{"start":"2023-10-25T05:32:00.000Z","end":"2023-10-25T05:33:00.000Z"},"country":"United Kingdom","OPM":7,"total_sales_volume":767.3900026679039,"rate_of_return":0.0}
{"window":{"start":"2023-10-23T23:41:00.000Z","end":"2023-10-23T23:42:00.000Z"},"country":"United Kingdom","OPM":11,"total_sales_volume":1363.7099636793137,"rate_of_return":0.0}
{"window":{"start":"2023-10-26T18:45:00.000Z","end":"2023-10-26T18:46:00.000Z"},"country":"United Kingdom","OPM":6,"total_sales_volume":616.7799858152866,"rate_of_return":0.0}
{"window":{"start":"2023-10-28T04:14:00.000Z","end":"2023-10-28T04:15:00.000Z"},"country":"Germany","OPM":1,"total_sales_volume":3.259999990463257,"rate_of_return":0.0}
{"window":{"start":"2023-10-24T03:57:00.000Z","end":"2023-10-24T03:58:00.000Z"},"country":"United Kingdom","OPM":9,"total_sales_volume":657.8700014948845,"rate_of_return":0.1111111111111111}
{"window":{"start":"2023-10-26T15:13:00.000Z","end":"2023-10-26T15:14:00.000Z"},"country":"United Kingdom","OPM":7,"total_sales_volume":398.93999963998795,"rate_of_return":0.0}
{"window":{"start":"2023-10-28T04:36:00.000Z","end":"2023-10-28T04:37:00.000Z"},"country":"United Kingdom","OPM":5,"total_sales_volume":166.0799989849329,"rate_of_return":0.0}
{"window":{"start":"2023-10-24T07:02:00.000Z","end":"2023-10-24T07:03:00.000Z"},"country":"United Kingdom","OPM":7,"total_sales_volume":178.4400014281273,"rate_of_return":0.14285714285714285}
{"window":{"start":"2023-10-25T22:54:00.000Z","end":"2023-10-25T22:55:00.000Z"},"country":"United Kingdom","OPM":6,"total_sales_volume":197.90999799966812,"rate_of_return":0.0}
{"window":{"start":"2023-10-25T08:40:00.000Z","end":"2023-10-25T08:41:00.000Z"},"country":"Poland","OPM":1,"total_sales_volume":196.00999665260315,"rate_of_return":0.0}
{"window":{"start":"2023-10-24T20:33:00.000Z","end":"2023-10-24T20:34:00.000Z"},"country":"Portugal","OPM":1,"total_sales_volume":6.259999871253967,"rate_of_return":0.0}
{"window":{"start":"2023-10-23T13:38:00.000Z","end":"2023-10-23T13:39:00.000Z"},"country":"United Kingdom","OPM":7,"total_sales_volume":1013.2199859321117,"rate_of_return":0.14285714285714285}
{"window":{"start":"2023-10-28T05:54:00.000Z","end":"2023-10-28T05:55:00.000Z"},"country":"United Kingdom","OPM":12,"total_sales_volume":883.9900082945824,"rate_of_return":0.0}
{"window":{"start":"2023-10-26T02:07:00.000Z","end":"2023-10-26T02:08:00.000Z"},"country":"Spain","OPM":1,"total_sales_volume":33.799999713897705,"rate_of_return":0.0}
{"window":{"start":"2023-10-24T14:55:00.000Z","end":"2023-10-24T14:56:00.000Z"},"country":"United Kingdom","OPM":12,"total_sales_volume":1175.6299807727337,"rate_of_return":0.08333333333333333}
{"window":{"start":"2023-10-27T23:13:00.000Z","end":"2023-10-27T23:14:00.000Z"},"country":"France","OPM":1,"total_sales_volume":22.5,"rate_of_return":0.0}
{"window":{"start":"2023-10-27T14:04:00.000Z","end":"2023-10-27T14:05:00.000Z"},"country":"United Kingdom","OPM":6,"total_sales_volume":562.540001988411,"rate_of_return":0.0}
{"window":{"start":"2023-10-28T05:25:00.000Z","end":"2023-10-28T05:26:00.000Z"},"country":"United Kingdom","OPM":12,"total_sales_volume":990.6000024974346,"rate_of_return":0.08333333333333333}
{"window":{"start":"2023-10-28T00:12:00.000Z","end":"2023-10-28T00:13:00.000Z"},"country":"United Kingdom","OPM":8,"total_sales_volume":722.0200004577637,"rate_of_return":0.0}
{"window":{"start":"2023-10-27T09:32:00.000Z","end":"2023-10-27T09:33:00.000Z"},"country":"EIRE","OPM":1,"total_sales_volume":55.93000054359436,"rate_of_return":0.0}
{"window":{"start":"2023-10-26T10:29:00.000Z","end":"2023-10-26T10:30:00.000Z"},"country":"EIRE","OPM":1,"total_sales_volume":21.34000015258789,"rate_of_return":0.0}
{"window":{"start":"2023-10-27T21:12:00.000Z","end":"2023-10-27T21:13:00.000Z"},"country":"United Kingdom","OPM":5,"total_sales_volume":252.98999905586243,"rate_of_return":0.0}
{"window":{"start":"2023-10-25T09:44:00.000Z","end":"2023-10-25T09:45:00.000Z"},"country":"Netherlands","OPM":1,"total_sales_volume":108.12999945878983,"rate_of_return":0.0}
{"window":{"start":"2023-10-24T03:47:00.000Z","end":"2023-10-24T03:48:00.000Z"},"country":"France","OPM":1,"total_sales_volume":937.4999904632568,"rate_of_return":0.0}
{"window":{"start":"2023-10-27T18:05:00.000Z","end":"2023-10-27T18:06:00.000Z"},"country":"Germany","OPM":1,"total_sales_volume":201.02999937534332,"rate_of_return":0.0}
{"window":{"start":"2023-10-24T05:15:00.000Z","end":"2023-10-24T05:16:00.000Z"},"country":"United Kingdom","OPM":12,"total_sales_volume":600.6199992150068,"rate_of_return":0.08333333333333333}
{"window":{"start":"2023-10-24T21:25:00.000Z","end":"2023-10-24T21:26:00.000Z"},"country":"France","OPM":1,"total_sales_volume":-19.899999618530273,"rate_of_return":1.0}
{"window":{"start":"2023-10-24T06:35:00.000Z","end":"2023-10-24T06:36:00.000Z"},"country":"Portugal","OPM":1,"total_sales_volume":30.929999709129333,"rate_of_return":0.0}
{"window":{"start":"2023-10-25T19:11:00.000Z","end":"2023-10-25T19:12:00.000Z"},"country":"United Kingdom","OPM":12,"total_sales_volume":812.0200056433678,"rate_of_return":0.0}
{"window":{"start":"2023-10-28T00:14:00.000Z","end":"2023-10-28T00:15:00.000Z"},"country":"United Kingdom","OPM":11,"total_sales_volume":1110.279993891716,"rate_of_return":0.0}
{"window":{"start":"2023-10-25T10:37:00.000Z","end":"2023-10-25T10:38:00.000Z"},"country":"United Kingdom","OPM":9,"total_sales_volume":631.6199966073036,"rate_of_return":0.0}
{"window":{"start":"2023-10-24T03:05:00.000Z","end":"2023-10-24T03:06:00.000Z"},"country":"Germany","OPM":1,"total_sales_volume":502.98001006245613,"rate_of_return":0.0}
{"window":{"start":"2023-10-27T10:01:00.000Z","end":"2023-10-27T10:02:00.000Z"},"country":"United Kingdom","OPM":7,"total_sales_volume":336.99999928474426,"rate_of_return":0.0}
{"window":{"start":"2023-10-25T20:43:00.000Z","end":"2023-10-25T20:44:00.000Z"},"country":"Singapore","OPM":1,"total_sales_volume":64.34999978542328,"rate_of_return":0.0}
{"window":{"start":"2023-10-27T20:30:00.000Z","end":"2023-10-27T20:31:00.000Z"},"country":"United Kingdom","OPM":5,"total_sales_volume":2327.3699980676174,"rate_of_return":0.0}
{"window":{"start":"2023-10-24T21:54:00.000Z","end":"2023-10-24T21:55:00.000Z"},"country":"Belgium","OPM":1,"total_sales_volume":15.299999713897705,"rate_of_return":0.0}
{"window":{"start":"2023-10-27T00:21:00.000Z","end":"2023-10-27T00:22:00.000Z"},"country":"Germany","OPM":1,"total_sales_volume":9.749999761581421,"rate_of_return":0.0}
{"window":{"start":"2023-10-25T23:36:00.000Z","end":"2023-10-25T23:37:00.000Z"},"country":"United Kingdom","OPM":8,"total_sales_volume":395.7599992752075,"rate_of_return":0.0}
{"window":{"start":"2023-10-27T10:42:00.000Z","end":"2023-10-27T10:43:00.000Z"},"country":"Netherlands","OPM":1,"total_sales_volume":1.649999976158142,"rate_of_return":0.0}
{"window":{"start":"2023-10-27T12:59:00.000Z","end":"2023-10-27T13:00:00.000Z"},"country":"France","OPM":1,"total_sales_volume":0.41999998688697815,"rate_of_return":0.0}
{"window":{"start":"2023-10-26T18:56:00.000Z","end":"2023-10-26T18:57:00.000Z"},"country":"United Kingdom","OPM":12,"total_sales_volume":1755.0099982321262,"rate_of_return":0.0}
{"window":{"start":"2023-10-28T03:24:00.000Z","end":"2023-10-28T03:25:00.000Z"},"country":"Germany","OPM":1,"total_sales_volume":6.75,"rate_of_return":0.0}
{"window":{"start":"2023-10-26T19:43:00.000Z","end":"2023-10-26T19:44:00.000Z"},"country":"United Kingdom","OPM":15,"total_sales_volume":795.9299960136414,"rate_of_return":0.0}
{"window":{"start":"2023-10-27T17:04:00.000Z","end":"2023-10-27T17:05:00.000Z"},"country":"Italy","OPM":1,"total_sales_volume":19.949999928474426,"rate_of_return":0.0}
{"window":{"start":"2023-10-25T07:03:00.000Z","end":"2023-10-25T07:04:00.000Z"},"country":"United Kingdom","OPM":12,"total_sales_volume":466.15999948978424,"rate_of_return":0.16666666666666666}
{"window":{"start":"2023-10-27T17:28:00.000Z","end":"2023-10-27T17:29:00.000Z"},"country":"Norway","OPM":1,"total_sales_volume":19.55999994277954,"rate_of_return":0.0}
{"window":{"start":"2023-10-26T23:45:00.000Z","end":"2023-10-26T23:46:00.000Z"},"country":"United Kingdom","OPM":15,"total_sales_volume":961.1000063419342,"rate_of_return":0.0}
{"window":{"start":"2023-10-25T06:37:00.000Z","end":"2023-10-25T06:38:00.000Z"},"country":"United Kingdom","OPM":5,"total_sales_volume":188.32999855279922,"rate_of_return":0.0}
{"window":{"start":"2023-10-26T19:58:00.000Z","end":"2023-10-26T19:59:00.000Z"},"country":"EIRE","OPM":1,"total_sales_volume":42.629999577999115,"rate_of_return":0.0}
{"window":{"start":"2023-10-26T16:30:00.000Z","end":"2023-10-26T16:31:00.000Z"},"country":"United Kingdom","OPM":7,"total_sales_volume":608.3699874281883,"rate_of_return":0.0}
