{"window":{"start":"2023-10-24T21:33:00.000Z","end":"2023-10-24T21:34:00.000Z"},"country":"Germany","OPM":1,"total_sales_volume":52.129999816417694,"rate_of_return":0.0}
{"window":{"start":"2023-10-27T15:50:00.000Z","end":"2023-10-27T15:51:00.000Z"},"country":"Germany","OPM":1,"total_sales_volume":79.10000157356262,"rate_of_return":0.0}
{"window":{"start":"2023-10-26T12:21:00.000Z","end":"2023-10-26T12:22:00.000Z"},"country":"Spain","OPM":1,"total_sales_volume":40.559998512268066,"rate_of_return":0.0}
{"window":{"start":"2023-10-25T19:30:00.000Z","end":"2023-10-25T19:31:00.000Z"},"country":"Norway","OPM":1,"total_sales_volume":3.950000047683716,"rate_of_return":0.0}
{"window":{"start":"2023-10-26T06:41:00.000Z","end":"2023-10-26T06:42:00.000Z"},"country":"Germany","OPM":1,"total_sales_volume":66.89999997615814,"rate_of_return":0.0}
{"window":{"start":"2023-10-24T07:34:00.000Z","end":"2023-10-24T07:35:00.000Z"},"country":"United Kingdom","OPM":12,"total_sales_volume":440.24999237060547,"rate_of_return":0.08333333333333333}
{"window":{"start":"2023-10-24T19:45:00.000Z","end":"2023-10-24T19:46:00.000Z"},"country":"United Kingdom","OPM":10,"total_sales_volume":778.7800058424473,"rate_of_return":0.1}
{"window":{"start":"2023-10-27T23:50:00.000Z","end":"2023-10-27T23:51:00.000Z"},"country":"Bahrain","OPM":1,"total_sales_volume":85.49000084400177,"rate_of_return":0.0}
{"window":{"start":"2023-10-25T03:09:00.000Z","end":"2023-10-25T03:10:00.000Z"},"country":"EIRE","OPM":1,"total_sales_volume":45.0,"rate_of_return":0.0}
{"window":{"start":"2023-10-27T10:11:00.000Z","end":"2023-10-27T10:12:00.000Z"},"country":"United Kingdom","OPM":12,"total_sales_volume":887.4699947834015,"rate_of_return":0.0}
{"window":{"start":"2023-10-26T16:55:00.000Z","end":"2023-10-26T16:56:00.000Z"},"country":"Belgium","OPM":1,"total_sales_volume":17.40000057220459,"rate_of_return":0.0}
{"window":{"start":"2023-10-27T05:15:00.000Z","end":"2023-10-27T05:16:00.000Z"},"country":"United Kingdom","OPM":5,"total_sales_volume":341.87999600172043,"rate_of_return":0.0}
{"window":{"start":"2023-10-27T10:41:00.000Z","end":"2023-10-27T10:42:00.000Z"},"country":"Germany","OPM":1,"total_sales_volume":45.62999963760376,"rate_of_return":0.0}
{"window":{"start":"2023-10-26T09:36:00.000Z","end":"2023-10-26T09:37:00.000Z"},"country":"Japan","OPM":1,"total_sales_volume":3.7100000381469727,"rate_of_return":0.0}
{"window":{"start":"2023-10-26T09:08:00.000Z","end":"2023-10-26T09:09:00.000Z"},"country":"United Kingdom","OPM":10,"total_sales_volume":624.0899948179722,"rate_of_return":0.0}
{"window":{"start":"2023-10-25T22:39:00.000Z","end":"2023-10-25T22:40:00.000Z"},"country":"United Kingdom","OPM":12,"total_sales_volume":788.1800020486116,"rate_of_return":0.0}
{"window":{"start":"2023-10-26T23:41:00.000Z","end":"2023-10-26T23:42:00.000Z"},"country":"United Kingdom","OPM":8,"total_sales_volume":633.2199908494949,"rate_of_return":0.0}
{"window":{"start":"2023-10-25T08:43:00.000Z","end":"2023-10-25T08:44:00.000Z"},"country":"United Kingdom","OPM":9,"total_sales_volume":582.7999985516071,"rate_of_return":0.2222222222222222}
{"window":{"start":"2023-10-24T08:54:00.000Z","end":"2023-10-24T08:55:00.000Z"},"country":"United Kingdom","OPM":7,"total_sales_volume":475.5999938547611,"rate_of_return":0.0}
{"window":{"start":"2023-10-24T06:11:00.000Z","end":"2023-10-24T06:12:00.000Z"},"country":"United Kingdom","OPM":7,"total_sales_volume":631.4999999701977,"rate_of_return":0.0}
{"window":{"start":"2023-10-26T04:17:00.000Z","end":"2023-10-26T04:18:00.000Z"},"country":"Switzerland","OPM":1,"total_sales_volume":0.8500000238418579,"rate_of_return":0.0}
{"window":{"start":"2023-10-25T07:33:00.000Z","end":"2023-10-25T07:34:00.000Z"},"country":"United Kingdom","OPM":5,"total_sales_volume":763.0100028812885,"rate_of_return":0.0}
{"window":{"start":"2023-10-24T10:45:00.000Z","end":"2023-10-24T10:46:00.000Z"},"country":"Belgium","OPM":1,"total_sales_volume":45.150000393390656,"rate_of_return":0.0}
{"window":{"start":"2023-10-25T19:47:00.000Z","end":"2023-10-25T19:48:00.000Z"},"country":"United Kingdom","OPM":6,"total_sales_volume":452.6099952161312,"rate_of_return":0.0}
{"window":{"start":"2023-10-24T13:33:00.000Z","end":"2023-10-24T13:34:00.000Z"},"country":"France","OPM":1,"total_sales_volume":2.950000047683716,"rate_of_return":0.0}
{"window":{"start":"2023-10-24T22:30:00.000Z","end":"2023-10-24T22:31:00.000Z"},"country":"United Kingdom","OPM":13,"total_sales_volume":1156.0199913680553,"rate_of_return":0.07692307692307693}
{"window":{"start":"2023-10-26T13:14:00.000Z","end":"2023-10-26T13:15:00.000Z"},"country":"Germany","OPM":1,"total_sales_volume":14.019999980926514,"rate_of_return":0.0}
{"window":{"start":"2023-10-26T01:38:00.000Z","end":"2023-10-26T01:39:00.000Z"},"country":"United Kingdom","OPM":14,"total_sales_volume":1371.6799689531326,"rate_of_return":0.07142857142857142}
{"window":{"start":"2023-10-26T20:51:00.000Z","end":"2023-10-26T20:52:00.000Z"},"country":"United Kingdom","OPM":11,"total_sales_volume":393.1699994802475,"rate_of_return":0.0}
{"window":{"start":"2023-10-27T12:12:00.000Z","end":"2023-10-27T12:13:00.000Z"},"country":"United Kingdom","OPM":7,"total_sales_volume":375.4699962735176,"rate_of_return":0.14285714285714285}
{"window":{"start":"2023-10-24T17:06:00.000Z","end":"2023-10-24T17:07:00.000Z"},"country":"United Kingdom","OPM":7,"total_sales_volume":500.2399946153164,"rate_of_return":0.0}
{"window":{"start":"2023-10-25T06:07:00.000Z","end":"2023-10-25T06:08:00.000Z"},"country":"United Kingdom","OPM":11,"total_sales_volume":669.849998831749,"rate_of_return":0.0}
{"window":{"start":"2023-10-25T07:54:00.000Z","end":"2023-10-25T07:55:00.000Z"},"country":"United Kingdom","OPM":10,"total_sales_volume":334.77999609708786,"rate_of_return":0.2}
{"window":{"start":"2023-10-27T13:11:00.000Z","end":"2023-10-27T13:12:00.000Z"},"country":"United Kingdom","OPM":11,"total_sales_volume":1865.8100196421146,"rate_of_return":0.0}
{"window":{"start":"2023-10-24T23:09:00.000Z","end":"2023-10-24T23:10:00.000Z"},"country":"Netherlands","OPM":1,"total_sales_volume":7.9499998688697815,"rate_of_return":0.0}
{"window":{"start":"2023-10-25T18:19:00.000Z","end":"2023-10-25T18:20:00.000Z"},"country":"United Kingdom","OPM":5,"total_sales_volume":281.6899938583374,"rate_of_return":0.2}
{"window":{"start":"2023-10-25T19:13:00.000Z","end":"2023-10-25T19:14:00.000Z"},"country":"Cyprus","OPM":1,"total_sales_volume":12.159999638795853,"rate_of_return":0.0}
{"window":{"start":"2023-10-25T17:03:00.000Z","end":"2023-10-25T17:04:00.000Z"},"country":"Channel Islands","OPM":1,"total_sales_volume":1.1699999570846558,"rate_of_return":0.0}
{"window":{"start":"2023-10-27T00:30:00.000Z","end":"2023-10-27T00:31:00.000Z"},"country":"United Kingdom","OPM":13,"total_sales_volume":407.2999982237816,"rate_of_return":0.07692307692307693}
{"window":{"start":"2023-10-25T06:31:00.000Z","end":"2023-10-25T06:32:00.000Z"},"country":"EIRE","OPM":1,"total_sales_volume":54.40999984741211,"rate_of_return":0.0}
{"window":{"start":"2023-10-26T17:05:00.000Z","end":"2023-10-26T17:06:00.000Z"},"country":"United Kingdom","OPM":11,"total_sales_volume":646.2099947929382,"rate_of_return":0.0}
{"window":{"start":"2023-10-27T20:00:00.000Z","end":"2023-10-27T20:01:00.000Z"},"country":"Italy","OPM":1,"total_sales_volume":5.900000095367432,"rate_of_return":0.0}
{"window":{"start":"2023-10-23T19:24:00.000Z","end":"2023-10-23T19:25:00.000Z"},"country":"Norway","OPM":1,"total_sales_volume":12.759999692440033,"rate_of_return":0.0}
{"window":{"start":"2023-10-25T21:00:00.000Z","end":"2023-10-25T21:01:00.000Z"},"country":"United Kingdom","OPM":11,"total_sales_volume":1131.299997329712,"rate_of_return":0.09090909090909091}
{"window":{"start":"2023-10-25T13:17:00.000Z","end":"2023-10-25T13:18:00.000Z"},"country":"United Kingdom","OPM":10,"total_sales_volume":485.8699945807457,"rate_of_return":0.0}
{"window":{"start":"2023-10-24T02:48:00.000Z","end":"2023-10-24T02:49:00.000Z"},"country":"United Kingdom","OPM":6,"total_sales_volume":340.5800031423569,"rate_of_return":0.0}
{"window":{"start":"2023-10-25T20:18:00.000Z","end":"2023-10-25T20:19:00.000Z"},"country":"United Kingdom","OPM":6,"total_sales_volume":121.68000316619873,"rate_of_return":0.16666666666666666}
{"window":{"start":"2023-10-23T22:54:00.000Z","end":"2023-10-23T22:55:00.000Z"},"country":"United Kingdom","OPM":14,"total_sales_volume":944.9399918615818,"rate_of_return":0.0}
{"window":{"start":"2023-10-25T20:27:00.000Z","end":"2023-10-25T20:28:00.000Z"},"country":"Finland","OPM":1,"total_sales_volume":0.7799999713897705,"rate_of_return":0.0}
{"window":{"start":"2023-10-26T09:02:00.000Z","end":"2023-10-26T09:03:00.000Z"},"country":"Spain","OPM":1,"total_sales_volume":14.449999928474426,"rate_of_return":0.0}
{"window":{"start":"2023-10-24T00:47:00.000Z","end":"2023-10-24T00:48:00.000Z"},"country":"United Kingdom","OPM":6,"total_sales_volume":485.21999537944794,"rate_of_return":0.16666666666666666}
{"window":{"start":"2023-10-26T15:51:00.000Z","end":"2023-10-26T15:52:00.000Z"},"country":"United Kingdom","OPM":10,"total_sales_volume":791.5000059306622,"rate_of_return":0.1}
{"window":{"start":"2023-10-24T08:07:00.000Z","end":"2023-10-24T08:08:00.000Z"},"country":"EIRE","OPM":1,"total_sales_volume":45.039998680353165,"rate_of_return":0.0}
{"window":{"start":"2023-10-24T19:18:00.000Z","end":"2023-10-24T19:19:00.000Z"},"country":"United Kingdom","OPM":8,"total_sales_volume":210.64999520778656,"rate_of_return":0.125}
{"window":{"start":"2023-10-25T14:39:00.000Z","end":"2023-10-25T14:40:00.000Z"},"country":"Germany","OPM":1,"total_sales_volume":170.82000160217285,"rate_of_return":0.0}
{"window":{"start":"2023-10-26T04:22:00.000Z","end":"2023-10-26T04:23:00.000Z"},"country":"Germany","OPM":1,"total_sales_volume":15.649999976158142,"rate_of_return":0.0}
{"window":{"start":"2023-10-25T13:56:00.000Z","end":"2023-10-25T13:57:00.000Z"},"country":"United Kingdom","OPM":6,"total_sales_volume":199.27999818325043,"rate_of_return":0.0}
{"window":{"start":"2023-10-25T20:58:00.000Z","end":"2023-10-25T20:59:00.000Z"},"country":"United Kingdom","OPM":15,"total_sales_volume":1815.169966250658,"rate_of_return":0.06666666666666667}
{"window":{"start":"2023-10-25T17:52:00.000Z","end":"2023-10-25T17:53:00.000Z"},"country":"Germany","OPM":1,"total_sales_volume":9.080000042915344,"rate_of_return":0.0}
{"window":{"start":"2023-10-24T03:40:00.000Z","end":"2023-10-24T03:41:00.000Z"},"country":"United Kingdom","OPM":14,"total_sales_volume":1399.3899960517883,"rate_of_return":0.0}
{"window":{"start":"2023-10-25T07:03:00.000Z","end":"2023-10-25T07:04:00.000Z"},"country":"France","OPM":1,"total_sales_volume":16.950000762939453,"rate_of_return":0.0}
{"window":{"start":"2023-10-26T07:53:00.000Z","end":"2023-10-26T07:54:00.000Z"},"country":"United Kingdom","OPM":5,"total_sales_volume":585.4999968707561,"rate_of_return":0.0}
{"window":{"start":"2023-10-26T13:06:00.000Z","end":"2023-10-26T13:07:00.000Z"},"country":"EIRE","OPM":1,"total_sales_volume":180.0,"rate_of_return":0.0}
{"window":{"start":"2023-10-26T13:26:00.000Z","end":"2023-10-26T13:27:00.000Z"},"country":"United Kingdom","OPM":14,"total_sales_volume":232.22999781370163,"rate_of_return":0.07142857142857142}
{"window":{"start":"2023-10-23T15:13:00.000Z","end":"2023-10-23T15:14:00.000Z"},"country":"France","OPM":1,"total_sales_volume":338.78999423980713,"rate_of_return":0.0}
{"window":{"start":"2023-10-24T08:23:00.000Z","end":"2023-10-24T08:24:00.000Z"},"country":"United Kingdom","OPM":7,"total_sales_volume":266.68999791145325,"rate_of_return":0.0}
{"window":{"start":"2023-10-23T20:46:00.000Z","end":"2023-10-23T20:47:00.000Z"},"country":"Belgium","OPM":1,"total_sales_volume":32.56000006198883,"rate_of_return":0.0}
