{"window":{"start":"2023-10-25T07:34:00.000Z","end":"2023-10-25T07:35:00.000Z"},"country":"United Kingdom","OPM":2,"total_sales_volume":325.21000123023987,"rate_of_return":0.0}
{"window":{"start":"2023-10-24T14:12:00.000Z","end":"2023-10-24T14:13:00.000Z"},"country":"United Kingdom","OPM":6,"total_sales_volume":115.35999828577042,"rate_of_return":0.0}
{"window":{"start":"2023-10-25T04:24:00.000Z","end":"2023-10-25T04:25:00.000Z"},"country":"United Kingdom","OPM":6,"total_sales_volume":55.069997280836105,"rate_of_return":0.3333333333333333}
{"window":{"start":"2023-10-26T18:15:00.000Z","end":"2023-10-26T18:16:00.000Z"},"country":"EIRE","OPM":1,"total_sales_volume":2.850000023841858,"rate_of_return":0.0}
{"window":{"start":"2023-10-26T10:51:00.000Z","end":"2023-10-26T10:52:00.000Z"},"country":"United Kingdom","OPM":14,"total_sales_volume":1225.499997884035,"rate_of_return":0.07142857142857142}
{"window":{"start":"2023-10-24T03:46:00.000Z","end":"2023-10-24T03:47:00.000Z"},"country":"United Kingdom","OPM":4,"total_sales_volume":148.92998871207237,"rate_of_return":0.25}
{"window":{"start":"2023-10-25T22:17:00.000Z","end":"2023-10-25T22:18:00.000Z"},"country":"United Kingdom","OPM":11,"total_sales_volume":1436.9699554145336,"rate_of_return":0.0}
{"window":{"start":"2023-10-27T06:07:00.000Z","end":"2023-10-27T06:08:00.000Z"},"country":"United Kingdom","OPM":12,"total_sales_volume":119.190006762743,"rate_of_return":0.16666666666666666}
{"window":{"start":"2023-10-25T05:01:00.000Z","end":"2023-10-25T05:02:00.000Z"},"country":"EIRE","OPM":1,"total_sales_volume":7.860000103712082,"rate_of_return":0.0}
{"window":{"start":"2023-10-25T11:16:00.000Z","end":"2023-10-25T11:17:00.000Z"},"country":"United Kingdom","OPM":4,"total_sales_volume":57.84999990463257,"rate_of_return":0.0}
{"window":{"start":"2023-10-27T19:52:00.000Z","end":"2023-10-27T19:53:00.000Z"},"country":"United Kingdom","OPM":9,"total_sales_volume":828.5299971103668,"rate_of_return":0.0}
{"window":{"start":"2023-10-26T23:27:00.000Z","end":"2023-10-26T23:28:00.000Z"},"country":"Switzerland","OPM":1,"total_sales_volume":49.560001373291016,"rate_of_return":0.0}
{"window":{"start":"2023-10-25T15:31:00.000Z","end":"2023-10-25T15:32:00.000Z"},"country":"United Kingdom","OPM":8,"total_sales_volume":369.8399976193905,"rate_of_return":0.0}
{"window":{"start":"2023-10-27T17:20:00.000Z","end":"2023-10-27T17:21:00.000Z"},"country":"United Kingdom","OPM":9,"total_sales_volume":329.8600004017353,"rate_of_return":0.0}
{"window":{"start":"2023-10-28T00:18:00.000Z","end":"2023-10-28T00:19:00.000Z"},"country":"France","OPM":1,"total_sales_volume":34.799999713897705,"rate_of_return":0.0}
{"window":{"start":"2023-10-24T12:51:00.000Z","end":"2023-10-24T12:52:00.000Z"},"country":"Germany","OPM":1,"total_sales_volume":74.30999946594238,"rate_of_return":0.0}
{"window":{"start":"2023-10-26T10:02:00.000Z","end":"2023-10-26T10:03:00.000Z"},"country":"France","OPM":2,"total_sales_volume":46.75999903678894,"rate_of_return":0.0}
{"window":{"start":"2023-10-27T01:42:00.000Z","end":"2023-10-27T01:43:00.000Z"},"country":"Germany","OPM":1,"total_sales_volume":21.750000715255737,"rate_of_return":0.0}
{"window":{"start":"2023-10-25T20:04:00.000Z","end":"2023-10-25T20:05:00.000Z"},"country":"Germany","OPM":1,"total_sales_volume":40.59000086784363,"rate_of_return":0.0}
{"window":{"start":"2023-10-28T04:57:00.000Z","end":"2023-10-28T04:58:00.000Z"},"country":"EIRE","OPM":1,"total_sales_volume":168.54000532627106,"rate_of_return":0.0}
{"window":{"start":"2023-10-27T20:35:00.000Z","end":"2023-10-27T20:36:00.000Z"},"country":"United Kingdom","OPM":11,"total_sales_volume":1164.9999687671661,"rate_of_return":0.0}
{"window":{"start":"2023-10-25T10:50:00.000Z","end":"2023-10-25T10:51:00.000Z"},"country":"Finland","OPM":1,"total_sales_volume":43.1199996471405,"rate_of_return":0.0}
{"window":{"start":"2023-10-26T02:16:00.000Z","end":"2023-10-26T02:17:00.000Z"},"country":"EIRE","OPM":1,"total_sales_volume":-36.15000081062317,"rate_of_return":1.0}
{"window":{"start":"2023-10-26T17:49:00.000Z","end":"2023-10-26T17:50:00.000Z"},"country":"United Kingdom","OPM":13,"total_sales_volume":415.37999745830894,"rate_of_return":0.07692307692307693}
{"window":{"start":"2023-10-24T17:54:00.000Z","end":"2023-10-24T17:55:00.000Z"},"country":"United Kingdom","OPM":12,"total_sales_volume":714.2600103318691,"rate_of_return":0.08333333333333333}
{"window":{"start":"2023-10-26T05:53:00.000Z","end":"2023-10-26T05:54:00.000Z"},"country":"United Kingdom","OPM":7,"total_sales_volume":-143.02999883890152,"rate_of_return":0.2857142857142857}
{"window":{"start":"2023-10-24T20:42:00.000Z","end":"2023-10-24T20:43:00.000Z"},"country":"United Kingdom","OPM":14,"total_sales_volume":405.4899925291538,"rate_of_return":0.0}
{"window":{"start":"2023-10-25T09:35:00.000Z","end":"2023-10-25T09:36:00.000Z"},"country":"United Kingdom","OPM":9,"total_sales_volume":763.2800129354,"rate_of_return":0.1111111111111111}
{"window":{"start":"2023-10-26T10:34:00.000Z","end":"2023-10-26T10:35:00.000Z"},"country":"United Kingdom","OPM":14,"total_sales_volume":981.1099968850613,"rate_of_return":0.0}
{"window":{"start":"2023-10-25T19:27:00.000Z","end":"2023-10-25T19:28:00.000Z"},"country":"United Kingdom","OPM":5,"total_sales_volume":290.84000408649445,"rate_of_return":0.2}
{"window":{"start":"2023-10-28T04:39:00.000Z","end":"2023-10-28T04:40:00.000Z"},"country":"United Kingdom","OPM":8,"total_sales_volume":296.61999931931496,"rate_of_return":0.0}
{"window":{"start":"2023-10-25T03:27:00.000Z","end":"2023-10-25T03:28:00.000Z"},"country":"United Kingdom","OPM":10,"total_sales_volume":276.1899965107441,"rate_of_return":0.1}
{"window":{"start":"2023-10-24T12:49:00.000Z","end":"2023-10-24T12:50:00.000Z"},"country":"United Kingdom","OPM":9,"total_sales_volume":2599.4599424004555,"rate_of_return":0.0}
{"window":{"start":"2023-10-26T20:07:00.000Z","end":"2023-10-26T20:08:00.000Z"},"country":"United Kingdom","OPM":7,"total_sales_volume":249.1099967956543,"rate_of_return":0.14285714285714285}
{"window":{"start":"2023-10-23T12:18:00.000Z","end":"2023-10-23T12:19:00.000Z"},"country":"France","OPM":1,"total_sales_volume":87.39999878406525,"rate_of_return":0.0}
{"window":{"start":"2023-10-26T10:07:00.000Z","end":"2023-10-26T10:08:00.000Z"},"country":"United Kingdom","OPM":14,"total_sales_volume":1305.7400056123734,"rate_of_return":0.0}
{"window":{"start":"2023-10-25T15:54:00.000Z","end":"2023-10-25T15:55:00.000Z"},"country":"United Kingdom","OPM":13,"total_sales_volume":1174.9899946153164,"rate_of_return":0.07692307692307693}
{"window":{"start":"2023-10-28T00:14:00.000Z","end":"2023-10-28T00:15:00.000Z"},"country":"France","OPM":1,"total_sales_volume":71.46999943256378,"rate_of_return":0.0}
{"window":{"start":"2023-10-24T14:15:00.000Z","end":"2023-10-24T14:16:00.000Z"},"country":"Netherlands","OPM":1,"total_sales_volume":0.8299999833106995,"rate_of_return":0.0}
{"window":{"start":"2023-10-28T01:02:00.000Z","end":"2023-10-28T01:03:00.000Z"},"country":"Switzerland","OPM":1,"total_sales_volume":57.750000953674316,"rate_of_return":0.0}
{"window":{"start":"2023-10-25T10:20:00.000Z","end":"2023-10-25T10:21:00.000Z"},"country":"United Kingdom","OPM":10,"total_sales_volume":164.53999853134155,"rate_of_return":0.2}
{"window":{"start":"2023-10-25T07:19:00.000Z","end":"2023-10-25T07:20:00.000Z"},"country":"Belgium","OPM":1,"total_sales_volume":16.149999976158142,"rate_of_return":0.0}
{"window":{"start":"2023-10-25T04:59:00.000Z","end":"2023-10-25T05:00:00.000Z"},"country":"United Kingdom","OPM":8,"total_sales_volume":458.0899924337864,"rate_of_return":0.0}
{"window":{"start":"2023-10-28T03:23:00.000Z","end":"2023-10-28T03:24:00.000Z"},"country":"United Kingdom","OPM":11,"total_sales_volume":403.8899995088577,"rate_of_return":0.0}
{"window":{"start":"2023-10-27T04:25:00.000Z","end":"2023-10-27T04:26:00.000Z"},"country":"United Kingdom","OPM":8,"total_sales_volume":396.6899981200695,"rate_of_return":0.0}
{"window":{"start":"2023-10-27T00:00:00.000Z","end":"2023-10-27T00:01:00.000Z"},"country":"Netherlands","OPM":1,"total_sales_volume":226.02999240159988,"rate_of_return":0.0}
{"window":{"start":"2023-10-26T19:37:00.000Z","end":"2023-10-26T19:38:00.000Z"},"country":"Australia","OPM":1,"total_sales_volume":93.0599981546402,"rate_of_return":0.0}
{"window":{"start":"2023-10-27T05:05:00.000Z","end":"2023-10-27T05:06:00.000Z"},"country":"United Kingdom","OPM":11,"total_sales_volume":634.7399959564209,"rate_of_return":0.0}
{"window":{"start":"2023-10-27T23:27:00.000Z","end":"2023-10-27T23:28:00.000Z"},"country":"United Kingdom","OPM":7,"total_sales_volume":503.8900013566017,"rate_of_return":0.0}
{"window":{"start":"2023-10-25T13:12:00.000Z","end":"2023-10-25T13:13:00.000Z"},"country":"France","OPM":1,"total_sales_volume":23.28000020980835,"rate_of_return":0.0}
{"window":{"start":"2023-10-26T08:26:00.000Z","end":"2023-10-26T08:27:00.000Z"},"country":"United Kingdom","OPM":5,"total_sales_volume":52.82000017166138,"rate_of_return":0.0}
{"window":{"start":"2023-10-28T04:57:00.000Z","end":"2023-10-28T04:58:00.000Z"},"country":"United Kingdom","OPM":1,"total_sales_volume":898.3300113677979,"rate_of_return":0.0}
{"window":{"start":"2023-10-25T06:35:00.000Z","end":"2023-10-25T06:36:00.000Z"},"country":"United Kingdom","OPM":7,"total_sales_volume":-1588.9200006723404,"rate_of_return":0.14285714285714285}
{"window":{"start":"2023-10-28T02:12:00.000Z","end":"2023-10-28T02:13:00.000Z"},"country":"Germany","OPM":1,"total_sales_volume":60.04000011086464,"rate_of_return":0.0}
{"window":{"start":"2023-10-25T08:11:00.000Z","end":"2023-10-25T08:12:00.000Z"},"country":"Italy","OPM":1,"total_sales_volume":167.34999799728394,"rate_of_return":0.0}
