{"window":{"start":"2023-10-27T03:20:00.000Z","end":"2023-10-27T03:21:00.000Z"},"country":"United Kingdom","OPM":14,"total_sales_volume":637.4299990832806,"rate_of_return":0.0}
{"window":{"start":"2023-10-27T01:16:00.000Z","end":"2023-10-27T01:17:00.000Z"},"country":"United Kingdom","OPM":11,"total_sales_volume":790.569997638464,"rate_of_return":0.0}
{"window":{"start":"2023-10-26T09:23:00.000Z","end":"2023-10-26T09:24:00.000Z"},"country":"United Kingdom","OPM":8,"total_sales_volume":949.579996496439,"rate_of_return":0.0}
{"window":{"start":"2023-10-24T23:31:00.000Z","end":"2023-10-24T23:32:00.000Z"},"country":"EIRE","OPM":2,"total_sales_volume":60.08999943733215,"rate_of_return":0.0}
{"window":{"start":"2023-10-27T10:43:00.000Z","end":"2023-10-27T10:44:00.000Z"},"country":"United Kingdom","OPM":17,"total_sales_volume":311.78998267650604,"rate_of_return":0.23529411764705882}
{"window":{"start":"2023-10-25T17:05:00.000Z","end":"2023-10-25T17:06:00.000Z"},"country":"United Kingdom","OPM":4,"total_sales_volume":904.680010676384,"rate_of_return":0.0}
{"window":{"start":"2023-10-24T04:08:00.000Z","end":"2023-10-24T04:09:00.000Z"},"country":"EIRE","OPM":1,"total_sales_volume":46.84000110626221,"rate_of_return":0.0}
{"window":{"start":"2023-10-25T23:11:00.000Z","end":"2023-10-25T23:12:00.000Z"},"country":"United Kingdom","OPM":6,"total_sales_volume":867.2899985909462,"rate_of_return":0.0}
{"window":{"start":"2023-10-27T20:47:00.000Z","end":"2023-10-27T20:48:00.000Z"},"country":"France","OPM":1,"total_sales_volume":2.5500000715255737,"rate_of_return":0.0}
{"window":{"start":"2023-10-25T00:19:00.000Z","end":"2023-10-25T00:20:00.000Z"},"country":"Norway","OPM":1,"total_sales_volume":14.879999876022339,"rate_of_return":0.0}
{"window":{"start":"2023-10-25T01:10:00.000Z","end":"2023-10-25T01:11:00.000Z"},"country":"Portugal","OPM":1,"total_sales_volume":13.180000066757202,"rate_of_return":0.0}
{"window":{"start":"2023-10-27T04:53:00.000Z","end":"2023-10-27T04:54:00.000Z"},"country":"France","OPM":1,"total_sales_volume":71.39999771118164,"rate_of_return":0.0}
{"window":{"start":"2023-10-25T20:45:00.000Z","end":"2023-10-25T20:46:00.000Z"},"country":"Germany","OPM":1,"total_sales_volume":20.869999438524246,"rate_of_return":0.0}
{"window":{"start":"2023-10-24T10:28:00.000Z","end":"2023-10-24T10:29:00.000Z"},"country":"United Kingdom","OPM":13,"total_sales_volume":1057.579996228218,"rate_of_return":0.0}
{"window":{"start":"2023-10-27T06:23:00.000Z","end":"2023-10-27T06:24:00.000Z"},"country":"Germany","OPM":1,"total_sales_volume":-143.520001411438,"rate_of_return":1.0}
{"window":{"start":"2023-10-23T18:58:00.000Z","end":"2023-10-23T18:59:00.000Z"},"country":"United Kingdom","OPM":14,"total_sales_volume":1175.010003209114,"rate_of_return":0.07142857142857142}
{"window":{"start":"2023-10-26T04:27:00.000Z","end":"2023-10-26T04:28:00.000Z"},"country":"United Kingdom","OPM":8,"total_sales_volume":491.98999348282814,"rate_of_return":0.0}
{"window":{"start":"2023-10-26T09:25:00.000Z","end":"2023-10-26T09:26:00.000Z"},"country":"United Kingdom","OPM":12,"total_sales_volume":752.3500030636787,"rate_of_return":0.08333333333333333}
{"window":{"start":"2023-10-25T08:44:00.000Z","end":"2023-10-25T08:45:00.000Z"},"country":"United Kingdom","OPM":2,"total_sales_volume":114.30000114440918,"rate_of_return":0.0}
{"window":{"start":"2023-10-26T11:59:00.000Z","end":"2023-10-26T12:00:00.000Z"},"country":"United Kingdom","OPM":9,"total_sales_volume":289.50999692082405,"rate_of_return":0.0}
{"window":{"start":"2023-10-25T23:18:00.000Z","end":"2023-10-25T23:19:00.000Z"},"country":"United Kingdom","OPM":6,"total_sales_volume":731.0299998819828,"rate_of_return":0.0}
{"window":{"start":"2023-10-26T22:49:00.000Z","end":"2023-10-26T22:50:00.000Z"},"country":"United Kingdom","OPM":15,"total_sales_volume":560.7699992656708,"rate_of_return":0.2}
{"window":{"start":"2023-10-24T09:15:00.000Z","end":"2023-10-24T09:16:00.000Z"},"country":"United Kingdom","OPM":14,"total_sales_volume":601.0499940514565,"rate_of_return":0.07142857142857142}
{"window":{"start":"2023-10-24T01:32:00.000Z","end":"2023-10-24T01:33:00.000Z"},"country":"United Kingdom","OPM":15,"total_sales_volume":613.0899893343449,"rate_of_return":0.06666666666666667}
{"window":{"start":"2023-10-24T13:40:00.000Z","end":"2023-10-24T13:41:00.000Z"},"country":"United Kingdom","OPM":8,"total_sales_volume":457.91999650001526,"rate_of_return":0.0}
{"window":{"start":"2023-10-26T07:43:00.000Z","end":"2023-10-26T07:44:00.000Z"},"country":"United Kingdom","OPM":12,"total_sales_volume":1186.329988449812,"rate_of_return":0.0}
{"window":{"start":"2023-10-27T21:37:00.000Z","end":"2023-10-27T21:38:00.000Z"},"country":"United Kingdom","OPM":10,"total_sales_volume":442.68000441789627,"rate_of_return":0.2}
{"window":{"start":"2023-10-24T17:09:00.000Z","end":"2023-10-24T17:10:00.000Z"},"country":"United Kingdom","OPM":7,"total_sales_volume":264.9999991059303,"rate_of_return":0.0}
{"window":{"start":"2023-10-25T15:26:00.000Z","end":"2023-10-25T15:27:00.000Z"},"country":"United Kingdom","OPM":8,"total_sales_volume":344.1899974644184,"rate_of_return":0.0}
{"window":{"start":"2023-10-25T12:02:00.000Z","end":"2023-10-25T12:03:00.000Z"},"country":"Spain","OPM":1,"total_sales_volume":20.710000038146973,"rate_of_return":0.0}
{"window":{"start":"2023-10-24T17:36:00.000Z","end":"2023-10-24T17:37:00.000Z"},"country":"Portugal","OPM":1,"total_sales_volume":183.3399916291237,"rate_of_return":0.0}
{"window":{"start":"2023-10-23T23:33:00.000Z","end":"2023-10-23T23:34:00.000Z"},"country":"United Kingdom","OPM":5,"total_sales_volume":421.29000052809715,"rate_of_return":0.0}
{"window":{"start":"2023-10-27T05:12:00.000Z","end":"2023-10-27T05:13:00.000Z"},"country":"Germany","OPM":1,"total_sales_volume":31.11999922990799,"rate_of_return":0.0}
{"window":{"start":"2023-10-24T06:03:00.000Z","end":"2023-10-24T06:04:00.000Z"},"country":"Netherlands","OPM":1,"total_sales_volume":22.65000021457672,"rate_of_return":0.0}
{"window":{"start":"2023-10-24T02:51:00.000Z","end":"2023-10-24T02:52:00.000Z"},"country":"United Kingdom","OPM":7,"total_sales_volume":359.26999866962433,"rate_of_return":0.14285714285714285}
{"window":{"start":"2023-10-26T20:28:00.000Z","end":"2023-10-26T20:29:00.000Z"},"country":"United Kingdom","OPM":13,"total_sales_volume":1176.179985165596,"rate_of_return":0.0}
{"window":{"start":"2023-10-26T11:24:00.000Z","end":"2023-10-26T11:25:00.000Z"},"country":"United Kingdom","OPM":6,"total_sales_volume":306.46999698877335,"rate_of_return":0.0}
{"window":{"start":"2023-10-24T04:51:00.000Z","end":"2023-10-24T04:52:00.000Z"},"country":"United Kingdom","OPM":14,"total_sales_volume":934.5500018596649,"rate_of_return":0.0}
{"window":{"start":"2023-10-24T04:55:00.000Z","end":"2023-10-24T04:56:00.000Z"},"country":"United Kingdom","OPM":4,"total_sales_volume":186.5399963259697,"rate_of_return":0.0}
{"window":{"start":"2023-10-27T01:34:00.000Z","end":"2023-10-27T01:35:00.000Z"},"country":"EIRE","OPM":1,"total_sales_volume":15.950000405311584,"rate_of_return":0.0}
{"window":{"start":"2023-10-24T06:53:00.000Z","end":"2023-10-24T06:54:00.000Z"},"country":"United Kingdom","OPM":11,"total_sales_volume":620.7299987375736,"rate_of_return":0.0}
{"window":{"start":"2023-10-26T20:08:00.000Z","end":"2023-10-26T20:09:00.000Z"},"country":"Germany","OPM":1,"total_sales_volume":17.55000001192093,"rate_of_return":0.0}
{"window":{"start":"2023-10-28T01:23:00.000Z","end":"2023-10-28T01:24:00.000Z"},"country":"Japan","OPM":1,"total_sales_volume":15.0,"rate_of_return":0.0}
{"window":{"start":"2023-10-25T00:22:00.000Z","end":"2023-10-25T00:23:00.000Z"},"country":"France","OPM":1,"total_sales_volume":71.72999954223633,"rate_of_return":0.0}
{"window":{"start":"2023-10-28T05:24:00.000Z","end":"2023-10-28T05:25:00.000Z"},"country":"Germany","OPM":1,"total_sales_volume":101.42999958992004,"rate_of_return":0.0}
{"window":{"start":"2023-10-24T01:12:00.000Z","end":"2023-10-24T01:13:00.000Z"},"country":"United Kingdom","OPM":6,"total_sales_volume":414.99000576138496,"rate_of_return":0.0}
{"window":{"start":"2023-10-24T13:15:00.000Z","end":"2023-10-24T13:16:00.000Z"},"country":"Germany","OPM":1,"total_sales_volume":1.649999976158142,"rate_of_return":0.0}
{"window":{"start":"2023-10-26T21:02:00.000Z","end":"2023-10-26T21:03:00.000Z"},"country":"EIRE","OPM":1,"total_sales_volume":0.8500000238418579,"rate_of_return":0.0}
{"window":{"start":"2023-10-27T10:30:00.000Z","end":"2023-10-27T10:31:00.000Z"},"country":"Germany","OPM":1,"total_sales_volume":37.68999981880188,"rate_of_return":0.0}
{"window":{"start":"2023-10-26T15:11:00.000Z","end":"2023-10-26T15:12:00.000Z"},"country":"United Kingdom","OPM":10,"total_sales_volume":646.17001080513,"rate_of_return":0.0}
{"window":{"start":"2023-10-24T14:48:00.000Z","end":"2023-10-24T14:49:00.000Z"},"country":"Switzerland","OPM":1,"total_sales_volume":5.439999997615814,"rate_of_return":0.0}
{"window":{"start":"2023-10-27T02:06:00.000Z","end":"2023-10-27T02:07:00.000Z"},"country":"United Kingdom","OPM":5,"total_sales_volume":503.2699980735779,"rate_of_return":0.0}
{"window":{"start":"2023-10-27T21:14:00.000Z","end":"2023-10-27T21:15:00.000Z"},"country":"France","OPM":1,"total_sales_volume":308.94999411702156,"rate_of_return":0.0}
{"window":{"start":"2023-10-26T02:33:00.000Z","end":"2023-10-26T02:34:00.000Z"},"country":"France","OPM":1,"total_sales_volume":71.69000101089478,"rate_of_return":0.0}
{"window":{"start":"2023-10-25T17:49:00.000Z","end":"2023-10-25T17:50:00.000Z"},"country":"United Kingdom","OPM":9,"total_sales_volume":747.8699944019318,"rate_of_return":0.0}
{"window":{"start":"2023-10-27T18:43:00.000Z","end":"2023-10-27T18:44:00.000Z"},"country":"United Kingdom","OPM":9,"total_sales_volume":849.2200067937374,"rate_of_return":0.0}
{"window":{"start":"2023-10-25T01:09:00.000Z","end":"2023-10-25T01:10:00.000Z"},"country":"United Kingdom","OPM":10,"total_sales_volume":696.0999944508076,"rate_of_return":0.0}
{"window":{"start":"2023-10-26T07:15:00.000Z","end":"2023-10-26T07:16:00.000Z"},"country":"Netherlands","OPM":1,"total_sales_volume":53.65000057220459,"rate_of_return":0.0}
{"window":{"start":"2023-10-26T19:04:00.000Z","end":"2023-10-26T19:05:00.000Z"},"country":"United Kingdom","OPM":7,"total_sales_volume":118.67000040411949,"rate_of_return":0.14285714285714285}
{"window":{"start":"2023-10-26T15:42:00.000Z","end":"2023-10-26T15:43:00.000Z"},"country":"EIRE","OPM":1,"total_sales_volume":103.95999908447266,"rate_of_return":0.0}
{"window":{"start":"2023-10-25T15:29:00.000Z","end":"2023-10-25T15:30:00.000Z"},"country":"United Kingdom","OPM":11,"total_sales_volume":616.4399902522564,"rate_of_return":0.0}
{"window":{"start":"2023-10-25T09:48:00.000Z","end":"2023-10-25T09:49:00.000Z"},"country":"United Kingdom","OPM":14,"total_sales_volume":235.31999719142914,"rate_of_return":0.07142857142857142}
{"window":{"start":"2023-10-24T03:23:00.000Z","end":"2023-10-24T03:24:00.000Z"},"country":"United Kingdom","OPM":11,"total_sales_volume":328.98999973386526,"rate_of_return":0.18181818181818182}
{"window":{"start":"2023-10-23T19:29:00.000Z","end":"2023-10-23T19:30:00.000Z"},"country":"United Kingdom","OPM":9,"total_sales_volume":328.880001783371,"rate_of_return":0.1111111111111111}
{"window":{"start":"2023-10-24T22:13:00.000Z","end":"2023-10-24T22:14:00.000Z"},"country":"United Kingdom","OPM":18,"total_sales_volume":898.929992750287,"rate_of_return":0.0}
{"window":{"start":"2023-10-25T00:21:00.000Z","end":"2023-10-25T00:22:00.000Z"},"country":"United Kingdom","OPM":10,"total_sales_volume":141.46999797224998,"rate_of_return":0.0}
{"window":{"start":"2023-10-26T03:20:00.000Z","end":"2023-10-26T03:21:00.000Z"},"country":"United Kingdom","OPM":8,"total_sales_volume":381.30000084638596,"rate_of_return":0.0}
{"window":{"start":"2023-10-27T00:14:00.000Z","end":"2023-10-27T00:15:00.000Z"},"country":"Australia","OPM":1,"total_sales_volume":14.52999997138977,"rate_of_return":0.0}
{"window":{"start":"2023-10-27T00:22:00.000Z","end":"2023-10-27T00:23:00.000Z"},"country":"Netherlands","OPM":1,"total_sales_volume":60.9899994879961,"rate_of_return":0.0}
{"window":{"start":"2023-10-26T02:24:00.000Z","end":"2023-10-26T02:25:00.000Z"},"country":"Netherlands","OPM":1,"total_sales_volume":2.900000035762787,"rate_of_return":0.0}
