{"window":{"start":"2023-10-25T02:16:00.000Z","end":"2023-10-25T02:17:00.000Z"},"country":"Netherlands","OPM":1,"total_sales_volume":416.7999978065491,"rate_of_return":0.0}
{"window":{"start":"2023-10-26T14:37:00.000Z","end":"2023-10-26T14:38:00.000Z"},"country":"EIRE","OPM":1,"total_sales_volume":28.0,"rate_of_return":0.0}
{"window":{"start":"2023-10-27T09:10:00.000Z","end":"2023-10-27T09:11:00.000Z"},"country":"United Kingdom","OPM":9,"total_sales_volume":473.24999618530273,"rate_of_return":0.0}
{"window":{"start":"2023-10-24T18:42:00.000Z","end":"2023-10-24T18:43:00.000Z"},"country":"United Kingdom","OPM":15,"total_sales_volume":828.6500043272972,"rate_of_return":0.06666666666666667}
{"window":{"start":"2023-10-24T02:38:00.000Z","end":"2023-10-24T02:39:00.000Z"},"country":"United Kingdom","OPM":9,"total_sales_volume":381.1200022250414,"rate_of_return":0.1111111111111111}
{"window":{"start":"2023-10-26T10:43:00.000Z","end":"2023-10-26T10:44:00.000Z"},"country":"United Kingdom","OPM":11,"total_sales_volume":598.6899873614311,"rate_of_return":0.09090909090909091}
{"window":{"start":"2023-10-24T17:25:00.000Z","end":"2023-10-24T17:26:00.000Z"},"country":"United Kingdom","OPM":9,"total_sales_volume":465.7399987578392,"rate_of_return":0.0}
{"window":{"start":"2023-10-26T23:38:00.000Z","end":"2023-10-26T23:39:00.000Z"},"country":"United Kingdom","OPM":4,"total_sales_volume":190.57000038027763,"rate_of_return":0.0}
{"window":{"start":"2023-10-28T05:36:00.000Z","end":"2023-10-28T05:37:00.000Z"},"country":"Channel Islands","OPM":1,"total_sales_volume":2.200000047683716,"rate_of_return":0.0}
{"window":{"start":"2023-10-28T03:30:00.000Z","end":"2023-10-28T03:31:00.000Z"},"country":"United Kingdom","OPM":9,"total_sales_volume":117.61999606713653,"rate_of_return":0.2222222222222222}
{"window":{"start":"2023-10-27T23:47:00.000Z","end":"2023-10-27T23:48:00.000Z"},"country":"Belgium","OPM":1,"total_sales_volume":193.47000071406364,"rate_of_return":0.0}
{"window":{"start":"2023-10-24T17:40:00.000Z","end":"2023-10-24T17:41:00.000Z"},"country":"France","OPM":1,"total_sales_volume":20.769999623298645,"rate_of_return":0.0}
{"window":{"start":"2023-10-26T21:08:00.000Z","end":"2023-10-26T21:09:00.000Z"},"country":"EIRE","OPM":1,"total_sales_volume":76.5599993467331,"rate_of_return":0.0}
{"window":{"start":"2023-10-27T11:42:00.000Z","end":"2023-10-27T11:43:00.000Z"},"country":"United Kingdom","OPM":12,"total_sales_volume":445.1399975121021,"rate_of_return":0.08333333333333333}
{"window":{"start":"2023-10-24T22:29:00.000Z","end":"2023-10-24T22:30:00.000Z"},"country":"Belgium","OPM":1,"total_sales_volume":62.46000146865845,"rate_of_return":0.0}
{"window":{"start":"2023-10-26T09:26:00.000Z","end":"2023-10-26T09:27:00.000Z"},"country":"United Kingdom","OPM":8,"total_sales_volume":532.7300001680851,"rate_of_return":0.0}
{"window":{"start":"2023-10-24T20:45:00.000Z","end":"2023-10-24T20:46:00.000Z"},"country":"United Kingdom","OPM":6,"total_sales_volume":387.43999803066254,"rate_of_return":0.0}
{"window":{"start":"2023-10-24T00:43:00.000Z","end":"2023-10-24T00:44:00.000Z"},"country":"United Kingdom","OPM":7,"total_sales_volume":833.2400119900703,"rate_of_return":0.0}
{"window":{"start":"2023-10-26T01:57:00.000Z","end":"2023-10-26T01:58:00.000Z"},"country":"Germany","OPM":1,"total_sales_volume":94.74999934434891,"rate_of_return":0.0}
{"window":{"start":"2023-10-28T04:46:00.000Z","end":"2023-10-28T04:47:00.000Z"},"country":"United Kingdom","OPM":5,"total_sales_volume":712.6900124847889,"rate_of_return":0.0}
{"window":{"start":"2023-10-25T10:19:00.000Z","end":"2023-10-25T10:20:00.000Z"},"country":"France","OPM":1,"total_sales_volume":52.97999942302704,"rate_of_return":0.0}
{"window":{"start":"2023-10-24T06:55:00.000Z","end":"2023-10-24T06:56:00.000Z"},"country":"United Kingdom","OPM":8,"total_sales_volume":553.1199927031994,"rate_of_return":0.125}
{"window":{"start":"2023-10-25T13:00:00.000Z","end":"2023-10-25T13:01:00.000Z"},"country":"United Kingdom","OPM":8,"total_sales_volume":462.0799988210201,"rate_of_return":0.0}
{"window":{"start":"2023-10-27T15:48:00.000Z","end":"2023-10-27T15:49:00.000Z"},"country":"United Kingdom","OPM":11,"total_sales_volume":977.1400178968906,"rate_of_return":0.0}
{"window":{"start":"2023-10-24T11:16:00.000Z","end":"2023-10-24T11:17:00.000Z"},"country":"Germany","OPM":1,"total_sales_volume":29.520000457763672,"rate_of_return":0.0}
{"window":{"start":"2023-10-26T22:59:00.000Z","end":"2023-10-26T23:00:00.000Z"},"country":"United Kingdom","OPM":11,"total_sales_volume":368.04999504983425,"rate_of_return":0.09090909090909091}
{"window":{"start":"2023-10-26T05:57:00.000Z","end":"2023-10-26T05:58:00.000Z"},"country":"Spain","OPM":1,"total_sales_volume":13.229999780654907,"rate_of_return":0.0}
{"window":{"start":"2023-10-26T22:41:00.000Z","end":"2023-10-26T22:42:00.000Z"},"country":"United Kingdom","OPM":10,"total_sales_volume":287.30999797582626,"rate_of_return":0.0}
{"window":{"start":"2023-10-25T16:17:00.000Z","end":"2023-10-25T16:18:00.000Z"},"country":"France","OPM":2,"total_sales_volume":110.15999847650528,"rate_of_return":0.0}
{"window":{"start":"2023-10-27T00:39:00.000Z","end":"2023-10-27T00:40:00.000Z"},"country":"United Kingdom","OPM":13,"total_sales_volume":744.4200039207935,"rate_of_return":0.0}
{"window":{"start":"2023-10-24T00:33:00.000Z","end":"2023-10-24T00:34:00.000Z"},"country":"United Kingdom","OPM":12,"total_sales_volume":624.8499981462955,"rate_of_return":0.08333333333333333}
{"window":{"start":"2023-10-25T14:57:00.000Z","end":"2023-10-25T14:58:00.000Z"},"country":"EIRE","OPM":1,"total_sales_volume":1082.859984278679,"rate_of_return":0.0}
{"window":{"start":"2023-10-27T17:52:00.000Z","end":"2023-10-27T17:53:00.000Z"},"country":"Italy","OPM":1,"total_sales_volume":-39.28999963402748,"rate_of_return":1.0}
{"window":{"start":"2023-10-23T23:57:00.000Z","end":"2023-10-23T23:58:00.000Z"},"country":"Italy","OPM":1,"total_sales_volume":29.359999895095825,"rate_of_return":0.0}
{"window":{"start":"2023-10-24T17:34:00.000Z","end":"2023-10-24T17:35:00.000Z"},"country":"EIRE","OPM":1,"total_sales_volume":91.99000060558319,"rate_of_return":0.0}
{"window":{"start":"2023-10-28T04:25:00.000Z","end":"2023-10-28T04:26:00.000Z"},"country":"Germany","OPM":1,"total_sales_volume":39.89000046253204,"rate_of_return":0.0}
{"window":{"start":"2023-10-26T07:26:00.000Z","end":"2023-10-26T07:27:00.000Z"},"country":"Germany","OPM":3,"total_sales_volume":373.50999987125397,"rate_of_return":0.0}
{"window":{"start":"2023-10-24T13:58:00.000Z","end":"2023-10-24T13:59:00.000Z"},"country":"United Kingdom","OPM":8,"total_sales_volume":716.9099959135056,"rate_of_return":0.0}
{"window":{"start":"2023-10-25T02:05:00.000Z","end":"2023-10-25T02:06:00.000Z"},"country":"Italy","OPM":1,"total_sales_volume":19.55999994277954,"rate_of_return":0.0}
{"window":{"start":"2023-10-26T10:32:00.000Z","end":"2023-10-26T10:33:00.000Z"},"country":"France","OPM":1,"total_sales_volume":1.649999976158142,"rate_of_return":0.0}
{"window":{"start":"2023-10-25T08:50:00.000Z","end":"2023-10-25T08:51:00.000Z"},"country":"Netherlands","OPM":1,"total_sales_volume":56.70999962091446,"rate_of_return":0.0}
{"window":{"start":"2023-10-27T23:11:00.000Z","end":"2023-10-27T23:12:00.000Z"},"country":"United Kingdom","OPM":2,"total_sales_volume":809.8399806022644,"rate_of_return":0.0}
{"window":{"start":"2023-10-26T10:07:00.000Z","end":"2023-10-26T10:08:00.000Z"},"country":"Germany","OPM":1,"total_sales_volume":1.649999976158142,"rate_of_return":0.0}
{"window":{"start":"2023-10-23T22:35:00.000Z","end":"2023-10-23T22:36:00.000Z"},"country":"Germany","OPM":1,"total_sales_volume":3.75,"rate_of_return":0.0}
{"window":{"start":"2023-10-24T17:56:00.000Z","end":"2023-10-24T17:57:00.000Z"},"country":"United Kingdom","OPM":10,"total_sales_volume":488.43000307679176,"rate_of_return":0.0}
{"window":{"start":"2023-10-24T17:24:00.000Z","end":"2023-10-24T17:25:00.000Z"},"country":"EIRE","OPM":1,"total_sales_volume":6.289999842643738,"rate_of_return":0.0}
{"window":{"start":"2023-10-24T01:34:00.000Z","end":"2023-10-24T01:35:00.000Z"},"country":"EIRE","OPM":1,"total_sales_volume":41.010000228881836,"rate_of_return":0.0}
{"window":{"start":"2023-10-26T02:30:00.000Z","end":"2023-10-26T02:31:00.000Z"},"country":"United Kingdom","OPM":11,"total_sales_volume":316.1599950864911,"rate_of_return":0.09090909090909091}
{"window":{"start":"2023-10-26T07:32:00.000Z","end":"2023-10-26T07:33:00.000Z"},"country":"United Kingdom","OPM":11,"total_sales_volume":384.65000197291374,"rate_of_return":0.09090909090909091}
{"window":{"start":"2023-10-27T16:17:00.000Z","end":"2023-10-27T16:18:00.000Z"},"country":"United Kingdom","OPM":13,"total_sales_volume":888.850000590086,"rate_of_return":0.07692307692307693}
{"window":{"start":"2023-10-27T09:24:00.000Z","end":"2023-10-27T09:25:00.000Z"},"country":"United Kingdom","OPM":15,"total_sales_volume":1122.0799933671951,"rate_of_return":0.0}
{"window":{"start":"2023-10-27T00:11:00.000Z","end":"2023-10-27T00:12:00.000Z"},"country":"United Kingdom","OPM":9,"total_sales_volume":263.3000020980835,"rate_of_return":0.2222222222222222}
{"window":{"start":"2023-10-27T05:31:00.000Z","end":"2023-10-27T05:32:00.000Z"},"country":"United Kingdom","OPM":12,"total_sales_volume":536.5399990677834,"rate_of_return":0.0}
