{"window":{"start":"2023-10-24T10:21:00.000Z","end":"2023-10-24T10:22:00.000Z"},"country":"United Kingdom","OPM":9,"total_sales_volume":372.4599971473217,"rate_of_return":0.0}
{"window":{"start":"2023-10-23T12:50:00.000Z","end":"2023-10-23T12:51:00.000Z"},"country":"EIRE","OPM":1,"total_sales_volume":1.649999976158142,"rate_of_return":0.0}
{"window":{"start":"2023-10-26T01:51:00.000Z","end":"2023-10-26T01:52:00.000Z"},"country":"United Kingdom","OPM":7,"total_sales_volume":440.03999760746956,"rate_of_return":0.0}
{"window":{"start":"2023-10-27T01:19:00.000Z","end":"2023-10-27T01:20:00.000Z"},"country":"United Kingdom","OPM":11,"total_sales_volume":1279.4300070405006,"rate_of_return":0.0}
{"window":{"start":"2023-10-27T01:45:00.000Z","end":"2023-10-27T01:46:00.000Z"},"country":"United Kingdom","OPM":5,"total_sales_volume":98.45999908447266,"rate_of_return":0.0}
{"window":{"start":"2023-10-26T05:45:00.000Z","end":"2023-10-26T05:46:00.000Z"},"country":"United Kingdom","OPM":4,"total_sales_volume":556.5900048017502,"rate_of_return":0.0}
{"window":{"start":"2023-10-24T20:08:00.000Z","end":"2023-10-24T20:09:00.000Z"},"country":"United Kingdom","OPM":8,"total_sales_volume":1224.449985921383,"rate_of_return":0.0}
{"window":{"start":"2023-10-27T16:48:00.000Z","end":"2023-10-27T16:49:00.000Z"},"country":"United Kingdom","OPM":7,"total_sales_volume":556.3000054061413,"rate_of_return":0.14285714285714285}
{"window":{"start":"2023-10-23T18:48:00.000Z","end":"2023-10-23T18:49:00.000Z"},"country":"United Kingdom","OPM":19,"total_sales_volume":1527.5099830329418,"rate_of_return":0.05263157894736842}
{"window":{"start":"2023-10-24T12:41:00.000Z","end":"2023-10-24T12:42:00.000Z"},"country":"France","OPM":1,"total_sales_volume":2.9000000953674316,"rate_of_return":0.0}
{"window":{"start":"2023-10-25T16:37:00.000Z","end":"2023-10-25T16:38:00.000Z"},"country":"Finland","OPM":1,"total_sales_volume":30.479999877512455,"rate_of_return":0.0}
{"window":{"start":"2023-10-25T21:38:00.000Z","end":"2023-10-25T21:39:00.000Z"},"country":"United Kingdom","OPM":8,"total_sales_volume":296.0099982023239,"rate_of_return":0.0}
{"window":{"start":"2023-10-25T06:45:00.000Z","end":"2023-10-25T06:46:00.000Z"},"country":"United Kingdom","OPM":10,"total_sales_volume":288.9100004732609,"rate_of_return":0.1}
{"window":{"start":"2023-10-25T21:04:00.000Z","end":"2023-10-25T21:05:00.000Z"},"country":"EIRE","OPM":1,"total_sales_volume":5.900000095367432,"rate_of_return":0.0}
{"window":{"start":"2023-10-25T03:22:00.000Z","end":"2023-10-25T03:23:00.000Z"},"country":"United Kingdom","OPM":11,"total_sales_volume":1051.5400031208992,"rate_of_return":0.0}
{"window":{"start":"2023-10-24T16:52:00.000Z","end":"2023-10-24T16:53:00.000Z"},"country":"United Kingdom","OPM":9,"total_sales_volume":439.5100019276142,"rate_of_return":0.0}
{"window":{"start":"2023-10-24T10:32:00.000Z","end":"2023-10-24T10:33:00.000Z"},"country":"Channel Islands","OPM":1,"total_sales_volume":204.71999645233154,"rate_of_return":0.0}
{"window":{"start":"2023-10-25T06:54:00.000Z","end":"2023-10-25T06:55:00.000Z"},"country":"United Kingdom","OPM":12,"total_sales_volume":385.30999225378036,"rate_of_return":0.16666666666666666}
{"window":{"start":"2023-10-27T04:57:00.000Z","end":"2023-10-27T04:58:00.000Z"},"country":"United Kingdom","OPM":7,"total_sales_volume":292.04999792575836,"rate_of_return":0.0}
{"window":{"start":"2023-10-25T07:38:00.000Z","end":"2023-10-25T07:39:00.000Z"},"country":"United Kingdom","OPM":6,"total_sales_volume":94.14999908208847,"rate_of_return":0.0}
{"window":{"start":"2023-10-26T20:55:00.000Z","end":"2023-10-26T20:56:00.000Z"},"country":"Israel","OPM":1,"total_sales_volume":220.85999870300293,"rate_of_return":0.0}
{"window":{"start":"2023-10-23T21:41:00.000Z","end":"2023-10-23T21:42:00.000Z"},"country":"United Kingdom","OPM":10,"total_sales_volume":171.70999032258987,"rate_of_return":0.1}
{"window":{"start":"2023-10-24T18:10:00.000Z","end":"2023-10-24T18:11:00.000Z"},"country":"United Kingdom","OPM":10,"total_sales_volume":256.2799989581108,"rate_of_return":0.0}
{"window":{"start":"2023-10-26T00:02:00.000Z","end":"2023-10-26T00:03:00.000Z"},"country":"United Kingdom","OPM":6,"total_sales_volume":105.44000041484833,"rate_of_return":0.0}
{"window":{"start":"2023-10-26T18:04:00.000Z","end":"2023-10-26T18:05:00.000Z"},"country":"United Kingdom","OPM":14,"total_sales_volume":509.1699935644865,"rate_of_return":0.07142857142857142}
{"window":{"start":"2023-10-25T04:27:00.000Z","end":"2023-10-25T04:28:00.000Z"},"country":"EIRE","OPM":1,"total_sales_volume":45.499998569488525,"rate_of_return":0.0}
{"window":{"start":"2023-10-26T02:40:00.000Z","end":"2023-10-26T02:41:00.000Z"},"country":"United Kingdom","OPM":16,"total_sales_volume":1095.3599982857704,"rate_of_return":0.0}
{"window":{"start":"2023-10-25T06:48:00.000Z","end":"2023-10-25T06:49:00.000Z"},"country":"United Kingdom","OPM":5,"total_sales_volume":389.039986371994,"rate_of_return":0.2}
{"window":{"start":"2023-10-26T10:19:00.000Z","end":"2023-10-26T10:20:00.000Z"},"country":"Singapore","OPM":1,"total_sales_volume":68.39999866485596,"rate_of_return":0.0}
{"window":{"start":"2023-10-27T06:59:00.000Z","end":"2023-10-27T07:00:00.000Z"},"country":"United Kingdom","OPM":12,"total_sales_volume":867.3599876463413,"rate_of_return":0.08333333333333333}
{"window":{"start":"2023-10-24T20:02:00.000Z","end":"2023-10-24T20:03:00.000Z"},"country":"Germany","OPM":1,"total_sales_volume":19.450000047683716,"rate_of_return":0.0}
{"window":{"start":"2023-10-25T00:58:00.000Z","end":"2023-10-25T00:59:00.000Z"},"country":"France","OPM":1,"total_sales_volume":109.24999737739563,"rate_of_return":0.0}
{"window":{"start":"2023-10-27T18:09:00.000Z","end":"2023-10-27T18:10:00.000Z"},"country":"United Kingdom","OPM":8,"total_sales_volume":245.00000256299973,"rate_of_return":0.375}
{"window":{"start":"2023-10-27T06:40:00.000Z","end":"2023-10-27T06:41:00.000Z"},"country":"United Kingdom","OPM":9,"total_sales_volume":667.6700016260147,"rate_of_return":0.1111111111111111}
{"window":{"start":"2023-10-26T09:41:00.000Z","end":"2023-10-26T09:42:00.000Z"},"country":"Australia","OPM":1,"total_sales_volume":44.59999993443489,"rate_of_return":0.0}
{"window":{"start":"2023-10-24T21:03:00.000Z","end":"2023-10-24T21:04:00.000Z"},"country":"United Kingdom","OPM":9,"total_sales_volume":398.0100000500679,"rate_of_return":0.0}
{"window":{"start":"2023-10-28T00:23:00.000Z","end":"2023-10-28T00:24:00.000Z"},"country":"United Kingdom","OPM":6,"total_sales_volume":205.040000975132,"rate_of_return":0.0}
{"window":{"start":"2023-10-23T19:05:00.000Z","end":"2023-10-23T19:06:00.000Z"},"country":"United Kingdom","OPM":8,"total_sales_volume":460.3999976813793,"rate_of_return":0.0}
{"window":{"start":"2023-10-28T00:59:00.000Z","end":"2023-10-28T01:00:00.000Z"},"country":"United Kingdom","OPM":6,"total_sales_volume":394.57999962568283,"rate_of_return":0.0}
{"window":{"start":"2023-10-23T14:56:00.000Z","end":"2023-10-23T14:57:00.000Z"},"country":"Germany","OPM":1,"total_sales_volume":18.450000047683716,"rate_of_return":0.0}
{"window":{"start":"2023-10-25T19:00:00.000Z","end":"2023-10-25T19:01:00.000Z"},"country":"United Kingdom","OPM":8,"total_sales_volume":749.8799981176853,"rate_of_return":0.0}
{"window":{"start":"2023-10-23T16:36:00.000Z","end":"2023-10-23T16:37:00.000Z"},"country":"United Kingdom","OPM":8,"total_sales_volume":265.95999854803085,"rate_of_return":0.0}
{"window":{"start":"2023-10-25T01:09:00.000Z","end":"2023-10-25T01:10:00.000Z"},"country":"Portugal","OPM":1,"total_sales_volume":156.8800003528595,"rate_of_return":0.0}
{"window":{"start":"2023-10-27T18:26:00.000Z","end":"2023-10-27T18:27:00.000Z"},"country":"United Kingdom","OPM":7,"total_sales_volume":255.00000262260437,"rate_of_return":0.0}
{"window":{"start":"2023-10-25T03:48:00.000Z","end":"2023-10-25T03:49:00.000Z"},"country":"United Kingdom","OPM":6,"total_sales_volume":983.9199949800968,"rate_of_return":0.0}
{"window":{"start":"2023-10-24T03:53:00.000Z","end":"2023-10-24T03:54:00.000Z"},"country":"United Kingdom","OPM":11,"total_sales_volume":956.3599928617477,"rate_of_return":0.18181818181818182}
{"window":{"start":"2023-10-24T14:12:00.000Z","end":"2023-10-24T14:13:00.000Z"},"country":"Belgium","OPM":1,"total_sales_volume":9.959999799728394,"rate_of_return":0.0}
{"window":{"start":"2023-10-25T05:04:00.000Z","end":"2023-10-25T05:05:00.000Z"},"country":"United Kingdom","OPM":4,"total_sales_volume":113.57999873161316,"rate_of_return":0.0}
{"window":{"start":"2023-10-23T23:28:00.000Z","end":"2023-10-23T23:29:00.000Z"},"country":"United Kingdom","OPM":8,"total_sales_volume":622.7599966228008,"rate_of_return":0.0}
{"window":{"start":"2023-10-27T07:46:00.000Z","end":"2023-10-27T07:47:00.000Z"},"country":"United Kingdom","OPM":10,"total_sales_volume":366.5499940812588,"rate_of_return":0.0}
{"window":{"start":"2023-10-28T01:11:00.000Z","end":"2023-10-28T01:12:00.000Z"},"country":"United Kingdom","OPM":13,"total_sales_volume":571.5099905431271,"rate_of_return":0.0}
{"window":{"start":"2023-10-23T21:30:00.000Z","end":"2023-10-23T21:31:00.000Z"},"country":"United Kingdom","OPM":9,"total_sales_volume":685.3900012969971,"rate_of_return":0.0}
{"window":{"start":"2023-10-26T14:40:00.000Z","end":"2023-10-26T14:41:00.000Z"},"country":"United Kingdom","OPM":5,"total_sales_volume":130.69000193476677,"rate_of_return":0.0}
{"window":{"start":"2023-10-24T05:27:00.000Z","end":"2023-10-24T05:28:00.000Z"},"country":"United Kingdom","OPM":13,"total_sales_volume":1043.370001167059,"rate_of_return":0.07692307692307693}
{"window":{"start":"2023-10-26T12:20:00.000Z","end":"2023-10-26T12:21:00.000Z"},"country":"Spain","OPM":1,"total_sales_volume":91.61000099778175,"rate_of_return":0.0}
{"window":{"start":"2023-10-23T16:05:00.000Z","end":"2023-10-23T16:06:00.000Z"},"country":"EIRE","OPM":1,"total_sales_volume":40.3199987411499,"rate_of_return":0.0}
{"window":{"start":"2023-10-25T03:24:00.000Z","end":"2023-10-25T03:25:00.000Z"},"country":"Germany","OPM":1,"total_sales_volume":116.48999992012978,"rate_of_return":0.0}
{"window":{"start":"2023-10-24T03:40:00.000Z","end":"2023-10-24T03:41:00.000Z"},"country":"EIRE","OPM":1,"total_sales_volume":-39.47999954223633,"rate_of_return":1.0}
{"window":{"start":"2023-10-27T19:08:00.000Z","end":"2023-10-27T19:09:00.000Z"},"country":"Switzerland","OPM":1,"total_sales_volume":19.799999237060547,"rate_of_return":0.0}
{"window":{"start":"2023-10-26T12:23:00.000Z","end":"2023-10-26T12:24:00.000Z"},"country":"United Kingdom","OPM":6,"total_sales_volume":100.53000175952911,"rate_of_return":0.16666666666666666}
{"window":{"start":"2023-10-26T13:14:00.000Z","end":"2023-10-26T13:15:00.000Z"},"country":"EIRE","OPM":2,"total_sales_volume":31.649999856948853,"rate_of_return":0.0}
{"window":{"start":"2023-10-25T03:41:00.000Z","end":"2023-10-25T03:42:00.000Z"},"country":"United Kingdom","OPM":10,"total_sales_volume":340.15999722480774,"rate_of_return":0.0}
{"window":{"start":"2023-10-27T13:29:00.000Z","end":"2023-10-27T13:30:00.000Z"},"country":"Germany","OPM":1,"total_sales_volume":12.75,"rate_of_return":0.0}
{"window":{"start":"2023-10-27T03:34:00.000Z","end":"2023-10-27T03:35:00.000Z"},"country":"United Kingdom","OPM":7,"total_sales_volume":339.65999788045883,"rate_of_return":0.0}
{"window":{"start":"2023-10-23T19:55:00.000Z","end":"2023-10-23T19:56:00.000Z"},"country":"United Kingdom","OPM":11,"total_sales_volume":757.5999939143658,"rate_of_return":0.0}
{"window":{"start":"2023-10-26T11:48:00.000Z","end":"2023-10-26T11:49:00.000Z"},"country":"United Kingdom","OPM":10,"total_sales_volume":724.3099937438965,"rate_of_return":0.0}
{"window":{"start":"2023-10-27T02:35:00.000Z","end":"2023-10-27T02:36:00.000Z"},"country":"United Kingdom","OPM":8,"total_sales_volume":301.61000353097916,"rate_of_return":0.0}
{"window":{"start":"2023-10-25T20:15:00.000Z","end":"2023-10-25T20:16:00.000Z"},"country":"France","OPM":1,"total_sales_volume":68.49999928474426,"rate_of_return":0.0}
{"window":{"start":"2023-10-26T09:18:00.000Z","end":"2023-10-26T09:19:00.000Z"},"country":"United Kingdom","OPM":10,"total_sales_volume":551.2499970793724,"rate_of_return":0.1}
{"window":{"start":"2023-10-27T00:49:00.000Z","end":"2023-10-27T00:50:00.000Z"},"country":"USA","OPM":1,"total_sales_volume":49.230000019073486,"rate_of_return":0.0}
{"window":{"start":"2023-10-27T10:53:00.000Z","end":"2023-10-27T10:54:00.000Z"},"country":"United Kingdom","OPM":9,"total_sales_volume":616.2800005078316,"rate_of_return":0.0}
{"window":{"start":"2023-10-27T03:37:00.000Z","end":"2023-10-27T03:38:00.000Z"},"country":"United Kingdom","OPM":4,"total_sales_volume":284.4599935412407,"rate_of_return":0.0}
