{"window":{"start":"2023-10-26T10:49:00.000Z","end":"2023-10-26T10:50:00.000Z"},"country":"United Kingdom","OPM":2,"total_sales_volume":420.47999835014343,"rate_of_return":0.0}
{"window":{"start":"2023-10-26T00:58:00.000Z","end":"2023-10-26T00:59:00.000Z"},"country":"United Kingdom","OPM":11,"total_sales_volume":403.9100031554699,"rate_of_return":0.09090909090909091}
{"window":{"start":"2023-10-27T11:15:00.000Z","end":"2023-10-27T11:16:00.000Z"},"country":"United Kingdom","OPM":16,"total_sales_volume":1288.8399927318096,"rate_of_return":0.0}
{"window":{"start":"2023-10-26T19:18:00.000Z","end":"2023-10-26T19:19:00.000Z"},"country":"United Kingdom","OPM":13,"total_sales_volume":439.60999873280525,"rate_of_return":0.15384615384615385}
{"window":{"start":"2023-10-27T21:10:00.000Z","end":"2023-10-27T21:11:00.000Z"},"country":"France","OPM":1,"total_sales_volume":20.44000005722046,"rate_of_return":0.0}
{"window":{"start":"2023-10-27T04:25:00.000Z","end":"2023-10-27T04:26:00.000Z"},"country":"EIRE","OPM":1,"total_sales_volume":20.0,"rate_of_return":0.0}
{"window":{"start":"2023-10-26T11:01:00.000Z","end":"2023-10-26T11:02:00.000Z"},"country":"United Kingdom","OPM":7,"total_sales_volume":665.1099988818169,"rate_of_return":0.0}
{"window":{"start":"2023-10-26T07:19:00.000Z","end":"2023-10-26T07:20:00.000Z"},"country":"Germany","OPM":2,"total_sales_volume":96.48000037670135,"rate_of_return":0.0}
{"window":{"start":"2023-10-27T21:23:00.000Z","end":"2023-10-27T21:24:00.000Z"},"country":"France","OPM":1,"total_sales_volume":63.18999946117401,"rate_of_return":0.0}
{"window":{"start":"2023-10-26T07:07:00.000Z","end":"2023-10-26T07:08:00.000Z"},"country":"United Kingdom","OPM":6,"total_sales_volume":591.7200083732605,"rate_of_return":0.0}
{"window":{"start":"2023-10-24T13:30:00.000Z","end":"2023-10-24T13:31:00.000Z"},"country":"France","OPM":1,"total_sales_volume":48.86999970674515,"rate_of_return":0.0}
{"window":{"start":"2023-10-24T10:35:00.000Z","end":"2023-10-24T10:36:00.000Z"},"country":"United Kingdom","OPM":15,"total_sales_volume":956.7200020551682,"rate_of_return":0.06666666666666667}
{"window":{"start":"2023-10-26T10:02:00.000Z","end":"2023-10-26T10:03:00.000Z"},"country":"United Kingdom","OPM":6,"total_sales_volume":1754.9000389873981,"rate_of_return":0.16666666666666666}
{"window":{"start":"2023-10-27T15:17:00.000Z","end":"2023-10-27T15:18:00.000Z"},"country":"EIRE","OPM":1,"total_sales_volume":16.78000032901764,"rate_of_return":0.0}
{"window":{"start":"2023-10-25T16:27:00.000Z","end":"2023-10-25T16:28:00.000Z"},"country":"Switzerland","OPM":1,"total_sales_volume":4.199999809265137,"rate_of_return":0.0}
{"window":{"start":"2023-10-23T13:49:00.000Z","end":"2023-10-23T13:50:00.000Z"},"country":"France","OPM":1,"total_sales_volume":3.75,"rate_of_return":0.0}
{"window":{"start":"2023-10-26T15:42:00.000Z","end":"2023-10-26T15:43:00.000Z"},"country":"United Kingdom","OPM":9,"total_sales_volume":419.9299971461296,"rate_of_return":0.0}
{"window":{"start":"2023-10-27T16:28:00.000Z","end":"2023-10-27T16:29:00.000Z"},"country":"United Kingdom","OPM":7,"total_sales_volume":281.52999770641327,"rate_of_return":0.0}
{"window":{"start":"2023-10-25T15:02:00.000Z","end":"2023-10-25T15:03:00.000Z"},"country":"Australia","OPM":1,"total_sales_volume":212.2499965429306,"rate_of_return":0.0}
{"window":{"start":"2023-10-26T06:08:00.000Z","end":"2023-10-26T06:09:00.000Z"},"country":"EIRE","OPM":2,"total_sales_volume":520.6399912834167,"rate_of_return":0.0}
{"window":{"start":"2023-10-23T21:43:00.000Z","end":"2023-10-23T21:44:00.000Z"},"country":"Belgium","OPM":1,"total_sales_volume":-118.0,"rate_of_return":1.0}
{"window":{"start":"2023-10-26T05:05:00.000Z","end":"2023-10-26T05:06:00.000Z"},"country":"United Kingdom","OPM":7,"total_sales_volume":564.019998550415,"rate_of_return":0.0}
{"window":{"start":"2023-10-26T07:38:00.000Z","end":"2023-10-26T07:39:00.000Z"},"country":"United Kingdom","OPM":5,"total_sales_volume":114.78000071644783,"rate_of_return":0.2}
{"window":{"start":"2023-10-27T07:40:00.000Z","end":"2023-10-27T07:41:00.000Z"},"country":"EIRE","OPM":1,"total_sales_volume":83.99999737739563,"rate_of_return":0.0}
{"window":{"start":"2023-10-23T12:16:00.000Z","end":"2023-10-23T12:17:00.000Z"},"country":"United Kingdom","OPM":13,"total_sales_volume":463.0899973809719,"rate_of_return":0.07692307692307693}
{"window":{"start":"2023-10-27T16:06:00.000Z","end":"2023-10-27T16:07:00.000Z"},"country":"United Kingdom","OPM":6,"total_sales_volume":-61.49999716132879,"rate_of_return":0.16666666666666666}
{"window":{"start":"2023-10-23T20:45:00.000Z","end":"2023-10-23T20:46:00.000Z"},"country":"Channel Islands","OPM":1,"total_sales_volume":35.25,"rate_of_return":0.0}
{"window":{"start":"2023-10-24T13:17:00.000Z","end":"2023-10-24T13:18:00.000Z"},"country":"United Kingdom","OPM":7,"total_sales_volume":840.9199822843075,"rate_of_return":0.0}
{"window":{"start":"2023-10-27T04:15:00.000Z","end":"2023-10-27T04:16:00.000Z"},"country":"Germany","OPM":1,"total_sales_volume":169.4699998497963,"rate_of_return":0.0}
{"window":{"start":"2023-10-23T16:48:00.000Z","end":"2023-10-23T16:49:00.000Z"},"country":"United Kingdom","OPM":10,"total_sales_volume":538.6299999952316,"rate_of_return":0.1}
{"window":{"start":"2023-10-27T15:57:00.000Z","end":"2023-10-27T15:58:00.000Z"},"country":"Hong Kong","OPM":1,"total_sales_volume":76.7999974489212,"rate_of_return":0.0}
{"window":{"start":"2023-10-25T09:39:00.000Z","end":"2023-10-25T09:40:00.000Z"},"country":"United Kingdom","OPM":8,"total_sales_volume":612.590000167489,"rate_of_return":0.0}
{"window":{"start":"2023-10-28T05:48:00.000Z","end":"2023-10-28T05:49:00.000Z"},"country":"United Kingdom","OPM":16,"total_sales_volume":1157.8899791836739,"rate_of_return":0.0}
{"window":{"start":"2023-10-24T14:24:00.000Z","end":"2023-10-24T14:25:00.000Z"},"country":"France","OPM":1,"total_sales_volume":57.44000059366226,"rate_of_return":0.0}
{"window":{"start":"2023-10-27T14:36:00.000Z","end":"2023-10-27T14:37:00.000Z"},"country":"United Kingdom","OPM":10,"total_sales_volume":767.0299959182739,"rate_of_return":0.0}
{"window":{"start":"2023-10-27T06:11:00.000Z","end":"2023-10-27T06:12:00.000Z"},"country":"United Kingdom","OPM":7,"total_sales_volume":613.1199915111065,"rate_of_return":0.0}
{"window":{"start":"2023-10-24T09:16:00.000Z","end":"2023-10-24T09:17:00.000Z"},"country":"Germany","OPM":2,"total_sales_volume":174.7700011730194,"rate_of_return":0.0}
{"window":{"start":"2023-10-25T16:33:00.000Z","end":"2023-10-25T16:34:00.000Z"},"country":"United Kingdom","OPM":10,"total_sales_volume":986.1399970650673,"rate_of_return":0.0}
{"window":{"start":"2023-10-27T07:27:00.000Z","end":"2023-10-27T07:28:00.000Z"},"country":"United Kingdom","OPM":6,"total_sales_volume":900.6799776554108,"rate_of_return":0.0}
{"window":{"start":"2023-10-25T02:53:00.000Z","end":"2023-10-25T02:54:00.000Z"},"country":"United Kingdom","OPM":7,"total_sales_volume":487.50999838113785,"rate_of_return":0.0}
{"window":{"start":"2023-10-25T20:31:00.000Z","end":"2023-10-25T20:32:00.000Z"},"country":"Austria","OPM":1,"total_sales_volume":30.0,"rate_of_return":0.0}
{"window":{"start":"2023-10-25T03:14:00.000Z","end":"2023-10-25T03:15:00.000Z"},"country":"United Kingdom","OPM":6,"total_sales_volume":168.08000111579895,"rate_of_return":0.0}
{"window":{"start":"2023-10-24T17:36:00.000Z","end":"2023-10-24T17:37:00.000Z"},"country":"United Kingdom","OPM":4,"total_sales_volume":363.5900048613548,"rate_of_return":0.0}
{"window":{"start":"2023-10-24T21:47:00.000Z","end":"2023-10-24T21:48:00.000Z"},"country":"Finland","OPM":1,"total_sales_volume":13.220000326633453,"rate_of_return":0.0}
{"window":{"start":"2023-10-27T09:55:00.000Z","end":"2023-10-27T09:56:00.000Z"},"country":"Channel Islands","OPM":1,"total_sales_volume":25.540000200271606,"rate_of_return":0.0}
{"window":{"start":"2023-10-26T22:18:00.000Z","end":"2023-10-26T22:19:00.000Z"},"country":"United Kingdom","OPM":6,"total_sales_volume":393.60999941825867,"rate_of_return":0.16666666666666666}
{"window":{"start":"2023-10-25T22:07:00.000Z","end":"2023-10-25T22:08:00.000Z"},"country":"United Kingdom","OPM":12,"total_sales_volume":392.0700031220913,"rate_of_return":0.25}
{"window":{"start":"2023-10-24T09:35:00.000Z","end":"2023-10-24T09:36:00.000Z"},"country":"Germany","OPM":1,"total_sales_volume":5.039999842643738,"rate_of_return":0.0}
{"window":{"start":"2023-10-26T18:51:00.000Z","end":"2023-10-26T18:52:00.000Z"},"country":"EIRE","OPM":1,"total_sales_volume":19.800000071525574,"rate_of_return":0.0}
{"window":{"start":"2023-10-25T00:12:00.000Z","end":"2023-10-25T00:13:00.000Z"},"country":"United Kingdom","OPM":7,"total_sales_volume":626.4799816608429,"rate_of_return":0.0}
{"window":{"start":"2023-10-26T11:23:00.000Z","end":"2023-10-26T11:24:00.000Z"},"country":"United Kingdom","OPM":8,"total_sales_volume":455.6500018835068,"rate_of_return":0.0}
{"window":{"start":"2023-10-25T22:54:00.000Z","end":"2023-10-25T22:55:00.000Z"},"country":"Cyprus","OPM":1,"total_sales_volume":7.949999809265137,"rate_of_return":0.0}
{"window":{"start":"2023-10-25T11:19:00.000Z","end":"2023-10-25T11:20:00.000Z"},"country":"Spain","OPM":1,"total_sales_volume":8.500000238418579,"rate_of_return":0.0}
{"window":{"start":"2023-10-26T21:51:00.000Z","end":"2023-10-26T21:52:00.000Z"},"country":"France","OPM":1,"total_sales_volume":70.94000053405762,"rate_of_return":0.0}
{"window":{"start":"2023-10-27T07:44:00.000Z","end":"2023-10-27T07:45:00.000Z"},"country":"EIRE","OPM":1,"total_sales_volume":25.0,"rate_of_return":0.0}
{"window":{"start":"2023-10-24T12:59:00.000Z","end":"2023-10-24T13:00:00.000Z"},"country":"Netherlands","OPM":1,"total_sales_volume":28.75,"rate_of_return":0.0}
{"window":{"start":"2023-10-27T22:18:00.000Z","end":"2023-10-27T22:19:00.000Z"},"country":"United Kingdom","OPM":6,"total_sales_volume":202.06999719142914,"rate_of_return":0.16666666666666666}
{"window":{"start":"2023-10-26T17:21:00.000Z","end":"2023-10-26T17:22:00.000Z"},"country":"United Kingdom","OPM":15,"total_sales_volume":-1150.530003607273,"rate_of_return":0.13333333333333333}
{"window":{"start":"2023-10-23T18:01:00.000Z","end":"2023-10-23T18:02:00.000Z"},"country":"United Kingdom","OPM":14,"total_sales_volume":1139.0400060713291,"rate_of_return":0.0}
{"window":{"start":"2023-10-25T12:32:00.000Z","end":"2023-10-25T12:33:00.000Z"},"country":"United Kingdom","OPM":11,"total_sales_volume":534.2199972271919,"rate_of_return":0.0}
{"window":{"start":"2023-10-24T00:28:00.000Z","end":"2023-10-24T00:29:00.000Z"},"country":"EIRE","OPM":1,"total_sales_volume":28.28000020980835,"rate_of_return":0.0}
{"window":{"start":"2023-10-27T05:40:00.000Z","end":"2023-10-27T05:41:00.000Z"},"country":"United Kingdom","OPM":9,"total_sales_volume":462.81000259518623,"rate_of_return":0.0}
{"window":{"start":"2023-10-28T03:52:00.000Z","end":"2023-10-28T03:53:00.000Z"},"country":"United Kingdom","OPM":3,"total_sales_volume":228.95000088214874,"rate_of_return":0.0}
{"window":{"start":"2023-10-25T21:26:00.000Z","end":"2023-10-25T21:27:00.000Z"},"country":"United Kingdom","OPM":10,"total_sales_volume":646.889986127615,"rate_of_return":0.0}
{"window":{"start":"2023-10-26T07:56:00.000Z","end":"2023-10-26T07:57:00.000Z"},"country":"United Kingdom","OPM":11,"total_sales_volume":365.2199964225292,"rate_of_return":0.09090909090909091}
