{"window":{"start":"2023-10-27T00:32:00.000Z","end":"2023-10-27T00:33:00.000Z"},"country":"United Kingdom","OPM":8,"total_sales_volume":315.7000039219856,"rate_of_return":0.125}
{"window":{"start":"2023-10-25T00:13:00.000Z","end":"2023-10-25T00:14:00.000Z"},"country":"Germany","OPM":1,"total_sales_volume":-32.830000162124634,"rate_of_return":1.0}
{"window":{"start":"2023-10-26T09:49:00.000Z","end":"2023-10-26T09:50:00.000Z"},"country":"United Kingdom","OPM":9,"total_sales_volume":574.4399961829185,"rate_of_return":0.0}
{"window":{"start":"2023-10-27T21:01:00.000Z","end":"2023-10-27T21:02:00.000Z"},"country":"Spain","OPM":1,"total_sales_volume":13.27999997138977,"rate_of_return":0.0}
{"window":{"start":"2023-10-27T23:25:00.000Z","end":"2023-10-27T23:26:00.000Z"},"country":"United Kingdom","OPM":7,"total_sales_volume":3922.1000412404537,"rate_of_return":0.0}
{"window":{"start":"2023-10-27T03:06:00.000Z","end":"2023-10-27T03:07:00.000Z"},"country":"United Kingdom","OPM":12,"total_sales_volume":740.449998319149,"rate_of_return":0.0}
{"window":{"start":"2023-10-24T20:26:00.000Z","end":"2023-10-24T20:27:00.000Z"},"country":"Austria","OPM":1,"total_sales_volume":265.2000045776367,"rate_of_return":0.0}
{"window":{"start":"2023-10-27T22:55:00.000Z","end":"2023-10-27T22:56:00.000Z"},"country":"United Kingdom","OPM":3,"total_sales_volume":46.75000035762787,"rate_of_return":0.0}
{"window":{"start":"2023-10-24T12:38:00.000Z","end":"2023-10-24T12:39:00.000Z"},"country":"EIRE","OPM":2,"total_sales_volume":264.8400011062622,"rate_of_return":0.0}
{"window":{"start":"2023-10-27T11:26:00.000Z","end":"2023-10-27T11:27:00.000Z"},"country":"Channel Islands","OPM":1,"total_sales_volume":29.59999942779541,"rate_of_return":0.0}
{"window":{"start":"2023-10-26T01:32:00.000Z","end":"2023-10-26T01:33:00.000Z"},"country":"United Kingdom","OPM":12,"total_sales_volume":819.7000005021691,"rate_of_return":0.08333333333333333}
{"window":{"start":"2023-10-25T20:44:00.000Z","end":"2023-10-25T20:45:00.000Z"},"country":"United Kingdom","OPM":9,"total_sales_volume":651.7300000190735,"rate_of_return":0.0}
{"window":{"start":"2023-10-23T20:41:00.000Z","end":"2023-10-23T20:42:00.000Z"},"country":"United Kingdom","OPM":9,"total_sales_volume":1189.7100066393614,"rate_of_return":0.1111111111111111}
{"window":{"start":"2023-10-23T19:51:00.000Z","end":"2023-10-23T19:52:00.000Z"},"country":"United Kingdom","OPM":7,"total_sales_volume":86.6200001835823,"rate_of_return":0.0}
{"window":{"start":"2023-10-26T04:39:00.000Z","end":"2023-10-26T04:40:00.000Z"},"country":"United Kingdom","OPM":11,"total_sales_volume":548.5000011622906,"rate_of_return":0.09090909090909091}
{"window":{"start":"2023-10-25T08:16:00.000Z","end":"2023-10-25T08:17:00.000Z"},"country":"United Kingdom","OPM":6,"total_sales_volume":83.64999857544899,"rate_of_return":0.0}
{"window":{"start":"2023-10-27T01:27:00.000Z","end":"2023-10-27T01:28:00.000Z"},"country":"Netherlands","OPM":1,"total_sales_volume":14.869999885559082,"rate_of_return":0.0}
{"window":{"start":"2023-10-26T06:09:00.000Z","end":"2023-10-26T06:10:00.000Z"},"country":"United Kingdom","OPM":9,"total_sales_volume":691.0699789226055,"rate_of_return":0.0}
{"window":{"start":"2023-10-27T17:43:00.000Z","end":"2023-10-27T17:44:00.000Z"},"country":"France","OPM":1,"total_sales_volume":27.259999871253967,"rate_of_return":0.0}
{"window":{"start":"2023-10-25T07:22:00.000Z","end":"2023-10-25T07:23:00.000Z"},"country":"Germany","OPM":1,"total_sales_volume":41.88000011444092,"rate_of_return":0.0}
{"window":{"start":"2023-10-25T05:23:00.000Z","end":"2023-10-25T05:24:00.000Z"},"country":"EIRE","OPM":1,"total_sales_volume":122.65000009536743,"rate_of_return":0.0}
{"window":{"start":"2023-10-27T04:03:00.000Z","end":"2023-10-27T04:04:00.000Z"},"country":"United Kingdom","OPM":12,"total_sales_volume":585.3999982774258,"rate_of_return":0.0}
{"window":{"start":"2023-10-27T22:30:00.000Z","end":"2023-10-27T22:31:00.000Z"},"country":"Singapore","OPM":1,"total_sales_volume":58.53000223636627,"rate_of_return":0.0}
{"window":{"start":"2023-10-24T10:54:00.000Z","end":"2023-10-24T10:55:00.000Z"},"country":"EIRE","OPM":1,"total_sales_volume":15.700000286102295,"rate_of_return":0.0}
{"window":{"start":"2023-10-24T17:23:00.000Z","end":"2023-10-24T17:24:00.000Z"},"country":"United Kingdom","OPM":14,"total_sales_volume":1026.7500088214874,"rate_of_return":0.14285714285714285}
{"window":{"start":"2023-10-23T18:27:00.000Z","end":"2023-10-23T18:28:00.000Z"},"country":"France","OPM":1,"total_sales_volume":19.919999599456787,"rate_of_return":0.0}
{"window":{"start":"2023-10-26T03:23:00.000Z","end":"2023-10-26T03:24:00.000Z"},"country":"United Kingdom","OPM":16,"total_sales_volume":796.4799989759922,"rate_of_return":0.0625}
{"window":{"start":"2023-10-24T20:28:00.000Z","end":"2023-10-24T20:29:00.000Z"},"country":"United Kingdom","OPM":15,"total_sales_volume":262.00999930500984,"rate_of_return":0.2}
{"window":{"start":"2023-10-23T19:37:00.000Z","end":"2023-10-23T19:38:00.000Z"},"country":"United Kingdom","OPM":9,"total_sales_volume":518.400003939867,"rate_of_return":0.1111111111111111}
{"window":{"start":"2023-10-27T09:58:00.000Z","end":"2023-10-27T09:59:00.000Z"},"country":"United Kingdom","OPM":13,"total_sales_volume":418.85999900102615,"rate_of_return":0.0}
{"window":{"start":"2023-10-26T05:29:00.000Z","end":"2023-10-26T05:30:00.000Z"},"country":"United Kingdom","OPM":12,"total_sales_volume":615.3400000035763,"rate_of_return":0.0}
{"window":{"start":"2023-10-26T06:26:00.000Z","end":"2023-10-26T06:27:00.000Z"},"country":"United Kingdom","OPM":8,"total_sales_volume":389.7000015974045,"rate_of_return":0.0}
{"window":{"start":"2023-10-26T12:48:00.000Z","end":"2023-10-26T12:49:00.000Z"},"country":"United Kingdom","OPM":9,"total_sales_volume":767.4799965322018,"rate_of_return":0.0}
{"window":{"start":"2023-10-24T10:51:00.000Z","end":"2023-10-24T10:52:00.000Z"},"country":"Germany","OPM":1,"total_sales_volume":178.37000024318695,"rate_of_return":0.0}
{"window":{"start":"2023-10-26T05:34:00.000Z","end":"2023-10-26T05:35:00.000Z"},"country":"United Kingdom","OPM":11,"total_sales_volume":733.3699930906296,"rate_of_return":0.0}
{"window":{"start":"2023-10-23T14:37:00.000Z","end":"2023-10-23T14:38:00.000Z"},"country":"USA","OPM":1,"total_sales_volume":104.96999798715115,"rate_of_return":0.0}
{"window":{"start":"2023-10-27T05:26:00.000Z","end":"2023-10-27T05:27:00.000Z"},"country":"Germany","OPM":1,"total_sales_volume":27.28000020980835,"rate_of_return":0.0}
{"window":{"start":"2023-10-23T15:50:00.000Z","end":"2023-10-23T15:51:00.000Z"},"country":"France","OPM":1,"total_sales_volume":1.100000023841858,"rate_of_return":0.0}
{"window":{"start":"2023-10-25T22:27:00.000Z","end":"2023-10-25T22:28:00.000Z"},"country":"Netherlands","OPM":1,"total_sales_volume":16.49999976158142,"rate_of_return":0.0}
{"window":{"start":"2023-10-27T02:58:00.000Z","end":"2023-10-27T02:59:00.000Z"},"country":"EIRE","OPM":1,"total_sales_volume":208.3599982559681,"rate_of_return":0.0}
{"window":{"start":"2023-10-27T03:36:00.000Z","end":"2023-10-27T03:37:00.000Z"},"country":"Germany","OPM":1,"total_sales_volume":47.62000036239624,"rate_of_return":0.0}
{"window":{"start":"2023-10-24T23:09:00.000Z","end":"2023-10-24T23:10:00.000Z"},"country":"United Kingdom","OPM":12,"total_sales_volume":575.4999949932098,"rate_of_return":0.0}
{"window":{"start":"2023-10-25T07:12:00.000Z","end":"2023-10-25T07:13:00.000Z"},"country":"United Kingdom","OPM":9,"total_sales_volume":722.7200134396553,"rate_of_return":0.0}
{"window":{"start":"2023-10-25T07:53:00.000Z","end":"2023-10-25T07:54:00.000Z"},"country":"Germany","OPM":1,"total_sales_volume":1.9500000476837158,"rate_of_return":0.0}
{"window":{"start":"2023-10-23T12:31:00.000Z","end":"2023-10-23T12:32:00.000Z"},"country":"United Kingdom","OPM":13,"total_sales_volume":1402.7700000405312,"rate_of_return":0.0}
{"window":{"start":"2023-10-25T22:13:00.000Z","end":"2023-10-25T22:14:00.000Z"},"country":"Germany","OPM":1,"total_sales_volume":50.49999940395355,"rate_of_return":0.0}
{"window":{"start":"2023-10-25T07:27:00.000Z","end":"2023-10-25T07:28:00.000Z"},"country":"United Kingdom","OPM":8,"total_sales_volume":224.4599976837635,"rate_of_return":0.125}
