{"window":{"start":"2023-10-25T09:05:00.000Z","end":"2023-10-25T09:06:00.000Z"},"country":"United Kingdom","OPM":12,"total_sales_volume":304.7699949145317,"rate_of_return":0.0}
{"window":{"start":"2023-10-27T03:11:00.000Z","end":"2023-10-27T03:12:00.000Z"},"country":"United Kingdom","OPM":6,"total_sales_volume":203.42999976873398,"rate_of_return":0.0}
{"window":{"start":"2023-10-26T08:47:00.000Z","end":"2023-10-26T08:48:00.000Z"},"country":"Finland","OPM":1,"total_sales_volume":13.799999713897705,"rate_of_return":0.0}
{"window":{"start":"2023-10-25T00:32:00.000Z","end":"2023-10-25T00:33:00.000Z"},"country":"Sweden","OPM":1,"total_sales_volume":47.69999921321869,"rate_of_return":0.0}
{"window":{"start":"2023-10-24T08:35:00.000Z","end":"2023-10-24T08:36:00.000Z"},"country":"United Kingdom","OPM":10,"total_sales_volume":862.0499986559153,"rate_of_return":0.0}
{"window":{"start":"2023-10-25T13:30:00.000Z","end":"2023-10-25T13:31:00.000Z"},"country":"United Kingdom","OPM":7,"total_sales_volume":274.1599994599819,"rate_of_return":0.0}
{"window":{"start":"2023-10-25T19:01:00.000Z","end":"2023-10-25T19:02:00.000Z"},"country":"United Kingdom","OPM":8,"total_sales_volume":522.3200041055679,"rate_of_return":0.0}
{"window":{"start":"2023-10-26T17:41:00.000Z","end":"2023-10-26T17:42:00.000Z"},"country":"Germany","OPM":1,"total_sales_volume":3.299999952316284,"rate_of_return":0.0}
{"window":{"start":"2023-10-25T08:05:00.000Z","end":"2023-10-25T08:06:00.000Z"},"country":"Germany","OPM":1,"total_sales_volume":215.9000015258789,"rate_of_return":0.0}
{"window":{"start":"2023-10-24T04:15:00.000Z","end":"2023-10-24T04:16:00.000Z"},"country":"United Kingdom","OPM":10,"total_sales_volume":376.0999935567379,"rate_of_return":0.0}
{"window":{"start":"2023-10-27T18:51:00.000Z","end":"2023-10-27T18:52:00.000Z"},"country":"EIRE","OPM":1,"total_sales_volume":30.8299999833107,"rate_of_return":0.0}
{"window":{"start":"2023-10-24T20:04:00.000Z","end":"2023-10-24T20:05:00.000Z"},"country":"United Kingdom","OPM":10,"total_sales_volume":406.5899933874607,"rate_of_return":0.2}
{"window":{"start":"2023-10-26T02:06:00.000Z","end":"2023-10-26T02:07:00.000Z"},"country":"United Kingdom","OPM":8,"total_sales_volume":346.4599933028221,"rate_of_return":0.0}
{"window":{"start":"2023-10-25T15:57:00.000Z","end":"2023-10-25T15:58:00.000Z"},"country":"United Kingdom","OPM":6,"total_sales_volume":1009.2599715590477,"rate_of_return":0.0}
{"window":{"start":"2023-10-24T10:41:00.000Z","end":"2023-10-24T10:42:00.000Z"},"country":"United Kingdom","OPM":9,"total_sales_volume":392.8200000822544,"rate_of_return":0.0}
{"window":{"start":"2023-10-24T09:56:00.000Z","end":"2023-10-24T09:57:00.000Z"},"country":"United Kingdom","OPM":5,"total_sales_volume":359.89999556541443,"rate_of_return":0.0}
{"window":{"start":"2023-10-27T13:05:00.000Z","end":"2023-10-27T13:06:00.000Z"},"country":"United Kingdom","OPM":5,"total_sales_volume":197.74999664723873,"rate_of_return":0.0}
{"window":{"start":"2023-10-24T22:47:00.000Z","end":"2023-10-24T22:48:00.000Z"},"country":"United Kingdom","OPM":9,"total_sales_volume":97.750000923872,"rate_of_return":0.1111111111111111}
{"window":{"start":"2023-10-25T01:59:00.000Z","end":"2023-10-25T02:00:00.000Z"},"country":"France","OPM":1,"total_sales_volume":6.239999771118164,"rate_of_return":0.0}
{"window":{"start":"2023-10-26T02:14:00.000Z","end":"2023-10-26T02:15:00.000Z"},"country":"EIRE","OPM":1,"total_sales_volume":132.1100007891655,"rate_of_return":0.0}
{"window":{"start":"2023-10-27T14:34:00.000Z","end":"2023-10-27T14:35:00.000Z"},"country":"Portugal","OPM":1,"total_sales_volume":150.28000259399414,"rate_of_return":0.0}
{"window":{"start":"2023-10-24T11:12:00.000Z","end":"2023-10-24T11:13:00.000Z"},"country":"EIRE","OPM":1,"total_sales_volume":11.899999618530273,"rate_of_return":0.0}
{"window":{"start":"2023-10-27T10:09:00.000Z","end":"2023-10-27T10:10:00.000Z"},"country":"Unspecified","OPM":1,"total_sales_volume":18.950000286102295,"rate_of_return":0.0}
{"window":{"start":"2023-10-24T18:13:00.000Z","end":"2023-10-24T18:14:00.000Z"},"country":"United Kingdom","OPM":8,"total_sales_volume":144.97999987006187,"rate_of_return":0.125}
{"window":{"start":"2023-10-28T01:01:00.000Z","end":"2023-10-28T01:02:00.000Z"},"country":"United Kingdom","OPM":4,"total_sales_volume":100.04999995231628,"rate_of_return":0.0}
{"window":{"start":"2023-10-24T22:53:00.000Z","end":"2023-10-24T22:54:00.000Z"},"country":"Netherlands","OPM":1,"total_sales_volume":90.8399977684021,"rate_of_return":0.0}
{"window":{"start":"2023-10-23T20:56:00.000Z","end":"2023-10-23T20:57:00.000Z"},"country":"United Kingdom","OPM":6,"total_sales_volume":-107.94001924991608,"rate_of_return":0.16666666666666666}
{"window":{"start":"2023-10-25T13:52:00.000Z","end":"2023-10-25T13:53:00.000Z"},"country":"United Kingdom","OPM":7,"total_sales_volume":195.89999842643738,"rate_of_return":0.0}
{"window":{"start":"2023-10-24T07:26:00.000Z","end":"2023-10-24T07:27:00.000Z"},"country":"EIRE","OPM":1,"total_sales_volume":43.119999289512634,"rate_of_return":0.0}
{"window":{"start":"2023-10-24T09:40:00.000Z","end":"2023-10-24T09:41:00.000Z"},"country":"Germany","OPM":1,"total_sales_volume":41.25000071525574,"rate_of_return":0.0}
{"window":{"start":"2023-10-27T13:38:00.000Z","end":"2023-10-27T13:39:00.000Z"},"country":"United Kingdom","OPM":8,"total_sales_volume":413.52999445796013,"rate_of_return":0.125}
{"window":{"start":"2023-10-24T08:27:00.000Z","end":"2023-10-24T08:28:00.000Z"},"country":"United Kingdom","OPM":10,"total_sales_volume":573.8199858367443,"rate_of_return":0.1}
{"window":{"start":"2023-10-25T05:25:00.000Z","end":"2023-10-25T05:26:00.000Z"},"country":"France","OPM":1,"total_sales_volume":3.399999976158142,"rate_of_return":0.0}
{"window":{"start":"2023-10-24T11:08:00.000Z","end":"2023-10-24T11:09:00.000Z"},"country":"United Kingdom","OPM":3,"total_sales_volume":93.34000065922737,"rate_of_return":0.0}
{"window":{"start":"2023-10-25T02:49:00.000Z","end":"2023-10-25T02:50:00.000Z"},"country":"United Kingdom","OPM":10,"total_sales_volume":1809.4200115203857,"rate_of_return":0.0}
{"window":{"start":"2023-10-23T16:26:00.000Z","end":"2023-10-23T16:27:00.000Z"},"country":"United Kingdom","OPM":16,"total_sales_volume":1105.1899995803833,"rate_of_return":0.0625}
{"window":{"start":"2023-10-25T20:17:00.000Z","end":"2023-10-25T20:18:00.000Z"},"country":"Belgium","OPM":1,"total_sales_volume":15.539999514818192,"rate_of_return":0.0}
{"window":{"start":"2023-10-26T20:53:00.000Z","end":"2023-10-26T20:54:00.000Z"},"country":"United Kingdom","OPM":4,"total_sales_volume":351.5800022482872,"rate_of_return":0.25}
{"window":{"start":"2023-10-23T23:01:00.000Z","end":"2023-10-23T23:02:00.000Z"},"country":"Brazil","OPM":1,"total_sales_volume":15.799999952316284,"rate_of_return":0.0}
{"window":{"start":"2023-10-25T21:28:00.000Z","end":"2023-10-25T21:29:00.000Z"},"country":"United Kingdom","OPM":5,"total_sales_volume":46.86000019311905,"rate_of_return":0.0}
{"window":{"start":"2023-10-26T14:24:00.000Z","end":"2023-10-26T14:25:00.000Z"},"country":"United Kingdom","OPM":6,"total_sales_volume":769.0900048613548,"rate_of_return":0.0}
{"window":{"start":"2023-10-26T19:24:00.000Z","end":"2023-10-26T19:25:00.000Z"},"country":"United Kingdom","OPM":6,"total_sales_volume":1220.2800009846687,"rate_of_return":0.0}
{"window":{"start":"2023-10-25T22:52:00.000Z","end":"2023-10-25T22:53:00.000Z"},"country":"United Kingdom","OPM":8,"total_sales_volume":312.4699951708317,"rate_of_return":0.0}
{"window":{"start":"2023-10-27T23:02:00.000Z","end":"2023-10-27T23:03:00.000Z"},"country":"United Kingdom","OPM":13,"total_sales_volume":860.3699970692396,"rate_of_return":0.0}
{"window":{"start":"2023-10-25T21:57:00.000Z","end":"2023-10-25T21:58:00.000Z"},"country":"EIRE","OPM":1,"total_sales_volume":24.09999918937683,"rate_of_return":0.0}
{"window":{"start":"2023-10-26T08:36:00.000Z","end":"2023-10-26T08:37:00.000Z"},"country":"United Kingdom","OPM":4,"total_sales_volume":200.15999948978424,"rate_of_return":0.0}
{"window":{"start":"2023-10-25T20:42:00.000Z","end":"2023-10-25T20:43:00.000Z"},"country":"Sweden","OPM":1,"total_sales_volume":15.0,"rate_of_return":0.0}
{"window":{"start":"2023-10-26T09:17:00.000Z","end":"2023-10-26T09:18:00.000Z"},"country":"United Kingdom","OPM":13,"total_sales_volume":694.1100082099438,"rate_of_return":0.07692307692307693}
{"window":{"start":"2023-10-25T09:01:00.000Z","end":"2023-10-25T09:02:00.000Z"},"country":"United Kingdom","OPM":14,"total_sales_volume":1065.8999930024147,"rate_of_return":0.0}
{"window":{"start":"2023-10-24T01:01:00.000Z","end":"2023-10-24T01:02:00.000Z"},"country":"United Kingdom","OPM":9,"total_sales_volume":470.6899980902672,"rate_of_return":0.1111111111111111}
{"window":{"start":"2023-10-27T04:37:00.000Z","end":"2023-10-27T04:38:00.000Z"},"country":"United Kingdom","OPM":8,"total_sales_volume":245.1300014257431,"rate_of_return":0.125}
{"window":{"start":"2023-10-24T07:00:00.000Z","end":"2023-10-24T07:01:00.000Z"},"country":"EIRE","OPM":1,"total_sales_volume":58.81000018119812,"rate_of_return":0.0}
{"window":{"start":"2023-10-24T08:18:00.000Z","end":"2023-10-24T08:19:00.000Z"},"country":"United Kingdom","OPM":8,"total_sales_volume":595.9800077080727,"rate_of_return":0.0}
{"window":{"start":"2023-10-25T20:46:00.000Z","end":"2023-10-25T20:47:00.000Z"},"country":"United Kingdom","OPM":13,"total_sales_volume":345.26999843120575,"rate_of_return":0.07692307692307693}
{"window":{"start":"2023-10-26T15:51:00.000Z","end":"2023-10-26T15:52:00.000Z"},"country":"Germany","OPM":1,"total_sales_volume":43.63000130653381,"rate_of_return":0.0}
{"window":{"start":"2023-10-23T16:21:00.000Z","end":"2023-10-23T16:22:00.000Z"},"country":"United Kingdom","OPM":11,"total_sales_volume":-102.65999606251717,"rate_of_return":0.18181818181818182}
{"window":{"start":"2023-10-26T09:11:00.000Z","end":"2023-10-26T09:12:00.000Z"},"country":"United Kingdom","OPM":9,"total_sales_volume":237.12999814748764,"rate_of_return":0.0}
{"window":{"start":"2023-10-26T15:34:00.000Z","end":"2023-10-26T15:35:00.000Z"},"country":"Netherlands","OPM":1,"total_sales_volume":23.25000062584877,"rate_of_return":0.0}
{"window":{"start":"2023-10-25T22:20:00.000Z","end":"2023-10-25T22:21:00.000Z"},"country":"Canada","OPM":1,"total_sales_volume":142.0699964761734,"rate_of_return":0.0}
{"window":{"start":"2023-10-23T12:29:00.000Z","end":"2023-10-23T12:30:00.000Z"},"country":"United Kingdom","OPM":13,"total_sales_volume":415.3099992573261,"rate_of_return":0.07692307692307693}
{"window":{"start":"2023-10-28T04:29:00.000Z","end":"2023-10-28T04:30:00.000Z"},"country":"Cyprus","OPM":1,"total_sales_volume":49.84000015258789,"rate_of_return":0.0}
{"window":{"start":"2023-10-28T02:08:00.000Z","end":"2023-10-28T02:09:00.000Z"},"country":"Germany","OPM":1,"total_sales_volume":8.759999752044678,"rate_of_return":0.0}
{"window":{"start":"2023-10-28T02:21:00.000Z","end":"2023-10-28T02:22:00.000Z"},"country":"Portugal","OPM":1,"total_sales_volume":6.299999713897705,"rate_of_return":0.0}
{"window":{"start":"2023-10-24T02:06:00.000Z","end":"2023-10-24T02:07:00.000Z"},"country":"United Kingdom","OPM":5,"total_sales_volume":308.97999918460846,"rate_of_return":0.0}
{"window":{"start":"2023-10-25T07:42:00.000Z","end":"2023-10-25T07:43:00.000Z"},"country":"United Kingdom","OPM":7,"total_sales_volume":648.7399965822697,"rate_of_return":0.0}
{"window":{"start":"2023-10-27T00:11:00.000Z","end":"2023-10-27T00:12:00.000Z"},"country":"Cyprus","OPM":1,"total_sales_volume":132.47999739646912,"rate_of_return":0.0}
{"window":{"start":"2023-10-28T03:33:00.000Z","end":"2023-10-28T03:34:00.000Z"},"country":"United Kingdom","OPM":11,"total_sales_volume":569.3399980068207,"rate_of_return":0.0}
