{"window":{"start":"2023-10-26T19:58:00.000Z","end":"2023-10-26T19:59:00.000Z"},"country":"Iceland","OPM":1,"total_sales_volume":37.119999408721924,"rate_of_return":0.0}
{"window":{"start":"2023-10-27T21:12:00.000Z","end":"2023-10-27T21:13:00.000Z"},"country":"Germany","OPM":1,"total_sales_volume":10.949999570846558,"rate_of_return":0.0}
{"window":{"start":"2023-10-27T19:33:00.000Z","end":"2023-10-27T19:34:00.000Z"},"country":"Germany","OPM":1,"total_sales_volume":-147.4799957871437,"rate_of_return":1.0}
{"window":{"start":"2023-10-24T03:41:00.000Z","end":"2023-10-24T03:42:00.000Z"},"country":"France","OPM":1,"total_sales_volume":145.9500002861023,"rate_of_return":0.0}
{"window":{"start":"2023-10-27T19:35:00.000Z","end":"2023-10-27T19:36:00.000Z"},"country":"United Kingdom","OPM":12,"total_sales_volume":997.1399988234043,"rate_of_return":0.08333333333333333}
{"window":{"start":"2023-10-25T11:11:00.000Z","end":"2023-10-25T11:12:00.000Z"},"country":"EIRE","OPM":1,"total_sales_volume":53.34000015258789,"rate_of_return":0.0}
{"window":{"start":"2023-10-26T16:40:00.000Z","end":"2023-10-26T16:41:00.000Z"},"country":"Australia","OPM":1,"total_sales_volume":6.25,"rate_of_return":0.0}
{"window":{"start":"2023-10-23T20:02:00.000Z","end":"2023-10-23T20:03:00.000Z"},"country":"Spain","OPM":1,"total_sales_volume":19.950000047683716,"rate_of_return":0.0}
{"window":{"start":"2023-10-25T01:12:00.000Z","end":"2023-10-25T01:13:00.000Z"},"country":"United Kingdom","OPM":10,"total_sales_volume":588.229998588562,"rate_of_return":0.1}
{"window":{"start":"2023-10-26T23:49:00.000Z","end":"2023-10-26T23:50:00.000Z"},"country":"France","OPM":1,"total_sales_volume":17.0,"rate_of_return":0.0}
{"window":{"start":"2023-10-27T09:21:00.000Z","end":"2023-10-27T09:22:00.000Z"},"country":"United Kingdom","OPM":11,"total_sales_volume":573.6599903702736,"rate_of_return":0.0}
{"window":{"start":"2023-10-26T10:09:00.000Z","end":"2023-10-26T10:10:00.000Z"},"country":"Belgium","OPM":1,"total_sales_volume":20.799999237060547,"rate_of_return":0.0}
{"window":{"start":"2023-10-24T09:51:00.000Z","end":"2023-10-24T09:52:00.000Z"},"country":"EIRE","OPM":1,"total_sales_volume":22.5,"rate_of_return":0.0}
{"window":{"start":"2023-10-25T19:18:00.000Z","end":"2023-10-25T19:19:00.000Z"},"country":"EIRE","OPM":1,"total_sales_volume":0.8299999833106995,"rate_of_return":0.0}
{"window":{"start":"2023-10-25T11:08:00.000Z","end":"2023-10-25T11:09:00.000Z"},"country":"Switzerland","OPM":1,"total_sales_volume":194.35999870300293,"rate_of_return":0.0}
{"window":{"start":"2023-10-23T13:21:00.000Z","end":"2023-10-23T13:22:00.000Z"},"country":"Germany","OPM":1,"total_sales_volume":20.83000010251999,"rate_of_return":0.0}
{"window":{"start":"2023-10-26T11:49:00.000Z","end":"2023-10-26T11:50:00.000Z"},"country":"Singapore","OPM":1,"total_sales_volume":38.65000057220459,"rate_of_return":0.0}
{"window":{"start":"2023-10-24T19:20:00.000Z","end":"2023-10-24T19:21:00.000Z"},"country":"United Kingdom","OPM":4,"total_sales_volume":347.3799951672554,"rate_of_return":0.0}
{"window":{"start":"2023-10-27T17:37:00.000Z","end":"2023-10-27T17:38:00.000Z"},"country":"United Kingdom","OPM":8,"total_sales_volume":405.64000952243805,"rate_of_return":0.0}
{"window":{"start":"2023-10-23T23:36:00.000Z","end":"2023-10-23T23:37:00.000Z"},"country":"United Kingdom","OPM":6,"total_sales_volume":171.77999913692474,"rate_of_return":0.0}
{"window":{"start":"2023-10-26T20:47:00.000Z","end":"2023-10-26T20:48:00.000Z"},"country":"United Kingdom","OPM":10,"total_sales_volume":557.3299939930439,"rate_of_return":0.1}
{"window":{"start":"2023-10-25T03:00:00.000Z","end":"2023-10-25T03:01:00.000Z"},"country":"Singapore","OPM":1,"total_sales_volume":17.799999713897705,"rate_of_return":0.0}
{"window":{"start":"2023-10-26T06:04:00.000Z","end":"2023-10-26T06:05:00.000Z"},"country":"United Kingdom","OPM":9,"total_sales_volume":935.4200026094913,"rate_of_return":0.0}
{"window":{"start":"2023-10-24T01:27:00.000Z","end":"2023-10-24T01:28:00.000Z"},"country":"USA","OPM":1,"total_sales_volume":74.98000061511993,"rate_of_return":0.0}
{"window":{"start":"2023-10-26T16:36:00.000Z","end":"2023-10-26T16:37:00.000Z"},"country":"United Kingdom","OPM":16,"total_sales_volume":1227.3499999642372,"rate_of_return":0.0}
{"window":{"start":"2023-10-25T06:29:00.000Z","end":"2023-10-25T06:30:00.000Z"},"country":"United Kingdom","OPM":7,"total_sales_volume":164.99999964237213,"rate_of_return":0.0}
{"window":{"start":"2023-10-24T13:51:00.000Z","end":"2023-10-24T13:52:00.000Z"},"country":"Spain","OPM":1,"total_sales_volume":18.950000047683716,"rate_of_return":0.0}
{"window":{"start":"2023-10-23T13:25:00.000Z","end":"2023-10-23T13:26:00.000Z"},"country":"Netherlands","OPM":1,"total_sales_volume":30.749999046325684,"rate_of_return":0.0}
{"window":{"start":"2023-10-25T15:56:00.000Z","end":"2023-10-25T15:57:00.000Z"},"country":"United Kingdom","OPM":8,"total_sales_volume":1816.6100270450115,"rate_of_return":0.125}
{"window":{"start":"2023-10-24T00:27:00.000Z","end":"2023-10-24T00:28:00.000Z"},"country":"Cyprus","OPM":1,"total_sales_volume":7.089999794960022,"rate_of_return":0.0}
{"window":{"start":"2023-10-24T17:46:00.000Z","end":"2023-10-24T17:47:00.000Z"},"country":"United Kingdom","OPM":5,"total_sales_volume":346.0099946260452,"rate_of_return":0.0}
{"window":{"start":"2023-10-24T02:31:00.000Z","end":"2023-10-24T02:32:00.000Z"},"country":"United Kingdom","OPM":10,"total_sales_volume":565.7399905920029,"rate_of_return":0.0}
{"window":{"start":"2023-10-24T20:03:00.000Z","end":"2023-10-24T20:04:00.000Z"},"country":"United Kingdom","OPM":4,"total_sales_volume":843.769996881485,"rate_of_return":0.0}
{"window":{"start":"2023-10-24T03:52:00.000Z","end":"2023-10-24T03:53:00.000Z"},"country":"United Kingdom","OPM":11,"total_sales_volume":2247.180020660162,"rate_of_return":0.09090909090909091}
{"window":{"start":"2023-10-25T15:38:00.000Z","end":"2023-10-25T15:39:00.000Z"},"country":"Spain","OPM":1,"total_sales_volume":57.69999945163727,"rate_of_return":0.0}
{"window":{"start":"2023-10-25T01:00:00.000Z","end":"2023-10-25T01:01:00.000Z"},"country":"Belgium","OPM":1,"total_sales_volume":3.2899999618530273,"rate_of_return":0.0}
{"window":{"start":"2023-10-25T09:13:00.000Z","end":"2023-10-25T09:14:00.000Z"},"country":"United Kingdom","OPM":9,"total_sales_volume":844.199990272522,"rate_of_return":0.0}
{"window":{"start":"2023-10-27T06:55:00.000Z","end":"2023-10-27T06:56:00.000Z"},"country":"United Kingdom","OPM":12,"total_sales_volume":443.70999881625175,"rate_of_return":0.0}
{"window":{"start":"2023-10-25T00:16:00.000Z","end":"2023-10-25T00:17:00.000Z"},"country":"Spain","OPM":1,"total_sales_volume":3.2899999618530273,"rate_of_return":0.0}
{"window":{"start":"2023-10-25T21:49:00.000Z","end":"2023-10-25T21:50:00.000Z"},"country":"Netherlands","OPM":1,"total_sales_volume":52.849998474121094,"rate_of_return":0.0}
{"window":{"start":"2023-10-26T03:17:00.000Z","end":"2023-10-26T03:18:00.000Z"},"country":"United Kingdom","OPM":13,"total_sales_volume":712.9599910676479,"rate_of_return":0.07692307692307693}
{"window":{"start":"2023-10-26T19:22:00.000Z","end":"2023-10-26T19:23:00.000Z"},"country":"United Kingdom","OPM":11,"total_sales_volume":255.7599985897541,"rate_of_return":0.0}
{"window":{"start":"2023-10-25T19:46:00.000Z","end":"2023-10-25T19:47:00.000Z"},"country":"Portugal","OPM":1,"total_sales_volume":56.18999883532524,"rate_of_return":0.0}
{"window":{"start":"2023-10-27T04:24:00.000Z","end":"2023-10-27T04:25:00.000Z"},"country":"United Kingdom","OPM":5,"total_sales_volume":39.3299999833107,"rate_of_return":0.0}
{"window":{"start":"2023-10-27T20:33:00.000Z","end":"2023-10-27T20:34:00.000Z"},"country":"France","OPM":1,"total_sales_volume":90.84999942779541,"rate_of_return":0.0}
{"window":{"start":"2023-10-25T16:59:00.000Z","end":"2023-10-25T17:00:00.000Z"},"country":"United Kingdom","OPM":5,"total_sales_volume":912.599990606308,"rate_of_return":0.0}
{"window":{"start":"2023-10-27T18:01:00.000Z","end":"2023-10-27T18:02:00.000Z"},"country":"EIRE","OPM":1,"total_sales_volume":4.710000097751617,"rate_of_return":0.0}
{"window":{"start":"2023-10-24T20:37:00.000Z","end":"2023-10-24T20:38:00.000Z"},"country":"EIRE","OPM":1,"total_sales_volume":34.19999945163727,"rate_of_return":0.0}
{"window":{"start":"2023-10-24T03:42:00.000Z","end":"2023-10-24T03:43:00.000Z"},"country":"France","OPM":2,"total_sales_volume":72.65999984741211,"rate_of_return":0.0}
{"window":{"start":"2023-10-25T05:06:00.000Z","end":"2023-10-25T05:07:00.000Z"},"country":"United Kingdom","OPM":12,"total_sales_volume":1289.0300167798996,"rate_of_return":0.08333333333333333}
{"window":{"start":"2023-10-26T03:10:00.000Z","end":"2023-10-26T03:11:00.000Z"},"country":"United Kingdom","OPM":6,"total_sales_volume":224.3399955034256,"rate_of_return":0.16666666666666666}
{"window":{"start":"2023-10-25T17:50:00.000Z","end":"2023-10-25T17:51:00.000Z"},"country":"Denmark","OPM":1,"total_sales_volume":16.980000257492065,"rate_of_return":0.0}
{"window":{"start":"2023-10-27T12:37:00.000Z","end":"2023-10-27T12:38:00.000Z"},"country":"United Kingdom","OPM":7,"total_sales_volume":174.07000130414963,"rate_of_return":0.14285714285714285}
{"window":{"start":"2023-10-25T21:04:00.000Z","end":"2023-10-25T21:05:00.000Z"},"country":"Denmark","OPM":1,"total_sales_volume":104.32999897003174,"rate_of_return":0.0}
{"window":{"start":"2023-10-27T06:17:00.000Z","end":"2023-10-27T06:18:00.000Z"},"country":"United Kingdom","OPM":8,"total_sales_volume":169.3600002527237,"rate_of_return":0.125}
{"window":{"start":"2023-10-27T02:57:00.000Z","end":"2023-10-27T02:58:00.000Z"},"country":"United Kingdom","OPM":7,"total_sales_volume":167.04999986290932,"rate_of_return":0.0}
{"window":{"start":"2023-10-27T04:54:00.000Z","end":"2023-10-27T04:55:00.000Z"},"country":"France","OPM":1,"total_sales_volume":9.230000019073486,"rate_of_return":0.0}
{"window":{"start":"2023-10-25T10:18:00.000Z","end":"2023-10-25T10:19:00.000Z"},"country":"Netherlands","OPM":1,"total_sales_volume":17.140000343322754,"rate_of_return":0.0}
{"window":{"start":"2023-10-25T04:17:00.000Z","end":"2023-10-25T04:18:00.000Z"},"country":"United Kingdom","OPM":8,"total_sales_volume":352.8699976205826,"rate_of_return":0.0}
{"window":{"start":"2023-10-24T06:49:00.000Z","end":"2023-10-24T06:50:00.000Z"},"country":"United Kingdom","OPM":15,"total_sales_volume":1248.6300126612186,"rate_of_return":0.0}
{"window":{"start":"2023-10-27T07:07:00.000Z","end":"2023-10-27T07:08:00.000Z"},"country":"France","OPM":1,"total_sales_volume":26.15999960899353,"rate_of_return":0.0}
{"window":{"start":"2023-10-25T13:47:00.000Z","end":"2023-10-25T13:48:00.000Z"},"country":"United Kingdom","OPM":7,"total_sales_volume":345.1200001835823,"rate_of_return":0.0}
{"window":{"start":"2023-10-27T17:19:00.000Z","end":"2023-10-27T17:20:00.000Z"},"country":"Channel Islands","OPM":1,"total_sales_volume":131.45999944210052,"rate_of_return":0.0}
{"window":{"start":"2023-10-26T09:41:00.000Z","end":"2023-10-26T09:42:00.000Z"},"country":"United Kingdom","OPM":11,"total_sales_volume":485.380001693964,"rate_of_return":0.09090909090909091}
{"window":{"start":"2023-10-23T18:55:00.000Z","end":"2023-10-23T18:56:00.000Z"},"country":"United Kingdom","OPM":6,"total_sales_volume":765.1999986171722,"rate_of_return":0.0}
{"window":{"start":"2023-10-27T11:31:00.000Z","end":"2023-10-27T11:32:00.000Z"},"country":"United Kingdom","OPM":9,"total_sales_volume":332.08999541401863,"rate_of_return":0.1111111111111111}
{"window":{"start":"2023-10-25T01:01:00.000Z","end":"2023-10-25T01:02:00.000Z"},"country":"United Kingdom","OPM":10,"total_sales_volume":587.5700108408928,"rate_of_return":0.0}
{"window":{"start":"2023-10-27T02:11:00.000Z","end":"2023-10-27T02:12:00.000Z"},"country":"France","OPM":2,"total_sales_volume":87.91999918222427,"rate_of_return":0.0}
