{"window":{"start":"2023-10-27T14:20:00.000Z","end":"2023-10-27T14:21:00.000Z"},"country":"United Kingdom","OPM":6,"total_sales_volume":291.50999996066093,"rate_of_return":0.0}
{"window":{"start":"2023-10-24T23:56:00.000Z","end":"2023-10-24T23:57:00.000Z"},"country":"Germany","OPM":1,"total_sales_volume":194.25000095367432,"rate_of_return":0.0}
{"window":{"start":"2023-10-24T04:02:00.000Z","end":"2023-10-24T04:03:00.000Z"},"country":"United Kingdom","OPM":13,"total_sales_volume":659.2500045895576,"rate_of_return":0.07692307692307693}
{"window":{"start":"2023-10-25T05:31:00.000Z","end":"2023-10-25T05:32:00.000Z"},"country":"Spain","OPM":1,"total_sales_volume":122.99999874830246,"rate_of_return":0.0}
{"window":{"start":"2023-10-25T16:36:00.000Z","end":"2023-10-25T16:37:00.000Z"},"country":"United Kingdom","OPM":8,"total_sales_volume":470.4399933516979,"rate_of_return":0.125}
{"window":{"start":"2023-10-27T03:39:00.000Z","end":"2023-10-27T03:40:00.000Z"},"country":"Hong Kong","OPM":1,"total_sales_volume":40.54000002145767,"rate_of_return":0.0}
{"window":{"start":"2023-10-27T20:33:00.000Z","end":"2023-10-27T20:34:00.000Z"},"country":"EIRE","OPM":1,"total_sales_volume":1598.6000094413757,"rate_of_return":0.0}
{"window":{"start":"2023-10-26T20:36:00.000Z","end":"2023-10-26T20:37:00.000Z"},"country":"United Kingdom","OPM":11,"total_sales_volume":594.9199963510036,"rate_of_return":0.0}
{"window":{"start":"2023-10-28T00:20:00.000Z","end":"2023-10-28T00:21:00.000Z"},"country":"United Kingdom","OPM":9,"total_sales_volume":360.1799966096878,"rate_of_return":0.2222222222222222}
{"window":{"start":"2023-10-25T14:22:00.000Z","end":"2023-10-25T14:23:00.000Z"},"country":"Hong Kong","OPM":1,"total_sales_volume":3.75,"rate_of_return":0.0}
{"window":{"start":"2023-10-24T22:48:00.000Z","end":"2023-10-24T22:49:00.000Z"},"country":"Spain","OPM":2,"total_sales_volume":138.46000170707703,"rate_of_return":0.0}
{"window":{"start":"2023-10-27T06:39:00.000Z","end":"2023-10-27T06:40:00.000Z"},"country":"France","OPM":1,"total_sales_volume":6.579999923706055,"rate_of_return":0.0}
{"window":{"start":"2023-10-25T12:49:00.000Z","end":"2023-10-25T12:50:00.000Z"},"country":"Australia","OPM":1,"total_sales_volume":163.3499937057495,"rate_of_return":0.0}
{"window":{"start":"2023-10-24T03:22:00.000Z","end":"2023-10-24T03:23:00.000Z"},"country":"Cyprus","OPM":1,"total_sales_volume":16.02999997138977,"rate_of_return":0.0}
{"window":{"start":"2023-10-26T15:17:00.000Z","end":"2023-10-26T15:18:00.000Z"},"country":"France","OPM":1,"total_sales_volume":16.49999976158142,"rate_of_return":0.0}
{"window":{"start":"2023-10-26T05:11:00.000Z","end":"2023-10-26T05:12:00.000Z"},"country":"United Kingdom","OPM":9,"total_sales_volume":722.7699997723103,"rate_of_return":0.0}
{"window":{"start":"2023-10-25T06:56:00.000Z","end":"2023-10-25T06:57:00.000Z"},"country":"United Kingdom","OPM":8,"total_sales_volume":466.96999859809875,"rate_of_return":0.0}
{"window":{"start":"2023-10-24T14:59:00.000Z","end":"2023-10-24T15:00:00.000Z"},"country":"United Kingdom","OPM":8,"total_sales_volume":276.04999455809593,"rate_of_return":0.0}
{"window":{"start":"2023-10-27T11:05:00.000Z","end":"2023-10-27T11:06:00.000Z"},"country":"United Kingdom","OPM":12,"total_sales_volume":406.4599943757057,"rate_of_return":0.08333333333333333}
{"window":{"start":"2023-10-24T20:38:00.000Z","end":"2023-10-24T20:39:00.000Z"},"country":"United Kingdom","OPM":10,"total_sales_volume":706.039996355772,"rate_of_return":0.0}
{"window":{"start":"2023-10-26T13:21:00.000Z","end":"2023-10-26T13:22:00.000Z"},"country":"United Kingdom","OPM":8,"total_sales_volume":436.729996830225,"rate_of_return":0.0}
{"window":{"start":"2023-10-27T15:33:00.000Z","end":"2023-10-27T15:34:00.000Z"},"country":"United Kingdom","OPM":7,"total_sales_volume":655.0500009655952,"rate_of_return":0.0}
{"window":{"start":"2023-10-26T15:24:00.000Z","end":"2023-10-26T15:25:00.000Z"},"country":"United Kingdom","OPM":13,"total_sales_volume":617.4299936592579,"rate_of_return":0.0}
{"window":{"start":"2023-10-26T07:57:00.000Z","end":"2023-10-26T07:58:00.000Z"},"country":"United Kingdom","OPM":12,"total_sales_volume":172.4400018081069,"rate_of_return":0.25}
{"window":{"start":"2023-10-25T19:37:00.000Z","end":"2023-10-25T19:38:00.000Z"},"country":"United Kingdom","OPM":10,"total_sales_volume":459.04999738931656,"rate_of_return":0.0}
{"window":{"start":"2023-10-23T20:29:00.000Z","end":"2023-10-23T20:30:00.000Z"},"country":"United Kingdom","OPM":13,"total_sales_volume":1057.5199859440327,"rate_of_return":0.07692307692307693}
{"window":{"start":"2023-10-26T12:22:00.000Z","end":"2023-10-26T12:23:00.000Z"},"country":"United Kingdom","OPM":12,"total_sales_volume":229.41999906301498,"rate_of_return":0.08333333333333333}
{"window":{"start":"2023-10-24T06:02:00.000Z","end":"2023-10-24T06:03:00.000Z"},"country":"United Kingdom","OPM":12,"total_sales_volume":846.8099954724312,"rate_of_return":0.0}
{"window":{"start":"2023-10-28T00:44:00.000Z","end":"2023-10-28T00:45:00.000Z"},"country":"United Kingdom","OPM":6,"total_sales_volume":265.2899985909462,"rate_of_return":0.16666666666666666}
{"window":{"start":"2023-10-23T12:14:00.000Z","end":"2023-10-23T12:15:00.000Z"},"country":"EIRE","OPM":1,"total_sales_volume":427.39001804590225,"rate_of_return":0.0}
{"window":{"start":"2023-10-24T15:50:00.000Z","end":"2023-10-24T15:51:00.000Z"},"country":"United Kingdom","OPM":12,"total_sales_volume":903.0800006091595,"rate_of_return":0.0}
{"window":{"start":"2023-10-25T12:07:00.000Z","end":"2023-10-25T12:08:00.000Z"},"country":"EIRE","OPM":1,"total_sales_volume":53.19999933242798,"rate_of_return":0.0}
{"window":{"start":"2023-10-27T09:09:00.000Z","end":"2023-10-27T09:10:00.000Z"},"country":"United Kingdom","OPM":7,"total_sales_volume":820.9199983477592,"rate_of_return":0.0}
{"window":{"start":"2023-10-24T19:08:00.000Z","end":"2023-10-24T19:09:00.000Z"},"country":"United Kingdom","OPM":9,"total_sales_volume":867.9099934697151,"rate_of_return":0.0}
{"window":{"start":"2023-10-26T05:13:00.000Z","end":"2023-10-26T05:14:00.000Z"},"country":"United Kingdom","OPM":3,"total_sales_volume":348.32999753952026,"rate_of_return":0.0}
{"window":{"start":"2023-10-26T01:59:00.000Z","end":"2023-10-26T02:00:00.000Z"},"country":"United Kingdom","OPM":10,"total_sales_volume":467.339998960495,"rate_of_return":0.0}
{"window":{"start":"2023-10-26T22:58:00.000Z","end":"2023-10-26T22:59:00.000Z"},"country":"France","OPM":2,"total_sales_volume":34.62000012397766,"rate_of_return":0.0}
{"window":{"start":"2023-10-24T16:27:00.000Z","end":"2023-10-24T16:28:00.000Z"},"country":"United Kingdom","OPM":12,"total_sales_volume":667.5099970400333,"rate_of_return":0.0}
{"window":{"start":"2023-10-27T13:16:00.000Z","end":"2023-10-27T13:17:00.000Z"},"country":"United Kingdom","OPM":8,"total_sales_volume":1052.7499930858612,"rate_of_return":0.0}
{"window":{"start":"2023-10-28T01:45:00.000Z","end":"2023-10-28T01:46:00.000Z"},"country":"Netherlands","OPM":1,"total_sales_volume":372.4000117778778,"rate_of_return":0.0}
{"window":{"start":"2023-10-24T20:50:00.000Z","end":"2023-10-24T20:51:00.000Z"},"country":"Germany","OPM":1,"total_sales_volume":17.0,"rate_of_return":0.0}
{"window":{"start":"2023-10-23T13:13:00.000Z","end":"2023-10-23T13:14:00.000Z"},"country":"United Kingdom","OPM":10,"total_sales_volume":186.08001005649567,"rate_of_return":0.2}
{"window":{"start":"2023-10-25T23:10:00.000Z","end":"2023-10-25T23:11:00.000Z"},"country":"United Kingdom","OPM":6,"total_sales_volume":2376.89999127388,"rate_of_return":0.0}
{"window":{"start":"2023-10-26T12:11:00.000Z","end":"2023-10-26T12:12:00.000Z"},"country":"United Kingdom","OPM":8,"total_sales_volume":108.5799993276596,"rate_of_return":0.25}
{"window":{"start":"2023-10-25T19:32:00.000Z","end":"2023-10-25T19:33:00.000Z"},"country":"United Kingdom","OPM":10,"total_sales_volume":432.97999811172485,"rate_of_return":0.1}
{"window":{"start":"2023-10-25T08:11:00.000Z","end":"2023-10-25T08:12:00.000Z"},"country":"Germany","OPM":1,"total_sales_volume":36.67999982833862,"rate_of_return":0.0}
{"window":{"start":"2023-10-25T01:29:00.000Z","end":"2023-10-25T01:30:00.000Z"},"country":"Germany","OPM":1,"total_sales_volume":54.15000030398369,"rate_of_return":0.0}
{"window":{"start":"2023-10-26T07:28:00.000Z","end":"2023-10-26T07:29:00.000Z"},"country":"United Kingdom","OPM":9,"total_sales_volume":775.7100062668324,"rate_of_return":0.0}
{"window":{"start":"2023-10-26T13:26:00.000Z","end":"2023-10-26T13:27:00.000Z"},"country":"Switzerland","OPM":1,"total_sales_volume":68.52999901771545,"rate_of_return":0.0}
{"window":{"start":"2023-10-24T09:45:00.000Z","end":"2023-10-24T09:46:00.000Z"},"country":"United Kingdom","OPM":8,"total_sales_volume":454.2399981021881,"rate_of_return":0.125}
{"window":{"start":"2023-10-25T17:00:00.000Z","end":"2023-10-25T17:01:00.000Z"},"country":"United Kingdom","OPM":3,"total_sales_volume":105.00000166893005,"rate_of_return":0.0}
{"window":{"start":"2023-10-27T11:56:00.000Z","end":"2023-10-27T11:57:00.000Z"},"country":"United Kingdom","OPM":14,"total_sales_volume":555.5599991679192,"rate_of_return":0.07142857142857142}
{"window":{"start":"2023-10-26T20:57:00.000Z","end":"2023-10-26T20:58:00.000Z"},"country":"Germany","OPM":1,"total_sales_volume":14.119999706745148,"rate_of_return":0.0}
{"window":{"start":"2023-10-25T12:00:00.000Z","end":"2023-10-25T12:01:00.000Z"},"country":"Finland","OPM":1,"total_sales_volume":32.04999923706055,"rate_of_return":0.0}
{"window":{"start":"2023-10-26T19:05:00.000Z","end":"2023-10-26T19:06:00.000Z"},"country":"United Kingdom","OPM":5,"total_sales_volume":197.58000093698502,"rate_of_return":0.0}
{"window":{"start":"2023-10-24T10:28:00.000Z","end":"2023-10-24T10:29:00.000Z"},"country":"EIRE","OPM":1,"total_sales_volume":41.480000495910645,"rate_of_return":0.0}
{"window":{"start":"2023-10-25T21:26:00.000Z","end":"2023-10-25T21:27:00.000Z"},"country":"Germany","OPM":2,"total_sales_volume":8.389999985694885,"rate_of_return":0.0}
