{"window":{"start":"2023-10-27T11:17:00.000Z","end":"2023-10-27T11:18:00.000Z"},"country":"United Kingdom","OPM":5,"total_sales_volume":182.99000185728073,"rate_of_return":0.2}
{"window":{"start":"2023-10-25T13:13:00.000Z","end":"2023-10-25T13:14:00.000Z"},"country":"United Kingdom","OPM":10,"total_sales_volume":609.0499971807003,"rate_of_return":0.0}
{"window":{"start":"2023-10-27T10:40:00.000Z","end":"2023-10-27T10:41:00.000Z"},"country":"United Kingdom","OPM":11,"total_sales_volume":569.5499993860722,"rate_of_return":0.09090909090909091}
{"window":{"start":"2023-10-28T03:04:00.000Z","end":"2023-10-28T03:05:00.000Z"},"country":"Portugal","OPM":1,"total_sales_volume":13.899999618530273,"rate_of_return":0.0}
{"window":{"start":"2023-10-27T09:50:00.000Z","end":"2023-10-27T09:51:00.000Z"},"country":"United Kingdom","OPM":4,"total_sales_volume":804.0300249457359,"rate_of_return":0.0}
{"window":{"start":"2023-10-26T00:26:00.000Z","end":"2023-10-26T00:27:00.000Z"},"country":"Portugal","OPM":1,"total_sales_volume":67.64999914169312,"rate_of_return":0.0}
{"window":{"start":"2023-10-25T18:52:00.000Z","end":"2023-10-25T18:53:00.000Z"},"country":"Spain","OPM":1,"total_sales_volume":55.62999868392944,"rate_of_return":0.0}
{"window":{"start":"2023-10-28T04:24:00.000Z","end":"2023-10-28T04:25:00.000Z"},"country":"Belgium","OPM":1,"total_sales_volume":1276.0100003480911,"rate_of_return":0.0}
{"window":{"start":"2023-10-27T00:25:00.000Z","end":"2023-10-27T00:26:00.000Z"},"country":"Germany","OPM":2,"total_sales_volume":444.2300069332123,"rate_of_return":0.0}
{"window":{"start":"2023-10-25T10:54:00.000Z","end":"2023-10-25T10:55:00.000Z"},"country":"United Kingdom","OPM":9,"total_sales_volume":370.4799944758415,"rate_of_return":0.1111111111111111}
{"window":{"start":"2023-10-25T22:38:00.000Z","end":"2023-10-25T22:39:00.000Z"},"country":"Spain","OPM":1,"total_sales_volume":51.96000027656555,"rate_of_return":0.0}
{"window":{"start":"2023-10-27T07:11:00.000Z","end":"2023-10-27T07:12:00.000Z"},"country":"EIRE","OPM":2,"total_sales_volume":149.78999614715576,"rate_of_return":0.0}
{"window":{"start":"2023-10-24T12:08:00.000Z","end":"2023-10-24T12:09:00.000Z"},"country":"United Kingdom","OPM":12,"total_sales_volume":970.3399949669838,"rate_of_return":0.0}
{"window":{"start":"2023-10-24T18:03:00.000Z","end":"2023-10-24T18:04:00.000Z"},"country":"United Kingdom","OPM":7,"total_sales_volume":181.88999949395657,"rate_of_return":0.0}
{"window":{"start":"2023-10-25T01:37:00.000Z","end":"2023-10-25T01:38:00.000Z"},"country":"EIRE","OPM":1,"total_sales_volume":79.49999809265137,"rate_of_return":0.0}
{"window":{"start":"2023-10-26T09:07:00.000Z","end":"2023-10-26T09:08:00.000Z"},"country":"Switzerland","OPM":1,"total_sales_volume":2.0999999046325684,"rate_of_return":0.0}
{"window":{"start":"2023-10-24T11:39:00.000Z","end":"2023-10-24T11:40:00.000Z"},"country":"United Kingdom","OPM":10,"total_sales_volume":1102.780007481575,"rate_of_return":0.2}
{"window":{"start":"2023-10-26T03:23:00.000Z","end":"2023-10-26T03:24:00.000Z"},"country":"Portugal","OPM":1,"total_sales_volume":111.86000061035156,"rate_of_return":0.0}
{"window":{"start":"2023-10-24T03:05:00.000Z","end":"2023-10-24T03:06:00.000Z"},"country":"Cyprus","OPM":1,"total_sales_volume":40.10999929904938,"rate_of_return":0.0}
{"window":{"start":"2023-10-23T16:16:00.000Z","end":"2023-10-23T16:17:00.000Z"},"country":"France","OPM":1,"total_sales_volume":47.03999924659729,"rate_of_return":0.0}
{"window":{"start":"2023-10-27T11:57:00.000Z","end":"2023-10-27T11:58:00.000Z"},"country":"United Kingdom","OPM":10,"total_sales_volume":344.30000019073486,"rate_of_return":0.0}
{"window":{"start":"2023-10-25T02:22:00.000Z","end":"2023-10-25T02:23:00.000Z"},"country":"United Kingdom","OPM":8,"total_sales_volume":591.2699902653694,"rate_of_return":0.0}
{"window":{"start":"2023-10-26T20:13:00.000Z","end":"2023-10-26T20:14:00.000Z"},"country":"United Kingdom","OPM":11,"total_sales_volume":662.4699961543083,"rate_of_return":0.0}
{"window":{"start":"2023-10-23T13:10:00.000Z","end":"2023-10-23T13:11:00.000Z"},"country":"France","OPM":1,"total_sales_volume":18.18999969959259,"rate_of_return":0.0}
{"window":{"start":"2023-10-27T09:56:00.000Z","end":"2023-10-27T09:57:00.000Z"},"country":"United Kingdom","OPM":8,"total_sales_volume":320.03000035881996,"rate_of_return":0.0}
{"window":{"start":"2023-10-24T16:25:00.000Z","end":"2023-10-24T16:26:00.000Z"},"country":"United Kingdom","OPM":17,"total_sales_volume":2763.3100152611732,"rate_of_return":0.0}
{"window":{"start":"2023-10-24T17:21:00.000Z","end":"2023-10-24T17:22:00.000Z"},"country":"Germany","OPM":1,"total_sales_volume":239.13000059127808,"rate_of_return":0.0}
{"window":{"start":"2023-10-26T19:16:00.000Z","end":"2023-10-26T19:17:00.000Z"},"country":"Hong Kong","OPM":1,"total_sales_volume":8.24999988079071,"rate_of_return":0.0}
{"window":{"start":"2023-10-26T19:07:00.000Z","end":"2023-10-26T19:08:00.000Z"},"country":"Spain","OPM":1,"total_sales_volume":30.0,"rate_of_return":0.0}
{"window":{"start":"2023-10-25T01:14:00.000Z","end":"2023-10-25T01:15:00.000Z"},"country":"United Kingdom","OPM":9,"total_sales_volume":114.23999762535095,"rate_of_return":0.1111111111111111}
{"window":{"start":"2023-10-24T07:01:00.000Z","end":"2023-10-24T07:02:00.000Z"},"country":"United Kingdom","OPM":12,"total_sales_volume":1987.9900277256966,"rate_of_return":0.0}
{"window":{"start":"2023-10-24T01:31:00.000Z","end":"2023-10-24T01:32:00.000Z"},"country":"Belgium","OPM":1,"total_sales_volume":3.75,"rate_of_return":0.0}
{"window":{"start":"2023-10-27T22:26:00.000Z","end":"2023-10-27T22:27:00.000Z"},"country":"United Kingdom","OPM":7,"total_sales_volume":314.59999772906303,"rate_of_return":0.0}
{"window":{"start":"2023-10-26T15:39:00.000Z","end":"2023-10-26T15:40:00.000Z"},"country":"United Kingdom","OPM":3,"total_sales_volume":132.4099987745285,"rate_of_return":0.0}
{"window":{"start":"2023-10-24T13:44:00.000Z","end":"2023-10-24T13:45:00.000Z"},"country":"Finland","OPM":1,"total_sales_volume":29.799999952316284,"rate_of_return":0.0}
{"window":{"start":"2023-10-25T15:13:00.000Z","end":"2023-10-25T15:14:00.000Z"},"country":"France","OPM":1,"total_sales_volume":213.21999943256378,"rate_of_return":0.0}
{"window":{"start":"2023-10-26T22:48:00.000Z","end":"2023-10-26T22:49:00.000Z"},"country":"United Kingdom","OPM":11,"total_sales_volume":322.9500005245209,"rate_of_return":0.09090909090909091}
{"window":{"start":"2023-10-27T19:26:00.000Z","end":"2023-10-27T19:27:00.000Z"},"country":"United Kingdom","OPM":6,"total_sales_volume":442.09999573230743,"rate_of_return":0.0}
{"window":{"start":"2023-10-24T06:21:00.000Z","end":"2023-10-24T06:22:00.000Z"},"country":"EIRE","OPM":1,"total_sales_volume":85.00000238418579,"rate_of_return":0.0}
{"window":{"start":"2023-10-26T19:01:00.000Z","end":"2023-10-26T19:02:00.000Z"},"country":"United Kingdom","OPM":10,"total_sales_volume":424.64999836683273,"rate_of_return":0.0}
{"window":{"start":"2023-10-27T19:38:00.000Z","end":"2023-10-27T19:39:00.000Z"},"country":"United Kingdom","OPM":8,"total_sales_volume":1110.0599991679192,"rate_of_return":0.0}
{"window":{"start":"2023-10-24T19:32:00.000Z","end":"2023-10-24T19:33:00.000Z"},"country":"United Kingdom","OPM":13,"total_sales_volume":312.6500002965331,"rate_of_return":0.07692307692307693}
{"window":{"start":"2023-10-23T23:32:00.000Z","end":"2023-10-23T23:33:00.000Z"},"country":"United Kingdom","OPM":11,"total_sales_volume":297.44999600946903,"rate_of_return":0.18181818181818182}
{"window":{"start":"2023-10-24T11:44:00.000Z","end":"2023-10-24T11:45:00.000Z"},"country":"United Kingdom","OPM":11,"total_sales_volume":1018.9399978518486,"rate_of_return":0.18181818181818182}
{"window":{"start":"2023-10-23T23:48:00.000Z","end":"2023-10-23T23:49:00.000Z"},"country":"EIRE","OPM":1,"total_sales_volume":84.15999841690063,"rate_of_return":0.0}
{"window":{"start":"2023-10-24T11:50:00.000Z","end":"2023-10-24T11:51:00.000Z"},"country":"France","OPM":1,"total_sales_volume":60.24999916553497,"rate_of_return":0.0}
{"window":{"start":"2023-10-27T18:18:00.000Z","end":"2023-10-27T18:19:00.000Z"},"country":"Germany","OPM":1,"total_sales_volume":7.360000088810921,"rate_of_return":0.0}
{"window":{"start":"2023-10-25T08:42:00.000Z","end":"2023-10-25T08:43:00.000Z"},"country":"United Kingdom","OPM":12,"total_sales_volume":2190.1200359761715,"rate_of_return":0.0}
{"window":{"start":"2023-10-23T13:21:00.000Z","end":"2023-10-23T13:22:00.000Z"},"country":"United Kingdom","OPM":11,"total_sales_volume":527.0699962973595,"rate_of_return":0.0}
{"window":{"start":"2023-10-25T09:10:00.000Z","end":"2023-10-25T09:11:00.000Z"},"country":"United Kingdom","OPM":13,"total_sales_volume":470.9900004565716,"rate_of_return":0.07692307692307693}
{"window":{"start":"2023-10-25T05:44:00.000Z","end":"2023-10-25T05:45:00.000Z"},"country":"United Kingdom","OPM":5,"total_sales_volume":317.92000156641006,"rate_of_return":0.0}
{"window":{"start":"2023-10-27T20:53:00.000Z","end":"2023-10-27T20:54:00.000Z"},"country":"United Kingdom","OPM":15,"total_sales_volume":1458.3299950659275,"rate_of_return":0.0}
{"window":{"start":"2023-10-27T17:13:00.000Z","end":"2023-10-27T17:14:00.000Z"},"country":"France","OPM":1,"total_sales_volume":7.4699998795986176,"rate_of_return":0.0}
{"window":{"start":"2023-10-24T08:09:00.000Z","end":"2023-10-24T08:10:00.000Z"},"country":"France","OPM":1,"total_sales_volume":51.809999227523804,"rate_of_return":0.0}
{"window":{"start":"2023-10-28T01:54:00.000Z","end":"2023-10-28T01:55:00.000Z"},"country":"United Kingdom","OPM":16,"total_sales_volume":1431.9399814009666,"rate_of_return":0.0}
{"window":{"start":"2023-10-24T20:42:00.000Z","end":"2023-10-24T20:43:00.000Z"},"country":"France","OPM":1,"total_sales_volume":25.609999775886536,"rate_of_return":0.0}
{"window":{"start":"2023-10-25T12:01:00.000Z","end":"2023-10-25T12:02:00.000Z"},"country":"EIRE","OPM":1,"total_sales_volume":258.9899970293045,"rate_of_return":0.0}
{"window":{"start":"2023-10-28T04:23:00.000Z","end":"2023-10-28T04:24:00.000Z"},"country":"United Kingdom","OPM":10,"total_sales_volume":1015.039989978075,"rate_of_return":0.0}
{"window":{"start":"2023-10-24T10:30:00.000Z","end":"2023-10-24T10:31:00.000Z"},"country":"EIRE","OPM":1,"total_sales_volume":15.059999942779541,"rate_of_return":0.0}
{"window":{"start":"2023-10-25T13:28:00.000Z","end":"2023-10-25T13:29:00.000Z"},"country":"EIRE","OPM":2,"total_sales_volume":195.83999907970428,"rate_of_return":0.0}
{"window":{"start":"2023-10-25T14:10:00.000Z","end":"2023-10-25T14:11:00.000Z"},"country":"United Kingdom","OPM":11,"total_sales_volume":677.6299951076508,"rate_of_return":0.0}
{"window":{"start":"2023-10-24T23:51:00.000Z","end":"2023-10-24T23:52:00.000Z"},"country":"France","OPM":1,"total_sales_volume":30.0,"rate_of_return":0.0}
{"window":{"start":"2023-10-27T12:49:00.000Z","end":"2023-10-27T12:50:00.000Z"},"country":"Switzerland","OPM":1,"total_sales_volume":359.4799927473068,"rate_of_return":0.0}
{"window":{"start":"2023-10-26T15:32:00.000Z","end":"2023-10-26T15:33:00.000Z"},"country":"Belgium","OPM":1,"total_sales_volume":375.729998588562,"rate_of_return":0.0}
{"window":{"start":"2023-10-23T20:19:00.000Z","end":"2023-10-23T20:20:00.000Z"},"country":"United Kingdom","OPM":10,"total_sales_volume":577.009999781847,"rate_of_return":0.0}
{"window":{"start":"2023-10-26T05:41:00.000Z","end":"2023-10-26T05:42:00.000Z"},"country":"Norway","OPM":1,"total_sales_volume":72.61999773979187,"rate_of_return":0.0}
{"window":{"start":"2023-10-24T06:19:00.000Z","end":"2023-10-24T06:20:00.000Z"},"country":"United Kingdom","OPM":6,"total_sales_volume":155.61999887228012,"rate_of_return":0.0}
{"window":{"start":"2023-10-24T03:48:00.000Z","end":"2023-10-24T03:49:00.000Z"},"country":"Netherlands","OPM":1,"total_sales_volume":2.890000104904175,"rate_of_return":0.0}
{"window":{"start":"2023-10-26T05:16:00.000Z","end":"2023-10-26T05:17:00.000Z"},"country":"United Kingdom","OPM":4,"total_sales_volume":93.40999937057495,"rate_of_return":0.0}
{"window":{"start":"2023-10-27T13:07:00.000Z","end":"2023-10-27T13:08:00.000Z"},"country":"United Kingdom","OPM":7,"total_sales_volume":295.30000200867653,"rate_of_return":0.0}
{"window":{"start":"2023-10-25T08:06:00.000Z","end":"2023-10-25T08:07:00.000Z"},"country":"EIRE","OPM":1,"total_sales_volume":47.80999921262264,"rate_of_return":0.0}
{"window":{"start":"2023-10-27T17:17:00.000Z","end":"2023-10-27T17:18:00.000Z"},"country":"United Kingdom","OPM":4,"total_sales_volume":122.08999991416931,"rate_of_return":0.25}
{"window":{"start":"2023-10-24T21:48:00.000Z","end":"2023-10-24T21:49:00.000Z"},"country":"United Kingdom","OPM":10,"total_sales_volume":554.4100002348423,"rate_of_return":0.0}
{"window":{"start":"2023-10-24T21:05:00.000Z","end":"2023-10-24T21:06:00.000Z"},"country":"United Kingdom","OPM":9,"total_sales_volume":368.46000415086746,"rate_of_return":0.0}
{"window":{"start":"2023-10-26T16:26:00.000Z","end":"2023-10-26T16:27:00.000Z"},"country":"United Kingdom","OPM":7,"total_sales_volume":85.14999943971634,"rate_of_return":0.0}
