{"window":{"start":"2023-10-26T14:46:00.000Z","end":"2023-10-26T14:47:00.000Z"},"country":"United Kingdom","OPM":7,"total_sales_volume":231.1000040769577,"rate_of_return":0.14285714285714285}
{"window":{"start":"2023-10-25T07:54:00.000Z","end":"2023-10-25T07:55:00.000Z"},"country":"Germany","OPM":1,"total_sales_volume":104.36999902129173,"rate_of_return":0.0}
{"window":{"start":"2023-10-24T10:52:00.000Z","end":"2023-10-24T10:53:00.000Z"},"country":"Norway","OPM":1,"total_sales_volume":14.750000238418579,"rate_of_return":0.0}
{"window":{"start":"2023-10-25T11:42:00.000Z","end":"2023-10-25T11:43:00.000Z"},"country":"United Kingdom","OPM":9,"total_sales_volume":661.0299932956696,"rate_of_return":0.1111111111111111}
{"window":{"start":"2023-10-24T00:27:00.000Z","end":"2023-10-24T00:28:00.000Z"},"country":"EIRE","OPM":1,"total_sales_volume":24.899999618530273,"rate_of_return":0.0}
{"window":{"start":"2023-10-25T18:35:00.000Z","end":"2023-10-25T18:36:00.000Z"},"country":"United Kingdom","OPM":11,"total_sales_volume":757.8099995851517,"rate_of_return":0.09090909090909091}
{"window":{"start":"2023-10-24T23:22:00.000Z","end":"2023-10-24T23:23:00.000Z"},"country":"EIRE","OPM":1,"total_sales_volume":6.439999938011169,"rate_of_return":0.0}
{"window":{"start":"2023-10-28T00:05:00.000Z","end":"2023-10-28T00:06:00.000Z"},"country":"United Kingdom","OPM":9,"total_sales_volume":766.1200066804886,"rate_of_return":0.0}
{"window":{"start":"2023-10-28T04:12:00.000Z","end":"2023-10-28T04:13:00.000Z"},"country":"United Kingdom","OPM":10,"total_sales_volume":1180.1199764311314,"rate_of_return":0.0}
{"window":{"start":"2023-10-28T05:23:00.000Z","end":"2023-10-28T05:24:00.000Z"},"country":"United Kingdom","OPM":7,"total_sales_volume":286.5000013113022,"rate_of_return":0.0}
{"window":{"start":"2023-10-26T13:03:00.000Z","end":"2023-10-26T13:04:00.000Z"},"country":"United Kingdom","OPM":10,"total_sales_volume":588.2099975347519,"rate_of_return":0.0}
{"window":{"start":"2023-10-24T22:00:00.000Z","end":"2023-10-24T22:01:00.000Z"},"country":"United Kingdom","OPM":7,"total_sales_volume":379.11998945474625,"rate_of_return":0.2857142857142857}
{"window":{"start":"2023-10-27T06:19:00.000Z","end":"2023-10-27T06:20:00.000Z"},"country":"United Kingdom","OPM":13,"total_sales_volume":827.3799939453602,"rate_of_return":0.15384615384615385}
{"window":{"start":"2023-10-24T12:27:00.000Z","end":"2023-10-24T12:28:00.000Z"},"country":"United Kingdom","OPM":14,"total_sales_volume":912.519998267293,"rate_of_return":0.0}
{"window":{"start":"2023-10-24T22:59:00.000Z","end":"2023-10-24T23:00:00.000Z"},"country":"United Kingdom","OPM":8,"total_sales_volume":323.35999220609665,"rate_of_return":0.125}
{"window":{"start":"2023-10-27T12:04:00.000Z","end":"2023-10-27T12:05:00.000Z"},"country":"United Kingdom","OPM":7,"total_sales_volume":267.150000423193,"rate_of_return":0.14285714285714285}
{"window":{"start":"2023-10-27T19:34:00.000Z","end":"2023-10-27T19:35:00.000Z"},"country":"Germany","OPM":1,"total_sales_volume":0.8500000238418579,"rate_of_return":0.0}
{"window":{"start":"2023-10-25T13:45:00.000Z","end":"2023-10-25T13:46:00.000Z"},"country":"United Kingdom","OPM":15,"total_sales_volume":626.5300010442734,"rate_of_return":0.06666666666666667}
{"window":{"start":"2023-10-24T08:10:00.000Z","end":"2023-10-24T08:11:00.000Z"},"country":"United Kingdom","OPM":14,"total_sales_volume":614.2799981981516,"rate_of_return":0.0}
{"window":{"start":"2023-10-28T01:25:00.000Z","end":"2023-10-28T01:26:00.000Z"},"country":"United Kingdom","OPM":9,"total_sales_volume":349.250002682209,"rate_of_return":0.0}
{"window":{"start":"2023-10-24T13:35:00.000Z","end":"2023-10-24T13:36:00.000Z"},"country":"Netherlands","OPM":1,"total_sales_volume":35.09999942779541,"rate_of_return":0.0}
{"window":{"start":"2023-10-27T22:28:00.000Z","end":"2023-10-27T22:29:00.000Z"},"country":"Canada","OPM":1,"total_sales_volume":69.59999799728394,"rate_of_return":0.0}
{"window":{"start":"2023-10-24T08:51:00.000Z","end":"2023-10-24T08:52:00.000Z"},"country":"United Kingdom","OPM":12,"total_sales_volume":867.0699888765812,"rate_of_return":0.08333333333333333}
{"window":{"start":"2023-10-27T11:34:00.000Z","end":"2023-10-27T11:35:00.000Z"},"country":"EIRE","OPM":1,"total_sales_volume":19.950000286102295,"rate_of_return":0.0}
{"window":{"start":"2023-10-28T03:00:00.000Z","end":"2023-10-28T03:01:00.000Z"},"country":"United Kingdom","OPM":8,"total_sales_volume":807.1900054216385,"rate_of_return":0.0}
{"window":{"start":"2023-10-27T07:11:00.000Z","end":"2023-10-27T07:12:00.000Z"},"country":"Switzerland","OPM":1,"total_sales_volume":3.380000114440918,"rate_of_return":0.0}
{"window":{"start":"2023-10-24T10:00:00.000Z","end":"2023-10-24T10:01:00.000Z"},"country":"United Kingdom","OPM":10,"total_sales_volume":466.6599996685982,"rate_of_return":0.0}
{"window":{"start":"2023-10-23T18:41:00.000Z","end":"2023-10-23T18:42:00.000Z"},"country":"United Kingdom","OPM":9,"total_sales_volume":432.02999722212553,"rate_of_return":0.1111111111111111}
{"window":{"start":"2023-10-25T23:49:00.000Z","end":"2023-10-25T23:50:00.000Z"},"country":"EIRE","OPM":1,"total_sales_volume":58.8699996471405,"rate_of_return":0.0}
{"window":{"start":"2023-10-27T16:23:00.000Z","end":"2023-10-27T16:24:00.000Z"},"country":"United Kingdom","OPM":15,"total_sales_volume":569.8000027537346,"rate_of_return":0.13333333333333333}
{"window":{"start":"2023-10-25T09:08:00.000Z","end":"2023-10-25T09:09:00.000Z"},"country":"United Kingdom","OPM":12,"total_sales_volume":1082.400003939867,"rate_of_return":0.0}
{"window":{"start":"2023-10-27T00:39:00.000Z","end":"2023-10-27T00:40:00.000Z"},"country":"France","OPM":1,"total_sales_volume":49.619999170303345,"rate_of_return":0.0}
{"window":{"start":"2023-10-23T19:35:00.000Z","end":"2023-10-23T19:36:00.000Z"},"country":"United Kingdom","OPM":14,"total_sales_volume":849.1700002253056,"rate_of_return":0.0}
{"window":{"start":"2023-10-26T06:55:00.000Z","end":"2023-10-26T06:56:00.000Z"},"country":"United Kingdom","OPM":9,"total_sales_volume":293.65999564528465,"rate_of_return":0.0}
{"window":{"start":"2023-10-26T10:12:00.000Z","end":"2023-10-26T10:13:00.000Z"},"country":"United Kingdom","OPM":14,"total_sales_volume":1272.950016617775,"rate_of_return":0.0}
{"window":{"start":"2023-10-25T11:51:00.000Z","end":"2023-10-25T11:52:00.000Z"},"country":"United Kingdom","OPM":13,"total_sales_volume":897.1700269281864,"rate_of_return":0.15384615384615385}
{"window":{"start":"2023-10-27T01:18:00.000Z","end":"2023-10-27T01:19:00.000Z"},"country":"Germany","OPM":1,"total_sales_volume":4.920000076293945,"rate_of_return":0.0}
{"window":{"start":"2023-10-24T09:19:00.000Z","end":"2023-10-24T09:20:00.000Z"},"country":"Austria","OPM":1,"total_sales_volume":10.819999694824219,"rate_of_return":0.0}
{"window":{"start":"2023-10-24T02:42:00.000Z","end":"2023-10-24T02:43:00.000Z"},"country":"Finland","OPM":1,"total_sales_volume":63.27999973297119,"rate_of_return":0.0}
{"window":{"start":"2023-10-26T01:47:00.000Z","end":"2023-10-26T01:48:00.000Z"},"country":"EIRE","OPM":1,"total_sales_volume":22.800000190734863,"rate_of_return":0.0}
{"window":{"start":"2023-10-26T22:10:00.000Z","end":"2023-10-26T22:11:00.000Z"},"country":"EIRE","OPM":1,"total_sales_volume":12.31000006198883,"rate_of_return":0.0}
{"window":{"start":"2023-10-27T09:20:00.000Z","end":"2023-10-27T09:21:00.000Z"},"country":"United Kingdom","OPM":6,"total_sales_volume":121.76000088453293,"rate_of_return":0.0}
{"window":{"start":"2023-10-24T06:10:00.000Z","end":"2023-10-24T06:11:00.000Z"},"country":"United Kingdom","OPM":12,"total_sales_volume":820.6000014841557,"rate_of_return":0.0}
{"window":{"start":"2023-10-25T00:46:00.000Z","end":"2023-10-25T00:47:00.000Z"},"country":"United Kingdom","OPM":13,"total_sales_volume":1905.3799996078014,"rate_of_return":0.0}
{"window":{"start":"2023-10-27T06:31:00.000Z","end":"2023-10-27T06:32:00.000Z"},"country":"France","OPM":1,"total_sales_volume":37.33999991416931,"rate_of_return":0.0}
{"window":{"start":"2023-10-25T19:02:00.000Z","end":"2023-10-25T19:03:00.000Z"},"country":"United Kingdom","OPM":4,"total_sales_volume":166.07999950647354,"rate_of_return":0.0}
{"window":{"start":"2023-10-23T23:49:00.000Z","end":"2023-10-23T23:50:00.000Z"},"country":"United Kingdom","OPM":12,"total_sales_volume":936.4599956870079,"rate_of_return":0.08333333333333333}
{"window":{"start":"2023-10-25T16:30:00.000Z","end":"2023-10-25T16:31:00.000Z"},"country":"United Kingdom","OPM":5,"total_sales_volume":312.25999426841736,"rate_of_return":0.0}
{"window":{"start":"2023-10-25T06:39:00.000Z","end":"2023-10-25T06:40:00.000Z"},"country":"United Kingdom","OPM":12,"total_sales_volume":2959.0100176930428,"rate_of_return":0.25}
{"window":{"start":"2023-10-27T17:28:00.000Z","end":"2023-10-27T17:29:00.000Z"},"country":"Germany","OPM":1,"total_sales_volume":45.769999980926514,"rate_of_return":0.0}
{"window":{"start":"2023-10-24T06:39:00.000Z","end":"2023-10-24T06:40:00.000Z"},"country":"United Kingdom","OPM":4,"total_sales_volume":105.94999814033508,"rate_of_return":0.0}
{"window":{"start":"2023-10-24T22:01:00.000Z","end":"2023-10-24T22:02:00.000Z"},"country":"Spain","OPM":1,"total_sales_volume":1.649999976158142,"rate_of_return":0.0}
{"window":{"start":"2023-10-25T12:49:00.000Z","end":"2023-10-25T12:50:00.000Z"},"country":"United Kingdom","OPM":8,"total_sales_volume":801.1199889183044,"rate_of_return":0.0}
{"window":{"start":"2023-10-27T18:05:00.000Z","end":"2023-10-27T18:06:00.000Z"},"country":"United Kingdom","OPM":13,"total_sales_volume":367.5900000333786,"rate_of_return":0.0}
{"window":{"start":"2023-10-28T03:09:00.000Z","end":"2023-10-28T03:10:00.000Z"},"country":"EIRE","OPM":1,"total_sales_volume":51.40999984741211,"rate_of_return":0.0}
{"window":{"start":"2023-10-27T13:57:00.000Z","end":"2023-10-27T13:58:00.000Z"},"country":"United Kingdom","OPM":15,"total_sales_volume":674.1499929130077,"rate_of_return":0.0}
{"window":{"start":"2023-10-24T06:12:00.000Z","end":"2023-10-24T06:13:00.000Z"},"country":"United Kingdom","OPM":4,"total_sales_volume":138.32000041007996,"rate_of_return":0.0}
{"window":{"start":"2023-10-27T00:39:00.000Z","end":"2023-10-27T00:40:00.000Z"},"country":"Australia","OPM":1,"total_sales_volume":22.589999675750732,"rate_of_return":0.0}
{"window":{"start":"2023-10-27T21:54:00.000Z","end":"2023-10-27T21:55:00.000Z"},"country":"Belgium","OPM":1,"total_sales_volume":7.029999852180481,"rate_of_return":0.0}
{"window":{"start":"2023-10-23T21:48:00.000Z","end":"2023-10-23T21:49:00.000Z"},"country":"United Kingdom","OPM":10,"total_sales_volume":696.8700008392334,"rate_of_return":0.0}
{"window":{"start":"2023-10-27T15:01:00.000Z","end":"2023-10-27T15:02:00.000Z"},"country":"Australia","OPM":1,"total_sales_volume":49.71999990940094,"rate_of_return":0.0}
{"window":{"start":"2023-10-24T13:31:00.000Z","end":"2023-10-24T13:32:00.000Z"},"country":"United Kingdom","OPM":16,"total_sales_volume":1176.0899749994278,"rate_of_return":0.0}
{"window":{"start":"2023-10-26T01:22:00.000Z","end":"2023-10-26T01:23:00.000Z"},"country":"United Kingdom","OPM":5,"total_sales_volume":349.55999982357025,"rate_of_return":0.0}
{"window":{"start":"2023-10-24T08:02:00.000Z","end":"2023-10-24T08:03:00.000Z"},"country":"Germany","OPM":1,"total_sales_volume":43.359999895095825,"rate_of_return":0.0}
{"window":{"start":"2023-10-24T13:40:00.000Z","end":"2023-10-24T13:41:00.000Z"},"country":"France","OPM":1,"total_sales_volume":17.480000019073486,"rate_of_return":0.0}
{"window":{"start":"2023-10-26T08:05:00.000Z","end":"2023-10-26T08:06:00.000Z"},"country":"France","OPM":1,"total_sales_volume":50.58000111579895,"rate_of_return":0.0}
{"window":{"start":"2023-10-26T03:42:00.000Z","end":"2023-10-26T03:43:00.000Z"},"country":"EIRE","OPM":1,"total_sales_volume":23.670000195503235,"rate_of_return":0.0}
{"window":{"start":"2023-10-23T17:31:00.000Z","end":"2023-10-23T17:32:00.000Z"},"country":"United Kingdom","OPM":12,"total_sales_volume":658.2299941927195,"rate_of_return":0.08333333333333333}
{"window":{"start":"2023-10-23T12:36:00.000Z","end":"2023-10-23T12:37:00.000Z"},"country":"United Kingdom","OPM":7,"total_sales_volume":324.24999395012856,"rate_of_return":0.0}
