{"window":{"start":"2023-10-24T22:06:00.000Z","end":"2023-10-24T22:07:00.000Z"},"country":"United Kingdom","OPM":9,"total_sales_volume":437.8199982345104,"rate_of_return":0.1111111111111111}
{"window":{"start":"2023-10-27T08:04:00.000Z","end":"2023-10-27T08:05:00.000Z"},"country":"Germany","OPM":1,"total_sales_volume":59.27999925613403,"rate_of_return":0.0}
{"window":{"start":"2023-10-27T03:51:00.000Z","end":"2023-10-27T03:52:00.000Z"},"country":"EIRE","OPM":1,"total_sales_volume":310.4799978733063,"rate_of_return":0.0}
{"window":{"start":"2023-10-26T20:21:00.000Z","end":"2023-10-26T20:22:00.000Z"},"country":"EIRE","OPM":1,"total_sales_volume":21.579999923706055,"rate_of_return":0.0}
{"window":{"start":"2023-10-26T10:55:00.000Z","end":"2023-10-26T10:56:00.000Z"},"country":"United Kingdom","OPM":5,"total_sales_volume":496.6900044679642,"rate_of_return":0.0}
{"window":{"start":"2023-10-25T09:43:00.000Z","end":"2023-10-25T09:44:00.000Z"},"country":"United Kingdom","OPM":11,"total_sales_volume":748.4399991333485,"rate_of_return":0.09090909090909091}
{"window":{"start":"2023-10-25T18:09:00.000Z","end":"2023-10-25T18:10:00.000Z"},"country":"United Kingdom","OPM":12,"total_sales_volume":1399.7899834811687,"rate_of_return":0.08333333333333333}
{"window":{"start":"2023-10-25T20:32:00.000Z","end":"2023-10-25T20:33:00.000Z"},"country":"United Kingdom","OPM":11,"total_sales_volume":1285.2100096344948,"rate_of_return":0.18181818181818182}
{"window":{"start":"2023-10-26T23:27:00.000Z","end":"2023-10-26T23:28:00.000Z"},"country":"United Kingdom","OPM":11,"total_sales_volume":483.76998579502106,"rate_of_return":0.09090909090909091}
{"window":{"start":"2023-10-27T06:29:00.000Z","end":"2023-10-27T06:30:00.000Z"},"country":"United Kingdom","OPM":8,"total_sales_volume":681.8599976301193,"rate_of_return":0.0}
{"window":{"start":"2023-10-24T22:36:00.000Z","end":"2023-10-24T22:37:00.000Z"},"country":"United Kingdom","OPM":10,"total_sales_volume":1117.589990913868,"rate_of_return":0.1}
{"window":{"start":"2023-10-26T17:11:00.000Z","end":"2023-10-26T17:12:00.000Z"},"country":"United Kingdom","OPM":13,"total_sales_volume":494.25999733805656,"rate_of_return":0.15384615384615385}
{"window":{"start":"2023-10-27T14:41:00.000Z","end":"2023-10-27T14:42:00.000Z"},"country":"United Kingdom","OPM":9,"total_sales_volume":704.3200009167194,"rate_of_return":0.1111111111111111}
{"window":{"start":"2023-10-25T15:57:00.000Z","end":"2023-10-25T15:58:00.000Z"},"country":"Netherlands","OPM":1,"total_sales_volume":178.04999768733978,"rate_of_return":0.0}
{"window":{"start":"2023-10-26T14:39:00.000Z","end":"2023-10-26T14:40:00.000Z"},"country":"United Kingdom","OPM":11,"total_sales_volume":917.8499996066093,"rate_of_return":0.0}
{"window":{"start":"2023-10-27T18:07:00.000Z","end":"2023-10-27T18:08:00.000Z"},"country":"France","OPM":1,"total_sales_volume":136.89999893307686,"rate_of_return":0.0}
{"window":{"start":"2023-10-26T19:13:00.000Z","end":"2023-10-26T19:14:00.000Z"},"country":"United Kingdom","OPM":4,"total_sales_volume":94.51000183820724,"rate_of_return":0.0}
{"window":{"start":"2023-10-28T05:14:00.000Z","end":"2023-10-28T05:15:00.000Z"},"country":"Greece","OPM":1,"total_sales_volume":0.41999998688697815,"rate_of_return":0.0}
{"window":{"start":"2023-10-24T11:40:00.000Z","end":"2023-10-24T11:41:00.000Z"},"country":"Australia","OPM":1,"total_sales_volume":32.660000681877136,"rate_of_return":0.0}
{"window":{"start":"2023-10-25T11:53:00.000Z","end":"2023-10-25T11:54:00.000Z"},"country":"Spain","OPM":1,"total_sales_volume":145.38000068068504,"rate_of_return":0.0}
{"window":{"start":"2023-10-27T11:32:00.000Z","end":"2023-10-27T11:33:00.000Z"},"country":"Spain","OPM":1,"total_sales_volume":30.0,"rate_of_return":0.0}
{"window":{"start":"2023-10-26T08:35:00.000Z","end":"2023-10-26T08:36:00.000Z"},"country":"United Kingdom","OPM":11,"total_sales_volume":367.39000076055527,"rate_of_return":0.0}
{"window":{"start":"2023-10-24T14:03:00.000Z","end":"2023-10-24T14:04:00.000Z"},"country":"United Kingdom","OPM":10,"total_sales_volume":822.6199930906296,"rate_of_return":0.0}
{"window":{"start":"2023-10-28T04:26:00.000Z","end":"2023-10-28T04:27:00.000Z"},"country":"Germany","OPM":1,"total_sales_volume":26.55999994277954,"rate_of_return":0.0}
{"window":{"start":"2023-10-27T11:37:00.000Z","end":"2023-10-27T11:38:00.000Z"},"country":"Australia","OPM":1,"total_sales_volume":3.380000114440918,"rate_of_return":0.0}
{"window":{"start":"2023-10-26T04:36:00.000Z","end":"2023-10-26T04:37:00.000Z"},"country":"United Kingdom","OPM":12,"total_sales_volume":1352.5499967336655,"rate_of_return":0.0}
{"window":{"start":"2023-10-26T04:09:00.000Z","end":"2023-10-26T04:10:00.000Z"},"country":"Belgium","OPM":1,"total_sales_volume":172.2800014615059,"rate_of_return":0.0}
{"window":{"start":"2023-10-24T06:52:00.000Z","end":"2023-10-24T06:53:00.000Z"},"country":"United Kingdom","OPM":9,"total_sales_volume":385.48000334203243,"rate_of_return":0.0}
{"window":{"start":"2023-10-24T06:17:00.000Z","end":"2023-10-24T06:18:00.000Z"},"country":"Belgium","OPM":1,"total_sales_volume":21.010000109672546,"rate_of_return":0.0}
{"window":{"start":"2023-10-27T13:39:00.000Z","end":"2023-10-27T13:40:00.000Z"},"country":"United Kingdom","OPM":14,"total_sales_volume":2140.0099915266037,"rate_of_return":0.0}
{"window":{"start":"2023-10-26T08:28:00.000Z","end":"2023-10-26T08:29:00.000Z"},"country":"United Kingdom","OPM":4,"total_sales_volume":424.82999885082245,"rate_of_return":0.0}
{"window":{"start":"2023-10-24T07:32:00.000Z","end":"2023-10-24T07:33:00.000Z"},"country":"United Kingdom","OPM":7,"total_sales_volume":484.41999620199203,"rate_of_return":0.0}
{"window":{"start":"2023-10-25T23:35:00.000Z","end":"2023-10-25T23:36:00.000Z"},"country":"EIRE","OPM":1,"total_sales_volume":28.839999675750732,"rate_of_return":0.0}
{"window":{"start":"2023-10-25T11:56:00.000Z","end":"2023-10-25T11:57:00.000Z"},"country":"United Kingdom","OPM":11,"total_sales_volume":378.9100050628185,"rate_of_return":0.09090909090909091}
{"window":{"start":"2023-10-25T06:55:00.000Z","end":"2023-10-25T06:56:00.000Z"},"country":"United Kingdom","OPM":6,"total_sales_volume":511.88999527692795,"rate_of_return":0.0}
{"window":{"start":"2023-10-28T04:27:00.000Z","end":"2023-10-28T04:28:00.000Z"},"country":"United Kingdom","OPM":12,"total_sales_volume":429.6499916315079,"rate_of_return":0.0}
{"window":{"start":"2023-10-24T05:12:00.000Z","end":"2023-10-24T05:13:00.000Z"},"country":"United Kingdom","OPM":5,"total_sales_volume":233.13000333309174,"rate_of_return":0.0}
{"window":{"start":"2023-10-28T03:25:00.000Z","end":"2023-10-28T03:26:00.000Z"},"country":"EIRE","OPM":1,"total_sales_volume":2.549999952316284,"rate_of_return":0.0}
{"window":{"start":"2023-10-24T19:50:00.000Z","end":"2023-10-24T19:51:00.000Z"},"country":"EIRE","OPM":1,"total_sales_volume":34.859999656677246,"rate_of_return":0.0}
{"window":{"start":"2023-10-26T13:48:00.000Z","end":"2023-10-26T13:49:00.000Z"},"country":"Germany","OPM":1,"total_sales_volume":24.52999973297119,"rate_of_return":0.0}
{"window":{"start":"2023-10-27T10:11:00.000Z","end":"2023-10-27T10:12:00.000Z"},"country":"France","OPM":1,"total_sales_volume":26.3100004196167,"rate_of_return":0.0}
{"window":{"start":"2023-10-23T19:10:00.000Z","end":"2023-10-23T19:11:00.000Z"},"country":"United Kingdom","OPM":8,"total_sales_volume":250.86999821662903,"rate_of_return":0.0}
{"window":{"start":"2023-10-26T01:25:00.000Z","end":"2023-10-26T01:26:00.000Z"},"country":"United Kingdom","OPM":6,"total_sales_volume":408.7399971485138,"rate_of_return":0.0}
{"window":{"start":"2023-10-24T20:09:00.000Z","end":"2023-10-24T20:10:00.000Z"},"country":"Germany","OPM":1,"total_sales_volume":-71.71000027656555,"rate_of_return":1.0}
{"window":{"start":"2023-10-26T04:47:00.000Z","end":"2023-10-26T04:48:00.000Z"},"country":"United Kingdom","OPM":10,"total_sales_volume":404.6399972438812,"rate_of_return":0.1}
{"window":{"start":"2023-10-23T15:16:00.000Z","end":"2023-10-23T15:17:00.000Z"},"country":"United Kingdom","OPM":6,"total_sales_volume":440.4299967586994,"rate_of_return":0.0}
{"window":{"start":"2023-10-27T02:29:00.000Z","end":"2023-10-27T02:30:00.000Z"},"country":"United Kingdom","OPM":10,"total_sales_volume":554.9599893689156,"rate_of_return":0.2}
{"window":{"start":"2023-10-25T23:47:00.000Z","end":"2023-10-25T23:48:00.000Z"},"country":"Australia","OPM":1,"total_sales_volume":1.25,"rate_of_return":0.0}
{"window":{"start":"2023-10-28T03:15:00.000Z","end":"2023-10-28T03:16:00.000Z"},"country":"Channel Islands","OPM":1,"total_sales_volume":6.579999923706055,"rate_of_return":0.0}
{"window":{"start":"2023-10-25T02:44:00.000Z","end":"2023-10-25T02:45:00.000Z"},"country":"EIRE","OPM":1,"total_sales_volume":218.859998524189,"rate_of_return":0.0}
{"window":{"start":"2023-10-26T03:07:00.000Z","end":"2023-10-26T03:08:00.000Z"},"country":"Spain","OPM":1,"total_sales_volume":98.29999867081642,"rate_of_return":0.0}
{"window":{"start":"2023-10-23T19:22:00.000Z","end":"2023-10-23T19:23:00.000Z"},"country":"United Kingdom","OPM":8,"total_sales_volume":374.31999921798706,"rate_of_return":0.0}
{"window":{"start":"2023-10-24T09:48:00.000Z","end":"2023-10-24T09:49:00.000Z"},"country":"Portugal","OPM":1,"total_sales_volume":36.609999656677246,"rate_of_return":0.0}
{"window":{"start":"2023-10-26T16:12:00.000Z","end":"2023-10-26T16:13:00.000Z"},"country":"Germany","OPM":1,"total_sales_volume":16.399999618530273,"rate_of_return":0.0}
{"window":{"start":"2023-10-23T17:25:00.000Z","end":"2023-10-23T17:26:00.000Z"},"country":"United Kingdom","OPM":11,"total_sales_volume":491.86999252438545,"rate_of_return":0.0}
