{"window":{"start":"2023-10-26T08:49:00.000Z","end":"2023-10-26T08:50:00.000Z"},"country":"Germany","OPM":1,"total_sales_volume":169.88000345230103,"rate_of_return":0.0}
{"window":{"start":"2023-10-28T00:55:00.000Z","end":"2023-10-28T00:56:00.000Z"},"country":"United Kingdom","OPM":8,"total_sales_volume":463.80998888611794,"rate_of_return":0.0}
{"window":{"start":"2023-10-24T20:47:00.000Z","end":"2023-10-24T20:48:00.000Z"},"country":"Netherlands","OPM":1,"total_sales_volume":17.40000057220459,"rate_of_return":0.0}
{"window":{"start":"2023-10-26T22:41:00.000Z","end":"2023-10-26T22:42:00.000Z"},"country":"Netherlands","OPM":1,"total_sales_volume":17.00000023841858,"rate_of_return":0.0}
{"window":{"start":"2023-10-27T02:01:00.000Z","end":"2023-10-27T02:02:00.000Z"},"country":"United Kingdom","OPM":3,"total_sales_volume":156.80000060796738,"rate_of_return":0.0}
{"window":{"start":"2023-10-27T09:29:00.000Z","end":"2023-10-27T09:30:00.000Z"},"country":"France","OPM":1,"total_sales_volume":8.37999975681305,"rate_of_return":0.0}
{"window":{"start":"2023-10-26T01:29:00.000Z","end":"2023-10-26T01:30:00.000Z"},"country":"United Kingdom","OPM":7,"total_sales_volume":573.3500096797943,"rate_of_return":0.14285714285714285}
{"window":{"start":"2023-10-25T20:55:00.000Z","end":"2023-10-25T20:56:00.000Z"},"country":"France","OPM":1,"total_sales_volume":36.110000133514404,"rate_of_return":0.0}
{"window":{"start":"2023-10-24T14:22:00.000Z","end":"2023-10-24T14:23:00.000Z"},"country":"EIRE","OPM":1,"total_sales_volume":42.730000495910645,"rate_of_return":0.0}
{"window":{"start":"2023-10-26T18:54:00.000Z","end":"2023-10-26T18:55:00.000Z"},"country":"United Kingdom","OPM":16,"total_sales_volume":624.4700003266335,"rate_of_return":0.125}
{"window":{"start":"2023-10-26T12:57:00.000Z","end":"2023-10-26T12:58:00.000Z"},"country":"United Kingdom","OPM":14,"total_sales_volume":384.1899935603142,"rate_of_return":0.0}
{"window":{"start":"2023-10-23T17:38:00.000Z","end":"2023-10-23T17:39:00.000Z"},"country":"United Kingdom","OPM":5,"total_sales_volume":58.48999935388565,"rate_of_return":0.0}
{"window":{"start":"2023-10-25T20:52:00.000Z","end":"2023-10-25T20:53:00.000Z"},"country":"United Kingdom","OPM":14,"total_sales_volume":585.4499967545271,"rate_of_return":0.0}
{"window":{"start":"2023-10-26T19:01:00.000Z","end":"2023-10-26T19:02:00.000Z"},"country":"Australia","OPM":1,"total_sales_volume":30.409999936819077,"rate_of_return":0.0}
{"window":{"start":"2023-10-26T10:08:00.000Z","end":"2023-10-26T10:09:00.000Z"},"country":"United Kingdom","OPM":4,"total_sales_volume":196.7899980545044,"rate_of_return":0.0}
{"window":{"start":"2023-10-26T11:36:00.000Z","end":"2023-10-26T11:37:00.000Z"},"country":"Netherlands","OPM":1,"total_sales_volume":13.200000286102295,"rate_of_return":0.0}
{"window":{"start":"2023-10-27T22:24:00.000Z","end":"2023-10-27T22:25:00.000Z"},"country":"France","OPM":1,"total_sales_volume":266.47999799251556,"rate_of_return":0.0}
{"window":{"start":"2023-10-24T01:30:00.000Z","end":"2023-10-24T01:31:00.000Z"},"country":"United Kingdom","OPM":10,"total_sales_volume":535.8999958634377,"rate_of_return":0.0}
{"window":{"start":"2023-10-25T12:08:00.000Z","end":"2023-10-25T12:09:00.000Z"},"country":"United Kingdom","OPM":4,"total_sales_volume":329.92999839782715,"rate_of_return":0.0}
{"window":{"start":"2023-10-25T23:30:00.000Z","end":"2023-10-25T23:31:00.000Z"},"country":"United Kingdom","OPM":15,"total_sales_volume":369.0099972486496,"rate_of_return":0.06666666666666667}
{"window":{"start":"2023-10-26T08:32:00.000Z","end":"2023-10-26T08:33:00.000Z"},"country":"EIRE","OPM":1,"total_sales_volume":23.25000035762787,"rate_of_return":0.0}
{"window":{"start":"2023-10-26T23:03:00.000Z","end":"2023-10-26T23:04:00.000Z"},"country":"United Kingdom","OPM":8,"total_sales_volume":281.27000027894974,"rate_of_return":0.125}
{"window":{"start":"2023-10-27T14:12:00.000Z","end":"2023-10-27T14:13:00.000Z"},"country":"United Kingdom","OPM":6,"total_sales_volume":120.09999948740005,"rate_of_return":0.0}
{"window":{"start":"2023-10-25T04:32:00.000Z","end":"2023-10-25T04:33:00.000Z"},"country":"Hong Kong","OPM":1,"total_sales_volume":107.24999970197678,"rate_of_return":0.0}
{"window":{"start":"2023-10-25T03:26:00.000Z","end":"2023-10-25T03:27:00.000Z"},"country":"United Kingdom","OPM":7,"total_sales_volume":291.65000092983246,"rate_of_return":0.14285714285714285}
{"window":{"start":"2023-10-24T02:17:00.000Z","end":"2023-10-24T02:18:00.000Z"},"country":"United Kingdom","OPM":6,"total_sales_volume":269.1899938881397,"rate_of_return":0.16666666666666666}
{"window":{"start":"2023-10-23T21:00:00.000Z","end":"2023-10-23T21:01:00.000Z"},"country":"United Kingdom","OPM":16,"total_sales_volume":731.0999965965748,"rate_of_return":0.0625}
{"window":{"start":"2023-10-24T19:06:00.000Z","end":"2023-10-24T19:07:00.000Z"},"country":"Italy","OPM":1,"total_sales_volume":40.24999964237213,"rate_of_return":0.0}
{"window":{"start":"2023-10-27T00:19:00.000Z","end":"2023-10-27T00:20:00.000Z"},"country":"Australia","OPM":1,"total_sales_volume":56.269999742507935,"rate_of_return":0.0}
{"window":{"start":"2023-10-27T06:25:00.000Z","end":"2023-10-27T06:26:00.000Z"},"country":"United Kingdom","OPM":13,"total_sales_volume":861.4900024235249,"rate_of_return":0.07692307692307693}
{"window":{"start":"2023-10-28T05:43:00.000Z","end":"2023-10-28T05:44:00.000Z"},"country":"United Kingdom","OPM":9,"total_sales_volume":339.75000035762787,"rate_of_return":0.0}
{"window":{"start":"2023-10-23T22:47:00.000Z","end":"2023-10-23T22:48:00.000Z"},"country":"Germany","OPM":1,"total_sales_volume":41.599998474121094,"rate_of_return":0.0}
{"window":{"start":"2023-10-24T09:29:00.000Z","end":"2023-10-24T09:30:00.000Z"},"country":"Portugal","OPM":1,"total_sales_volume":14.449999928474426,"rate_of_return":0.0}
{"window":{"start":"2023-10-27T19:57:00.000Z","end":"2023-10-27T19:58:00.000Z"},"country":"United Kingdom","OPM":10,"total_sales_volume":391.05000257492065,"rate_of_return":0.1}
{"window":{"start":"2023-10-24T10:59:00.000Z","end":"2023-10-24T11:00:00.000Z"},"country":"Germany","OPM":1,"total_sales_volume":19.439999222755432,"rate_of_return":0.0}
{"window":{"start":"2023-10-28T05:26:00.000Z","end":"2023-10-28T05:27:00.000Z"},"country":"United Kingdom","OPM":3,"total_sales_volume":14.919999830424786,"rate_of_return":0.0}
{"window":{"start":"2023-10-26T10:48:00.000Z","end":"2023-10-26T10:49:00.000Z"},"country":"United Kingdom","OPM":7,"total_sales_volume":364.4400014281273,"rate_of_return":0.0}
{"window":{"start":"2023-10-26T01:13:00.000Z","end":"2023-10-26T01:14:00.000Z"},"country":"Japan","OPM":1,"total_sales_volume":1.659999966621399,"rate_of_return":0.0}
{"window":{"start":"2023-10-23T21:24:00.000Z","end":"2023-10-23T21:25:00.000Z"},"country":"United Kingdom","OPM":13,"total_sales_volume":1163.6600009202957,"rate_of_return":0.07692307692307693}
{"window":{"start":"2023-10-26T17:27:00.000Z","end":"2023-10-26T17:28:00.000Z"},"country":"United Kingdom","OPM":9,"total_sales_volume":467.10000467300415,"rate_of_return":0.0}
{"window":{"start":"2023-10-25T13:42:00.000Z","end":"2023-10-25T13:43:00.000Z"},"country":"United Kingdom","OPM":15,"total_sales_volume":1171.7399987578392,"rate_of_return":0.06666666666666667}
{"window":{"start":"2023-10-25T14:07:00.000Z","end":"2023-10-25T14:08:00.000Z"},"country":"Switzerland","OPM":1,"total_sales_volume":10.519999772310257,"rate_of_return":0.0}
{"window":{"start":"2023-10-24T18:52:00.000Z","end":"2023-10-24T18:53:00.000Z"},"country":"United Kingdom","OPM":12,"total_sales_volume":1120.009988605976,"rate_of_return":0.08333333333333333}
{"window":{"start":"2023-10-25T21:44:00.000Z","end":"2023-10-25T21:45:00.000Z"},"country":"Czech Republic","OPM":1,"total_sales_volume":-4.949999809265137,"rate_of_return":1.0}
{"window":{"start":"2023-10-27T17:09:00.000Z","end":"2023-10-27T17:10:00.000Z"},"country":"United Kingdom","OPM":9,"total_sales_volume":816.9899974763393,"rate_of_return":0.0}
{"window":{"start":"2023-10-27T18:02:00.000Z","end":"2023-10-27T18:03:00.000Z"},"country":"Germany","OPM":1,"total_sales_volume":8.75,"rate_of_return":0.0}
{"window":{"start":"2023-10-24T20:34:00.000Z","end":"2023-10-24T20:35:00.000Z"},"country":"United Kingdom","OPM":15,"total_sales_volume":1027.1699832975864,"rate_of_return":0.06666666666666667}
{"window":{"start":"2023-10-27T20:59:00.000Z","end":"2023-10-27T21:00:00.000Z"},"country":"United Kingdom","OPM":11,"total_sales_volume":529.0400042831898,"rate_of_return":0.0}
{"window":{"start":"2023-10-24T09:07:00.000Z","end":"2023-10-24T09:08:00.000Z"},"country":"United Kingdom","OPM":8,"total_sales_volume":265.1199997961521,"rate_of_return":0.0}
{"window":{"start":"2023-10-23T20:49:00.000Z","end":"2023-10-23T20:50:00.000Z"},"country":"United Kingdom","OPM":9,"total_sales_volume":448.7699998617172,"rate_of_return":0.0}
{"window":{"start":"2023-10-25T06:33:00.000Z","end":"2023-10-25T06:34:00.000Z"},"country":"United Kingdom","OPM":5,"total_sales_volume":390.6099992990494,"rate_of_return":0.0}
{"window":{"start":"2023-10-25T13:37:00.000Z","end":"2023-10-25T13:38:00.000Z"},"country":"France","OPM":1,"total_sales_volume":142.58999824523926,"rate_of_return":0.0}
{"window":{"start":"2023-10-25T17:34:00.000Z","end":"2023-10-25T17:35:00.000Z"},"country":"United Kingdom","OPM":9,"total_sales_volume":300.85000152885914,"rate_of_return":0.0}
{"window":{"start":"2023-10-25T02:15:00.000Z","end":"2023-10-25T02:16:00.000Z"},"country":"United Kingdom","OPM":9,"total_sales_volume":465.89000177383423,"rate_of_return":0.0}
{"window":{"start":"2023-10-26T11:43:00.000Z","end":"2023-10-26T11:44:00.000Z"},"country":"United Kingdom","OPM":13,"total_sales_volume":289.339997112751,"rate_of_return":0.07692307692307693}
{"window":{"start":"2023-10-25T03:33:00.000Z","end":"2023-10-25T03:34:00.000Z"},"country":"Belgium","OPM":1,"total_sales_volume":10.78000020980835,"rate_of_return":0.0}
{"window":{"start":"2023-10-24T04:04:00.000Z","end":"2023-10-24T04:05:00.000Z"},"country":"Portugal","OPM":1,"total_sales_volume":59.77999973297119,"rate_of_return":0.0}
{"window":{"start":"2023-10-24T01:59:00.000Z","end":"2023-10-24T02:00:00.000Z"},"country":"United Kingdom","OPM":4,"total_sales_volume":405.89000192284584,"rate_of_return":0.0}
{"window":{"start":"2023-10-27T06:29:00.000Z","end":"2023-10-27T06:30:00.000Z"},"country":"EIRE","OPM":2,"total_sales_volume":84.6299996972084,"rate_of_return":0.0}
{"window":{"start":"2023-10-24T17:37:00.000Z","end":"2023-10-24T17:38:00.000Z"},"country":"United Kingdom","OPM":8,"total_sales_volume":406.1600042358041,"rate_of_return":0.125}
{"window":{"start":"2023-10-24T00:54:00.000Z","end":"2023-10-24T00:55:00.000Z"},"country":"United Kingdom","OPM":10,"total_sales_volume":1585.549998819828,"rate_of_return":0.1}
{"window":{"start":"2023-10-26T22:34:00.000Z","end":"2023-10-26T22:35:00.000Z"},"country":"United Kingdom","OPM":10,"total_sales_volume":674.7699924707413,"rate_of_return":0.1}
