{"window":{"start":"2023-10-25T09:31:00.000Z","end":"2023-10-25T09:32:00.000Z"},"country":"United Kingdom","OPM":5,"total_sales_volume":221.26000046730042,"rate_of_return":0.0}
{"window":{"start":"2023-10-25T19:12:00.000Z","end":"2023-10-25T19:13:00.000Z"},"country":"France","OPM":1,"total_sales_volume":70.63999819755554,"rate_of_return":0.0}
{"window":{"start":"2023-10-23T13:49:00.000Z","end":"2023-10-23T13:50:00.000Z"},"country":"United Kingdom","OPM":7,"total_sales_volume":171.7799986898899,"rate_of_return":0.0}
{"window":{"start":"2023-10-27T23:19:00.000Z","end":"2023-10-27T23:20:00.000Z"},"country":"United Kingdom","OPM":11,"total_sales_volume":2398.600002527237,"rate_of_return":0.0}
{"window":{"start":"2023-10-27T03:58:00.000Z","end":"2023-10-27T03:59:00.000Z"},"country":"Spain","OPM":1,"total_sales_volume":179.55999946594238,"rate_of_return":0.0}
{"window":{"start":"2023-10-26T06:36:00.000Z","end":"2023-10-26T06:37:00.000Z"},"country":"Germany","OPM":2,"total_sales_volume":635.8600170612335,"rate_of_return":0.0}
{"window":{"start":"2023-10-26T19:11:00.000Z","end":"2023-10-26T19:12:00.000Z"},"country":"United Kingdom","OPM":14,"total_sales_volume":1002.6999855339527,"rate_of_return":0.0}
{"window":{"start":"2023-10-26T19:46:00.000Z","end":"2023-10-26T19:47:00.000Z"},"country":"United Kingdom","OPM":6,"total_sales_volume":1327.5999993383884,"rate_of_return":0.0}
{"window":{"start":"2023-10-24T03:13:00.000Z","end":"2023-10-24T03:14:00.000Z"},"country":"United Kingdom","OPM":10,"total_sales_volume":1418.8599710166454,"rate_of_return":0.0}
{"window":{"start":"2023-10-27T15:35:00.000Z","end":"2023-10-27T15:36:00.000Z"},"country":"United Kingdom","OPM":11,"total_sales_volume":877.5500033199787,"rate_of_return":0.09090909090909091}
{"window":{"start":"2023-10-25T02:08:00.000Z","end":"2023-10-25T02:09:00.000Z"},"country":"France","OPM":1,"total_sales_volume":-123.09000062942505,"rate_of_return":1.0}
{"window":{"start":"2023-10-23T22:36:00.000Z","end":"2023-10-23T22:37:00.000Z"},"country":"Germany","OPM":1,"total_sales_volume":-34.429999351501465,"rate_of_return":1.0}
{"window":{"start":"2023-10-25T05:01:00.000Z","end":"2023-10-25T05:02:00.000Z"},"country":"United Kingdom","OPM":10,"total_sales_volume":464.66000109910965,"rate_of_return":0.0}
{"window":{"start":"2023-10-24T00:44:00.000Z","end":"2023-10-24T00:45:00.000Z"},"country":"Portugal","OPM":1,"total_sales_volume":-49.979999363422394,"rate_of_return":1.0}
{"window":{"start":"2023-10-27T08:45:00.000Z","end":"2023-10-27T08:46:00.000Z"},"country":"United Kingdom","OPM":9,"total_sales_volume":547.6799999177456,"rate_of_return":0.0}
{"window":{"start":"2023-10-26T02:35:00.000Z","end":"2023-10-26T02:36:00.000Z"},"country":"Germany","OPM":1,"total_sales_volume":800.6699596643448,"rate_of_return":0.0}
{"window":{"start":"2023-10-27T00:29:00.000Z","end":"2023-10-27T00:30:00.000Z"},"country":"France","OPM":1,"total_sales_volume":103.7199969291687,"rate_of_return":0.0}
{"window":{"start":"2023-10-24T12:23:00.000Z","end":"2023-10-24T12:24:00.000Z"},"country":"France","OPM":1,"total_sales_volume":10.960000276565552,"rate_of_return":0.0}
{"window":{"start":"2023-10-24T04:32:00.000Z","end":"2023-10-24T04:33:00.000Z"},"country":"EIRE","OPM":1,"total_sales_volume":20.459999918937683,"rate_of_return":0.0}
{"window":{"start":"2023-10-25T21:46:00.000Z","end":"2023-10-25T21:47:00.000Z"},"country":"United Kingdom","OPM":15,"total_sales_volume":2476.4600158035755,"rate_of_return":0.06666666666666667}
{"window":{"start":"2023-10-24T03:00:00.000Z","end":"2023-10-24T03:01:00.000Z"},"country":"United Kingdom","OPM":14,"total_sales_volume":504.3600006699562,"rate_of_return":0.14285714285714285}
{"window":{"start":"2023-10-24T00:56:00.000Z","end":"2023-10-24T00:57:00.000Z"},"country":"United Kingdom","OPM":7,"total_sales_volume":596.7399963438511,"rate_of_return":0.0}
{"window":{"start":"2023-10-25T11:07:00.000Z","end":"2023-10-25T11:08:00.000Z"},"country":"Australia","OPM":1,"total_sales_volume":69.52999973297119,"rate_of_return":0.0}
{"window":{"start":"2023-10-25T21:46:00.000Z","end":"2023-10-25T21:47:00.000Z"},"country":"Switzerland","OPM":1,"total_sales_volume":8.399999618530273,"rate_of_return":0.0}
{"window":{"start":"2023-10-24T08:51:00.000Z","end":"2023-10-24T08:52:00.000Z"},"country":"Channel Islands","OPM":1,"total_sales_volume":19.380000293254852,"rate_of_return":0.0}
{"window":{"start":"2023-10-25T12:04:00.000Z","end":"2023-10-25T12:05:00.000Z"},"country":"United Kingdom","OPM":13,"total_sales_volume":1135.639994263649,"rate_of_return":0.07692307692307693}
{"window":{"start":"2023-10-25T00:59:00.000Z","end":"2023-10-25T01:00:00.000Z"},"country":"United Kingdom","OPM":8,"total_sales_volume":624.1999980211258,"rate_of_return":0.0}
{"window":{"start":"2023-10-26T06:15:00.000Z","end":"2023-10-26T06:16:00.000Z"},"country":"Channel Islands","OPM":1,"total_sales_volume":139.76999938488007,"rate_of_return":0.0}
{"window":{"start":"2023-10-26T14:52:00.000Z","end":"2023-10-26T14:53:00.000Z"},"country":"Germany","OPM":1,"total_sales_volume":23.15999984741211,"rate_of_return":0.0}
{"window":{"start":"2023-10-27T04:57:00.000Z","end":"2023-10-27T04:58:00.000Z"},"country":"Germany","OPM":1,"total_sales_volume":15.800000190734863,"rate_of_return":0.0}
{"window":{"start":"2023-10-28T00:33:00.000Z","end":"2023-10-28T00:34:00.000Z"},"country":"United Kingdom","OPM":5,"total_sales_volume":125.10999998450279,"rate_of_return":0.2}
{"window":{"start":"2023-10-25T10:37:00.000Z","end":"2023-10-25T10:38:00.000Z"},"country":"France","OPM":1,"total_sales_volume":55.95000123977661,"rate_of_return":0.0}
{"window":{"start":"2023-10-28T00:52:00.000Z","end":"2023-10-28T00:53:00.000Z"},"country":"United Kingdom","OPM":6,"total_sales_volume":209.11999809741974,"rate_of_return":0.0}
{"window":{"start":"2023-10-24T08:26:00.000Z","end":"2023-10-24T08:27:00.000Z"},"country":"France","OPM":1,"total_sales_volume":21.480000138282776,"rate_of_return":0.0}
{"window":{"start":"2023-10-26T10:47:00.000Z","end":"2023-10-26T10:48:00.000Z"},"country":"United Kingdom","OPM":8,"total_sales_volume":1533.0299495458603,"rate_of_return":0.25}
{"window":{"start":"2023-10-27T14:45:00.000Z","end":"2023-10-27T14:46:00.000Z"},"country":"France","OPM":1,"total_sales_volume":65.28999888896942,"rate_of_return":0.0}
{"window":{"start":"2023-10-24T21:27:00.000Z","end":"2023-10-24T21:28:00.000Z"},"country":"United Kingdom","OPM":14,"total_sales_volume":666.9099810421467,"rate_of_return":0.07142857142857142}
{"window":{"start":"2023-10-25T05:17:00.000Z","end":"2023-10-25T05:18:00.000Z"},"country":"EIRE","OPM":1,"total_sales_volume":440.63999474048615,"rate_of_return":0.0}
{"window":{"start":"2023-10-24T11:58:00.000Z","end":"2023-10-24T11:59:00.000Z"},"country":"United Kingdom","OPM":14,"total_sales_volume":361.12999242544174,"rate_of_return":0.14285714285714285}
{"window":{"start":"2023-10-25T19:20:00.000Z","end":"2023-10-25T19:21:00.000Z"},"country":"EIRE","OPM":1,"total_sales_volume":36.09999918937683,"rate_of_return":0.0}
{"window":{"start":"2023-10-25T16:40:00.000Z","end":"2023-10-25T16:41:00.000Z"},"country":"Germany","OPM":1,"total_sales_volume":21.02999973297119,"rate_of_return":0.0}
{"window":{"start":"2023-10-24T23:19:00.000Z","end":"2023-10-24T23:20:00.000Z"},"country":"Germany","OPM":1,"total_sales_volume":42.97999930381775,"rate_of_return":0.0}
{"window":{"start":"2023-10-27T10:14:00.000Z","end":"2023-10-27T10:15:00.000Z"},"country":"Japan","OPM":1,"total_sales_volume":-54.38999819755554,"rate_of_return":1.0}
{"window":{"start":"2023-10-27T22:04:00.000Z","end":"2023-10-27T22:05:00.000Z"},"country":"United Kingdom","OPM":13,"total_sales_volume":660.909991890192,"rate_of_return":0.15384615384615385}
{"window":{"start":"2023-10-24T14:58:00.000Z","end":"2023-10-24T14:59:00.000Z"},"country":"EIRE","OPM":1,"total_sales_volume":17.47999918460846,"rate_of_return":0.0}
{"window":{"start":"2023-10-24T08:52:00.000Z","end":"2023-10-24T08:53:00.000Z"},"country":"United Kingdom","OPM":12,"total_sales_volume":787.7099903225899,"rate_of_return":0.0}
{"window":{"start":"2023-10-24T07:28:00.000Z","end":"2023-10-24T07:29:00.000Z"},"country":"Norway","OPM":1,"total_sales_volume":-9.579999923706055,"rate_of_return":1.0}
{"window":{"start":"2023-10-26T20:22:00.000Z","end":"2023-10-26T20:23:00.000Z"},"country":"United Kingdom","OPM":10,"total_sales_volume":541.1300013065338,"rate_of_return":0.0}
