{"window":{"start":"2023-10-26T22:42:00.000Z","end":"2023-10-26T22:43:00.000Z"},"country":"United Kingdom","OPM":9,"total_sales_volume":666.9599949121475,"rate_of_return":0.1111111111111111}
{"window":{"start":"2023-10-26T18:31:00.000Z","end":"2023-10-26T18:32:00.000Z"},"country":"United Kingdom","OPM":7,"total_sales_volume":475.2899934053421,"rate_of_return":0.0}
{"window":{"start":"2023-10-25T15:46:00.000Z","end":"2023-10-25T15:47:00.000Z"},"country":"United Kingdom","OPM":9,"total_sales_volume":507.91999128460884,"rate_of_return":0.1111111111111111}
{"window":{"start":"2023-10-27T03:44:00.000Z","end":"2023-10-27T03:45:00.000Z"},"country":"France","OPM":1,"total_sales_volume":38.350000619888306,"rate_of_return":0.0}
{"window":{"start":"2023-10-27T07:27:00.000Z","end":"2023-10-27T07:28:00.000Z"},"country":"Finland","OPM":1,"total_sales_volume":8.289999961853027,"rate_of_return":0.0}
{"window":{"start":"2023-10-25T15:16:00.000Z","end":"2023-10-25T15:17:00.000Z"},"country":"United Kingdom","OPM":14,"total_sales_volume":120.98000386357307,"rate_of_return":0.14285714285714285}
{"window":{"start":"2023-10-28T04:45:00.000Z","end":"2023-10-28T04:46:00.000Z"},"country":"France","OPM":1,"total_sales_volume":1.659999966621399,"rate_of_return":0.0}
{"window":{"start":"2023-10-25T06:08:00.000Z","end":"2023-10-25T06:09:00.000Z"},"country":"EIRE","OPM":1,"total_sales_volume":41.700000047683716,"rate_of_return":0.0}
{"window":{"start":"2023-10-24T17:02:00.000Z","end":"2023-10-24T17:03:00.000Z"},"country":"Germany","OPM":1,"total_sales_volume":9.949999809265137,"rate_of_return":0.0}
{"window":{"start":"2023-10-24T00:03:00.000Z","end":"2023-10-24T00:04:00.000Z"},"country":"United Kingdom","OPM":13,"total_sales_volume":571.9800000488758,"rate_of_return":0.0}
{"window":{"start":"2023-10-26T23:57:00.000Z","end":"2023-10-26T23:58:00.000Z"},"country":"United Kingdom","OPM":7,"total_sales_volume":89.87999975681305,"rate_of_return":0.14285714285714285}
{"window":{"start":"2023-10-24T04:57:00.000Z","end":"2023-10-24T04:58:00.000Z"},"country":"Germany","OPM":2,"total_sales_volume":207.02999794483185,"rate_of_return":0.0}
{"window":{"start":"2023-10-23T20:32:00.000Z","end":"2023-10-23T20:33:00.000Z"},"country":"Finland","OPM":1,"total_sales_volume":-33.920000076293945,"rate_of_return":1.0}
{"window":{"start":"2023-10-24T10:47:00.000Z","end":"2023-10-24T10:48:00.000Z"},"country":"Italy","OPM":1,"total_sales_volume":13.580000340938568,"rate_of_return":0.0}
{"window":{"start":"2023-10-26T07:39:00.000Z","end":"2023-10-26T07:40:00.000Z"},"country":"United Kingdom","OPM":9,"total_sales_volume":631.1100014746189,"rate_of_return":0.0}
{"window":{"start":"2023-10-27T21:03:00.000Z","end":"2023-10-27T21:04:00.000Z"},"country":"United Kingdom","OPM":12,"total_sales_volume":916.2600064873695,"rate_of_return":0.0}
{"window":{"start":"2023-10-24T00:52:00.000Z","end":"2023-10-24T00:53:00.000Z"},"country":"Israel","OPM":1,"total_sales_volume":6.730000078678131,"rate_of_return":0.0}
{"window":{"start":"2023-10-27T03:58:00.000Z","end":"2023-10-27T03:59:00.000Z"},"country":"Australia","OPM":1,"total_sales_volume":28.7400004863739,"rate_of_return":0.0}
{"window":{"start":"2023-10-24T23:03:00.000Z","end":"2023-10-24T23:04:00.000Z"},"country":"Netherlands","OPM":1,"total_sales_volume":42.719999730587006,"rate_of_return":0.0}
{"window":{"start":"2023-10-26T03:31:00.000Z","end":"2023-10-26T03:32:00.000Z"},"country":"United Kingdom","OPM":15,"total_sales_volume":495.9700001180172,"rate_of_return":0.0}
{"window":{"start":"2023-10-25T18:44:00.000Z","end":"2023-10-25T18:45:00.000Z"},"country":"United Kingdom","OPM":7,"total_sales_volume":261.4699994921684,"rate_of_return":0.0}
{"window":{"start":"2023-10-26T12:00:00.000Z","end":"2023-10-26T12:01:00.000Z"},"country":"Germany","OPM":1,"total_sales_volume":1.649999976158142,"rate_of_return":0.0}
{"window":{"start":"2023-10-26T07:38:00.000Z","end":"2023-10-26T07:39:00.000Z"},"country":"Belgium","OPM":1,"total_sales_volume":153.31000196933746,"rate_of_return":0.0}
{"window":{"start":"2023-10-26T04:07:00.000Z","end":"2023-10-26T04:08:00.000Z"},"country":"France","OPM":1,"total_sales_volume":64.79000091552734,"rate_of_return":0.0}
{"window":{"start":"2023-10-28T05:44:00.000Z","end":"2023-10-28T05:45:00.000Z"},"country":"United Kingdom","OPM":13,"total_sales_volume":613.9499929845333,"rate_of_return":0.07692307692307693}
{"window":{"start":"2023-10-26T19:36:00.000Z","end":"2023-10-26T19:37:00.000Z"},"country":"United Kingdom","OPM":13,"total_sales_volume":1023.819990336895,"rate_of_return":0.0}
{"window":{"start":"2023-10-25T07:28:00.000Z","end":"2023-10-25T07:29:00.000Z"},"country":"United Kingdom","OPM":16,"total_sales_volume":622.3500010371208,"rate_of_return":0.0625}
{"window":{"start":"2023-10-27T05:01:00.000Z","end":"2023-10-27T05:02:00.000Z"},"country":"Germany","OPM":1,"total_sales_volume":158.28999894857407,"rate_of_return":0.0}
{"window":{"start":"2023-10-27T06:46:00.000Z","end":"2023-10-27T06:47:00.000Z"},"country":"Spain","OPM":1,"total_sales_volume":126.31000036001205,"rate_of_return":0.0}
{"window":{"start":"2023-10-25T00:37:00.000Z","end":"2023-10-25T00:38:00.000Z"},"country":"United Kingdom","OPM":6,"total_sales_volume":333.0500018298626,"rate_of_return":0.0}
{"window":{"start":"2023-10-26T17:06:00.000Z","end":"2023-10-26T17:07:00.000Z"},"country":"Germany","OPM":2,"total_sales_volume":188.96000277996063,"rate_of_return":0.0}
{"window":{"start":"2023-10-26T21:03:00.000Z","end":"2023-10-26T21:04:00.000Z"},"country":"United Kingdom","OPM":4,"total_sales_volume":290.7199980020523,"rate_of_return":0.25}
{"window":{"start":"2023-10-25T10:17:00.000Z","end":"2023-10-25T10:18:00.000Z"},"country":"United Kingdom","OPM":6,"total_sales_volume":592.6400052309036,"rate_of_return":0.0}
{"window":{"start":"2023-10-28T00:38:00.000Z","end":"2023-10-28T00:39:00.000Z"},"country":"United Kingdom","OPM":16,"total_sales_volume":629.9699968993664,"rate_of_return":0.0}
{"window":{"start":"2023-10-24T09:48:00.000Z","end":"2023-10-24T09:49:00.000Z"},"country":"EIRE","OPM":1,"total_sales_volume":25.0,"rate_of_return":0.0}
{"window":{"start":"2023-10-27T15:59:00.000Z","end":"2023-10-27T16:00:00.000Z"},"country":"France","OPM":1,"total_sales_volume":0.8299999833106995,"rate_of_return":0.0}
{"window":{"start":"2023-10-27T08:58:00.000Z","end":"2023-10-27T08:59:00.000Z"},"country":"United Kingdom","OPM":12,"total_sales_volume":566.6899944394827,"rate_of_return":0.0}
{"window":{"start":"2023-10-26T05:36:00.000Z","end":"2023-10-26T05:37:00.000Z"},"country":"Australia","OPM":1,"total_sales_volume":83.0,"rate_of_return":0.0}
{"window":{"start":"2023-10-24T16:01:00.000Z","end":"2023-10-24T16:02:00.000Z"},"country":"Belgium","OPM":1,"total_sales_volume":0.41999998688697815,"rate_of_return":0.0}
{"window":{"start":"2023-10-26T03:53:00.000Z","end":"2023-10-26T03:54:00.000Z"},"country":"EIRE","OPM":1,"total_sales_volume":50.559999853372574,"rate_of_return":0.0}
{"window":{"start":"2023-10-25T00:56:00.000Z","end":"2023-10-25T00:57:00.000Z"},"country":"Germany","OPM":1,"total_sales_volume":70.32999950647354,"rate_of_return":0.0}
{"window":{"start":"2023-10-27T07:55:00.000Z","end":"2023-10-27T07:56:00.000Z"},"country":"United Kingdom","OPM":11,"total_sales_volume":272.9200004339218,"rate_of_return":0.0}
{"window":{"start":"2023-10-27T15:52:00.000Z","end":"2023-10-27T15:53:00.000Z"},"country":"France","OPM":1,"total_sales_volume":75.56999969482422,"rate_of_return":0.0}
{"window":{"start":"2023-10-27T22:45:00.000Z","end":"2023-10-27T22:46:00.000Z"},"country":"EIRE","OPM":2,"total_sales_volume":71.56999945640564,"rate_of_return":0.0}
{"window":{"start":"2023-10-23T22:11:00.000Z","end":"2023-10-23T22:12:00.000Z"},"country":"United Kingdom","OPM":8,"total_sales_volume":1149.8600186407566,"rate_of_return":0.0}
{"window":{"start":"2023-10-23T18:20:00.000Z","end":"2023-10-23T18:21:00.000Z"},"country":"United Kingdom","OPM":12,"total_sales_volume":353.040004581213,"rate_of_return":0.08333333333333333}
{"window":{"start":"2023-10-27T07:44:00.000Z","end":"2023-10-27T07:45:00.000Z"},"country":"United Kingdom","OPM":13,"total_sales_volume":847.5399959087372,"rate_of_return":0.07692307692307693}
{"window":{"start":"2023-10-28T03:07:00.000Z","end":"2023-10-28T03:08:00.000Z"},"country":"United Kingdom","OPM":13,"total_sales_volume":470.9299983084202,"rate_of_return":0.0}
{"window":{"start":"2023-10-23T16:43:00.000Z","end":"2023-10-23T16:44:00.000Z"},"country":"United Kingdom","OPM":10,"total_sales_volume":524.8099977374077,"rate_of_return":0.0}
{"window":{"start":"2023-10-24T04:57:00.000Z","end":"2023-10-24T04:58:00.000Z"},"country":"United Kingdom","OPM":11,"total_sales_volume":636.1700033694506,"rate_of_return":0.09090909090909091}
{"window":{"start":"2023-10-27T21:36:00.000Z","end":"2023-10-27T21:37:00.000Z"},"country":"United Kingdom","OPM":4,"total_sales_volume":171.89999708533287,"rate_of_return":0.0}
{"window":{"start":"2023-10-24T11:18:00.000Z","end":"2023-10-24T11:19:00.000Z"},"country":"Australia","OPM":1,"total_sales_volume":25.5,"rate_of_return":0.0}
{"window":{"start":"2023-10-27T22:42:00.000Z","end":"2023-10-27T22:43:00.000Z"},"country":"United Kingdom","OPM":6,"total_sales_volume":427.88999673724174,"rate_of_return":0.0}
{"window":{"start":"2023-10-26T18:59:00.000Z","end":"2023-10-26T19:00:00.000Z"},"country":"Spain","OPM":1,"total_sales_volume":43.329999923706055,"rate_of_return":0.0}
{"window":{"start":"2023-10-26T02:07:00.000Z","end":"2023-10-26T02:08:00.000Z"},"country":"United Kingdom","OPM":12,"total_sales_volume":1268.9299893975258,"rate_of_return":0.08333333333333333}
{"window":{"start":"2023-10-24T22:44:00.000Z","end":"2023-10-24T22:45:00.000Z"},"country":"Belgium","OPM":1,"total_sales_volume":71.75000065565109,"rate_of_return":0.0}
{"window":{"start":"2023-10-25T09:51:00.000Z","end":"2023-10-25T09:52:00.000Z"},"country":"United Kingdom","OPM":14,"total_sales_volume":932.0000036656857,"rate_of_return":0.0}
{"window":{"start":"2023-10-24T10:54:00.000Z","end":"2023-10-24T10:55:00.000Z"},"country":"United Kingdom","OPM":9,"total_sales_volume":380.29999816417694,"rate_of_return":0.0}
{"window":{"start":"2023-10-25T12:27:00.000Z","end":"2023-10-25T12:28:00.000Z"},"country":"United Kingdom","OPM":12,"total_sales_volume":503.9199998676777,"rate_of_return":0.0}
{"window":{"start":"2023-10-28T05:05:00.000Z","end":"2023-10-28T05:06:00.000Z"},"country":"United Kingdom","OPM":5,"total_sales_volume":99.18000000715256,"rate_of_return":0.0}
{"window":{"start":"2023-10-26T12:11:00.000Z","end":"2023-10-26T12:12:00.000Z"},"country":"EIRE","OPM":1,"total_sales_volume":83.09999942779541,"rate_of_return":0.0}
{"window":{"start":"2023-10-26T19:02:00.000Z","end":"2023-10-26T19:03:00.000Z"},"country":"United Kingdom","OPM":11,"total_sales_volume":553.7500030398369,"rate_of_return":0.0}
{"window":{"start":"2023-10-26T20:21:00.000Z","end":"2023-10-26T20:22:00.000Z"},"country":"Portugal","OPM":1,"total_sales_volume":-32.24000000953674,"rate_of_return":1.0}
{"window":{"start":"2023-10-26T20:30:00.000Z","end":"2023-10-26T20:31:00.000Z"},"country":"United Kingdom","OPM":4,"total_sales_volume":76.47999846935272,"rate_of_return":0.0}
{"window":{"start":"2023-10-27T18:40:00.000Z","end":"2023-10-27T18:41:00.000Z"},"country":"Germany","OPM":1,"total_sales_volume":39.11000061035156,"rate_of_return":0.0}
{"window":{"start":"2023-10-23T22:45:00.000Z","end":"2023-10-23T22:46:00.000Z"},"country":"Austria","OPM":1,"total_sales_volume":8.899999856948853,"rate_of_return":0.0}
{"window":{"start":"2023-10-27T12:55:00.000Z","end":"2023-10-27T12:56:00.000Z"},"country":"France","OPM":1,"total_sales_volume":243.60000360012054,"rate_of_return":0.0}
{"window":{"start":"2023-10-25T16:49:00.000Z","end":"2023-10-25T16:50:00.000Z"},"country":"United Kingdom","OPM":11,"total_sales_volume":642.3699955940247,"rate_of_return":0.09090909090909091}
{"window":{"start":"2023-10-27T22:47:00.000Z","end":"2023-10-27T22:48:00.000Z"},"country":"United Kingdom","OPM":10,"total_sales_volume":455.7999969124794,"rate_of_return":0.0}
{"window":{"start":"2023-10-27T13:29:00.000Z","end":"2023-10-27T13:30:00.000Z"},"country":"United Kingdom","OPM":9,"total_sales_volume":280.06000143289566,"rate_of_return":0.0}
