{"window":{"start":"2023-10-27T05:25:00.000Z","end":"2023-10-27T05:26:00.000Z"},"country":"France","OPM":1,"total_sales_volume":60.71999931335449,"rate_of_return":0.0}
{"window":{"start":"2023-10-25T20:47:00.000Z","end":"2023-10-25T20:48:00.000Z"},"country":"Portugal","OPM":1,"total_sales_volume":343.54000663757324,"rate_of_return":0.0}
{"window":{"start":"2023-10-26T07:28:00.000Z","end":"2023-10-26T07:29:00.000Z"},"country":"France","OPM":1,"total_sales_volume":13.489999651908875,"rate_of_return":0.0}
{"window":{"start":"2023-10-25T07:40:00.000Z","end":"2023-10-25T07:41:00.000Z"},"country":"United Kingdom","OPM":9,"total_sales_volume":466.0599955320358,"rate_of_return":0.0}
{"window":{"start":"2023-10-24T03:28:00.000Z","end":"2023-10-24T03:29:00.000Z"},"country":"United Kingdom","OPM":8,"total_sales_volume":221.81000167131424,"rate_of_return":0.25}
{"window":{"start":"2023-10-25T05:12:00.000Z","end":"2023-10-25T05:13:00.000Z"},"country":"United Kingdom","OPM":12,"total_sales_volume":562.3500018417835,"rate_of_return":0.0}
{"window":{"start":"2023-10-24T19:17:00.000Z","end":"2023-10-24T19:18:00.000Z"},"country":"Germany","OPM":1,"total_sales_volume":7.5,"rate_of_return":0.0}
{"window":{"start":"2023-10-27T01:03:00.000Z","end":"2023-10-27T01:04:00.000Z"},"country":"United Kingdom","OPM":10,"total_sales_volume":1230.7000173032284,"rate_of_return":0.1}
{"window":{"start":"2023-10-24T01:18:00.000Z","end":"2023-10-24T01:19:00.000Z"},"country":"Spain","OPM":1,"total_sales_volume":1.9500000476837158,"rate_of_return":0.0}
{"window":{"start":"2023-10-27T18:31:00.000Z","end":"2023-10-27T18:32:00.000Z"},"country":"Poland","OPM":1,"total_sales_volume":155.9400029182434,"rate_of_return":0.0}
{"window":{"start":"2023-10-26T09:50:00.000Z","end":"2023-10-26T09:51:00.000Z"},"country":"United Kingdom","OPM":6,"total_sales_volume":343.5999953150749,"rate_of_return":0.0}
{"window":{"start":"2023-10-27T12:27:00.000Z","end":"2023-10-27T12:28:00.000Z"},"country":"United Kingdom","OPM":12,"total_sales_volume":1027.130005955696,"rate_of_return":0.0}
{"window":{"start":"2023-10-24T08:40:00.000Z","end":"2023-10-24T08:41:00.000Z"},"country":"United Kingdom","OPM":12,"total_sales_volume":414.34999772906303,"rate_of_return":0.0}
{"window":{"start":"2023-10-25T02:43:00.000Z","end":"2023-10-25T02:44:00.000Z"},"country":"United Kingdom","OPM":6,"total_sales_volume":173.55999782681465,"rate_of_return":0.16666666666666666}
{"window":{"start":"2023-10-25T07:09:00.000Z","end":"2023-10-25T07:10:00.000Z"},"country":"United Kingdom","OPM":11,"total_sales_volume":259.0199998617172,"rate_of_return":0.0}
{"window":{"start":"2023-10-25T16:21:00.000Z","end":"2023-10-25T16:22:00.000Z"},"country":"Switzerland","OPM":1,"total_sales_volume":98.09999656677246,"rate_of_return":0.0}
{"window":{"start":"2023-10-27T16:59:00.000Z","end":"2023-10-27T17:00:00.000Z"},"country":"Greece","OPM":1,"total_sales_volume":20.99999988079071,"rate_of_return":0.0}
{"window":{"start":"2023-10-27T08:24:00.000Z","end":"2023-10-27T08:25:00.000Z"},"country":"Germany","OPM":1,"total_sales_volume":64.56000030040741,"rate_of_return":0.0}
{"window":{"start":"2023-10-24T15:24:00.000Z","end":"2023-10-24T15:25:00.000Z"},"country":"United Kingdom","OPM":11,"total_sales_volume":586.4999945759773,"rate_of_return":0.09090909090909091}
{"window":{"start":"2023-10-25T19:04:00.000Z","end":"2023-10-25T19:05:00.000Z"},"country":"Netherlands","OPM":1,"total_sales_volume":5.949999809265137,"rate_of_return":0.0}
{"window":{"start":"2023-10-27T09:01:00.000Z","end":"2023-10-27T09:02:00.000Z"},"country":"United Kingdom","OPM":7,"total_sales_volume":234.99999678134918,"rate_of_return":0.0}
{"window":{"start":"2023-10-26T00:49:00.000Z","end":"2023-10-26T00:50:00.000Z"},"country":"United Kingdom","OPM":3,"total_sales_volume":296.8399964570999,"rate_of_return":0.3333333333333333}
{"window":{"start":"2023-10-24T07:56:00.000Z","end":"2023-10-24T07:57:00.000Z"},"country":"United Kingdom","OPM":9,"total_sales_volume":556.7399877309799,"rate_of_return":0.0}
{"window":{"start":"2023-10-25T15:41:00.000Z","end":"2023-10-25T15:42:00.000Z"},"country":"Italy","OPM":1,"total_sales_volume":210.09999239444733,"rate_of_return":0.0}
{"window":{"start":"2023-10-27T19:36:00.000Z","end":"2023-10-27T19:37:00.000Z"},"country":"EIRE","OPM":1,"total_sales_volume":1.649999976158142,"rate_of_return":0.0}
{"window":{"start":"2023-10-26T09:54:00.000Z","end":"2023-10-26T09:55:00.000Z"},"country":"EIRE","OPM":2,"total_sales_volume":47.149999499320984,"rate_of_return":0.0}
{"window":{"start":"2023-10-23T22:57:00.000Z","end":"2023-10-23T22:58:00.000Z"},"country":"EIRE","OPM":1,"total_sales_volume":2.549999952316284,"rate_of_return":0.0}
{"window":{"start":"2023-10-25T10:48:00.000Z","end":"2023-10-25T10:49:00.000Z"},"country":"United Kingdom","OPM":7,"total_sales_volume":428.27999687194824,"rate_of_return":0.14285714285714285}
{"window":{"start":"2023-10-27T04:10:00.000Z","end":"2023-10-27T04:11:00.000Z"},"country":"United Kingdom","OPM":4,"total_sales_volume":91.18000042438507,"rate_of_return":0.0}
{"window":{"start":"2023-10-25T23:00:00.000Z","end":"2023-10-25T23:01:00.000Z"},"country":"United Kingdom","OPM":8,"total_sales_volume":95.09999859333038,"rate_of_return":0.0}
{"window":{"start":"2023-10-25T14:25:00.000Z","end":"2023-10-25T14:26:00.000Z"},"country":"United Kingdom","OPM":12,"total_sales_volume":1078.8299811184406,"rate_of_return":0.08333333333333333}
{"window":{"start":"2023-10-24T21:57:00.000Z","end":"2023-10-24T21:58:00.000Z"},"country":"Germany","OPM":1,"total_sales_volume":109.55999764800072,"rate_of_return":0.0}
{"window":{"start":"2023-10-24T00:26:00.000Z","end":"2023-10-24T00:27:00.000Z"},"country":"France","OPM":1,"total_sales_volume":33.44999957084656,"rate_of_return":0.0}
{"window":{"start":"2023-10-23T18:06:00.000Z","end":"2023-10-23T18:07:00.000Z"},"country":"United Kingdom","OPM":8,"total_sales_volume":5980.380020439625,"rate_of_return":0.125}
{"window":{"start":"2023-10-23T14:46:00.000Z","end":"2023-10-23T14:47:00.000Z"},"country":"United Kingdom","OPM":9,"total_sales_volume":962.4199981689453,"rate_of_return":0.0}
{"window":{"start":"2023-10-26T07:08:00.000Z","end":"2023-10-26T07:09:00.000Z"},"country":"Malta","OPM":1,"total_sales_volume":116.64000034332275,"rate_of_return":0.0}
{"window":{"start":"2023-10-28T01:33:00.000Z","end":"2023-10-28T01:34:00.000Z"},"country":"United Kingdom","OPM":11,"total_sales_volume":452.9699981212616,"rate_of_return":0.09090909090909091}
{"window":{"start":"2023-10-24T18:21:00.000Z","end":"2023-10-24T18:22:00.000Z"},"country":"United Kingdom","OPM":6,"total_sales_volume":130.67999917268753,"rate_of_return":0.0}
{"window":{"start":"2023-10-24T20:17:00.000Z","end":"2023-10-24T20:18:00.000Z"},"country":"United Kingdom","OPM":6,"total_sales_volume":294.5299980044365,"rate_of_return":0.0}
{"window":{"start":"2023-10-28T05:37:00.000Z","end":"2023-10-28T05:38:00.000Z"},"country":"United Kingdom","OPM":8,"total_sales_volume":1137.2799964547157,"rate_of_return":0.125}
{"window":{"start":"2023-10-24T04:26:00.000Z","end":"2023-10-24T04:27:00.000Z"},"country":"France","OPM":1,"total_sales_volume":62.32000017166138,"rate_of_return":0.0}
{"window":{"start":"2023-10-27T07:17:00.000Z","end":"2023-10-27T07:18:00.000Z"},"country":"United Kingdom","OPM":12,"total_sales_volume":757.8299972116947,"rate_of_return":0.0}
{"window":{"start":"2023-10-24T00:05:00.000Z","end":"2023-10-24T00:06:00.000Z"},"country":"United Kingdom","OPM":15,"total_sales_volume":992.6000115275383,"rate_of_return":0.0}
{"window":{"start":"2023-10-27T12:14:00.000Z","end":"2023-10-27T12:15:00.000Z"},"country":"Germany","OPM":2,"total_sales_volume":38.99999928474426,"rate_of_return":0.0}
{"window":{"start":"2023-10-26T03:28:00.000Z","end":"2023-10-26T03:29:00.000Z"},"country":"United Kingdom","OPM":9,"total_sales_volume":763.2499944269657,"rate_of_return":0.0}
{"window":{"start":"2023-10-27T19:13:00.000Z","end":"2023-10-27T19:14:00.000Z"},"country":"EIRE","OPM":1,"total_sales_volume":12.59999942779541,"rate_of_return":0.0}
{"window":{"start":"2023-10-24T05:31:00.000Z","end":"2023-10-24T05:32:00.000Z"},"country":"United Kingdom","OPM":14,"total_sales_volume":861.4199880361557,"rate_of_return":0.14285714285714285}
{"window":{"start":"2023-10-27T13:03:00.000Z","end":"2023-10-27T13:04:00.000Z"},"country":"United Kingdom","OPM":7,"total_sales_volume":491.1199880838394,"rate_of_return":0.0}
{"window":{"start":"2023-10-26T05:43:00.000Z","end":"2023-10-26T05:44:00.000Z"},"country":"United Kingdom","OPM":11,"total_sales_volume":533.2199963629246,"rate_of_return":0.0}
{"window":{"start":"2023-10-24T11:57:00.000Z","end":"2023-10-24T11:58:00.000Z"},"country":"United Kingdom","OPM":9,"total_sales_volume":289.14000207185745,"rate_of_return":0.0}
{"window":{"start":"2023-10-23T18:57:00.000Z","end":"2023-10-23T18:58:00.000Z"},"country":"Australia","OPM":1,"total_sales_volume":54.30000081658363,"rate_of_return":0.0}
{"window":{"start":"2023-10-26T04:14:00.000Z","end":"2023-10-26T04:15:00.000Z"},"country":"United Kingdom","OPM":6,"total_sales_volume":288.80000084638596,"rate_of_return":0.0}
{"window":{"start":"2023-10-26T16:46:00.000Z","end":"2023-10-26T16:47:00.000Z"},"country":"United Kingdom","OPM":10,"total_sales_volume":936.7000009715557,"rate_of_return":0.0}
{"window":{"start":"2023-10-24T03:12:00.000Z","end":"2023-10-24T03:13:00.000Z"},"country":"EIRE","OPM":2,"total_sales_volume":37.74999988079071,"rate_of_return":0.0}
{"window":{"start":"2023-10-28T00:15:00.000Z","end":"2023-10-28T00:16:00.000Z"},"country":"EIRE","OPM":1,"total_sales_volume":5.199999809265137,"rate_of_return":0.0}
{"window":{"start":"2023-10-25T20:43:00.000Z","end":"2023-10-25T20:44:00.000Z"},"country":"Australia","OPM":1,"total_sales_volume":32.88999962806702,"rate_of_return":0.0}
{"window":{"start":"2023-10-24T11:12:00.000Z","end":"2023-10-24T11:13:00.000Z"},"country":"Norway","OPM":1,"total_sales_volume":16.49999976158142,"rate_of_return":0.0}
{"window":{"start":"2023-10-27T05:18:00.000Z","end":"2023-10-27T05:19:00.000Z"},"country":"United Kingdom","OPM":5,"total_sales_volume":392.3999902307987,"rate_of_return":0.0}
{"window":{"start":"2023-10-24T03:41:00.000Z","end":"2023-10-24T03:42:00.000Z"},"country":"United Kingdom","OPM":11,"total_sales_volume":337.7500004172325,"rate_of_return":0.0}
{"window":{"start":"2023-10-27T06:16:00.000Z","end":"2023-10-27T06:17:00.000Z"},"country":"United Kingdom","OPM":7,"total_sales_volume":253.0000033378601,"rate_of_return":0.14285714285714285}
{"window":{"start":"2023-10-26T04:11:00.000Z","end":"2023-10-26T04:12:00.000Z"},"country":"United Kingdom","OPM":4,"total_sales_volume":650.5999954640865,"rate_of_return":0.0}
{"window":{"start":"2023-10-27T15:38:00.000Z","end":"2023-10-27T15:39:00.000Z"},"country":"Netherlands","OPM":1,"total_sales_volume":44.05999970436096,"rate_of_return":0.0}
{"window":{"start":"2023-10-23T20:26:00.000Z","end":"2023-10-23T20:27:00.000Z"},"country":"United Kingdom","OPM":6,"total_sales_volume":319.6500004529953,"rate_of_return":0.0}
{"window":{"start":"2023-10-23T20:34:00.000Z","end":"2023-10-23T20:35:00.000Z"},"country":"United Kingdom","OPM":12,"total_sales_volume":748.7599935531616,"rate_of_return":0.0}
{"window":{"start":"2023-10-25T09:20:00.000Z","end":"2023-10-25T09:21:00.000Z"},"country":"EIRE","OPM":1,"total_sales_volume":-7.949999809265137,"rate_of_return":1.0}
{"window":{"start":"2023-10-27T22:23:00.000Z","end":"2023-10-27T22:24:00.000Z"},"country":"Lebanon","OPM":1,"total_sales_volume":90.0000011920929,"rate_of_return":0.0}
{"window":{"start":"2023-10-26T08:51:00.000Z","end":"2023-10-26T08:52:00.000Z"},"country":"Netherlands","OPM":1,"total_sales_volume":127.49999809265137,"rate_of_return":0.0}
{"window":{"start":"2023-10-26T08:09:00.000Z","end":"2023-10-26T08:10:00.000Z"},"country":"United Kingdom","OPM":15,"total_sales_volume":635.280003875494,"rate_of_return":0.06666666666666667}
{"window":{"start":"2023-10-28T00:50:00.000Z","end":"2023-10-28T00:51:00.000Z"},"country":"United Kingdom","OPM":5,"total_sales_volume":51.80000168085098,"rate_of_return":0.2}
{"window":{"start":"2023-10-27T14:27:00.000Z","end":"2023-10-27T14:28:00.000Z"},"country":"United Kingdom","OPM":14,"total_sales_volume":851.4799971580505,"rate_of_return":0.0}
{"window":{"start":"2023-10-27T16:08:00.000Z","end":"2023-10-27T16:09:00.000Z"},"country":"Sweden","OPM":1,"total_sales_volume":54.6799992620945,"rate_of_return":0.0}
{"window":{"start":"2023-10-25T22:03:00.000Z","end":"2023-10-25T22:04:00.000Z"},"country":"Germany","OPM":1,"total_sales_volume":28.05000078678131,"rate_of_return":0.0}
{"window":{"start":"2023-10-26T09:22:00.000Z","end":"2023-10-26T09:23:00.000Z"},"country":"United Kingdom","OPM":6,"total_sales_volume":526.7799954712391,"rate_of_return":0.0}
{"window":{"start":"2023-10-23T19:50:00.000Z","end":"2023-10-23T19:51:00.000Z"},"country":"Belgium","OPM":1,"total_sales_volume":949.4799976348877,"rate_of_return":0.0}
{"window":{"start":"2023-10-28T03:03:00.000Z","end":"2023-10-28T03:04:00.000Z"},"country":"United Kingdom","OPM":7,"total_sales_volume":158.36999782919884,"rate_of_return":0.0}
{"window":{"start":"2023-10-25T20:01:00.000Z","end":"2023-10-25T20:02:00.000Z"},"country":"United Kingdom","OPM":11,"total_sales_volume":738.2499951720238,"rate_of_return":0.09090909090909091}
{"window":{"start":"2023-10-26T04:19:00.000Z","end":"2023-10-26T04:20:00.000Z"},"country":"United Kingdom","OPM":7,"total_sales_volume":290.3199970126152,"rate_of_return":0.0}
