{"window":{"start":"2023-10-26T05:41:00.000Z","end":"2023-10-26T05:42:00.000Z"},"country":"United Kingdom","OPM":14,"total_sales_volume":844.8699998557568,"rate_of_return":0.07142857142857142}
{"window":{"start":"2023-10-26T09:46:00.000Z","end":"2023-10-26T09:47:00.000Z"},"country":"United Kingdom","OPM":8,"total_sales_volume":321.3300004005432,"rate_of_return":0.0}
{"window":{"start":"2023-10-24T02:24:00.000Z","end":"2023-10-24T02:25:00.000Z"},"country":"United Kingdom","OPM":11,"total_sales_volume":747.7999932765961,"rate_of_return":0.0}
{"window":{"start":"2023-10-25T02:49:00.000Z","end":"2023-10-25T02:50:00.000Z"},"country":"Finland","OPM":1,"total_sales_volume":12.75,"rate_of_return":0.0}
{"window":{"start":"2023-10-24T14:58:00.000Z","end":"2023-10-24T14:59:00.000Z"},"country":"Switzerland","OPM":1,"total_sales_volume":24.959999084472656,"rate_of_return":0.0}
{"window":{"start":"2023-10-23T17:23:00.000Z","end":"2023-10-23T17:24:00.000Z"},"country":"United Kingdom","OPM":4,"total_sales_volume":177.24999859929085,"rate_of_return":0.0}
{"window":{"start":"2023-10-26T08:37:00.000Z","end":"2023-10-26T08:38:00.000Z"},"country":"Finland","OPM":1,"total_sales_volume":12.199999809265137,"rate_of_return":0.0}
{"window":{"start":"2023-10-25T21:48:00.000Z","end":"2023-10-25T21:49:00.000Z"},"country":"EIRE","OPM":1,"total_sales_volume":55.59000039100647,"rate_of_return":0.0}
{"window":{"start":"2023-10-25T15:43:00.000Z","end":"2023-10-25T15:44:00.000Z"},"country":"France","OPM":1,"total_sales_volume":13.75,"rate_of_return":0.0}
{"window":{"start":"2023-10-27T20:22:00.000Z","end":"2023-10-27T20:23:00.000Z"},"country":"Germany","OPM":1,"total_sales_volume":253.37000051140785,"rate_of_return":0.0}
{"window":{"start":"2023-10-25T22:00:00.000Z","end":"2023-10-25T22:01:00.000Z"},"country":"United Kingdom","OPM":13,"total_sales_volume":481.1399995982647,"rate_of_return":0.15384615384615385}
{"window":{"start":"2023-10-26T03:07:00.000Z","end":"2023-10-26T03:08:00.000Z"},"country":"Germany","OPM":1,"total_sales_volume":57.04999941587448,"rate_of_return":0.0}
{"window":{"start":"2023-10-26T19:35:00.000Z","end":"2023-10-26T19:36:00.000Z"},"country":"France","OPM":2,"total_sales_volume":197.600004196167,"rate_of_return":0.5}
{"window":{"start":"2023-10-27T15:57:00.000Z","end":"2023-10-27T15:58:00.000Z"},"country":"United Kingdom","OPM":9,"total_sales_volume":370.28000071644783,"rate_of_return":0.0}
{"window":{"start":"2023-10-27T08:37:00.000Z","end":"2023-10-27T08:38:00.000Z"},"country":"EIRE","OPM":1,"total_sales_volume":52.140000224113464,"rate_of_return":0.0}
{"window":{"start":"2023-10-27T13:50:00.000Z","end":"2023-10-27T13:51:00.000Z"},"country":"France","OPM":2,"total_sales_volume":955.7899971008301,"rate_of_return":0.0}
{"window":{"start":"2023-10-25T16:54:00.000Z","end":"2023-10-25T16:55:00.000Z"},"country":"United Kingdom","OPM":11,"total_sales_volume":952.3999934196472,"rate_of_return":0.0}
{"window":{"start":"2023-10-26T10:36:00.000Z","end":"2023-10-26T10:37:00.000Z"},"country":"France","OPM":1,"total_sales_volume":12.449999690055847,"rate_of_return":0.0}
{"window":{"start":"2023-10-26T20:11:00.000Z","end":"2023-10-26T20:12:00.000Z"},"country":"United Kingdom","OPM":9,"total_sales_volume":961.3700020909309,"rate_of_return":0.1111111111111111}
{"window":{"start":"2023-10-23T15:15:00.000Z","end":"2023-10-23T15:16:00.000Z"},"country":"Germany","OPM":1,"total_sales_volume":9.959999799728394,"rate_of_return":0.0}
{"window":{"start":"2023-10-27T07:09:00.000Z","end":"2023-10-27T07:10:00.000Z"},"country":"France","OPM":1,"total_sales_volume":192.34999752044678,"rate_of_return":0.0}
{"window":{"start":"2023-10-25T23:50:00.000Z","end":"2023-10-25T23:51:00.000Z"},"country":"United Kingdom","OPM":8,"total_sales_volume":583.8099954724312,"rate_of_return":0.125}
{"window":{"start":"2023-10-25T07:31:00.000Z","end":"2023-10-25T07:32:00.000Z"},"country":"United Kingdom","OPM":11,"total_sales_volume":86.07999449968338,"rate_of_return":0.2727272727272727}
{"window":{"start":"2023-10-25T04:28:00.000Z","end":"2023-10-25T04:29:00.000Z"},"country":"United Kingdom","OPM":6,"total_sales_volume":521.1900042295456,"rate_of_return":0.16666666666666666}
{"window":{"start":"2023-10-27T11:44:00.000Z","end":"2023-10-27T11:45:00.000Z"},"country":"Norway","OPM":1,"total_sales_volume":121.36999797821045,"rate_of_return":0.0}
{"window":{"start":"2023-10-24T02:46:00.000Z","end":"2023-10-24T02:47:00.000Z"},"country":"United Kingdom","OPM":14,"total_sales_volume":931.8099944591522,"rate_of_return":0.07142857142857142}
{"window":{"start":"2023-10-23T15:53:00.000Z","end":"2023-10-23T15:54:00.000Z"},"country":"United Kingdom","OPM":5,"total_sales_volume":355.2399989068508,"rate_of_return":0.4}
{"window":{"start":"2023-10-25T20:19:00.000Z","end":"2023-10-25T20:20:00.000Z"},"country":"Germany","OPM":1,"total_sales_volume":25.46999955177307,"rate_of_return":0.0}
{"window":{"start":"2023-10-24T18:15:00.000Z","end":"2023-10-24T18:16:00.000Z"},"country":"EIRE","OPM":1,"total_sales_volume":39.7499994635582,"rate_of_return":0.0}
{"window":{"start":"2023-10-26T12:01:00.000Z","end":"2023-10-26T12:02:00.000Z"},"country":"United Kingdom","OPM":8,"total_sales_volume":507.5199930071831,"rate_of_return":0.125}
{"window":{"start":"2023-10-27T06:22:00.000Z","end":"2023-10-27T06:23:00.000Z"},"country":"Channel Islands","OPM":1,"total_sales_volume":17.84999942779541,"rate_of_return":0.0}
{"window":{"start":"2023-10-23T17:45:00.000Z","end":"2023-10-23T17:46:00.000Z"},"country":"United Kingdom","OPM":12,"total_sales_volume":533.7799986004829,"rate_of_return":0.08333333333333333}
{"window":{"start":"2023-10-23T21:07:00.000Z","end":"2023-10-23T21:08:00.000Z"},"country":"United Kingdom","OPM":6,"total_sales_volume":320.6400015950203,"rate_of_return":0.16666666666666666}
{"window":{"start":"2023-10-26T14:37:00.000Z","end":"2023-10-26T14:38:00.000Z"},"country":"United Kingdom","OPM":7,"total_sales_volume":341.9200048148632,"rate_of_return":0.14285714285714285}
{"window":{"start":"2023-10-24T13:51:00.000Z","end":"2023-10-24T13:52:00.000Z"},"country":"United Kingdom","OPM":9,"total_sales_volume":606.479999512434,"rate_of_return":0.0}
{"window":{"start":"2023-10-24T02:20:00.000Z","end":"2023-10-24T02:21:00.000Z"},"country":"United Kingdom","OPM":15,"total_sales_volume":931.3699945807457,"rate_of_return":0.0}
{"window":{"start":"2023-10-26T12:55:00.000Z","end":"2023-10-26T12:56:00.000Z"},"country":"United Kingdom","OPM":8,"total_sales_volume":334.5899940133095,"rate_of_return":0.0}
{"window":{"start":"2023-10-25T11:41:00.000Z","end":"2023-10-25T11:42:00.000Z"},"country":"United Kingdom","OPM":17,"total_sales_volume":1357.0300166606903,"rate_of_return":0.0}
{"window":{"start":"2023-10-26T09:31:00.000Z","end":"2023-10-26T09:32:00.000Z"},"country":"United Kingdom","OPM":16,"total_sales_volume":1350.3399800360203,"rate_of_return":0.0}
{"window":{"start":"2023-10-27T16:52:00.000Z","end":"2023-10-27T16:53:00.000Z"},"country":"United Kingdom","OPM":11,"total_sales_volume":896.9900100827217,"rate_of_return":0.09090909090909091}
{"window":{"start":"2023-10-27T22:21:00.000Z","end":"2023-10-27T22:22:00.000Z"},"country":"EIRE","OPM":1,"total_sales_volume":72.14999854564667,"rate_of_return":0.0}
{"window":{"start":"2023-10-27T07:38:00.000Z","end":"2023-10-27T07:39:00.000Z"},"country":"United Kingdom","OPM":11,"total_sales_volume":647.5299990773201,"rate_of_return":0.0}
{"window":{"start":"2023-10-25T08:35:00.000Z","end":"2023-10-25T08:36:00.000Z"},"country":"Italy","OPM":1,"total_sales_volume":18.96999990940094,"rate_of_return":0.0}
{"window":{"start":"2023-10-23T23:52:00.000Z","end":"2023-10-23T23:53:00.000Z"},"country":"United Kingdom","OPM":9,"total_sales_volume":1164.1000258922577,"rate_of_return":0.0}
{"window":{"start":"2023-10-24T03:34:00.000Z","end":"2023-10-24T03:35:00.000Z"},"country":"Hong Kong","OPM":1,"total_sales_volume":452.1199850142002,"rate_of_return":0.0}
{"window":{"start":"2023-10-25T02:07:00.000Z","end":"2023-10-25T02:08:00.000Z"},"country":"United Kingdom","OPM":5,"total_sales_volume":123.78000158071518,"rate_of_return":0.2}
{"window":{"start":"2023-10-27T16:38:00.000Z","end":"2023-10-27T16:39:00.000Z"},"country":"United Kingdom","OPM":7,"total_sales_volume":2819.8500216007233,"rate_of_return":0.0}
{"window":{"start":"2023-10-26T03:02:00.000Z","end":"2023-10-26T03:03:00.000Z"},"country":"France","OPM":1,"total_sales_volume":378.52000427246094,"rate_of_return":0.0}
{"window":{"start":"2023-10-25T08:01:00.000Z","end":"2023-10-25T08:02:00.000Z"},"country":"United Kingdom","OPM":12,"total_sales_volume":1015.7599819302559,"rate_of_return":0.0}
{"window":{"start":"2023-10-24T16:53:00.000Z","end":"2023-10-24T16:54:00.000Z"},"country":"Germany","OPM":1,"total_sales_volume":23.739999771118164,"rate_of_return":0.0}
{"window":{"start":"2023-10-26T07:59:00.000Z","end":"2023-10-26T08:00:00.000Z"},"country":"United Kingdom","OPM":11,"total_sales_volume":376.39999771118164,"rate_of_return":0.0}
{"window":{"start":"2023-10-23T13:26:00.000Z","end":"2023-10-23T13:27:00.000Z"},"country":"United Kingdom","OPM":2,"total_sales_volume":91.56000053882599,"rate_of_return":0.0}
{"window":{"start":"2023-10-27T11:19:00.000Z","end":"2023-10-27T11:20:00.000Z"},"country":"Switzerland","OPM":1,"total_sales_volume":1.659999966621399,"rate_of_return":0.0}
{"window":{"start":"2023-10-25T13:23:00.000Z","end":"2023-10-25T13:24:00.000Z"},"country":"Portugal","OPM":1,"total_sales_volume":749.2900023460388,"rate_of_return":0.0}
