{"window":{"start":"2023-10-25T20:41:00.000Z","end":"2023-10-25T20:42:00.000Z"},"country":"United Kingdom","OPM":13,"total_sales_volume":913.7399927675724,"rate_of_return":0.0}
{"window":{"start":"2023-10-27T19:25:00.000Z","end":"2023-10-27T19:26:00.000Z"},"country":"Spain","OPM":1,"total_sales_volume":9.899999856948853,"rate_of_return":0.0}
{"window":{"start":"2023-10-25T13:58:00.000Z","end":"2023-10-25T13:59:00.000Z"},"country":"Belgium","OPM":1,"total_sales_volume":147.1499947309494,"rate_of_return":0.0}
{"window":{"start":"2023-10-24T13:18:00.000Z","end":"2023-10-24T13:19:00.000Z"},"country":"United Kingdom","OPM":5,"total_sales_volume":242.6899988502264,"rate_of_return":0.0}
{"window":{"start":"2023-10-26T04:53:00.000Z","end":"2023-10-26T04:54:00.000Z"},"country":"EIRE","OPM":1,"total_sales_volume":100.01000118255615,"rate_of_return":0.0}
{"window":{"start":"2023-10-24T02:51:00.000Z","end":"2023-10-24T02:52:00.000Z"},"country":"Netherlands","OPM":1,"total_sales_volume":0.949999988079071,"rate_of_return":0.0}
{"window":{"start":"2023-10-28T00:00:00.000Z","end":"2023-10-28T00:01:00.000Z"},"country":"Channel Islands","OPM":1,"total_sales_volume":49.019999265670776,"rate_of_return":0.0}
{"window":{"start":"2023-10-28T02:14:00.000Z","end":"2023-10-28T02:15:00.000Z"},"country":"United Kingdom","OPM":9,"total_sales_volume":462.43999993801117,"rate_of_return":0.1111111111111111}
{"window":{"start":"2023-10-24T11:44:00.000Z","end":"2023-10-24T11:45:00.000Z"},"country":"Belgium","OPM":1,"total_sales_volume":179.93999767303467,"rate_of_return":0.0}
{"window":{"start":"2023-10-26T23:04:00.000Z","end":"2023-10-26T23:05:00.000Z"},"country":"Belgium","OPM":2,"total_sales_volume":15.940000176429749,"rate_of_return":0.0}
{"window":{"start":"2023-10-25T06:42:00.000Z","end":"2023-10-25T06:43:00.000Z"},"country":"United Kingdom","OPM":7,"total_sales_volume":870.7399724721909,"rate_of_return":0.0}
{"window":{"start":"2023-10-24T10:03:00.000Z","end":"2023-10-24T10:04:00.000Z"},"country":"France","OPM":1,"total_sales_volume":41.27999925613403,"rate_of_return":0.0}
{"window":{"start":"2023-10-23T23:13:00.000Z","end":"2023-10-23T23:14:00.000Z"},"country":"Switzerland","OPM":1,"total_sales_volume":237.1000051498413,"rate_of_return":0.0}
{"window":{"start":"2023-10-27T11:34:00.000Z","end":"2023-10-27T11:35:00.000Z"},"country":"United Kingdom","OPM":8,"total_sales_volume":418.82999923825264,"rate_of_return":0.0}
{"window":{"start":"2023-10-27T01:32:00.000Z","end":"2023-10-27T01:33:00.000Z"},"country":"EIRE","OPM":1,"total_sales_volume":20.09999942779541,"rate_of_return":0.0}
{"window":{"start":"2023-10-24T04:31:00.000Z","end":"2023-10-24T04:32:00.000Z"},"country":"United Kingdom","OPM":9,"total_sales_volume":618.6199923157692,"rate_of_return":0.1111111111111111}
{"window":{"start":"2023-10-28T02:43:00.000Z","end":"2023-10-28T02:44:00.000Z"},"country":"Germany","OPM":1,"total_sales_volume":33.15000057220459,"rate_of_return":0.0}
{"window":{"start":"2023-10-25T21:09:00.000Z","end":"2023-10-25T21:10:00.000Z"},"country":"Germany","OPM":1,"total_sales_volume":34.94999957084656,"rate_of_return":0.0}
{"window":{"start":"2023-10-23T18:42:00.000Z","end":"2023-10-23T18:43:00.000Z"},"country":"United Kingdom","OPM":8,"total_sales_volume":367.5999947190285,"rate_of_return":0.0}
{"window":{"start":"2023-10-26T14:29:00.000Z","end":"2023-10-26T14:30:00.000Z"},"country":"United Kingdom","OPM":7,"total_sales_volume":482.98000007867813,"rate_of_return":0.0}
{"window":{"start":"2023-10-24T00:09:00.000Z","end":"2023-10-24T00:10:00.000Z"},"country":"United Kingdom","OPM":11,"total_sales_volume":464.16999834775925,"rate_of_return":0.0}
{"window":{"start":"2023-10-26T16:01:00.000Z","end":"2023-10-26T16:02:00.000Z"},"country":"United Kingdom","OPM":12,"total_sales_volume":754.9699953794479,"rate_of_return":0.0}
{"window":{"start":"2023-10-27T19:16:00.000Z","end":"2023-10-27T19:17:00.000Z"},"country":"United Kingdom","OPM":5,"total_sales_volume":108.92999994754791,"rate_of_return":0.0}
{"window":{"start":"2023-10-24T12:14:00.000Z","end":"2023-10-24T12:15:00.000Z"},"country":"France","OPM":1,"total_sales_volume":30.289999961853027,"rate_of_return":0.0}
{"window":{"start":"2023-10-23T12:25:00.000Z","end":"2023-10-23T12:26:00.000Z"},"country":"United Kingdom","OPM":11,"total_sales_volume":270.56999911367893,"rate_of_return":0.0}
{"window":{"start":"2023-10-27T00:36:00.000Z","end":"2023-10-27T00:37:00.000Z"},"country":"Germany","OPM":1,"total_sales_volume":24.699999570846558,"rate_of_return":0.0}
{"window":{"start":"2023-10-27T04:54:00.000Z","end":"2023-10-27T04:55:00.000Z"},"country":"EIRE","OPM":2,"total_sales_volume":223.36000633239746,"rate_of_return":0.0}
{"window":{"start":"2023-10-23T14:37:00.000Z","end":"2023-10-23T14:38:00.000Z"},"country":"Channel Islands","OPM":1,"total_sales_volume":47.64999806880951,"rate_of_return":0.0}
{"window":{"start":"2023-10-27T05:08:00.000Z","end":"2023-10-27T05:09:00.000Z"},"country":"United Kingdom","OPM":6,"total_sales_volume":670.8299957215786,"rate_of_return":0.0}
{"window":{"start":"2023-10-25T15:59:00.000Z","end":"2023-10-25T16:00:00.000Z"},"country":"EIRE","OPM":1,"total_sales_volume":1.850000023841858,"rate_of_return":0.0}
{"window":{"start":"2023-10-24T07:00:00.000Z","end":"2023-10-24T07:01:00.000Z"},"country":"United Kingdom","OPM":7,"total_sales_volume":198.3599977493286,"rate_of_return":0.0}
{"window":{"start":"2023-10-26T02:10:00.000Z","end":"2023-10-26T02:11:00.000Z"},"country":"United Kingdom","OPM":14,"total_sales_volume":746.4599946439266,"rate_of_return":0.14285714285714285}
{"window":{"start":"2023-10-27T00:40:00.000Z","end":"2023-10-27T00:41:00.000Z"},"country":"United Kingdom","OPM":7,"total_sales_volume":949.149994134903,"rate_of_return":0.0}
{"window":{"start":"2023-10-25T05:34:00.000Z","end":"2023-10-25T05:35:00.000Z"},"country":"Germany","OPM":1,"total_sales_volume":353.3800050020218,"rate_of_return":0.0}
{"window":{"start":"2023-10-23T18:49:00.000Z","end":"2023-10-23T18:50:00.000Z"},"country":"Switzerland","OPM":1,"total_sales_volume":2.4600000381469727,"rate_of_return":0.0}
{"window":{"start":"2023-10-26T15:25:00.000Z","end":"2023-10-26T15:26:00.000Z"},"country":"United Kingdom","OPM":6,"total_sales_volume":258.02999863028526,"rate_of_return":0.16666666666666666}
{"window":{"start":"2023-10-24T07:53:00.000Z","end":"2023-10-24T07:54:00.000Z"},"country":"United Kingdom","OPM":13,"total_sales_volume":405.1000039279461,"rate_of_return":0.0}
{"window":{"start":"2023-10-24T16:31:00.000Z","end":"2023-10-24T16:32:00.000Z"},"country":"United Kingdom","OPM":14,"total_sales_volume":711.6500035524368,"rate_of_return":0.0}
{"window":{"start":"2023-10-27T23:43:00.000Z","end":"2023-10-27T23:44:00.000Z"},"country":"United Kingdom","OPM":10,"total_sales_volume":403.5599962025881,"rate_of_return":0.0}
{"window":{"start":"2023-10-25T11:56:00.000Z","end":"2023-10-25T11:57:00.000Z"},"country":"Switzerland","OPM":1,"total_sales_volume":1.25,"rate_of_return":0.0}
{"window":{"start":"2023-10-26T07:42:00.000Z","end":"2023-10-26T07:43:00.000Z"},"country":"United Kingdom","OPM":14,"total_sales_volume":948.739996433258,"rate_of_return":0.07142857142857142}
{"window":{"start":"2023-10-27T01:02:00.000Z","end":"2023-10-27T01:03:00.000Z"},"country":"Germany","OPM":1,"total_sales_volume":2.5,"rate_of_return":0.0}
{"window":{"start":"2023-10-23T22:19:00.000Z","end":"2023-10-23T22:20:00.000Z"},"country":"EIRE","OPM":1,"total_sales_volume":8.300000190734863,"rate_of_return":0.0}
{"window":{"start":"2023-10-24T00:37:00.000Z","end":"2023-10-24T00:38:00.000Z"},"country":"Germany","OPM":1,"total_sales_volume":30.059998989105225,"rate_of_return":0.0}
{"window":{"start":"2023-10-24T04:26:00.000Z","end":"2023-10-24T04:27:00.000Z"},"country":"United Kingdom","OPM":15,"total_sales_volume":846.0899977684021,"rate_of_return":0.0}
{"window":{"start":"2023-10-27T13:53:00.000Z","end":"2023-10-27T13:54:00.000Z"},"country":"United Kingdom","OPM":10,"total_sales_volume":752.0099996030331,"rate_of_return":0.0}
{"window":{"start":"2023-10-24T11:21:00.000Z","end":"2023-10-24T11:22:00.000Z"},"country":"United Kingdom","OPM":9,"total_sales_volume":1428.3099992275238,"rate_of_return":0.1111111111111111}
{"window":{"start":"2023-10-23T13:19:00.000Z","end":"2023-10-23T13:20:00.000Z"},"country":"United Kingdom","OPM":14,"total_sales_volume":547.7800044417381,"rate_of_return":0.07142857142857142}
{"window":{"start":"2023-10-24T12:58:00.000Z","end":"2023-10-24T12:59:00.000Z"},"country":"United Kingdom","OPM":4,"total_sales_volume":352.13999953866005,"rate_of_return":0.0}
{"window":{"start":"2023-10-23T13:41:00.000Z","end":"2023-10-23T13:42:00.000Z"},"country":"United Kingdom","OPM":9,"total_sales_volume":377.10000145435333,"rate_of_return":0.1111111111111111}
{"window":{"start":"2023-10-25T11:19:00.000Z","end":"2023-10-25T11:20:00.000Z"},"country":"Channel Islands","OPM":1,"total_sales_volume":37.34999933838844,"rate_of_return":0.0}
{"window":{"start":"2023-10-23T23:06:00.000Z","end":"2023-10-23T23:07:00.000Z"},"country":"United Kingdom","OPM":9,"total_sales_volume":233.01999989151955,"rate_of_return":0.1111111111111111}
{"window":{"start":"2023-10-25T10:23:00.000Z","end":"2023-10-25T10:24:00.000Z"},"country":"United Kingdom","OPM":11,"total_sales_volume":435.6099981665611,"rate_of_return":0.0}
{"window":{"start":"2023-10-26T11:56:00.000Z","end":"2023-10-26T11:57:00.000Z"},"country":"United Kingdom","OPM":6,"total_sales_volume":363.3500015735626,"rate_of_return":0.0}
{"window":{"start":"2023-10-25T23:23:00.000Z","end":"2023-10-25T23:24:00.000Z"},"country":"United Kingdom","OPM":14,"total_sales_volume":609.060001552105,"rate_of_return":0.21428571428571427}
{"window":{"start":"2023-10-23T17:00:00.000Z","end":"2023-10-23T17:01:00.000Z"},"country":"France","OPM":1,"total_sales_volume":82.69999837875366,"rate_of_return":0.0}
{"window":{"start":"2023-10-27T02:10:00.000Z","end":"2023-10-27T02:11:00.000Z"},"country":"Germany","OPM":1,"total_sales_volume":11.030000269412994,"rate_of_return":0.0}
{"window":{"start":"2023-10-25T15:40:00.000Z","end":"2023-10-25T15:41:00.000Z"},"country":"EIRE","OPM":1,"total_sales_volume":2.8799999952316284,"rate_of_return":0.0}
{"window":{"start":"2023-10-24T21:40:00.000Z","end":"2023-10-24T21:41:00.000Z"},"country":"United Kingdom","OPM":9,"total_sales_volume":314.5300028324127,"rate_of_return":0.2222222222222222}
{"window":{"start":"2023-10-24T15:55:00.000Z","end":"2023-10-24T15:56:00.000Z"},"country":"United Kingdom","OPM":8,"total_sales_volume":556.179985076189,"rate_of_return":0.0}
