{"window":{"start":"2023-10-25T15:06:00.000Z","end":"2023-10-25T15:07:00.000Z"},"country":"France","OPM":1,"total_sales_volume":-8.849999904632568,"rate_of_return":1.0}
{"window":{"start":"2023-10-26T04:16:00.000Z","end":"2023-10-26T04:17:00.000Z"},"country":"United Kingdom","OPM":18,"total_sales_volume":1205.6199918091297,"rate_of_return":0.1111111111111111}
{"window":{"start":"2023-10-24T05:38:00.000Z","end":"2023-10-24T05:39:00.000Z"},"country":"Hong Kong","OPM":1,"total_sales_volume":20.829999685287476,"rate_of_return":0.0}
{"window":{"start":"2023-10-26T21:52:00.000Z","end":"2023-10-26T21:53:00.000Z"},"country":"Japan","OPM":1,"total_sales_volume":9.760000109672546,"rate_of_return":0.0}
{"window":{"start":"2023-10-23T18:55:00.000Z","end":"2023-10-23T18:56:00.000Z"},"country":"USA","OPM":1,"total_sales_volume":309.9200038909912,"rate_of_return":0.0}
{"window":{"start":"2023-10-24T23:54:00.000Z","end":"2023-10-24T23:55:00.000Z"},"country":"France","OPM":1,"total_sales_volume":71.50999918580055,"rate_of_return":0.0}
{"window":{"start":"2023-10-27T02:34:00.000Z","end":"2023-10-27T02:35:00.000Z"},"country":"United Kingdom","OPM":9,"total_sales_volume":-49.45000180602074,"rate_of_return":0.2222222222222222}
{"window":{"start":"2023-10-25T09:06:00.000Z","end":"2023-10-25T09:07:00.000Z"},"country":"United Kingdom","OPM":8,"total_sales_volume":392.9399945437908,"rate_of_return":0.125}
{"window":{"start":"2023-10-26T01:31:00.000Z","end":"2023-10-26T01:32:00.000Z"},"country":"United Kingdom","OPM":5,"total_sales_volume":112.91999995708466,"rate_of_return":0.0}
{"window":{"start":"2023-10-27T14:44:00.000Z","end":"2023-10-27T14:45:00.000Z"},"country":"United Kingdom","OPM":9,"total_sales_volume":1602.2999970912933,"rate_of_return":0.0}
{"window":{"start":"2023-10-27T15:43:00.000Z","end":"2023-10-27T15:44:00.000Z"},"country":"United Kingdom","OPM":10,"total_sales_volume":256.5100013911724,"rate_of_return":0.2}
{"window":{"start":"2023-10-24T05:04:00.000Z","end":"2023-10-24T05:05:00.000Z"},"country":"Sweden","OPM":1,"total_sales_volume":29.550000071525574,"rate_of_return":0.0}
{"window":{"start":"2023-10-27T07:35:00.000Z","end":"2023-10-27T07:36:00.000Z"},"country":"Germany","OPM":1,"total_sales_volume":223.63999792933464,"rate_of_return":0.0}
{"window":{"start":"2023-10-27T17:08:00.000Z","end":"2023-10-27T17:09:00.000Z"},"country":"United Kingdom","OPM":13,"total_sales_volume":347.8199983239174,"rate_of_return":0.0}
{"window":{"start":"2023-10-27T16:26:00.000Z","end":"2023-10-27T16:27:00.000Z"},"country":"EIRE","OPM":1,"total_sales_volume":13.260000228881836,"rate_of_return":0.0}
{"window":{"start":"2023-10-23T23:27:00.000Z","end":"2023-10-23T23:28:00.000Z"},"country":"Belgium","OPM":1,"total_sales_volume":11.789999961853027,"rate_of_return":0.0}
{"window":{"start":"2023-10-24T14:14:00.000Z","end":"2023-10-24T14:15:00.000Z"},"country":"United Kingdom","OPM":10,"total_sales_volume":436.2900043427944,"rate_of_return":0.0}
{"window":{"start":"2023-10-25T14:33:00.000Z","end":"2023-10-25T14:34:00.000Z"},"country":"EIRE","OPM":1,"total_sales_volume":73.09999990463257,"rate_of_return":0.0}
{"window":{"start":"2023-10-23T21:01:00.000Z","end":"2023-10-23T21:02:00.000Z"},"country":"Germany","OPM":1,"total_sales_volume":5.550000071525574,"rate_of_return":0.0}
{"window":{"start":"2023-10-27T12:20:00.000Z","end":"2023-10-27T12:21:00.000Z"},"country":"United Kingdom","OPM":8,"total_sales_volume":306.14999836683273,"rate_of_return":0.0}
{"window":{"start":"2023-10-26T20:20:00.000Z","end":"2023-10-26T20:21:00.000Z"},"country":"United Kingdom","OPM":7,"total_sales_volume":378.60999777913094,"rate_of_return":0.0}
{"window":{"start":"2023-10-27T22:22:00.000Z","end":"2023-10-27T22:23:00.000Z"},"country":"United Kingdom","OPM":2,"total_sales_volume":146.06999957561493,"rate_of_return":0.0}
{"window":{"start":"2023-10-27T05:24:00.000Z","end":"2023-10-27T05:25:00.000Z"},"country":"United Kingdom","OPM":10,"total_sales_volume":451.6199999451637,"rate_of_return":0.2}
{"window":{"start":"2023-10-25T04:39:00.000Z","end":"2023-10-25T04:40:00.000Z"},"country":"United Kingdom","OPM":12,"total_sales_volume":800.2300042510033,"rate_of_return":0.0}
{"window":{"start":"2023-10-23T22:56:00.000Z","end":"2023-10-23T22:57:00.000Z"},"country":"United Kingdom","OPM":6,"total_sales_volume":896.7799888551235,"rate_of_return":0.0}
{"window":{"start":"2023-10-25T05:20:00.000Z","end":"2023-10-25T05:21:00.000Z"},"country":"United Kingdom","OPM":5,"total_sales_volume":209.38000187277794,"rate_of_return":0.0}
{"window":{"start":"2023-10-25T10:30:00.000Z","end":"2023-10-25T10:31:00.000Z"},"country":"EIRE","OPM":1,"total_sales_volume":10.200000286102295,"rate_of_return":0.0}
{"window":{"start":"2023-10-24T10:01:00.000Z","end":"2023-10-24T10:02:00.000Z"},"country":"Germany","OPM":1,"total_sales_volume":513.9899998009205,"rate_of_return":0.0}
{"window":{"start":"2023-10-24T10:42:00.000Z","end":"2023-10-24T10:43:00.000Z"},"country":"United Kingdom","OPM":13,"total_sales_volume":1275.6100072264671,"rate_of_return":0.15384615384615385}
{"window":{"start":"2023-10-26T17:13:00.000Z","end":"2023-10-26T17:14:00.000Z"},"country":"United Kingdom","OPM":11,"total_sales_volume":1058.0000076591969,"rate_of_return":0.0}
{"window":{"start":"2023-10-23T14:36:00.000Z","end":"2023-10-23T14:37:00.000Z"},"country":"United Kingdom","OPM":9,"total_sales_volume":882.8399939537048,"rate_of_return":0.1111111111111111}
{"window":{"start":"2023-10-24T02:35:00.000Z","end":"2023-10-24T02:36:00.000Z"},"country":"United Kingdom","OPM":13,"total_sales_volume":1059.2299835383892,"rate_of_return":0.07692307692307693}
{"window":{"start":"2023-10-26T00:25:00.000Z","end":"2023-10-26T00:26:00.000Z"},"country":"United Kingdom","OPM":9,"total_sales_volume":455.82999689877033,"rate_of_return":0.0}
{"window":{"start":"2023-10-24T19:16:00.000Z","end":"2023-10-24T19:17:00.000Z"},"country":"United Kingdom","OPM":6,"total_sales_volume":320.38999620079994,"rate_of_return":0.0}
{"window":{"start":"2023-10-23T15:25:00.000Z","end":"2023-10-23T15:26:00.000Z"},"country":"Germany","OPM":1,"total_sales_volume":143.97999793291092,"rate_of_return":0.0}
{"window":{"start":"2023-10-25T01:19:00.000Z","end":"2023-10-25T01:20:00.000Z"},"country":"Switzerland","OPM":1,"total_sales_volume":62.68000102043152,"rate_of_return":0.0}
{"window":{"start":"2023-10-26T14:47:00.000Z","end":"2023-10-26T14:48:00.000Z"},"country":"United Kingdom","OPM":10,"total_sales_volume":724.6499837040901,"rate_of_return":0.0}
{"window":{"start":"2023-10-27T09:23:00.000Z","end":"2023-10-27T09:24:00.000Z"},"country":"Denmark","OPM":1,"total_sales_volume":35.15999975800514,"rate_of_return":0.0}
{"window":{"start":"2023-10-25T00:08:00.000Z","end":"2023-10-25T00:09:00.000Z"},"country":"United Kingdom","OPM":15,"total_sales_volume":699.2299967706203,"rate_of_return":0.06666666666666667}
{"window":{"start":"2023-10-28T00:09:00.000Z","end":"2023-10-28T00:10:00.000Z"},"country":"France","OPM":1,"total_sales_volume":66.84999942779541,"rate_of_return":0.0}
{"window":{"start":"2023-10-26T12:16:00.000Z","end":"2023-10-26T12:17:00.000Z"},"country":"United Kingdom","OPM":6,"total_sales_volume":347.1700024306774,"rate_of_return":0.16666666666666666}
{"window":{"start":"2023-10-24T03:29:00.000Z","end":"2023-10-24T03:30:00.000Z"},"country":"United Kingdom","OPM":11,"total_sales_volume":620.669991850853,"rate_of_return":0.18181818181818182}
{"window":{"start":"2023-10-25T09:16:00.000Z","end":"2023-10-25T09:17:00.000Z"},"country":"United Kingdom","OPM":11,"total_sales_volume":712.7599939405918,"rate_of_return":0.0}
{"window":{"start":"2023-10-27T04:38:00.000Z","end":"2023-10-27T04:39:00.000Z"},"country":"Germany","OPM":1,"total_sales_volume":27.779999256134033,"rate_of_return":0.0}
{"window":{"start":"2023-10-25T05:42:00.000Z","end":"2023-10-25T05:43:00.000Z"},"country":"United Kingdom","OPM":6,"total_sales_volume":358.1999945342541,"rate_of_return":0.0}
{"window":{"start":"2023-10-25T10:56:00.000Z","end":"2023-10-25T10:57:00.000Z"},"country":"France","OPM":2,"total_sales_volume":66.99999916553497,"rate_of_return":0.0}
{"window":{"start":"2023-10-26T17:29:00.000Z","end":"2023-10-26T17:30:00.000Z"},"country":"United Kingdom","OPM":12,"total_sales_volume":194.8100006878376,"rate_of_return":0.25}
{"window":{"start":"2023-10-27T12:53:00.000Z","end":"2023-10-27T12:54:00.000Z"},"country":"France","OPM":1,"total_sales_volume":77.57999914884567,"rate_of_return":0.0}
{"window":{"start":"2023-10-25T03:44:00.000Z","end":"2023-10-25T03:45:00.000Z"},"country":"United Kingdom","OPM":9,"total_sales_volume":398.53999760746956,"rate_of_return":0.1111111111111111}
{"window":{"start":"2023-10-26T06:54:00.000Z","end":"2023-10-26T06:55:00.000Z"},"country":"Netherlands","OPM":1,"total_sales_volume":33.0,"rate_of_return":0.0}
{"window":{"start":"2023-10-23T20:39:00.000Z","end":"2023-10-23T20:40:00.000Z"},"country":"United Kingdom","OPM":13,"total_sales_volume":550.7399946451187,"rate_of_return":0.0}
{"window":{"start":"2023-10-25T21:27:00.000Z","end":"2023-10-25T21:28:00.000Z"},"country":"United Kingdom","OPM":8,"total_sales_volume":161.63000124692917,"rate_of_return":0.25}
{"window":{"start":"2023-10-24T15:42:00.000Z","end":"2023-10-24T15:43:00.000Z"},"country":"Singapore","OPM":1,"total_sales_volume":62.62999951839447,"rate_of_return":0.0}
{"window":{"start":"2023-10-25T14:16:00.000Z","end":"2023-10-25T14:17:00.000Z"},"country":"France","OPM":1,"total_sales_volume":21.34999990463257,"rate_of_return":0.0}
{"window":{"start":"2023-10-23T18:47:00.000Z","end":"2023-10-23T18:48:00.000Z"},"country":"United Kingdom","OPM":8,"total_sales_volume":1143.2999943196774,"rate_of_return":0.125}
{"window":{"start":"2023-10-26T03:02:00.000Z","end":"2023-10-26T03:03:00.000Z"},"country":"United Kingdom","OPM":9,"total_sales_volume":495.37000465393066,"rate_of_return":0.0}
