{"window":{"start":"2023-10-24T18:39:00.000Z","end":"2023-10-24T18:40:00.000Z"},"country":"United Kingdom","OPM":12,"total_sales_volume":318.1300041079521,"rate_of_return":0.08333333333333333}
{"window":{"start":"2023-10-26T08:50:00.000Z","end":"2023-10-26T08:51:00.000Z"},"country":"United Kingdom","OPM":14,"total_sales_volume":569.2199974656105,"rate_of_return":0.14285714285714285}
{"window":{"start":"2023-10-23T18:45:00.000Z","end":"2023-10-23T18:46:00.000Z"},"country":"United Kingdom","OPM":7,"total_sales_volume":427.9999991953373,"rate_of_return":0.0}
{"window":{"start":"2023-10-24T21:32:00.000Z","end":"2023-10-24T21:33:00.000Z"},"country":"United Kingdom","OPM":12,"total_sales_volume":173.73999992012978,"rate_of_return":0.08333333333333333}
{"window":{"start":"2023-10-27T21:27:00.000Z","end":"2023-10-27T21:28:00.000Z"},"country":"United Kingdom","OPM":10,"total_sales_volume":577.0499882698059,"rate_of_return":0.0}
{"window":{"start":"2023-10-26T14:19:00.000Z","end":"2023-10-26T14:20:00.000Z"},"country":"United Kingdom","OPM":10,"total_sales_volume":420.4299973845482,"rate_of_return":0.0}
{"window":{"start":"2023-10-24T10:07:00.000Z","end":"2023-10-24T10:08:00.000Z"},"country":"Spain","OPM":1,"total_sales_volume":45.299999713897705,"rate_of_return":0.0}
{"window":{"start":"2023-10-25T14:13:00.000Z","end":"2023-10-25T14:14:00.000Z"},"country":"Iceland","OPM":1,"total_sales_volume":57.149999141693115,"rate_of_return":0.0}
{"window":{"start":"2023-10-25T05:17:00.000Z","end":"2023-10-25T05:18:00.000Z"},"country":"United Kingdom","OPM":11,"total_sales_volume":484.1800020933151,"rate_of_return":0.0}
{"window":{"start":"2023-10-23T18:03:00.000Z","end":"2023-10-23T18:04:00.000Z"},"country":"United Kingdom","OPM":6,"total_sales_volume":308.27999740839005,"rate_of_return":0.0}
{"window":{"start":"2023-10-25T06:57:00.000Z","end":"2023-10-25T06:58:00.000Z"},"country":"Channel Islands","OPM":1,"total_sales_volume":17.959999710321426,"rate_of_return":0.0}
{"window":{"start":"2023-10-28T02:48:00.000Z","end":"2023-10-28T02:49:00.000Z"},"country":"United Kingdom","OPM":9,"total_sales_volume":459.7999954819679,"rate_of_return":0.1111111111111111}
{"window":{"start":"2023-10-24T15:03:00.000Z","end":"2023-10-24T15:04:00.000Z"},"country":"Netherlands","OPM":1,"total_sales_volume":-43.26999855041504,"rate_of_return":1.0}
{"window":{"start":"2023-10-26T15:04:00.000Z","end":"2023-10-26T15:05:00.000Z"},"country":"France","OPM":1,"total_sales_volume":32.44999986886978,"rate_of_return":0.0}
{"window":{"start":"2023-10-26T07:08:00.000Z","end":"2023-10-26T07:09:00.000Z"},"country":"Netherlands","OPM":1,"total_sales_volume":31.34999942779541,"rate_of_return":0.0}
{"window":{"start":"2023-10-25T12:42:00.000Z","end":"2023-10-25T12:43:00.000Z"},"country":"United Kingdom","OPM":10,"total_sales_volume":995.8300139904022,"rate_of_return":0.2}
{"window":{"start":"2023-10-27T11:44:00.000Z","end":"2023-10-27T11:45:00.000Z"},"country":"EIRE","OPM":1,"total_sales_volume":41.06999999284744,"rate_of_return":0.0}
{"window":{"start":"2023-10-24T00:52:00.000Z","end":"2023-10-24T00:53:00.000Z"},"country":"United Kingdom","OPM":9,"total_sales_volume":569.5899993181229,"rate_of_return":0.1111111111111111}
{"window":{"start":"2023-10-25T03:12:00.000Z","end":"2023-10-25T03:13:00.000Z"},"country":"EIRE","OPM":1,"total_sales_volume":-189.77999863028526,"rate_of_return":1.0}
{"window":{"start":"2023-10-24T14:19:00.000Z","end":"2023-10-24T14:20:00.000Z"},"country":"United Kingdom","OPM":11,"total_sales_volume":57.869989812374115,"rate_of_return":0.18181818181818182}
{"window":{"start":"2023-10-26T04:46:00.000Z","end":"2023-10-26T04:47:00.000Z"},"country":"Germany","OPM":1,"total_sales_volume":60.0,"rate_of_return":0.0}
{"window":{"start":"2023-10-24T10:26:00.000Z","end":"2023-10-24T10:27:00.000Z"},"country":"United Kingdom","OPM":8,"total_sales_volume":790.9999956190586,"rate_of_return":0.0}
{"window":{"start":"2023-10-27T10:17:00.000Z","end":"2023-10-27T10:18:00.000Z"},"country":"United Kingdom","OPM":10,"total_sales_volume":518.7099997699261,"rate_of_return":0.0}
{"window":{"start":"2023-10-23T20:20:00.000Z","end":"2023-10-23T20:21:00.000Z"},"country":"United Kingdom","OPM":9,"total_sales_volume":415.1999976038933,"rate_of_return":0.2222222222222222}
{"window":{"start":"2023-10-27T19:42:00.000Z","end":"2023-10-27T19:43:00.000Z"},"country":"France","OPM":1,"total_sales_volume":43.040000915527344,"rate_of_return":0.0}
{"window":{"start":"2023-10-24T17:43:00.000Z","end":"2023-10-24T17:44:00.000Z"},"country":"United Kingdom","OPM":4,"total_sales_volume":18.44000017642975,"rate_of_return":0.25}
{"window":{"start":"2023-10-24T19:28:00.000Z","end":"2023-10-24T19:29:00.000Z"},"country":"United Kingdom","OPM":9,"total_sales_volume":591.6599929630756,"rate_of_return":0.0}
{"window":{"start":"2023-10-25T14:56:00.000Z","end":"2023-10-25T14:57:00.000Z"},"country":"Unspecified","OPM":1,"total_sales_volume":153.91000068187714,"rate_of_return":0.0}
{"window":{"start":"2023-10-25T02:38:00.000Z","end":"2023-10-25T02:39:00.000Z"},"country":"United Kingdom","OPM":6,"total_sales_volume":376.50000059604645,"rate_of_return":0.0}
{"window":{"start":"2023-10-24T06:45:00.000Z","end":"2023-10-24T06:46:00.000Z"},"country":"France","OPM":1,"total_sales_volume":18.09999942779541,"rate_of_return":0.0}
{"window":{"start":"2023-10-24T09:46:00.000Z","end":"2023-10-24T09:47:00.000Z"},"country":"Spain","OPM":1,"total_sales_volume":69.11999893188477,"rate_of_return":0.0}
{"window":{"start":"2023-10-23T21:38:00.000Z","end":"2023-10-23T21:39:00.000Z"},"country":"Japan","OPM":1,"total_sales_volume":398.260009765625,"rate_of_return":0.0}
{"window":{"start":"2023-10-26T08:42:00.000Z","end":"2023-10-26T08:43:00.000Z"},"country":"United Kingdom","OPM":10,"total_sales_volume":483.8799981176853,"rate_of_return":0.0}
{"window":{"start":"2023-10-24T02:39:00.000Z","end":"2023-10-24T02:40:00.000Z"},"country":"Germany","OPM":1,"total_sales_volume":21.59999990463257,"rate_of_return":0.0}
{"window":{"start":"2023-10-26T19:55:00.000Z","end":"2023-10-26T19:56:00.000Z"},"country":"EIRE","OPM":1,"total_sales_volume":16.499999523162842,"rate_of_return":0.0}
{"window":{"start":"2023-10-26T20:01:00.000Z","end":"2023-10-26T20:02:00.000Z"},"country":"United Kingdom","OPM":5,"total_sales_volume":113.18000012636185,"rate_of_return":0.2}
{"window":{"start":"2023-10-23T22:06:00.000Z","end":"2023-10-23T22:07:00.000Z"},"country":"United Kingdom","OPM":13,"total_sales_volume":604.179994136095,"rate_of_return":0.15384615384615385}
{"window":{"start":"2023-10-23T14:38:00.000Z","end":"2023-10-23T14:39:00.000Z"},"country":"United Kingdom","OPM":16,"total_sales_volume":1020.7200126051903,"rate_of_return":0.0625}
{"window":{"start":"2023-10-27T07:56:00.000Z","end":"2023-10-27T07:57:00.000Z"},"country":"Cyprus","OPM":1,"total_sales_volume":1.6500000357627869,"rate_of_return":0.0}
{"window":{"start":"2023-10-26T10:30:00.000Z","end":"2023-10-26T10:31:00.000Z"},"country":"United Kingdom","OPM":8,"total_sales_volume":1494.7300082743168,"rate_of_return":0.25}
{"window":{"start":"2023-10-23T14:52:00.000Z","end":"2023-10-23T14:53:00.000Z"},"country":"Germany","OPM":1,"total_sales_volume":34.5099995136261,"rate_of_return":0.0}
{"window":{"start":"2023-10-26T11:28:00.000Z","end":"2023-10-26T11:29:00.000Z"},"country":"Norway","OPM":1,"total_sales_volume":50.0299996137619,"rate_of_return":0.0}
{"window":{"start":"2023-10-24T13:40:00.000Z","end":"2023-10-24T13:41:00.000Z"},"country":"Netherlands","OPM":1,"total_sales_volume":54.77999925613403,"rate_of_return":0.0}
{"window":{"start":"2023-10-25T10:03:00.000Z","end":"2023-10-25T10:04:00.000Z"},"country":"United Kingdom","OPM":6,"total_sales_volume":803.5299939513206,"rate_of_return":0.0}
{"window":{"start":"2023-10-25T15:15:00.000Z","end":"2023-10-25T15:16:00.000Z"},"country":"United Kingdom","OPM":5,"total_sales_volume":81.58999955654144,"rate_of_return":0.0}
{"window":{"start":"2023-10-24T20:43:00.000Z","end":"2023-10-24T20:44:00.000Z"},"country":"Germany","OPM":1,"total_sales_volume":1.649999976158142,"rate_of_return":0.0}
{"window":{"start":"2023-10-27T06:35:00.000Z","end":"2023-10-27T06:36:00.000Z"},"country":"France","OPM":1,"total_sales_volume":32.09999990463257,"rate_of_return":0.0}
{"window":{"start":"2023-10-26T10:16:00.000Z","end":"2023-10-26T10:17:00.000Z"},"country":"United Kingdom","OPM":10,"total_sales_volume":493.95999044179916,"rate_of_return":0.0}
{"window":{"start":"2023-10-27T08:24:00.000Z","end":"2023-10-27T08:25:00.000Z"},"country":"United Kingdom","OPM":12,"total_sales_volume":431.2599972486496,"rate_of_return":0.0}
{"window":{"start":"2023-10-26T14:18:00.000Z","end":"2023-10-26T14:19:00.000Z"},"country":"United Kingdom","OPM":6,"total_sales_volume":182.82000076025724,"rate_of_return":0.16666666666666666}
{"window":{"start":"2023-10-25T23:14:00.000Z","end":"2023-10-25T23:15:00.000Z"},"country":"United Kingdom","OPM":5,"total_sales_volume":232.26999521255493,"rate_of_return":0.0}
