{"window":{"start":"2023-10-27T08:08:00.000Z","end":"2023-10-27T08:09:00.000Z"},"country":"Italy","OPM":1,"total_sales_volume":22.009999990463257,"rate_of_return":0.0}
{"window":{"start":"2023-10-26T04:47:00.000Z","end":"2023-10-26T04:48:00.000Z"},"country":"France","OPM":1,"total_sales_volume":265.8299996852875,"rate_of_return":0.0}
{"window":{"start":"2023-10-27T11:32:00.000Z","end":"2023-10-27T11:33:00.000Z"},"country":"United Kingdom","OPM":9,"total_sales_volume":511.40999948978424,"rate_of_return":0.0}
{"window":{"start":"2023-10-24T12:58:00.000Z","end":"2023-10-24T12:59:00.000Z"},"country":"Germany","OPM":1,"total_sales_volume":53.200000524520874,"rate_of_return":0.0}
{"window":{"start":"2023-10-27T17:39:00.000Z","end":"2023-10-27T17:40:00.000Z"},"country":"United Kingdom","OPM":11,"total_sales_volume":388.3699940741062,"rate_of_return":0.09090909090909091}
{"window":{"start":"2023-10-27T08:18:00.000Z","end":"2023-10-27T08:19:00.000Z"},"country":"United Kingdom","OPM":11,"total_sales_volume":349.289999961853,"rate_of_return":0.09090909090909091}
{"window":{"start":"2023-10-27T10:48:00.000Z","end":"2023-10-27T10:49:00.000Z"},"country":"United Kingdom","OPM":8,"total_sales_volume":214.1899996995926,"rate_of_return":0.125}
{"window":{"start":"2023-10-25T16:31:00.000Z","end":"2023-10-25T16:32:00.000Z"},"country":"EIRE","OPM":1,"total_sales_volume":-961.2799785137177,"rate_of_return":1.0}
{"window":{"start":"2023-10-26T21:35:00.000Z","end":"2023-10-26T21:36:00.000Z"},"country":"United Kingdom","OPM":15,"total_sales_volume":934.6799968183041,"rate_of_return":0.06666666666666667}
{"window":{"start":"2023-10-24T18:34:00.000Z","end":"2023-10-24T18:35:00.000Z"},"country":"EIRE","OPM":1,"total_sales_volume":101.75000238418579,"rate_of_return":0.0}
{"window":{"start":"2023-10-26T09:03:00.000Z","end":"2023-10-26T09:04:00.000Z"},"country":"United Kingdom","OPM":11,"total_sales_volume":515.5600041151047,"rate_of_return":0.0}
{"window":{"start":"2023-10-27T01:15:00.000Z","end":"2023-10-27T01:16:00.000Z"},"country":"Netherlands","OPM":1,"total_sales_volume":17.0,"rate_of_return":0.0}
{"window":{"start":"2023-10-25T14:57:00.000Z","end":"2023-10-25T14:58:00.000Z"},"country":"France","OPM":1,"total_sales_volume":83.26000022888184,"rate_of_return":0.0}
{"window":{"start":"2023-10-25T21:48:00.000Z","end":"2023-10-25T21:49:00.000Z"},"country":"United Kingdom","OPM":9,"total_sales_volume":378.6699938625097,"rate_of_return":0.0}
{"window":{"start":"2023-10-23T13:17:00.000Z","end":"2023-10-23T13:18:00.000Z"},"country":"United Kingdom","OPM":12,"total_sales_volume":3613.3700037896633,"rate_of_return":0.08333333333333333}
{"window":{"start":"2023-10-25T00:26:00.000Z","end":"2023-10-25T00:27:00.000Z"},"country":"United Kingdom","OPM":6,"total_sales_volume":477.98999309539795,"rate_of_return":0.16666666666666666}
{"window":{"start":"2023-10-26T23:37:00.000Z","end":"2023-10-26T23:38:00.000Z"},"country":"United Kingdom","OPM":5,"total_sales_volume":176.73999789357185,"rate_of_return":0.0}
{"window":{"start":"2023-10-24T22:49:00.000Z","end":"2023-10-24T22:50:00.000Z"},"country":"United Kingdom","OPM":6,"total_sales_volume":258.33999839425087,"rate_of_return":0.0}
{"window":{"start":"2023-10-26T16:38:00.000Z","end":"2023-10-26T16:39:00.000Z"},"country":"United Kingdom","OPM":6,"total_sales_volume":668.1700019836426,"rate_of_return":0.0}
{"window":{"start":"2023-10-27T03:48:00.000Z","end":"2023-10-27T03:49:00.000Z"},"country":"United Kingdom","OPM":13,"total_sales_volume":176.0899948477745,"rate_of_return":0.15384615384615385}
{"window":{"start":"2023-10-26T18:28:00.000Z","end":"2023-10-26T18:29:00.000Z"},"country":"France","OPM":1,"total_sales_volume":106.10999989509583,"rate_of_return":0.0}
{"window":{"start":"2023-10-25T23:54:00.000Z","end":"2023-10-25T23:55:00.000Z"},"country":"United Kingdom","OPM":11,"total_sales_volume":129.3399999141693,"rate_of_return":0.2727272727272727}
{"window":{"start":"2023-10-26T16:35:00.000Z","end":"2023-10-26T16:36:00.000Z"},"country":"EIRE","OPM":1,"total_sales_volume":73.60000038146973,"rate_of_return":0.0}
{"window":{"start":"2023-10-25T14:11:00.000Z","end":"2023-10-25T14:12:00.000Z"},"country":"Germany","OPM":1,"total_sales_volume":26.25000035762787,"rate_of_return":0.0}
{"window":{"start":"2023-10-27T03:49:00.000Z","end":"2023-10-27T03:50:00.000Z"},"country":"United Kingdom","OPM":12,"total_sales_volume":971.93998965621,"rate_of_return":0.08333333333333333}
{"window":{"start":"2023-10-24T04:45:00.000Z","end":"2023-10-24T04:46:00.000Z"},"country":"United Kingdom","OPM":10,"total_sales_volume":551.3299959897995,"rate_of_return":0.1}
{"window":{"start":"2023-10-23T13:36:00.000Z","end":"2023-10-23T13:37:00.000Z"},"country":"United Kingdom","OPM":8,"total_sales_volume":122.76999452710152,"rate_of_return":0.125}
{"window":{"start":"2023-10-24T11:53:00.000Z","end":"2023-10-24T11:54:00.000Z"},"country":"United Kingdom","OPM":10,"total_sales_volume":1450.7399787902832,"rate_of_return":0.0}
{"window":{"start":"2023-10-24T04:38:00.000Z","end":"2023-10-24T04:39:00.000Z"},"country":"United Kingdom","OPM":6,"total_sales_volume":340.87000173330307,"rate_of_return":0.0}
{"window":{"start":"2023-10-25T18:12:00.000Z","end":"2023-10-25T18:13:00.000Z"},"country":"United Kingdom","OPM":8,"total_sales_volume":93.7099986076355,"rate_of_return":0.125}
{"window":{"start":"2023-10-27T16:46:00.000Z","end":"2023-10-27T16:47:00.000Z"},"country":"Switzerland","OPM":1,"total_sales_volume":33.13000011444092,"rate_of_return":0.0}
{"window":{"start":"2023-10-26T03:13:00.000Z","end":"2023-10-26T03:14:00.000Z"},"country":"Germany","OPM":1,"total_sales_volume":48.750001192092896,"rate_of_return":0.0}
{"window":{"start":"2023-10-27T17:29:00.000Z","end":"2023-10-27T17:30:00.000Z"},"country":"United Kingdom","OPM":5,"total_sales_volume":179.02999901771545,"rate_of_return":0.0}
{"window":{"start":"2023-10-27T22:47:00.000Z","end":"2023-10-27T22:48:00.000Z"},"country":"Switzerland","OPM":1,"total_sales_volume":23.40000057220459,"rate_of_return":0.0}
{"window":{"start":"2023-10-27T16:15:00.000Z","end":"2023-10-27T16:16:00.000Z"},"country":"United Kingdom","OPM":12,"total_sales_volume":706.7899923026562,"rate_of_return":0.0}
{"window":{"start":"2023-10-28T05:33:00.000Z","end":"2023-10-28T05:34:00.000Z"},"country":"United Kingdom","OPM":9,"total_sales_volume":428.4099971354008,"rate_of_return":0.0}
{"window":{"start":"2023-10-27T03:01:00.000Z","end":"2023-10-27T03:02:00.000Z"},"country":"EIRE","OPM":1,"total_sales_volume":275.23999977111816,"rate_of_return":0.0}
{"window":{"start":"2023-10-26T02:08:00.000Z","end":"2023-10-26T02:09:00.000Z"},"country":"EIRE","OPM":1,"total_sales_volume":19.200000047683716,"rate_of_return":0.0}
{"window":{"start":"2023-10-27T15:00:00.000Z","end":"2023-10-27T15:01:00.000Z"},"country":"United Kingdom","OPM":10,"total_sales_volume":1118.1199839115143,"rate_of_return":0.0}
{"window":{"start":"2023-10-24T04:04:00.000Z","end":"2023-10-24T04:05:00.000Z"},"country":"France","OPM":1,"total_sales_volume":21.23999983072281,"rate_of_return":0.0}
{"window":{"start":"2023-10-27T05:04:00.000Z","end":"2023-10-27T05:05:00.000Z"},"country":"United Kingdom","OPM":9,"total_sales_volume":1512.140015989542,"rate_of_return":0.0}
{"window":{"start":"2023-10-27T15:24:00.000Z","end":"2023-10-27T15:25:00.000Z"},"country":"United Kingdom","OPM":15,"total_sales_volume":946.3200007379055,"rate_of_return":0.06666666666666667}
{"window":{"start":"2023-10-26T07:45:00.000Z","end":"2023-10-26T07:46:00.000Z"},"country":"Belgium","OPM":1,"total_sales_volume":11.700000286102295,"rate_of_return":0.0}
{"window":{"start":"2023-10-25T04:10:00.000Z","end":"2023-10-25T04:11:00.000Z"},"country":"France","OPM":1,"total_sales_volume":34.98000031709671,"rate_of_return":0.0}
{"window":{"start":"2023-10-27T15:58:00.000Z","end":"2023-10-27T15:59:00.000Z"},"country":"United Kingdom","OPM":11,"total_sales_volume":939.1699955761433,"rate_of_return":0.0}
{"window":{"start":"2023-10-25T01:41:00.000Z","end":"2023-10-25T01:42:00.000Z"},"country":"United Kingdom","OPM":3,"total_sales_volume":194.57999920845032,"rate_of_return":0.0}
{"window":{"start":"2023-10-25T22:41:00.000Z","end":"2023-10-25T22:42:00.000Z"},"country":"United Kingdom","OPM":4,"total_sales_volume":54.4799998998642,"rate_of_return":0.0}
{"window":{"start":"2023-10-25T20:16:00.000Z","end":"2023-10-25T20:17:00.000Z"},"country":"United Kingdom","OPM":9,"total_sales_volume":472.20999667048454,"rate_of_return":0.1111111111111111}
{"window":{"start":"2023-10-27T17:57:00.000Z","end":"2023-10-27T17:58:00.000Z"},"country":"United Kingdom","OPM":12,"total_sales_volume":1011.3199963718653,"rate_of_return":0.08333333333333333}
{"window":{"start":"2023-10-27T10:39:00.000Z","end":"2023-10-27T10:40:00.000Z"},"country":"United Kingdom","OPM":5,"total_sales_volume":287.37999564409256,"rate_of_return":0.0}
{"window":{"start":"2023-10-27T02:27:00.000Z","end":"2023-10-27T02:28:00.000Z"},"country":"United Kingdom","OPM":8,"total_sales_volume":1020.8499975204468,"rate_of_return":0.0}
{"window":{"start":"2023-10-25T01:19:00.000Z","end":"2023-10-25T01:20:00.000Z"},"country":"France","OPM":2,"total_sales_volume":704.9499979019165,"rate_of_return":0.0}
{"window":{"start":"2023-10-23T17:56:00.000Z","end":"2023-10-23T17:57:00.000Z"},"country":"United Kingdom","OPM":7,"total_sales_volume":262.2299984097481,"rate_of_return":0.14285714285714285}
{"window":{"start":"2023-10-25T13:43:00.000Z","end":"2023-10-25T13:44:00.000Z"},"country":"United Kingdom","OPM":16,"total_sales_volume":1318.4700067937374,"rate_of_return":0.0625}
{"window":{"start":"2023-10-26T20:55:00.000Z","end":"2023-10-26T20:56:00.000Z"},"country":"United Kingdom","OPM":11,"total_sales_volume":950.9599910974503,"rate_of_return":0.0}
{"window":{"start":"2023-10-24T19:48:00.000Z","end":"2023-10-24T19:49:00.000Z"},"country":"Austria","OPM":1,"total_sales_volume":10.499999672174454,"rate_of_return":0.0}
{"window":{"start":"2023-10-27T02:28:00.000Z","end":"2023-10-27T02:29:00.000Z"},"country":"United Kingdom","OPM":11,"total_sales_volume":234.27999633550644,"rate_of_return":0.09090909090909091}
{"window":{"start":"2023-10-24T05:25:00.000Z","end":"2023-10-24T05:26:00.000Z"},"country":"Germany","OPM":3,"total_sales_volume":122.41000008583069,"rate_of_return":0.0}
{"window":{"start":"2023-10-23T12:38:00.000Z","end":"2023-10-23T12:39:00.000Z"},"country":"EIRE","OPM":1,"total_sales_volume":3.299999952316284,"rate_of_return":0.0}
{"window":{"start":"2023-10-27T08:04:00.000Z","end":"2023-10-27T08:05:00.000Z"},"country":"United Kingdom","OPM":11,"total_sales_volume":1187.2500133812428,"rate_of_return":0.09090909090909091}
{"window":{"start":"2023-10-27T00:21:00.000Z","end":"2023-10-27T00:22:00.000Z"},"country":"France","OPM":1,"total_sales_volume":45.05000102519989,"rate_of_return":0.0}
{"window":{"start":"2023-10-26T02:47:00.000Z","end":"2023-10-26T02:48:00.000Z"},"country":"United Kingdom","OPM":4,"total_sales_volume":111.60000079870224,"rate_of_return":0.0}
{"window":{"start":"2023-10-25T12:22:00.000Z","end":"2023-10-25T12:23:00.000Z"},"country":"United Kingdom","OPM":6,"total_sales_volume":313.87998977303505,"rate_of_return":0.16666666666666666}
{"window":{"start":"2023-10-25T08:26:00.000Z","end":"2023-10-25T08:27:00.000Z"},"country":"United Kingdom","OPM":16,"total_sales_volume":335.19000086188316,"rate_of_return":0.0625}
{"window":{"start":"2023-10-23T23:25:00.000Z","end":"2023-10-23T23:26:00.000Z"},"country":"EIRE","OPM":1,"total_sales_volume":37.05000078678131,"rate_of_return":0.0}
{"window":{"start":"2023-10-25T09:05:00.000Z","end":"2023-10-25T09:06:00.000Z"},"country":"Italy","OPM":1,"total_sales_volume":5.069999933242798,"rate_of_return":0.0}
