{"window":{"start":"2023-10-24T20:08:00.000Z","end":"2023-10-24T20:09:00.000Z"},"country":"Cyprus","OPM":1,"total_sales_volume":47.299999356269836,"rate_of_return":0.0}
{"window":{"start":"2023-10-26T02:33:00.000Z","end":"2023-10-26T02:34:00.000Z"},"country":"United Kingdom","OPM":8,"total_sales_volume":387.3499912917614,"rate_of_return":0.25}
{"window":{"start":"2023-10-25T06:18:00.000Z","end":"2023-10-25T06:19:00.000Z"},"country":"France","OPM":1,"total_sales_volume":20.15999937057495,"rate_of_return":0.0}
{"window":{"start":"2023-10-24T12:55:00.000Z","end":"2023-10-24T12:56:00.000Z"},"country":"Japan","OPM":1,"total_sales_volume":0.8500000238418579,"rate_of_return":0.0}
{"window":{"start":"2023-10-26T05:18:00.000Z","end":"2023-10-26T05:19:00.000Z"},"country":"United Kingdom","OPM":9,"total_sales_volume":383.4600032567978,"rate_of_return":0.1111111111111111}
{"window":{"start":"2023-10-27T07:06:00.000Z","end":"2023-10-27T07:07:00.000Z"},"country":"United Kingdom","OPM":9,"total_sales_volume":440.3499990105629,"rate_of_return":0.0}
{"window":{"start":"2023-10-27T08:21:00.000Z","end":"2023-10-27T08:22:00.000Z"},"country":"United Kingdom","OPM":8,"total_sales_volume":521.3499980568886,"rate_of_return":0.0}
{"window":{"start":"2023-10-25T06:24:00.000Z","end":"2023-10-25T06:25:00.000Z"},"country":"Netherlands","OPM":1,"total_sales_volume":4.949999809265137,"rate_of_return":0.0}
{"window":{"start":"2023-10-24T20:41:00.000Z","end":"2023-10-24T20:42:00.000Z"},"country":"Portugal","OPM":1,"total_sales_volume":91.4700003862381,"rate_of_return":0.0}
{"window":{"start":"2023-10-25T05:28:00.000Z","end":"2023-10-25T05:29:00.000Z"},"country":"Hong Kong","OPM":1,"total_sales_volume":20.820000559091568,"rate_of_return":0.0}
{"window":{"start":"2023-10-26T03:21:00.000Z","end":"2023-10-26T03:22:00.000Z"},"country":"United Kingdom","OPM":7,"total_sales_volume":475.41999796032906,"rate_of_return":0.0}
{"window":{"start":"2023-10-25T15:32:00.000Z","end":"2023-10-25T15:33:00.000Z"},"country":"United Kingdom","OPM":13,"total_sales_volume":661.1999899446964,"rate_of_return":0.07692307692307693}
{"window":{"start":"2023-10-25T10:54:00.000Z","end":"2023-10-25T10:55:00.000Z"},"country":"Spain","OPM":1,"total_sales_volume":1.7000000476837158,"rate_of_return":0.0}
{"window":{"start":"2023-10-24T22:34:00.000Z","end":"2023-10-24T22:35:00.000Z"},"country":"United Kingdom","OPM":11,"total_sales_volume":944.289996355772,"rate_of_return":0.0}
{"window":{"start":"2023-10-28T05:24:00.000Z","end":"2023-10-28T05:25:00.000Z"},"country":"United Kingdom","OPM":13,"total_sales_volume":686.4600061774254,"rate_of_return":0.07692307692307693}
{"window":{"start":"2023-10-24T18:46:00.000Z","end":"2023-10-24T18:47:00.000Z"},"country":"Spain","OPM":1,"total_sales_volume":65.98999977111816,"rate_of_return":0.0}
{"window":{"start":"2023-10-24T00:02:00.000Z","end":"2023-10-24T00:03:00.000Z"},"country":"Germany","OPM":1,"total_sales_volume":13.399999618530273,"rate_of_return":0.0}
{"window":{"start":"2023-10-27T18:29:00.000Z","end":"2023-10-27T18:30:00.000Z"},"country":"Portugal","OPM":1,"total_sales_volume":29.69999885559082,"rate_of_return":0.0}
{"window":{"start":"2023-10-25T11:49:00.000Z","end":"2023-10-25T11:50:00.000Z"},"country":"EIRE","OPM":1,"total_sales_volume":15.930000305175781,"rate_of_return":0.0}
{"window":{"start":"2023-10-25T17:55:00.000Z","end":"2023-10-25T17:56:00.000Z"},"country":"Hong Kong","OPM":2,"total_sales_volume":1403.6099996566772,"rate_of_return":0.0}
{"window":{"start":"2023-10-27T12:35:00.000Z","end":"2023-10-27T12:36:00.000Z"},"country":"France","OPM":1,"total_sales_volume":10.079999685287476,"rate_of_return":0.0}
{"window":{"start":"2023-10-24T05:01:00.000Z","end":"2023-10-24T05:02:00.000Z"},"country":"United Kingdom","OPM":6,"total_sales_volume":1114.7699689269066,"rate_of_return":0.16666666666666666}
{"window":{"start":"2023-10-28T01:27:00.000Z","end":"2023-10-28T01:28:00.000Z"},"country":"France","OPM":1,"total_sales_volume":35.91000044345856,"rate_of_return":0.0}
{"window":{"start":"2023-10-23T12:22:00.000Z","end":"2023-10-23T12:23:00.000Z"},"country":"Channel Islands","OPM":1,"total_sales_volume":43.37999951839447,"rate_of_return":0.0}
{"window":{"start":"2023-10-27T12:09:00.000Z","end":"2023-10-27T12:10:00.000Z"},"country":"United Kingdom","OPM":5,"total_sales_volume":115.49999782443047,"rate_of_return":0.0}
{"window":{"start":"2023-10-24T15:02:00.000Z","end":"2023-10-24T15:03:00.000Z"},"country":"United Kingdom","OPM":8,"total_sales_volume":438.49999794363976,"rate_of_return":0.0}
{"window":{"start":"2023-10-27T17:24:00.000Z","end":"2023-10-27T17:25:00.000Z"},"country":"United Kingdom","OPM":3,"total_sales_volume":34.36999914050102,"rate_of_return":0.0}
{"window":{"start":"2023-10-26T14:35:00.000Z","end":"2023-10-26T14:36:00.000Z"},"country":"United Kingdom","OPM":6,"total_sales_volume":499.6499983072281,"rate_of_return":0.0}
{"window":{"start":"2023-10-28T03:22:00.000Z","end":"2023-10-28T03:23:00.000Z"},"country":"United Kingdom","OPM":9,"total_sales_volume":490.2400016486645,"rate_of_return":0.0}
{"window":{"start":"2023-10-24T22:42:00.000Z","end":"2023-10-24T22:43:00.000Z"},"country":"Germany","OPM":1,"total_sales_volume":14.729999780654907,"rate_of_return":0.0}
{"window":{"start":"2023-10-24T04:48:00.000Z","end":"2023-10-24T04:49:00.000Z"},"country":"United Kingdom","OPM":4,"total_sales_volume":192.03000393509865,"rate_of_return":0.0}
{"window":{"start":"2023-10-24T22:42:00.000Z","end":"2023-10-24T22:43:00.000Z"},"country":"Greece","OPM":1,"total_sales_volume":141.49000084400177,"rate_of_return":0.0}
{"window":{"start":"2023-10-24T06:54:00.000Z","end":"2023-10-24T06:55:00.000Z"},"country":"United Kingdom","OPM":11,"total_sales_volume":905.5200080573559,"rate_of_return":0.0}
{"window":{"start":"2023-10-23T19:11:00.000Z","end":"2023-10-23T19:12:00.000Z"},"country":"United Kingdom","OPM":15,"total_sales_volume":448.8399939239025,"rate_of_return":0.0}
{"window":{"start":"2023-10-23T20:59:00.000Z","end":"2023-10-23T21:00:00.000Z"},"country":"United Kingdom","OPM":12,"total_sales_volume":399.33999782800674,"rate_of_return":0.08333333333333333}
{"window":{"start":"2023-10-26T20:30:00.000Z","end":"2023-10-26T20:31:00.000Z"},"country":"Netherlands","OPM":1,"total_sales_volume":14.979999899864197,"rate_of_return":0.0}
{"window":{"start":"2023-10-25T01:31:00.000Z","end":"2023-10-25T01:32:00.000Z"},"country":"United Kingdom","OPM":8,"total_sales_volume":204.9300000667572,"rate_of_return":0.125}
{"window":{"start":"2023-10-27T07:09:00.000Z","end":"2023-10-27T07:10:00.000Z"},"country":"United Kingdom","OPM":5,"total_sales_volume":972.6599893569946,"rate_of_return":0.2}
{"window":{"start":"2023-10-24T08:59:00.000Z","end":"2023-10-24T09:00:00.000Z"},"country":"United Kingdom","OPM":7,"total_sales_volume":407.65000104904175,"rate_of_return":0.14285714285714285}
{"window":{"start":"2023-10-26T00:54:00.000Z","end":"2023-10-26T00:55:00.000Z"},"country":"United Kingdom","OPM":2,"total_sales_volume":204.31000328063965,"rate_of_return":0.0}
{"window":{"start":"2023-10-27T05:29:00.000Z","end":"2023-10-27T05:30:00.000Z"},"country":"Italy","OPM":1,"total_sales_volume":42.22999954223633,"rate_of_return":0.0}
{"window":{"start":"2023-10-27T16:16:00.000Z","end":"2023-10-27T16:17:00.000Z"},"country":"United Kingdom","OPM":15,"total_sales_volume":350.6299977004528,"rate_of_return":0.06666666666666667}
{"window":{"start":"2023-10-24T08:04:00.000Z","end":"2023-10-24T08:05:00.000Z"},"country":"Germany","OPM":2,"total_sales_volume":53.83000046014786,"rate_of_return":0.0}
{"window":{"start":"2023-10-26T12:12:00.000Z","end":"2023-10-26T12:13:00.000Z"},"country":"United Kingdom","OPM":12,"total_sales_volume":376.15999072790146,"rate_of_return":0.16666666666666666}
{"window":{"start":"2023-10-26T20:59:00.000Z","end":"2023-10-26T21:00:00.000Z"},"country":"Germany","OPM":1,"total_sales_volume":101.02999985218048,"rate_of_return":0.0}
{"window":{"start":"2023-10-27T03:18:00.000Z","end":"2023-10-27T03:19:00.000Z"},"country":"United Kingdom","OPM":16,"total_sales_volume":670.2099970281124,"rate_of_return":0.125}
{"window":{"start":"2023-10-24T01:26:00.000Z","end":"2023-10-24T01:27:00.000Z"},"country":"Norway","OPM":1,"total_sales_volume":88.4299988746643,"rate_of_return":0.0}
{"window":{"start":"2023-10-27T01:51:00.000Z","end":"2023-10-27T01:52:00.000Z"},"country":"Portugal","OPM":1,"total_sales_volume":26.849998831748962,"rate_of_return":0.0}
{"window":{"start":"2023-10-24T18:31:00.000Z","end":"2023-10-24T18:32:00.000Z"},"country":"United Kingdom","OPM":12,"total_sales_volume":832.3600039482117,"rate_of_return":0.0}
