{"window":{"start":"2023-10-24T00:44:00.000Z","end":"2023-10-24T00:45:00.000Z"},"country":"United Kingdom","OPM":8,"total_sales_volume":135.7299989759922,"rate_of_return":0.125}
{"window":{"start":"2023-10-24T06:30:00.000Z","end":"2023-10-24T06:31:00.000Z"},"country":"United Kingdom","OPM":9,"total_sales_volume":527.6099928617477,"rate_of_return":0.0}
{"window":{"start":"2023-10-28T03:30:00.000Z","end":"2023-10-28T03:31:00.000Z"},"country":"France","OPM":1,"total_sales_volume":71.00000143051147,"rate_of_return":0.0}
{"window":{"start":"2023-10-24T11:00:00.000Z","end":"2023-10-24T11:01:00.000Z"},"country":"France","OPM":1,"total_sales_volume":11.429999947547913,"rate_of_return":0.0}
{"window":{"start":"2023-10-23T16:12:00.000Z","end":"2023-10-23T16:13:00.000Z"},"country":"United Kingdom","OPM":6,"total_sales_volume":256.7399971485138,"rate_of_return":0.0}
{"window":{"start":"2023-10-27T13:18:00.000Z","end":"2023-10-27T13:19:00.000Z"},"country":"United Kingdom","OPM":16,"total_sales_volume":658.8900014460087,"rate_of_return":0.125}
{"window":{"start":"2023-10-24T23:04:00.000Z","end":"2023-10-24T23:05:00.000Z"},"country":"United Kingdom","OPM":12,"total_sales_volume":1054.6699886620045,"rate_of_return":0.08333333333333333}
{"window":{"start":"2023-10-25T21:43:00.000Z","end":"2023-10-25T21:44:00.000Z"},"country":"Spain","OPM":1,"total_sales_volume":20.24999988079071,"rate_of_return":0.0}
{"window":{"start":"2023-10-26T13:02:00.000Z","end":"2023-10-26T13:03:00.000Z"},"country":"Germany","OPM":1,"total_sales_volume":331.60999858379364,"rate_of_return":0.0}
{"window":{"start":"2023-10-25T22:37:00.000Z","end":"2023-10-25T22:38:00.000Z"},"country":"Germany","OPM":1,"total_sales_volume":33.15999984741211,"rate_of_return":0.0}
{"window":{"start":"2023-10-25T13:27:00.000Z","end":"2023-10-25T13:28:00.000Z"},"country":"United Kingdom","OPM":9,"total_sales_volume":408.36999559402466,"rate_of_return":0.0}
{"window":{"start":"2023-10-24T16:33:00.000Z","end":"2023-10-24T16:34:00.000Z"},"country":"United Kingdom","OPM":6,"total_sales_volume":536.2500060200691,"rate_of_return":0.0}
{"window":{"start":"2023-10-26T23:43:00.000Z","end":"2023-10-26T23:44:00.000Z"},"country":"EIRE","OPM":1,"total_sales_volume":2.5,"rate_of_return":0.0}
{"window":{"start":"2023-10-24T08:44:00.000Z","end":"2023-10-24T08:45:00.000Z"},"country":"United Kingdom","OPM":10,"total_sales_volume":320.9299940764904,"rate_of_return":0.0}
{"window":{"start":"2023-10-24T07:27:00.000Z","end":"2023-10-24T07:28:00.000Z"},"country":"United Kingdom","OPM":16,"total_sales_volume":1336.6899689435959,"rate_of_return":0.0}
{"window":{"start":"2023-10-26T23:16:00.000Z","end":"2023-10-26T23:17:00.000Z"},"country":"United Kingdom","OPM":10,"total_sales_volume":1134.4999910593033,"rate_of_return":0.0}
{"window":{"start":"2023-10-26T05:28:00.000Z","end":"2023-10-26T05:29:00.000Z"},"country":"United Kingdom","OPM":10,"total_sales_volume":664.2199854850769,"rate_of_return":0.1}
{"window":{"start":"2023-10-25T12:29:00.000Z","end":"2023-10-25T12:30:00.000Z"},"country":"United Kingdom","OPM":7,"total_sales_volume":568.8600037395954,"rate_of_return":0.0}
{"window":{"start":"2023-10-23T14:02:00.000Z","end":"2023-10-23T14:03:00.000Z"},"country":"United Kingdom","OPM":12,"total_sales_volume":772.3499927818775,"rate_of_return":0.08333333333333333}
{"window":{"start":"2023-10-25T18:50:00.000Z","end":"2023-10-25T18:51:00.000Z"},"country":"Norway","OPM":1,"total_sales_volume":43.380001068115234,"rate_of_return":0.0}
{"window":{"start":"2023-10-25T22:47:00.000Z","end":"2023-10-25T22:48:00.000Z"},"country":"United Kingdom","OPM":9,"total_sales_volume":1261.4399785101414,"rate_of_return":0.0}
{"window":{"start":"2023-10-27T18:21:00.000Z","end":"2023-10-27T18:22:00.000Z"},"country":"Belgium","OPM":1,"total_sales_volume":-29.99999964237213,"rate_of_return":1.0}
{"window":{"start":"2023-10-26T10:36:00.000Z","end":"2023-10-26T10:37:00.000Z"},"country":"United Kingdom","OPM":9,"total_sales_volume":619.1099978685379,"rate_of_return":0.0}
{"window":{"start":"2023-10-25T23:06:00.000Z","end":"2023-10-25T23:07:00.000Z"},"country":"United Kingdom","OPM":14,"total_sales_volume":526.1299997270107,"rate_of_return":0.07142857142857142}
{"window":{"start":"2023-10-27T06:10:00.000Z","end":"2023-10-27T06:11:00.000Z"},"country":"United Kingdom","OPM":15,"total_sales_volume":2082.2199831604958,"rate_of_return":0.06666666666666667}
{"window":{"start":"2023-10-28T00:49:00.000Z","end":"2023-10-28T00:50:00.000Z"},"country":"United Kingdom","OPM":6,"total_sales_volume":321.6699965894222,"rate_of_return":0.0}
{"window":{"start":"2023-10-26T12:32:00.000Z","end":"2023-10-26T12:33:00.000Z"},"country":"France","OPM":2,"total_sales_volume":-15.450000524520874,"rate_of_return":0.5}
{"window":{"start":"2023-10-26T17:20:00.000Z","end":"2023-10-26T17:21:00.000Z"},"country":"Norway","OPM":1,"total_sales_volume":70.19999885559082,"rate_of_return":0.0}
{"window":{"start":"2023-10-24T01:36:00.000Z","end":"2023-10-24T01:37:00.000Z"},"country":"United Kingdom","OPM":8,"total_sales_volume":3357.4099456965923,"rate_of_return":0.0}
{"window":{"start":"2023-10-27T06:41:00.000Z","end":"2023-10-27T06:42:00.000Z"},"country":"United Kingdom","OPM":10,"total_sales_volume":746.1299971342087,"rate_of_return":0.1}
{"window":{"start":"2023-10-25T10:56:00.000Z","end":"2023-10-25T10:57:00.000Z"},"country":"United Kingdom","OPM":7,"total_sales_volume":186.95999610424042,"rate_of_return":0.14285714285714285}
{"window":{"start":"2023-10-27T05:53:00.000Z","end":"2023-10-27T05:54:00.000Z"},"country":"France","OPM":1,"total_sales_volume":129.65999901294708,"rate_of_return":0.0}
{"window":{"start":"2023-10-25T22:36:00.000Z","end":"2023-10-25T22:37:00.000Z"},"country":"Germany","OPM":1,"total_sales_volume":73.93000036478043,"rate_of_return":0.0}
{"window":{"start":"2023-10-26T19:41:00.000Z","end":"2023-10-26T19:42:00.000Z"},"country":"United Kingdom","OPM":7,"total_sales_volume":1157.5800036787987,"rate_of_return":0.0}
{"window":{"start":"2023-10-27T15:59:00.000Z","end":"2023-10-27T16:00:00.000Z"},"country":"Spain","OPM":1,"total_sales_volume":64.50000023841858,"rate_of_return":0.0}
{"window":{"start":"2023-10-27T23:51:00.000Z","end":"2023-10-27T23:52:00.000Z"},"country":"United Kingdom","OPM":13,"total_sales_volume":307.06000128388405,"rate_of_return":0.07692307692307693}
{"window":{"start":"2023-10-25T20:11:00.000Z","end":"2023-10-25T20:12:00.000Z"},"country":"United Kingdom","OPM":8,"total_sales_volume":336.76000249385834,"rate_of_return":0.25}
{"window":{"start":"2023-10-27T06:34:00.000Z","end":"2023-10-27T06:35:00.000Z"},"country":"Channel Islands","OPM":1,"total_sales_volume":2.950000047683716,"rate_of_return":0.0}
{"window":{"start":"2023-10-24T10:49:00.000Z","end":"2023-10-24T10:50:00.000Z"},"country":"United Kingdom","OPM":17,"total_sales_volume":776.6500006616116,"rate_of_return":0.17647058823529413}
{"window":{"start":"2023-10-24T04:33:00.000Z","end":"2023-10-24T04:34:00.000Z"},"country":"United Kingdom","OPM":5,"total_sales_volume":450.0199916958809,"rate_of_return":0.0}
{"window":{"start":"2023-10-28T02:52:00.000Z","end":"2023-10-28T02:53:00.000Z"},"country":"United Kingdom","OPM":5,"total_sales_volume":1373.1600179076195,"rate_of_return":0.0}
{"window":{"start":"2023-10-24T20:22:00.000Z","end":"2023-10-24T20:23:00.000Z"},"country":"EIRE","OPM":1,"total_sales_volume":125.10999971628189,"rate_of_return":0.0}
{"window":{"start":"2023-10-24T02:02:00.000Z","end":"2023-10-24T02:03:00.000Z"},"country":"Germany","OPM":1,"total_sales_volume":14.750000238418579,"rate_of_return":0.0}
{"window":{"start":"2023-10-27T23:50:00.000Z","end":"2023-10-27T23:51:00.000Z"},"country":"EIRE","OPM":1,"total_sales_volume":2.200000047683716,"rate_of_return":0.0}
{"window":{"start":"2023-10-26T16:45:00.000Z","end":"2023-10-26T16:46:00.000Z"},"country":"Spain","OPM":1,"total_sales_volume":10.200000286102295,"rate_of_return":0.0}
{"window":{"start":"2023-10-27T17:38:00.000Z","end":"2023-10-27T17:39:00.000Z"},"country":"Belgium","OPM":2,"total_sales_volume":75.80000030994415,"rate_of_return":0.5}
{"window":{"start":"2023-10-23T15:09:00.000Z","end":"2023-10-23T15:10:00.000Z"},"country":"United Kingdom","OPM":13,"total_sales_volume":566.9799955412745,"rate_of_return":0.0}
{"window":{"start":"2023-10-24T17:44:00.000Z","end":"2023-10-24T17:45:00.000Z"},"country":"EIRE","OPM":3,"total_sales_volume":275.19999849796295,"rate_of_return":0.3333333333333333}
{"window":{"start":"2023-10-23T23:50:00.000Z","end":"2023-10-23T23:51:00.000Z"},"country":"United Kingdom","OPM":7,"total_sales_volume":426.09000101685524,"rate_of_return":0.0}
{"window":{"start":"2023-10-24T09:39:00.000Z","end":"2023-10-24T09:40:00.000Z"},"country":"United Kingdom","OPM":6,"total_sales_volume":413.6899913549423,"rate_of_return":0.0}
{"window":{"start":"2023-10-27T07:48:00.000Z","end":"2023-10-27T07:49:00.000Z"},"country":"Australia","OPM":1,"total_sales_volume":34.799999713897705,"rate_of_return":0.0}
{"window":{"start":"2023-10-23T23:12:00.000Z","end":"2023-10-23T23:13:00.000Z"},"country":"United Kingdom","OPM":8,"total_sales_volume":772.0499914884567,"rate_of_return":0.0}
{"window":{"start":"2023-10-24T12:15:00.000Z","end":"2023-10-24T12:16:00.000Z"},"country":"Channel Islands","OPM":1,"total_sales_volume":22.890000015497208,"rate_of_return":0.0}
{"window":{"start":"2023-10-25T10:27:00.000Z","end":"2023-10-25T10:28:00.000Z"},"country":"United Kingdom","OPM":8,"total_sales_volume":289.79000091552734,"rate_of_return":0.0}
{"window":{"start":"2023-10-25T23:23:00.000Z","end":"2023-10-25T23:24:00.000Z"},"country":"Netherlands","OPM":1,"total_sales_volume":150.3399977684021,"rate_of_return":0.0}
{"window":{"start":"2023-10-25T02:06:00.000Z","end":"2023-10-25T02:07:00.000Z"},"country":"United Kingdom","OPM":7,"total_sales_volume":377.90999832749367,"rate_of_return":0.0}
{"window":{"start":"2023-10-25T09:23:00.000Z","end":"2023-10-25T09:24:00.000Z"},"country":"Switzerland","OPM":1,"total_sales_volume":3.75,"rate_of_return":0.0}
{"window":{"start":"2023-10-27T09:37:00.000Z","end":"2023-10-27T09:38:00.000Z"},"country":"United Kingdom","OPM":6,"total_sales_volume":104.15000706911087,"rate_of_return":0.16666666666666666}
{"window":{"start":"2023-10-24T07:58:00.000Z","end":"2023-10-24T07:59:00.000Z"},"country":"Australia","OPM":1,"total_sales_volume":64.5900000333786,"rate_of_return":0.0}
{"window":{"start":"2023-10-23T17:50:00.000Z","end":"2023-10-23T17:51:00.000Z"},"country":"Italy","OPM":1,"total_sales_volume":92.90000057220459,"rate_of_return":0.0}
{"window":{"start":"2023-10-24T10:11:00.000Z","end":"2023-10-24T10:12:00.000Z"},"country":"Australia","OPM":1,"total_sales_volume":97.21999931335449,"rate_of_return":0.0}
{"window":{"start":"2023-10-24T18:08:00.000Z","end":"2023-10-24T18:09:00.000Z"},"country":"United Kingdom","OPM":10,"total_sales_volume":1026.5199835002422,"rate_of_return":0.0}
{"window":{"start":"2023-10-28T03:37:00.000Z","end":"2023-10-28T03:38:00.000Z"},"country":"United Kingdom","OPM":7,"total_sales_volume":453.2099993824959,"rate_of_return":0.0}
{"window":{"start":"2023-10-24T11:27:00.000Z","end":"2023-10-24T11:28:00.000Z"},"country":"Belgium","OPM":1,"total_sales_volume":14.399999618530273,"rate_of_return":0.0}
{"window":{"start":"2023-10-27T18:51:00.000Z","end":"2023-10-27T18:52:00.000Z"},"country":"Germany","OPM":2,"total_sales_volume":13.349999785423279,"rate_of_return":0.0}
{"window":{"start":"2023-10-24T17:57:00.000Z","end":"2023-10-24T17:58:00.000Z"},"country":"United Kingdom","OPM":10,"total_sales_volume":403.26999509334564,"rate_of_return":0.0}
{"window":{"start":"2023-10-24T22:58:00.000Z","end":"2023-10-24T22:59:00.000Z"},"country":"United Kingdom","OPM":12,"total_sales_volume":798.6299999132752,"rate_of_return":0.08333333333333333}
{"window":{"start":"2023-10-24T10:51:00.000Z","end":"2023-10-24T10:52:00.000Z"},"country":"United Kingdom","OPM":16,"total_sales_volume":713.7500012218952,"rate_of_return":0.0625}
{"window":{"start":"2023-10-26T08:46:00.000Z","end":"2023-10-26T08:47:00.000Z"},"country":"Norway","OPM":1,"total_sales_volume":57.279999643564224,"rate_of_return":0.0}
{"window":{"start":"2023-10-25T17:02:00.000Z","end":"2023-10-25T17:03:00.000Z"},"country":"United Kingdom","OPM":8,"total_sales_volume":742.1200059354305,"rate_of_return":0.0}
{"window":{"start":"2023-10-27T22:07:00.000Z","end":"2023-10-27T22:08:00.000Z"},"country":"Germany","OPM":1,"total_sales_volume":1.25,"rate_of_return":0.0}
{"window":{"start":"2023-10-27T17:39:00.000Z","end":"2023-10-27T17:40:00.000Z"},"country":"Hong Kong","OPM":1,"total_sales_volume":131.5500009059906,"rate_of_return":0.0}
{"window":{"start":"2023-10-24T14:26:00.000Z","end":"2023-10-24T14:27:00.000Z"},"country":"United Kingdom","OPM":5,"total_sales_volume":241.69000232219696,"rate_of_return":0.0}
{"window":{"start":"2023-10-27T06:45:00.000Z","end":"2023-10-27T06:46:00.000Z"},"country":"United Kingdom","OPM":4,"total_sales_volume":359.9700029194355,"rate_of_return":0.0}
{"window":{"start":"2023-10-26T03:29:00.000Z","end":"2023-10-26T03:30:00.000Z"},"country":"United Kingdom","OPM":12,"total_sales_volume":526.8999984562397,"rate_of_return":0.16666666666666666}
