{"window":{"start":"2023-10-27T15:43:00.000Z","end":"2023-10-27T15:44:00.000Z"},"country":"France","OPM":1,"total_sales_volume":6.579999923706055,"rate_of_return":0.0}
{"window":{"start":"2023-10-27T17:34:00.000Z","end":"2023-10-27T17:35:00.000Z"},"country":"United Kingdom","OPM":5,"total_sales_volume":1534.439957022667,"rate_of_return":0.0}
{"window":{"start":"2023-10-26T02:56:00.000Z","end":"2023-10-26T02:57:00.000Z"},"country":"United Kingdom","OPM":14,"total_sales_volume":1379.0999937057495,"rate_of_return":0.07142857142857142}
{"window":{"start":"2023-10-28T03:19:00.000Z","end":"2023-10-28T03:20:00.000Z"},"country":"United Kingdom","OPM":12,"total_sales_volume":702.1299991607666,"rate_of_return":0.0}
{"window":{"start":"2023-10-27T14:24:00.000Z","end":"2023-10-27T14:25:00.000Z"},"country":"United Kingdom","OPM":12,"total_sales_volume":1159.310015141964,"rate_of_return":0.0}
{"window":{"start":"2023-10-24T01:26:00.000Z","end":"2023-10-24T01:27:00.000Z"},"country":"Switzerland","OPM":1,"total_sales_volume":64.0,"rate_of_return":0.0}
{"window":{"start":"2023-10-26T21:10:00.000Z","end":"2023-10-26T21:11:00.000Z"},"country":"Netherlands","OPM":1,"total_sales_volume":-46.960000455379486,"rate_of_return":1.0}
{"window":{"start":"2023-10-24T08:57:00.000Z","end":"2023-10-24T08:58:00.000Z"},"country":"United Kingdom","OPM":14,"total_sales_volume":1826.3799868226051,"rate_of_return":0.0}
{"window":{"start":"2023-10-24T23:41:00.000Z","end":"2023-10-24T23:42:00.000Z"},"country":"EIRE","OPM":1,"total_sales_volume":-2.5,"rate_of_return":1.0}
{"window":{"start":"2023-10-24T15:20:00.000Z","end":"2023-10-24T15:21:00.000Z"},"country":"United Kingdom","OPM":8,"total_sales_volume":540.1199984550476,"rate_of_return":0.0}
{"window":{"start":"2023-10-26T23:55:00.000Z","end":"2023-10-26T23:56:00.000Z"},"country":"Germany","OPM":1,"total_sales_volume":231.4000004529953,"rate_of_return":0.0}
{"window":{"start":"2023-10-27T17:12:00.000Z","end":"2023-10-27T17:13:00.000Z"},"country":"United Kingdom","OPM":5,"total_sales_volume":222.03999996185303,"rate_of_return":0.0}
{"window":{"start":"2023-10-26T04:02:00.000Z","end":"2023-10-26T04:03:00.000Z"},"country":"United Kingdom","OPM":12,"total_sales_volume":673.7100069522858,"rate_of_return":0.0}
{"window":{"start":"2023-10-24T07:25:00.000Z","end":"2023-10-24T07:26:00.000Z"},"country":"United Kingdom","OPM":10,"total_sales_volume":1500.5200009644032,"rate_of_return":0.0}
{"window":{"start":"2023-10-27T17:27:00.000Z","end":"2023-10-27T17:28:00.000Z"},"country":"United Kingdom","OPM":10,"total_sales_volume":569.0399944782257,"rate_of_return":0.2}
{"window":{"start":"2023-10-27T22:34:00.000Z","end":"2023-10-27T22:35:00.000Z"},"country":"United Kingdom","OPM":13,"total_sales_volume":317.55999517440796,"rate_of_return":0.07692307692307693}
{"window":{"start":"2023-10-28T00:09:00.000Z","end":"2023-10-28T00:10:00.000Z"},"country":"United Kingdom","OPM":10,"total_sales_volume":726.0699875056744,"rate_of_return":0.0}
{"window":{"start":"2023-10-25T01:23:00.000Z","end":"2023-10-25T01:24:00.000Z"},"country":"EIRE","OPM":1,"total_sales_volume":105.66999912261963,"rate_of_return":0.0}
{"window":{"start":"2023-10-25T11:19:00.000Z","end":"2023-10-25T11:20:00.000Z"},"country":"United Kingdom","OPM":10,"total_sales_volume":255.8599974513054,"rate_of_return":0.0}
{"window":{"start":"2023-10-25T10:30:00.000Z","end":"2023-10-25T10:31:00.000Z"},"country":"United Kingdom","OPM":10,"total_sales_volume":444.209994584322,"rate_of_return":0.1}
{"window":{"start":"2023-10-24T18:00:00.000Z","end":"2023-10-24T18:01:00.000Z"},"country":"United Kingdom","OPM":9,"total_sales_volume":341.2399979829788,"rate_of_return":0.0}
{"window":{"start":"2023-10-23T16:25:00.000Z","end":"2023-10-23T16:26:00.000Z"},"country":"United Kingdom","OPM":13,"total_sales_volume":1154.2900116443634,"rate_of_return":0.0}
{"window":{"start":"2023-10-23T13:06:00.000Z","end":"2023-10-23T13:07:00.000Z"},"country":"United Kingdom","OPM":6,"total_sales_volume":348.86000338196754,"rate_of_return":0.0}
{"window":{"start":"2023-10-25T19:54:00.000Z","end":"2023-10-25T19:55:00.000Z"},"country":"Norway","OPM":1,"total_sales_volume":39.92999994754791,"rate_of_return":0.0}
{"window":{"start":"2023-10-28T05:18:00.000Z","end":"2023-10-28T05:19:00.000Z"},"country":"United Kingdom","OPM":18,"total_sales_volume":990.7200091183186,"rate_of_return":0.05555555555555555}
{"window":{"start":"2023-10-24T13:22:00.000Z","end":"2023-10-24T13:23:00.000Z"},"country":"United Kingdom","OPM":6,"total_sales_volume":442.3599978685379,"rate_of_return":0.0}
{"window":{"start":"2023-10-23T22:50:00.000Z","end":"2023-10-23T22:51:00.000Z"},"country":"United Kingdom","OPM":3,"total_sales_volume":290.2299906909466,"rate_of_return":0.0}
{"window":{"start":"2023-10-26T20:37:00.000Z","end":"2023-10-26T20:38:00.000Z"},"country":"United Kingdom","OPM":14,"total_sales_volume":6947.11990866065,"rate_of_return":0.07142857142857142}
{"window":{"start":"2023-10-25T23:16:00.000Z","end":"2023-10-25T23:17:00.000Z"},"country":"EIRE","OPM":1,"total_sales_volume":4.150000095367432,"rate_of_return":0.0}
{"window":{"start":"2023-10-26T15:05:00.000Z","end":"2023-10-26T15:06:00.000Z"},"country":"United Kingdom","OPM":12,"total_sales_volume":455.490003824234,"rate_of_return":0.08333333333333333}
{"window":{"start":"2023-10-24T07:19:00.000Z","end":"2023-10-24T07:20:00.000Z"},"country":"United Kingdom","OPM":9,"total_sales_volume":419.30999916791916,"rate_of_return":0.0}
{"window":{"start":"2023-10-27T00:45:00.000Z","end":"2023-10-27T00:46:00.000Z"},"country":"United Kingdom","OPM":12,"total_sales_volume":405.9300021827221,"rate_of_return":0.08333333333333333}
{"window":{"start":"2023-10-28T02:14:00.000Z","end":"2023-10-28T02:15:00.000Z"},"country":"Switzerland","OPM":1,"total_sales_volume":4.949999928474426,"rate_of_return":0.0}
{"window":{"start":"2023-10-27T20:54:00.000Z","end":"2023-10-27T20:55:00.000Z"},"country":"United Kingdom","OPM":11,"total_sales_volume":466.96000054478645,"rate_of_return":0.0}
{"window":{"start":"2023-10-24T23:03:00.000Z","end":"2023-10-24T23:04:00.000Z"},"country":"United Kingdom","OPM":9,"total_sales_volume":271.2200052142143,"rate_of_return":0.1111111111111111}
{"window":{"start":"2023-10-24T12:38:00.000Z","end":"2023-10-24T12:39:00.000Z"},"country":"France","OPM":1,"total_sales_volume":131.25000029802322,"rate_of_return":0.0}
{"window":{"start":"2023-10-27T22:24:00.000Z","end":"2023-10-27T22:25:00.000Z"},"country":"EIRE","OPM":1,"total_sales_volume":11.170000076293945,"rate_of_return":0.0}
{"window":{"start":"2023-10-25T10:38:00.000Z","end":"2023-10-25T10:39:00.000Z"},"country":"United Kingdom","OPM":11,"total_sales_volume":248.51000052690506,"rate_of_return":0.09090909090909091}
{"window":{"start":"2023-10-24T12:03:00.000Z","end":"2023-10-24T12:04:00.000Z"},"country":"United Kingdom","OPM":6,"total_sales_volume":260.92999920248985,"rate_of_return":0.0}
{"window":{"start":"2023-10-24T15:33:00.000Z","end":"2023-10-24T15:34:00.000Z"},"country":"Poland","OPM":1,"total_sales_volume":0.41999998688697815,"rate_of_return":0.0}
{"window":{"start":"2023-10-25T18:10:00.000Z","end":"2023-10-25T18:11:00.000Z"},"country":"EIRE","OPM":1,"total_sales_volume":96.57000178098679,"rate_of_return":0.0}
{"window":{"start":"2023-10-26T10:59:00.000Z","end":"2023-10-26T11:00:00.000Z"},"country":"EIRE","OPM":1,"total_sales_volume":29.520000457763672,"rate_of_return":0.0}
{"window":{"start":"2023-10-26T20:38:00.000Z","end":"2023-10-26T20:39:00.000Z"},"country":"United Kingdom","OPM":5,"total_sales_volume":351.61999848484993,"rate_of_return":0.0}
{"window":{"start":"2023-10-25T06:52:00.000Z","end":"2023-10-25T06:53:00.000Z"},"country":"Netherlands","OPM":1,"total_sales_volume":32.15000081062317,"rate_of_return":0.0}
{"window":{"start":"2023-10-26T15:03:00.000Z","end":"2023-10-26T15:04:00.000Z"},"country":"United Kingdom","OPM":6,"total_sales_volume":114.23999834060669,"rate_of_return":0.0}
{"window":{"start":"2023-10-25T02:39:00.000Z","end":"2023-10-25T02:40:00.000Z"},"country":"United Kingdom","OPM":5,"total_sales_volume":103.47999846935272,"rate_of_return":0.0}
{"window":{"start":"2023-10-27T20:54:00.000Z","end":"2023-10-27T20:55:00.000Z"},"country":"Spain","OPM":1,"total_sales_volume":76.10000228881836,"rate_of_return":0.0}
{"window":{"start":"2023-10-23T15:08:00.000Z","end":"2023-10-23T15:09:00.000Z"},"country":"United Kingdom","OPM":11,"total_sales_volume":1866.200016617775,"rate_of_return":0.0}
{"window":{"start":"2023-10-25T17:44:00.000Z","end":"2023-10-25T17:45:00.000Z"},"country":"United Kingdom","OPM":10,"total_sales_volume":690.1399979889393,"rate_of_return":0.1}
{"window":{"start":"2023-10-24T22:53:00.000Z","end":"2023-10-24T22:54:00.000Z"},"country":"EIRE","OPM":1,"total_sales_volume":68.32999902963638,"rate_of_return":0.0}
{"window":{"start":"2023-10-24T18:12:00.000Z","end":"2023-10-24T18:13:00.000Z"},"country":"United Kingdom","OPM":9,"total_sales_volume":341.78000378608704,"rate_of_return":0.2222222222222222}
{"window":{"start":"2023-10-27T18:49:00.000Z","end":"2023-10-27T18:50:00.000Z"},"country":"United Kingdom","OPM":4,"total_sales_volume":-98.17000249028206,"rate_of_return":0.25}
{"window":{"start":"2023-10-28T05:14:00.000Z","end":"2023-10-28T05:15:00.000Z"},"country":"United Kingdom","OPM":9,"total_sales_volume":1654.2100221514702,"rate_of_return":0.0}
{"window":{"start":"2023-10-26T06:31:00.000Z","end":"2023-10-26T06:32:00.000Z"},"country":"United Kingdom","OPM":7,"total_sales_volume":-955.940044760704,"rate_of_return":0.2857142857142857}
{"window":{"start":"2023-10-24T20:57:00.000Z","end":"2023-10-24T20:58:00.000Z"},"country":"United Kingdom","OPM":8,"total_sales_volume":207.4999973475933,"rate_of_return":0.0}
{"window":{"start":"2023-10-27T21:06:00.000Z","end":"2023-10-27T21:07:00.000Z"},"country":"United Kingdom","OPM":3,"total_sales_volume":75.96999976038933,"rate_of_return":0.0}
{"window":{"start":"2023-10-26T11:46:00.000Z","end":"2023-10-26T11:47:00.000Z"},"country":"United Kingdom","OPM":7,"total_sales_volume":286.4899978339672,"rate_of_return":0.0}
{"window":{"start":"2023-10-24T12:37:00.000Z","end":"2023-10-24T12:38:00.000Z"},"country":"Netherlands","OPM":1,"total_sales_volume":-9.480000019073486,"rate_of_return":1.0}
{"window":{"start":"2023-10-24T14:37:00.000Z","end":"2023-10-24T14:38:00.000Z"},"country":"United Kingdom","OPM":7,"total_sales_volume":374.6699982881546,"rate_of_return":0.0}
{"window":{"start":"2023-10-24T12:39:00.000Z","end":"2023-10-24T12:40:00.000Z"},"country":"United Kingdom","OPM":15,"total_sales_volume":1008.1199805736542,"rate_of_return":0.13333333333333333}
{"window":{"start":"2023-10-26T11:00:00.000Z","end":"2023-10-26T11:01:00.000Z"},"country":"United Kingdom","OPM":17,"total_sales_volume":1726.0700005292892,"rate_of_return":0.058823529411764705}
