{"window":{"start":"2023-10-25T15:06:00.000Z","end":"2023-10-25T15:07:00.000Z"},"country":"United Kingdom","OPM":5,"total_sales_volume":268.9799942970276,"rate_of_return":0.0}
{"window":{"start":"2023-10-24T12:11:00.000Z","end":"2023-10-24T12:12:00.000Z"},"country":"United Kingdom","OPM":5,"total_sales_volume":414.5800007581711,"rate_of_return":0.0}
{"window":{"start":"2023-10-25T11:30:00.000Z","end":"2023-10-25T11:31:00.000Z"},"country":"EIRE","OPM":1,"total_sales_volume":-135.22000002861023,"rate_of_return":1.0}
{"window":{"start":"2023-10-23T22:59:00.000Z","end":"2023-10-23T23:00:00.000Z"},"country":"United Kingdom","OPM":13,"total_sales_volume":794.0299949645996,"rate_of_return":0.07692307692307693}
{"window":{"start":"2023-10-25T09:02:00.000Z","end":"2023-10-25T09:03:00.000Z"},"country":"EIRE","OPM":1,"total_sales_volume":18.529999643564224,"rate_of_return":0.0}
{"window":{"start":"2023-10-26T17:34:00.000Z","end":"2023-10-26T17:35:00.000Z"},"country":"United Kingdom","OPM":13,"total_sales_volume":793.7000004649162,"rate_of_return":0.15384615384615385}
{"window":{"start":"2023-10-24T20:55:00.000Z","end":"2023-10-24T20:56:00.000Z"},"country":"Norway","OPM":1,"total_sales_volume":22.959999710321426,"rate_of_return":0.0}
{"window":{"start":"2023-10-24T11:52:00.000Z","end":"2023-10-24T11:53:00.000Z"},"country":"United Kingdom","OPM":6,"total_sales_volume":332.06999972462654,"rate_of_return":0.0}
{"window":{"start":"2023-10-25T06:52:00.000Z","end":"2023-10-25T06:53:00.000Z"},"country":"United Kingdom","OPM":14,"total_sales_volume":323.28000059723854,"rate_of_return":0.07142857142857142}
{"window":{"start":"2023-10-24T19:27:00.000Z","end":"2023-10-24T19:28:00.000Z"},"country":"Belgium","OPM":1,"total_sales_volume":26.199999809265137,"rate_of_return":0.0}
{"window":{"start":"2023-10-24T16:46:00.000Z","end":"2023-10-24T16:47:00.000Z"},"country":"Spain","OPM":1,"total_sales_volume":151.24000072479248,"rate_of_return":0.0}
{"window":{"start":"2023-10-24T02:43:00.000Z","end":"2023-10-24T02:44:00.000Z"},"country":"United Kingdom","OPM":16,"total_sales_volume":2363.5599899590015,"rate_of_return":0.0}
{"window":{"start":"2023-10-27T14:10:00.000Z","end":"2023-10-27T14:11:00.000Z"},"country":"United Kingdom","OPM":14,"total_sales_volume":1209.5799896121025,"rate_of_return":0.0}
{"window":{"start":"2023-10-26T17:44:00.000Z","end":"2023-10-26T17:45:00.000Z"},"country":"United Kingdom","OPM":10,"total_sales_volume":541.3999962210655,"rate_of_return":0.0}
{"window":{"start":"2023-10-27T17:26:00.000Z","end":"2023-10-27T17:27:00.000Z"},"country":"Australia","OPM":1,"total_sales_volume":-6.639999866485596,"rate_of_return":1.0}
{"window":{"start":"2023-10-25T21:43:00.000Z","end":"2023-10-25T21:44:00.000Z"},"country":"United Kingdom","OPM":3,"total_sales_volume":459.78999495506287,"rate_of_return":0.0}
{"window":{"start":"2023-10-23T12:17:00.000Z","end":"2023-10-23T12:18:00.000Z"},"country":"Switzerland","OPM":1,"total_sales_volume":849.3100228309631,"rate_of_return":0.0}
{"window":{"start":"2023-10-23T22:14:00.000Z","end":"2023-10-23T22:15:00.000Z"},"country":"United Kingdom","OPM":12,"total_sales_volume":236.75999423861504,"rate_of_return":0.16666666666666666}
{"window":{"start":"2023-10-26T08:51:00.000Z","end":"2023-10-26T08:52:00.000Z"},"country":"Switzerland","OPM":1,"total_sales_volume":4.149999916553497,"rate_of_return":0.0}
{"window":{"start":"2023-10-24T13:29:00.000Z","end":"2023-10-24T13:30:00.000Z"},"country":"United Kingdom","OPM":12,"total_sales_volume":1505.2099665403366,"rate_of_return":0.0}
{"window":{"start":"2023-10-27T21:12:00.000Z","end":"2023-10-27T21:13:00.000Z"},"country":"France","OPM":1,"total_sales_volume":17.509999990463257,"rate_of_return":0.0}
{"window":{"start":"2023-10-25T16:33:00.000Z","end":"2023-10-25T16:34:00.000Z"},"country":"Lebanon","OPM":1,"total_sales_volume":4.150000095367432,"rate_of_return":0.0}
{"window":{"start":"2023-10-27T03:57:00.000Z","end":"2023-10-27T03:58:00.000Z"},"country":"United Kingdom","OPM":11,"total_sales_volume":936.8399999141693,"rate_of_return":0.0}
{"window":{"start":"2023-10-27T13:33:00.000Z","end":"2023-10-27T13:34:00.000Z"},"country":"EIRE","OPM":1,"total_sales_volume":76.5700011253357,"rate_of_return":0.0}
{"window":{"start":"2023-10-26T00:42:00.000Z","end":"2023-10-26T00:43:00.000Z"},"country":"EIRE","OPM":1,"total_sales_volume":70.99999809265137,"rate_of_return":0.0}
{"window":{"start":"2023-10-25T10:30:00.000Z","end":"2023-10-25T10:31:00.000Z"},"country":"Belgium","OPM":1,"total_sales_volume":17.950000047683716,"rate_of_return":0.0}
{"window":{"start":"2023-10-28T02:19:00.000Z","end":"2023-10-28T02:20:00.000Z"},"country":"France","OPM":1,"total_sales_volume":3.75,"rate_of_return":0.0}
{"window":{"start":"2023-10-26T18:03:00.000Z","end":"2023-10-26T18:04:00.000Z"},"country":"United Kingdom","OPM":13,"total_sales_volume":469.360004812479,"rate_of_return":0.07692307692307693}
{"window":{"start":"2023-10-26T03:34:00.000Z","end":"2023-10-26T03:35:00.000Z"},"country":"Spain","OPM":1,"total_sales_volume":75.59999957680702,"rate_of_return":0.0}
{"window":{"start":"2023-10-26T08:17:00.000Z","end":"2023-10-26T08:18:00.000Z"},"country":"United Kingdom","OPM":5,"total_sales_volume":149.7499986588955,"rate_of_return":0.0}
{"window":{"start":"2023-10-25T06:12:00.000Z","end":"2023-10-25T06:13:00.000Z"},"country":"United Kingdom","OPM":8,"total_sales_volume":524.1799963414669,"rate_of_return":0.0}
{"window":{"start":"2023-10-24T13:05:00.000Z","end":"2023-10-24T13:06:00.000Z"},"country":"Norway","OPM":1,"total_sales_volume":9.920000076293945,"rate_of_return":0.0}
{"window":{"start":"2023-10-26T04:09:00.000Z","end":"2023-10-26T04:10:00.000Z"},"country":"United Kingdom","OPM":5,"total_sales_volume":305.43999975919724,"rate_of_return":0.0}
{"window":{"start":"2023-10-24T04:42:00.000Z","end":"2023-10-24T04:43:00.000Z"},"country":"United Kingdom","OPM":14,"total_sales_volume":467.0699978172779,"rate_of_return":0.07142857142857142}
{"window":{"start":"2023-10-28T02:24:00.000Z","end":"2023-10-28T02:25:00.000Z"},"country":"United Kingdom","OPM":9,"total_sales_volume":436.57999446988106,"rate_of_return":0.0}
{"window":{"start":"2023-10-26T23:50:00.000Z","end":"2023-10-26T23:51:00.000Z"},"country":"United Kingdom","OPM":5,"total_sales_volume":236.30999964475632,"rate_of_return":0.0}
{"window":{"start":"2023-10-28T05:02:00.000Z","end":"2023-10-28T05:03:00.000Z"},"country":"France","OPM":1,"total_sales_volume":3.9000000953674316,"rate_of_return":0.0}
{"window":{"start":"2023-10-25T22:31:00.000Z","end":"2023-10-25T22:32:00.000Z"},"country":"United Kingdom","OPM":13,"total_sales_volume":449.5200048983097,"rate_of_return":0.15384615384615385}
{"window":{"start":"2023-10-26T18:09:00.000Z","end":"2023-10-26T18:10:00.000Z"},"country":"United Kingdom","OPM":10,"total_sales_volume":387.9399944841862,"rate_of_return":0.1}
{"window":{"start":"2023-10-26T11:11:00.000Z","end":"2023-10-26T11:12:00.000Z"},"country":"United Kingdom","OPM":7,"total_sales_volume":210.33999729156494,"rate_of_return":0.2857142857142857}
{"window":{"start":"2023-10-27T17:42:00.000Z","end":"2023-10-27T17:43:00.000Z"},"country":"EIRE","OPM":1,"total_sales_volume":20.0,"rate_of_return":0.0}
{"window":{"start":"2023-10-25T16:04:00.000Z","end":"2023-10-25T16:05:00.000Z"},"country":"United Kingdom","OPM":13,"total_sales_volume":655.0099963247776,"rate_of_return":0.0}
{"window":{"start":"2023-10-26T13:09:00.000Z","end":"2023-10-26T13:10:00.000Z"},"country":"United Kingdom","OPM":9,"total_sales_volume":1100.099993020296,"rate_of_return":0.0}
{"window":{"start":"2023-10-28T00:24:00.000Z","end":"2023-10-28T00:25:00.000Z"},"country":"United Kingdom","OPM":7,"total_sales_volume":568.6499940156937,"rate_of_return":0.2857142857142857}
{"window":{"start":"2023-10-26T07:13:00.000Z","end":"2023-10-26T07:14:00.000Z"},"country":"United Kingdom","OPM":13,"total_sales_volume":178.86999705433846,"rate_of_return":0.07692307692307693}
{"window":{"start":"2023-10-27T02:11:00.000Z","end":"2023-10-27T02:12:00.000Z"},"country":"United Kingdom","OPM":16,"total_sales_volume":1977.7400169074535,"rate_of_return":0.1875}
{"window":{"start":"2023-10-23T17:48:00.000Z","end":"2023-10-23T17:49:00.000Z"},"country":"United Kingdom","OPM":6,"total_sales_volume":881.5799863040447,"rate_of_return":0.0}
{"window":{"start":"2023-10-27T12:15:00.000Z","end":"2023-10-27T12:16:00.000Z"},"country":"United Kingdom","OPM":8,"total_sales_volume":751.4399967193604,"rate_of_return":0.125}
{"window":{"start":"2023-10-25T02:16:00.000Z","end":"2023-10-25T02:17:00.000Z"},"country":"United Kingdom","OPM":12,"total_sales_volume":960.500009059906,"rate_of_return":0.0}
{"window":{"start":"2023-10-26T06:59:00.000Z","end":"2023-10-26T07:00:00.000Z"},"country":"United Kingdom","OPM":17,"total_sales_volume":799.859993994236,"rate_of_return":0.0}
{"window":{"start":"2023-10-25T17:12:00.000Z","end":"2023-10-25T17:13:00.000Z"},"country":"Germany","OPM":1,"total_sales_volume":884.6699995994568,"rate_of_return":0.0}
{"window":{"start":"2023-10-24T23:14:00.000Z","end":"2023-10-24T23:15:00.000Z"},"country":"United Kingdom","OPM":9,"total_sales_volume":608.7499996423721,"rate_of_return":0.0}
{"window":{"start":"2023-10-24T09:16:00.000Z","end":"2023-10-24T09:17:00.000Z"},"country":"United Kingdom","OPM":11,"total_sales_volume":364.9900006055832,"rate_of_return":0.18181818181818182}
{"window":{"start":"2023-10-25T17:20:00.000Z","end":"2023-10-25T17:21:00.000Z"},"country":"United Kingdom","OPM":9,"total_sales_volume":308.98000133037567,"rate_of_return":0.0}
{"window":{"start":"2023-10-24T13:10:00.000Z","end":"2023-10-24T13:11:00.000Z"},"country":"United Kingdom","OPM":5,"total_sales_volume":742.7099899947643,"rate_of_return":0.0}
