{"window":{"start":"2023-10-24T10:07:00.000Z","end":"2023-10-24T10:08:00.000Z"},"country":"United Kingdom","OPM":9,"total_sales_volume":324.1199993491173,"rate_of_return":0.0}
{"window":{"start":"2023-10-23T19:01:00.000Z","end":"2023-10-23T19:02:00.000Z"},"country":"Channel Islands","OPM":1,"total_sales_volume":199.03000074625015,"rate_of_return":0.0}
{"window":{"start":"2023-10-26T23:56:00.000Z","end":"2023-10-26T23:57:00.000Z"},"country":"United Kingdom","OPM":9,"total_sales_volume":681.9899953603745,"rate_of_return":0.0}
{"window":{"start":"2023-10-27T23:39:00.000Z","end":"2023-10-27T23:40:00.000Z"},"country":"Switzerland","OPM":2,"total_sales_volume":504.6000006198883,"rate_of_return":0.0}
{"window":{"start":"2023-10-24T13:25:00.000Z","end":"2023-10-24T13:26:00.000Z"},"country":"United Kingdom","OPM":6,"total_sales_volume":273.8899995684624,"rate_of_return":0.0}
{"window":{"start":"2023-10-27T22:36:00.000Z","end":"2023-10-27T22:37:00.000Z"},"country":"Poland","OPM":1,"total_sales_volume":23.679999589920044,"rate_of_return":0.0}
{"window":{"start":"2023-10-25T08:04:00.000Z","end":"2023-10-25T08:05:00.000Z"},"country":"EIRE","OPM":2,"total_sales_volume":45.37999838590622,"rate_of_return":0.0}
{"window":{"start":"2023-10-26T18:20:00.000Z","end":"2023-10-26T18:21:00.000Z"},"country":"United Kingdom","OPM":9,"total_sales_volume":366.95000100135803,"rate_of_return":0.0}
{"window":{"start":"2023-10-27T06:14:00.000Z","end":"2023-10-27T06:15:00.000Z"},"country":"Portugal","OPM":1,"total_sales_volume":21.429999232292175,"rate_of_return":0.0}
{"window":{"start":"2023-10-25T06:20:00.000Z","end":"2023-10-25T06:21:00.000Z"},"country":"United Kingdom","OPM":10,"total_sales_volume":279.6199991106987,"rate_of_return":0.1}
{"window":{"start":"2023-10-26T03:36:00.000Z","end":"2023-10-26T03:37:00.000Z"},"country":"United Kingdom","OPM":3,"total_sales_volume":24.040000051259995,"rate_of_return":0.0}
{"window":{"start":"2023-10-27T08:58:00.000Z","end":"2023-10-27T08:59:00.000Z"},"country":"Channel Islands","OPM":1,"total_sales_volume":8.399999618530273,"rate_of_return":0.0}
{"window":{"start":"2023-10-27T23:24:00.000Z","end":"2023-10-27T23:25:00.000Z"},"country":"Cyprus","OPM":1,"total_sales_volume":0.8299999833106995,"rate_of_return":0.0}
{"window":{"start":"2023-10-25T21:22:00.000Z","end":"2023-10-25T21:23:00.000Z"},"country":"United Kingdom","OPM":9,"total_sales_volume":-461.63000214099884,"rate_of_return":0.1111111111111111}
{"window":{"start":"2023-10-23T16:13:00.000Z","end":"2023-10-23T16:14:00.000Z"},"country":"United Kingdom","OPM":12,"total_sales_volume":1473.5899838507175,"rate_of_return":0.08333333333333333}
{"window":{"start":"2023-10-26T14:20:00.000Z","end":"2023-10-26T14:21:00.000Z"},"country":"Poland","OPM":1,"total_sales_volume":40.77999925613403,"rate_of_return":0.0}
{"window":{"start":"2023-10-27T22:54:00.000Z","end":"2023-10-27T22:55:00.000Z"},"country":"United Kingdom","OPM":13,"total_sales_volume":407.02999848127365,"rate_of_return":0.07692307692307693}
{"window":{"start":"2023-10-25T20:36:00.000Z","end":"2023-10-25T20:37:00.000Z"},"country":"United Kingdom","OPM":8,"total_sales_volume":812.6899974942207,"rate_of_return":0.0}
{"window":{"start":"2023-10-26T23:23:00.000Z","end":"2023-10-26T23:24:00.000Z"},"country":"United Kingdom","OPM":5,"total_sales_volume":362.14999943971634,"rate_of_return":0.0}
{"window":{"start":"2023-10-25T05:24:00.000Z","end":"2023-10-25T05:25:00.000Z"},"country":"EIRE","OPM":1,"total_sales_volume":2.0999999046325684,"rate_of_return":0.0}
{"window":{"start":"2023-10-26T16:03:00.000Z","end":"2023-10-26T16:04:00.000Z"},"country":"Belgium","OPM":1,"total_sales_volume":2.0999999046325684,"rate_of_return":0.0}
{"window":{"start":"2023-10-25T17:35:00.000Z","end":"2023-10-25T17:36:00.000Z"},"country":"France","OPM":1,"total_sales_volume":86.35999870300293,"rate_of_return":0.0}
{"window":{"start":"2023-10-28T03:22:00.000Z","end":"2023-10-28T03:23:00.000Z"},"country":"Switzerland","OPM":1,"total_sales_volume":1.7000000476837158,"rate_of_return":0.0}
{"window":{"start":"2023-10-25T02:57:00.000Z","end":"2023-10-25T02:58:00.000Z"},"country":"Germany","OPM":1,"total_sales_volume":38.15999794006348,"rate_of_return":0.0}
{"window":{"start":"2023-10-25T08:04:00.000Z","end":"2023-10-25T08:05:00.000Z"},"country":"Portugal","OPM":1,"total_sales_volume":21.549999594688416,"rate_of_return":0.0}
{"window":{"start":"2023-10-27T08:02:00.000Z","end":"2023-10-27T08:03:00.000Z"},"country":"EIRE","OPM":1,"total_sales_volume":13.929999828338623,"rate_of_return":0.0}
{"window":{"start":"2023-10-24T13:55:00.000Z","end":"2023-10-24T13:56:00.000Z"},"country":"United Kingdom","OPM":16,"total_sales_volume":519.1200000941753,"rate_of_return":0.0625}
{"window":{"start":"2023-10-26T16:40:00.000Z","end":"2023-10-26T16:41:00.000Z"},"country":"United Kingdom","OPM":4,"total_sales_volume":177.48999953269958,"rate_of_return":0.25}
{"window":{"start":"2023-10-24T22:42:00.000Z","end":"2023-10-24T22:43:00.000Z"},"country":"United Kingdom","OPM":14,"total_sales_volume":614.4799904823303,"rate_of_return":0.07142857142857142}
{"window":{"start":"2023-10-27T21:11:00.000Z","end":"2023-10-27T21:12:00.000Z"},"country":"United Kingdom","OPM":11,"total_sales_volume":512.509995341301,"rate_of_return":0.0}
{"window":{"start":"2023-10-28T01:07:00.000Z","end":"2023-10-28T01:08:00.000Z"},"country":"Germany","OPM":1,"total_sales_volume":41.579999923706055,"rate_of_return":0.0}
{"window":{"start":"2023-10-26T18:24:00.000Z","end":"2023-10-26T18:25:00.000Z"},"country":"Channel Islands","OPM":1,"total_sales_volume":9.959999799728394,"rate_of_return":0.0}
{"window":{"start":"2023-10-24T15:48:00.000Z","end":"2023-10-24T15:49:00.000Z"},"country":"United Kingdom","OPM":5,"total_sales_volume":325.41999366879463,"rate_of_return":0.0}
{"window":{"start":"2023-10-24T12:45:00.000Z","end":"2023-10-24T12:46:00.000Z"},"country":"Netherlands","OPM":1,"total_sales_volume":58.31999981403351,"rate_of_return":0.0}
{"window":{"start":"2023-10-26T07:47:00.000Z","end":"2023-10-26T07:48:00.000Z"},"country":"United Kingdom","OPM":8,"total_sales_volume":403.7500015795231,"rate_of_return":0.125}
{"window":{"start":"2023-10-24T14:30:00.000Z","end":"2023-10-24T14:31:00.000Z"},"country":"United Kingdom","OPM":9,"total_sales_volume":477.79999846220016,"rate_of_return":0.0}
{"window":{"start":"2023-10-27T09:13:00.000Z","end":"2023-10-27T09:14:00.000Z"},"country":"Germany","OPM":1,"total_sales_volume":95.16000151634216,"rate_of_return":0.0}
{"window":{"start":"2023-10-23T16:11:00.000Z","end":"2023-10-23T16:12:00.000Z"},"country":"Germany","OPM":1,"total_sales_volume":103.7099997997284,"rate_of_return":0.0}
{"window":{"start":"2023-10-27T07:13:00.000Z","end":"2023-10-27T07:14:00.000Z"},"country":"United Kingdom","OPM":10,"total_sales_volume":203.98999816179276,"rate_of_return":0.0}
{"window":{"start":"2023-10-26T04:46:00.000Z","end":"2023-10-26T04:47:00.000Z"},"country":"United Kingdom","OPM":12,"total_sales_volume":733.9299961924553,"rate_of_return":0.0}
{"window":{"start":"2023-10-23T15:32:00.000Z","end":"2023-10-23T15:33:00.000Z"},"country":"Belgium","OPM":1,"total_sales_volume":14.84999966621399,"rate_of_return":0.0}
{"window":{"start":"2023-10-26T21:26:00.000Z","end":"2023-10-26T21:27:00.000Z"},"country":"EIRE","OPM":2,"total_sales_volume":83.54999923706055,"rate_of_return":0.0}
{"window":{"start":"2023-10-27T14:08:00.000Z","end":"2023-10-27T14:09:00.000Z"},"country":"EIRE","OPM":1,"total_sales_volume":161.6700000166893,"rate_of_return":0.0}
{"window":{"start":"2023-10-27T00:48:00.000Z","end":"2023-10-27T00:49:00.000Z"},"country":"United Kingdom","OPM":15,"total_sales_volume":692.3499964103103,"rate_of_return":0.0}
{"window":{"start":"2023-10-25T10:26:00.000Z","end":"2023-10-25T10:27:00.000Z"},"country":"United Kingdom","OPM":14,"total_sales_volume":1154.709997534752,"rate_of_return":0.0}
{"window":{"start":"2023-10-26T02:36:00.000Z","end":"2023-10-26T02:37:00.000Z"},"country":"Australia","OPM":1,"total_sales_volume":4.949999809265137,"rate_of_return":0.0}
{"window":{"start":"2023-10-25T00:58:00.000Z","end":"2023-10-25T00:59:00.000Z"},"country":"United Kingdom","OPM":8,"total_sales_volume":727.8099962472916,"rate_of_return":0.125}
{"window":{"start":"2023-10-26T00:08:00.000Z","end":"2023-10-26T00:09:00.000Z"},"country":"Sweden","OPM":1,"total_sales_volume":77.249999076128,"rate_of_return":0.0}
{"window":{"start":"2023-10-28T04:34:00.000Z","end":"2023-10-28T04:35:00.000Z"},"country":"Germany","OPM":1,"total_sales_volume":-73.22999894618988,"rate_of_return":1.0}
{"window":{"start":"2023-10-25T00:15:00.000Z","end":"2023-10-25T00:16:00.000Z"},"country":"United Kingdom","OPM":4,"total_sales_volume":501.3999949991703,"rate_of_return":0.0}
{"window":{"start":"2023-10-24T06:27:00.000Z","end":"2023-10-24T06:28:00.000Z"},"country":"United Kingdom","OPM":8,"total_sales_volume":1068.4400002658367,"rate_of_return":0.0}
{"window":{"start":"2023-10-23T15:12:00.000Z","end":"2023-10-23T15:13:00.000Z"},"country":"Belgium","OPM":1,"total_sales_volume":725.1699768304825,"rate_of_return":0.0}
{"window":{"start":"2023-10-28T00:15:00.000Z","end":"2023-10-28T00:16:00.000Z"},"country":"Greece","OPM":1,"total_sales_volume":6.800000190734863,"rate_of_return":0.0}
{"window":{"start":"2023-10-27T15:55:00.000Z","end":"2023-10-27T15:56:00.000Z"},"country":"United Kingdom","OPM":9,"total_sales_volume":716.329999268055,"rate_of_return":0.0}
{"window":{"start":"2023-10-27T09:26:00.000Z","end":"2023-10-27T09:27:00.000Z"},"country":"United Kingdom","OPM":10,"total_sales_volume":251.06999611854553,"rate_of_return":0.2}
{"window":{"start":"2023-10-24T11:49:00.000Z","end":"2023-10-24T11:50:00.000Z"},"country":"United Kingdom","OPM":10,"total_sales_volume":773.1600108593702,"rate_of_return":0.0}
{"window":{"start":"2023-10-24T08:59:00.000Z","end":"2023-10-24T09:00:00.000Z"},"country":"Unspecified","OPM":1,"total_sales_volume":28.020000100135803,"rate_of_return":0.0}
{"window":{"start":"2023-10-27T05:22:00.000Z","end":"2023-10-27T05:23:00.000Z"},"country":"United Kingdom","OPM":9,"total_sales_volume":832.6599922180176,"rate_of_return":0.0}
{"window":{"start":"2023-10-25T08:23:00.000Z","end":"2023-10-25T08:24:00.000Z"},"country":"Netherlands","OPM":1,"total_sales_volume":15.649999976158142,"rate_of_return":0.0}
{"window":{"start":"2023-10-24T04:38:00.000Z","end":"2023-10-24T04:39:00.000Z"},"country":"France","OPM":1,"total_sales_volume":2.5,"rate_of_return":0.0}
{"window":{"start":"2023-10-25T12:18:00.000Z","end":"2023-10-25T12:19:00.000Z"},"country":"United Kingdom","OPM":10,"total_sales_volume":278.44999971985817,"rate_of_return":0.0}
