{"window":{"start":"2023-10-26T15:00:00.000Z","end":"2023-10-26T15:01:00.000Z"},"country":"United Kingdom","OPM":4,"total_sales_volume":79.72999823093414,"rate_of_return":0.0}
{"window":{"start":"2023-10-23T19:00:00.000Z","end":"2023-10-23T19:01:00.000Z"},"country":"France","OPM":1,"total_sales_volume":12.750000357627869,"rate_of_return":0.0}
{"window":{"start":"2023-10-26T09:03:00.000Z","end":"2023-10-26T09:04:00.000Z"},"country":"France","OPM":1,"total_sales_volume":39.58000028133392,"rate_of_return":0.0}
{"window":{"start":"2023-10-24T05:41:00.000Z","end":"2023-10-24T05:42:00.000Z"},"country":"Germany","OPM":1,"total_sales_volume":41.55000019073486,"rate_of_return":0.0}
{"window":{"start":"2023-10-26T02:20:00.000Z","end":"2023-10-26T02:21:00.000Z"},"country":"Germany","OPM":1,"total_sales_volume":99.55999851226807,"rate_of_return":0.0}
{"window":{"start":"2023-10-23T16:00:00.000Z","end":"2023-10-23T16:01:00.000Z"},"country":"United Kingdom","OPM":12,"total_sales_volume":860.200013756752,"rate_of_return":0.0}
{"window":{"start":"2023-10-27T09:06:00.000Z","end":"2023-10-27T09:07:00.000Z"},"country":"United Kingdom","OPM":5,"total_sales_volume":140.90999817848206,"rate_of_return":0.0}
{"window":{"start":"2023-10-24T08:13:00.000Z","end":"2023-10-24T08:14:00.000Z"},"country":"United Kingdom","OPM":9,"total_sales_volume":1455.1899994313717,"rate_of_return":0.1111111111111111}
{"window":{"start":"2023-10-24T09:54:00.000Z","end":"2023-10-24T09:55:00.000Z"},"country":"United Kingdom","OPM":8,"total_sales_volume":1246.2299916744232,"rate_of_return":0.0}
{"window":{"start":"2023-10-25T23:56:00.000Z","end":"2023-10-25T23:57:00.000Z"},"country":"United Kingdom","OPM":12,"total_sales_volume":451.94999873638153,"rate_of_return":0.0}
{"window":{"start":"2023-10-26T08:51:00.000Z","end":"2023-10-26T08:52:00.000Z"},"country":"United Kingdom","OPM":14,"total_sales_volume":1172.11999553442,"rate_of_return":0.07142857142857142}
{"window":{"start":"2023-10-26T23:26:00.000Z","end":"2023-10-26T23:27:00.000Z"},"country":"EIRE","OPM":1,"total_sales_volume":26.749999284744263,"rate_of_return":0.0}
{"window":{"start":"2023-10-26T11:40:00.000Z","end":"2023-10-26T11:41:00.000Z"},"country":"Canada","OPM":1,"total_sales_volume":8.759999960660934,"rate_of_return":0.0}
{"window":{"start":"2023-10-26T18:53:00.000Z","end":"2023-10-26T18:54:00.000Z"},"country":"United Kingdom","OPM":14,"total_sales_volume":1325.9599927067757,"rate_of_return":0.14285714285714285}
{"window":{"start":"2023-10-27T12:30:00.000Z","end":"2023-10-27T12:31:00.000Z"},"country":"United Kingdom","OPM":9,"total_sales_volume":448.74000054597855,"rate_of_return":0.1111111111111111}
{"window":{"start":"2023-10-26T05:10:00.000Z","end":"2023-10-26T05:11:00.000Z"},"country":"United Kingdom","OPM":9,"total_sales_volume":2139.1499676704407,"rate_of_return":0.1111111111111111}
{"window":{"start":"2023-10-25T16:31:00.000Z","end":"2023-10-25T16:32:00.000Z"},"country":"Spain","OPM":1,"total_sales_volume":0.8500000238418579,"rate_of_return":0.0}
{"window":{"start":"2023-10-26T09:40:00.000Z","end":"2023-10-26T09:41:00.000Z"},"country":"United Kingdom","OPM":2,"total_sales_volume":58.549999833106995,"rate_of_return":0.0}
{"window":{"start":"2023-10-24T18:22:00.000Z","end":"2023-10-24T18:23:00.000Z"},"country":"United Kingdom","OPM":14,"total_sales_volume":1222.0700055360794,"rate_of_return":0.0}
{"window":{"start":"2023-10-26T08:46:00.000Z","end":"2023-10-26T08:47:00.000Z"},"country":"Germany","OPM":1,"total_sales_volume":154.35000026226044,"rate_of_return":0.0}
{"window":{"start":"2023-10-26T23:01:00.000Z","end":"2023-10-26T23:02:00.000Z"},"country":"United Kingdom","OPM":6,"total_sales_volume":429.8499952852726,"rate_of_return":0.0}
{"window":{"start":"2023-10-27T00:56:00.000Z","end":"2023-10-27T00:57:00.000Z"},"country":"United Kingdom","OPM":9,"total_sales_volume":551.2699939012527,"rate_of_return":0.0}
{"window":{"start":"2023-10-25T08:56:00.000Z","end":"2023-10-25T08:57:00.000Z"},"country":"EIRE","OPM":1,"total_sales_volume":11.68999969959259,"rate_of_return":0.0}
{"window":{"start":"2023-10-25T13:51:00.000Z","end":"2023-10-25T13:52:00.000Z"},"country":"United Kingdom","OPM":2,"total_sales_volume":45.43999946117401,"rate_of_return":0.0}
{"window":{"start":"2023-10-27T16:17:00.000Z","end":"2023-10-27T16:18:00.000Z"},"country":"Singapore","OPM":1,"total_sales_volume":310.37999296188354,"rate_of_return":0.0}
{"window":{"start":"2023-10-23T14:28:00.000Z","end":"2023-10-23T14:29:00.000Z"},"country":"France","OPM":1,"total_sales_volume":26.47000026702881,"rate_of_return":0.0}
{"window":{"start":"2023-10-24T22:07:00.000Z","end":"2023-10-24T22:08:00.000Z"},"country":"United Kingdom","OPM":6,"total_sales_volume":-76.51000389456749,"rate_of_return":0.16666666666666666}
{"window":{"start":"2023-10-27T19:32:00.000Z","end":"2023-10-27T19:33:00.000Z"},"country":"Cyprus","OPM":1,"total_sales_volume":26.399999618530273,"rate_of_return":0.0}
{"window":{"start":"2023-10-27T06:48:00.000Z","end":"2023-10-27T06:49:00.000Z"},"country":"United Kingdom","OPM":12,"total_sales_volume":1305.4499998688698,"rate_of_return":0.0}
{"window":{"start":"2023-10-27T05:26:00.000Z","end":"2023-10-27T05:27:00.000Z"},"country":"Cyprus","OPM":1,"total_sales_volume":12.200000166893005,"rate_of_return":0.0}
{"window":{"start":"2023-10-24T18:58:00.000Z","end":"2023-10-24T18:59:00.000Z"},"country":"United Kingdom","OPM":4,"total_sales_volume":69.94999980926514,"rate_of_return":0.0}
{"window":{"start":"2023-10-24T01:21:00.000Z","end":"2023-10-24T01:22:00.000Z"},"country":"United Kingdom","OPM":10,"total_sales_volume":69.38999873399734,"rate_of_return":0.1}
{"window":{"start":"2023-10-26T10:19:00.000Z","end":"2023-10-26T10:20:00.000Z"},"country":"United Kingdom","OPM":10,"total_sales_volume":617.4999899566174,"rate_of_return":0.0}
{"window":{"start":"2023-10-25T10:39:00.000Z","end":"2023-10-25T10:40:00.000Z"},"country":"Finland","OPM":1,"total_sales_volume":94.56999957561493,"rate_of_return":0.0}
{"window":{"start":"2023-10-27T21:33:00.000Z","end":"2023-10-27T21:34:00.000Z"},"country":"United Kingdom","OPM":12,"total_sales_volume":627.2999961972237,"rate_of_return":0.08333333333333333}
{"window":{"start":"2023-10-23T17:40:00.000Z","end":"2023-10-23T17:41:00.000Z"},"country":"United Kingdom","OPM":7,"total_sales_volume":312.1799969673157,"rate_of_return":0.14285714285714285}
{"window":{"start":"2023-10-27T12:15:00.000Z","end":"2023-10-27T12:16:00.000Z"},"country":"France","OPM":1,"total_sales_volume":151.950000166893,"rate_of_return":0.0}
{"window":{"start":"2023-10-26T12:24:00.000Z","end":"2023-10-26T12:25:00.000Z"},"country":"United Kingdom","OPM":8,"total_sales_volume":227.52999851107597,"rate_of_return":0.0}
{"window":{"start":"2023-10-23T23:47:00.000Z","end":"2023-10-23T23:48:00.000Z"},"country":"EIRE","OPM":1,"total_sales_volume":22.3100004196167,"rate_of_return":0.0}
{"window":{"start":"2023-10-24T22:44:00.000Z","end":"2023-10-24T22:45:00.000Z"},"country":"United Kingdom","OPM":7,"total_sales_volume":206.64999812841415,"rate_of_return":0.14285714285714285}
{"window":{"start":"2023-10-27T23:24:00.000Z","end":"2023-10-27T23:25:00.000Z"},"country":"France","OPM":1,"total_sales_volume":6.519999980926514,"rate_of_return":0.0}
{"window":{"start":"2023-10-25T11:26:00.000Z","end":"2023-10-25T11:27:00.000Z"},"country":"United Kingdom","OPM":8,"total_sales_volume":306.7399959564209,"rate_of_return":0.0}
{"window":{"start":"2023-10-26T23:18:00.000Z","end":"2023-10-26T23:19:00.000Z"},"country":"United Kingdom","OPM":3,"total_sales_volume":-147.34000518918037,"rate_of_return":0.3333333333333333}
{"window":{"start":"2023-10-25T12:06:00.000Z","end":"2023-10-25T12:07:00.000Z"},"country":"Netherlands","OPM":1,"total_sales_volume":108.71000027656555,"rate_of_return":0.0}
{"window":{"start":"2023-10-27T04:15:00.000Z","end":"2023-10-27T04:16:00.000Z"},"country":"Australia","OPM":1,"total_sales_volume":13.400000095367432,"rate_of_return":0.0}
{"window":{"start":"2023-10-25T18:22:00.000Z","end":"2023-10-25T18:23:00.000Z"},"country":"United Kingdom","OPM":15,"total_sales_volume":887.1799964606762,"rate_of_return":0.0}
{"window":{"start":"2023-10-27T08:08:00.000Z","end":"2023-10-27T08:09:00.000Z"},"country":"United Kingdom","OPM":7,"total_sales_volume":387.360003888607,"rate_of_return":0.0}
{"window":{"start":"2023-10-27T08:35:00.000Z","end":"2023-10-27T08:36:00.000Z"},"country":"Spain","OPM":1,"total_sales_volume":14.949999809265137,"rate_of_return":0.0}
{"window":{"start":"2023-10-25T21:20:00.000Z","end":"2023-10-25T21:21:00.000Z"},"country":"United Kingdom","OPM":10,"total_sales_volume":629.619997292757,"rate_of_return":0.0}
{"window":{"start":"2023-10-24T17:34:00.000Z","end":"2023-10-24T17:35:00.000Z"},"country":"Japan","OPM":1,"total_sales_volume":48.26000094413757,"rate_of_return":0.0}
{"window":{"start":"2023-10-25T07:52:00.000Z","end":"2023-10-25T07:53:00.000Z"},"country":"United Kingdom","OPM":13,"total_sales_volume":576.5899990200996,"rate_of_return":0.07692307692307693}
{"window":{"start":"2023-10-25T09:12:00.000Z","end":"2023-10-25T09:13:00.000Z"},"country":"United Kingdom","OPM":6,"total_sales_volume":345.15000227093697,"rate_of_return":0.0}
{"window":{"start":"2023-10-27T23:47:00.000Z","end":"2023-10-27T23:48:00.000Z"},"country":"Germany","OPM":1,"total_sales_volume":136.40000069141388,"rate_of_return":0.0}
{"window":{"start":"2023-10-27T06:04:00.000Z","end":"2023-10-27T06:05:00.000Z"},"country":"United Kingdom","OPM":13,"total_sales_volume":1489.7099856734276,"rate_of_return":0.0}
{"window":{"start":"2023-10-24T21:40:00.000Z","end":"2023-10-24T21:41:00.000Z"},"country":"EIRE","OPM":1,"total_sales_volume":46.74999928474426,"rate_of_return":0.0}
{"window":{"start":"2023-10-27T05:41:00.000Z","end":"2023-10-27T05:42:00.000Z"},"country":"United Kingdom","OPM":6,"total_sales_volume":707.0300062298775,"rate_of_return":0.0}
{"window":{"start":"2023-10-28T05:00:00.000Z","end":"2023-10-28T05:01:00.000Z"},"country":"Netherlands","OPM":1,"total_sales_volume":117.59999799728394,"rate_of_return":0.0}
{"window":{"start":"2023-10-25T09:13:00.000Z","end":"2023-10-25T09:14:00.000Z"},"country":"Germany","OPM":1,"total_sales_volume":1.25,"rate_of_return":0.0}
{"window":{"start":"2023-10-25T07:36:00.000Z","end":"2023-10-25T07:37:00.000Z"},"country":"France","OPM":1,"total_sales_volume":33.70000076293945,"rate_of_return":0.0}
{"window":{"start":"2023-10-25T05:00:00.000Z","end":"2023-10-25T05:01:00.000Z"},"country":"United Kingdom","OPM":9,"total_sales_volume":301.3699988126755,"rate_of_return":0.0}
{"window":{"start":"2023-10-25T17:39:00.000Z","end":"2023-10-25T17:40:00.000Z"},"country":"United Kingdom","OPM":11,"total_sales_volume":794.8600048646331,"rate_of_return":0.0}
{"window":{"start":"2023-10-24T09:20:00.000Z","end":"2023-10-24T09:21:00.000Z"},"country":"Germany","OPM":1,"total_sales_volume":5.799999833106995,"rate_of_return":0.0}
{"window":{"start":"2023-10-26T21:08:00.000Z","end":"2023-10-26T21:09:00.000Z"},"country":"Portugal","OPM":1,"total_sales_volume":13.209999918937683,"rate_of_return":0.0}
{"window":{"start":"2023-10-27T14:18:00.000Z","end":"2023-10-27T14:19:00.000Z"},"country":"United Kingdom","OPM":15,"total_sales_volume":605.1799983680248,"rate_of_return":0.0}
{"window":{"start":"2023-10-24T09:23:00.000Z","end":"2023-10-24T09:24:00.000Z"},"country":"United Kingdom","OPM":5,"total_sales_volume":114.76000165939331,"rate_of_return":0.0}
{"window":{"start":"2023-10-25T22:50:00.000Z","end":"2023-10-25T22:51:00.000Z"},"country":"United Kingdom","OPM":13,"total_sales_volume":541.1599973738194,"rate_of_return":0.0}
{"window":{"start":"2023-10-26T17:54:00.000Z","end":"2023-10-26T17:55:00.000Z"},"country":"Switzerland","OPM":1,"total_sales_volume":8.850000143051147,"rate_of_return":0.0}
{"window":{"start":"2023-10-27T14:09:00.000Z","end":"2023-10-27T14:10:00.000Z"},"country":"United Kingdom","OPM":13,"total_sales_volume":1446.3899838328362,"rate_of_return":0.0}
