{"window":{"start":"2023-10-23T14:37:00.000Z","end":"2023-10-23T14:38:00.000Z"},"country":"United Kingdom","OPM":9,"total_sales_volume":294.8799982368946,"rate_of_return":0.2222222222222222}
{"window":{"start":"2023-10-27T05:46:00.000Z","end":"2023-10-27T05:47:00.000Z"},"country":"Germany","OPM":1,"total_sales_volume":23.12000036239624,"rate_of_return":0.0}
{"window":{"start":"2023-10-27T19:07:00.000Z","end":"2023-10-27T19:08:00.000Z"},"country":"Norway","OPM":1,"total_sales_volume":152.2099996432662,"rate_of_return":0.0}
{"window":{"start":"2023-10-25T09:24:00.000Z","end":"2023-10-25T09:25:00.000Z"},"country":"United Kingdom","OPM":11,"total_sales_volume":182.98000037670135,"rate_of_return":0.09090909090909091}
{"window":{"start":"2023-10-25T12:17:00.000Z","end":"2023-10-25T12:18:00.000Z"},"country":"United Kingdom","OPM":13,"total_sales_volume":632.3099988102913,"rate_of_return":0.0}
{"window":{"start":"2023-10-24T20:02:00.000Z","end":"2023-10-24T20:03:00.000Z"},"country":"United Kingdom","OPM":6,"total_sales_volume":289.2999983429909,"rate_of_return":0.3333333333333333}
{"window":{"start":"2023-10-27T08:49:00.000Z","end":"2023-10-27T08:50:00.000Z"},"country":"Germany","OPM":1,"total_sales_volume":15.850000023841858,"rate_of_return":0.0}
{"window":{"start":"2023-10-27T01:25:00.000Z","end":"2023-10-27T01:26:00.000Z"},"country":"Italy","OPM":1,"total_sales_volume":18.149999380111694,"rate_of_return":0.0}
{"window":{"start":"2023-10-26T12:34:00.000Z","end":"2023-10-26T12:35:00.000Z"},"country":"Switzerland","OPM":1,"total_sales_volume":4.130000114440918,"rate_of_return":0.0}
{"window":{"start":"2023-10-25T10:52:00.000Z","end":"2023-10-25T10:53:00.000Z"},"country":"United Kingdom","OPM":6,"total_sales_volume":700.4199974238873,"rate_of_return":0.0}
{"window":{"start":"2023-10-25T01:31:00.000Z","end":"2023-10-25T01:32:00.000Z"},"country":"Belgium","OPM":1,"total_sales_volume":-2129.4300286769867,"rate_of_return":1.0}
{"window":{"start":"2023-10-27T01:34:00.000Z","end":"2023-10-27T01:35:00.000Z"},"country":"United Kingdom","OPM":9,"total_sales_volume":254.24000003933907,"rate_of_return":0.1111111111111111}
{"window":{"start":"2023-10-25T13:38:00.000Z","end":"2023-10-25T13:39:00.000Z"},"country":"France","OPM":1,"total_sales_volume":5.75,"rate_of_return":0.0}
{"window":{"start":"2023-10-25T17:36:00.000Z","end":"2023-10-25T17:37:00.000Z"},"country":"United Kingdom","OPM":9,"total_sales_volume":481.1699924468994,"rate_of_return":0.0}
{"window":{"start":"2023-10-26T10:32:00.000Z","end":"2023-10-26T10:33:00.000Z"},"country":"United Kingdom","OPM":9,"total_sales_volume":246.94000270962715,"rate_of_return":0.1111111111111111}
{"window":{"start":"2023-10-26T20:15:00.000Z","end":"2023-10-26T20:16:00.000Z"},"country":"United Kingdom","OPM":6,"total_sales_volume":704.0599963665009,"rate_of_return":0.0}
{"window":{"start":"2023-10-25T05:52:00.000Z","end":"2023-10-25T05:53:00.000Z"},"country":"United Kingdom","OPM":8,"total_sales_volume":862.6899884045124,"rate_of_return":0.0}
{"window":{"start":"2023-10-26T22:31:00.000Z","end":"2023-10-26T22:32:00.000Z"},"country":"Germany","OPM":1,"total_sales_volume":19.50999954342842,"rate_of_return":0.0}
{"window":{"start":"2023-10-24T07:13:00.000Z","end":"2023-10-24T07:14:00.000Z"},"country":"France","OPM":1,"total_sales_volume":63.60999917984009,"rate_of_return":0.0}
{"window":{"start":"2023-10-28T04:53:00.000Z","end":"2023-10-28T04:54:00.000Z"},"country":"Malta","OPM":1,"total_sales_volume":4.960000038146973,"rate_of_return":0.0}
{"window":{"start":"2023-10-26T23:29:00.000Z","end":"2023-10-26T23:30:00.000Z"},"country":"Spain","OPM":1,"total_sales_volume":46.10999870300293,"rate_of_return":0.0}
{"window":{"start":"2023-10-24T13:06:00.000Z","end":"2023-10-24T13:07:00.000Z"},"country":"EIRE","OPM":1,"total_sales_volume":41.489999890327454,"rate_of_return":0.0}
{"window":{"start":"2023-10-27T04:22:00.000Z","end":"2023-10-27T04:23:00.000Z"},"country":"Netherlands","OPM":1,"total_sales_volume":34.65000033378601,"rate_of_return":0.0}
{"window":{"start":"2023-10-24T00:42:00.000Z","end":"2023-10-24T00:43:00.000Z"},"country":"Spain","OPM":1,"total_sales_volume":8.24999988079071,"rate_of_return":0.0}
{"window":{"start":"2023-10-27T21:57:00.000Z","end":"2023-10-27T21:58:00.000Z"},"country":"United Kingdom","OPM":10,"total_sales_volume":600.2300042212009,"rate_of_return":0.0}
{"window":{"start":"2023-10-23T22:34:00.000Z","end":"2023-10-23T22:35:00.000Z"},"country":"United Kingdom","OPM":9,"total_sales_volume":843.0100007653236,"rate_of_return":0.0}
{"window":{"start":"2023-10-25T01:20:00.000Z","end":"2023-10-25T01:21:00.000Z"},"country":"United Kingdom","OPM":4,"total_sales_volume":77.54999959468842,"rate_of_return":0.0}
{"window":{"start":"2023-10-28T01:32:00.000Z","end":"2023-10-28T01:33:00.000Z"},"country":"Netherlands","OPM":2,"total_sales_volume":34.33999967575073,"rate_of_return":0.0}
{"window":{"start":"2023-10-26T15:18:00.000Z","end":"2023-10-26T15:19:00.000Z"},"country":"United Kingdom","OPM":7,"total_sales_volume":66.72999858856201,"rate_of_return":0.14285714285714285}
{"window":{"start":"2023-10-27T13:40:00.000Z","end":"2023-10-27T13:41:00.000Z"},"country":"EIRE","OPM":1,"total_sales_volume":46.38999950885773,"rate_of_return":0.0}
{"window":{"start":"2023-10-28T01:39:00.000Z","end":"2023-10-28T01:40:00.000Z"},"country":"United Kingdom","OPM":7,"total_sales_volume":213.07999789714813,"rate_of_return":0.0}
{"window":{"start":"2023-10-24T20:30:00.000Z","end":"2023-10-24T20:31:00.000Z"},"country":"United Kingdom","OPM":16,"total_sales_volume":1112.6699872910976,"rate_of_return":0.0625}
{"window":{"start":"2023-10-24T19:43:00.000Z","end":"2023-10-24T19:44:00.000Z"},"country":"United Kingdom","OPM":7,"total_sales_volume":227.12999713420868,"rate_of_return":0.14285714285714285}
{"window":{"start":"2023-10-24T02:25:00.000Z","end":"2023-10-24T02:26:00.000Z"},"country":"EIRE","OPM":1,"total_sales_volume":20.40000057220459,"rate_of_return":0.0}
{"window":{"start":"2023-10-23T20:57:00.000Z","end":"2023-10-23T20:58:00.000Z"},"country":"United Kingdom","OPM":7,"total_sales_volume":496.2699975967407,"rate_of_return":0.14285714285714285}
{"window":{"start":"2023-10-26T01:34:00.000Z","end":"2023-10-26T01:35:00.000Z"},"country":"United Kingdom","OPM":11,"total_sales_volume":688.5400057137012,"rate_of_return":0.0}
{"window":{"start":"2023-10-25T20:40:00.000Z","end":"2023-10-25T20:41:00.000Z"},"country":"United Kingdom","OPM":14,"total_sales_volume":701.2200012803078,"rate_of_return":0.07142857142857142}
{"window":{"start":"2023-10-25T20:28:00.000Z","end":"2023-10-25T20:29:00.000Z"},"country":"France","OPM":1,"total_sales_volume":13.199999809265137,"rate_of_return":0.0}
{"window":{"start":"2023-10-27T08:31:00.000Z","end":"2023-10-27T08:32:00.000Z"},"country":"France","OPM":1,"total_sales_volume":20.649999737739563,"rate_of_return":0.0}
{"window":{"start":"2023-10-24T18:37:00.000Z","end":"2023-10-24T18:38:00.000Z"},"country":"Finland","OPM":1,"total_sales_volume":67.32999926805496,"rate_of_return":0.0}
{"window":{"start":"2023-10-23T20:31:00.000Z","end":"2023-10-23T20:32:00.000Z"},"country":"United Kingdom","OPM":9,"total_sales_volume":870.8800184130669,"rate_of_return":0.1111111111111111}
{"window":{"start":"2023-10-24T08:28:00.000Z","end":"2023-10-24T08:29:00.000Z"},"country":"United Kingdom","OPM":9,"total_sales_volume":1239.5099943578243,"rate_of_return":0.0}
{"window":{"start":"2023-10-27T11:02:00.000Z","end":"2023-10-27T11:03:00.000Z"},"country":"United Kingdom","OPM":5,"total_sales_volume":254.2699922323227,"rate_of_return":0.2}
{"window":{"start":"2023-10-26T05:22:00.000Z","end":"2023-10-26T05:23:00.000Z"},"country":"United Kingdom","OPM":12,"total_sales_volume":1341.449991375208,"rate_of_return":0.08333333333333333}
{"window":{"start":"2023-10-26T22:15:00.000Z","end":"2023-10-26T22:16:00.000Z"},"country":"Germany","OPM":1,"total_sales_volume":12.479999542236328,"rate_of_return":0.0}
{"window":{"start":"2023-10-24T00:06:00.000Z","end":"2023-10-24T00:07:00.000Z"},"country":"France","OPM":1,"total_sales_volume":19.799999713897705,"rate_of_return":0.0}
{"window":{"start":"2023-10-28T02:14:00.000Z","end":"2023-10-28T02:15:00.000Z"},"country":"Germany","OPM":1,"total_sales_volume":0.6399999856948853,"rate_of_return":0.0}
{"window":{"start":"2023-10-26T22:10:00.000Z","end":"2023-10-26T22:11:00.000Z"},"country":"France","OPM":2,"total_sales_volume":84.35999977588654,"rate_of_return":0.0}
{"window":{"start":"2023-10-25T21:02:00.000Z","end":"2023-10-25T21:03:00.000Z"},"country":"Switzerland","OPM":1,"total_sales_volume":43.039999127388,"rate_of_return":0.0}
{"window":{"start":"2023-10-27T06:38:00.000Z","end":"2023-10-27T06:39:00.000Z"},"country":"United Kingdom","OPM":2,"total_sales_volume":699.7800008356571,"rate_of_return":0.0}
{"window":{"start":"2023-10-26T22:39:00.000Z","end":"2023-10-26T22:40:00.000Z"},"country":"United Kingdom","OPM":9,"total_sales_volume":509.9399960041046,"rate_of_return":0.0}
{"window":{"start":"2023-10-25T13:32:00.000Z","end":"2023-10-25T13:33:00.000Z"},"country":"United Kingdom","OPM":6,"total_sales_volume":219.53000164031982,"rate_of_return":0.0}
{"window":{"start":"2023-10-25T08:57:00.000Z","end":"2023-10-25T08:58:00.000Z"},"country":"Netherlands","OPM":1,"total_sales_volume":76.90000116825104,"rate_of_return":0.0}
{"window":{"start":"2023-10-23T23:40:00.000Z","end":"2023-10-23T23:41:00.000Z"},"country":"Australia","OPM":1,"total_sales_volume":19.799999237060547,"rate_of_return":0.0}
{"window":{"start":"2023-10-23T13:47:00.000Z","end":"2023-10-23T13:48:00.000Z"},"country":"Denmark","OPM":1,"total_sales_volume":128.0,"rate_of_return":0.0}
{"window":{"start":"2023-10-26T23:00:00.000Z","end":"2023-10-26T23:01:00.000Z"},"country":"United Kingdom","OPM":8,"total_sales_volume":397.49999967217445,"rate_of_return":0.0}
{"window":{"start":"2023-10-28T03:42:00.000Z","end":"2023-10-28T03:43:00.000Z"},"country":"United Kingdom","OPM":7,"total_sales_volume":319.4899996519089,"rate_of_return":0.0}
{"window":{"start":"2023-10-26T07:02:00.000Z","end":"2023-10-26T07:03:00.000Z"},"country":"United Kingdom","OPM":4,"total_sales_volume":135.77999871969223,"rate_of_return":0.0}
{"window":{"start":"2023-10-23T19:39:00.000Z","end":"2023-10-23T19:40:00.000Z"},"country":"United Kingdom","OPM":6,"total_sales_volume":575.6299941241741,"rate_of_return":0.0}
{"window":{"start":"2023-10-25T18:42:00.000Z","end":"2023-10-25T18:43:00.000Z"},"country":"United Kingdom","OPM":14,"total_sales_volume":1490.9199786782265,"rate_of_return":0.0}
{"window":{"start":"2023-10-28T04:32:00.000Z","end":"2023-10-28T04:33:00.000Z"},"country":"United Kingdom","OPM":13,"total_sales_volume":122.36999356746674,"rate_of_return":0.15384615384615385}
{"window":{"start":"2023-10-24T15:25:00.000Z","end":"2023-10-24T15:26:00.000Z"},"country":"United Kingdom","OPM":10,"total_sales_volume":911.2400126457214,"rate_of_return":0.1}
{"window":{"start":"2023-10-24T10:37:00.000Z","end":"2023-10-24T10:38:00.000Z"},"country":"Norway","OPM":1,"total_sales_volume":20.40000057220459,"rate_of_return":0.0}
{"window":{"start":"2023-10-26T05:40:00.000Z","end":"2023-10-26T05:41:00.000Z"},"country":"Switzerland","OPM":1,"total_sales_volume":39.47999954223633,"rate_of_return":0.0}
{"window":{"start":"2023-10-24T10:50:00.000Z","end":"2023-10-24T10:51:00.000Z"},"country":"United Kingdom","OPM":9,"total_sales_volume":393.439998626709,"rate_of_return":0.0}
{"window":{"start":"2023-10-24T14:29:00.000Z","end":"2023-10-24T14:30:00.000Z"},"country":"United Kingdom","OPM":11,"total_sales_volume":444.08999609947205,"rate_of_return":0.0}
{"window":{"start":"2023-10-24T08:07:00.000Z","end":"2023-10-24T08:08:00.000Z"},"country":"United Kingdom","OPM":11,"total_sales_volume":291.9499958753586,"rate_of_return":0.0}
{"window":{"start":"2023-10-28T01:43:00.000Z","end":"2023-10-28T01:44:00.000Z"},"country":"France","OPM":1,"total_sales_volume":29.700000762939453,"rate_of_return":0.0}
