{"window":{"start":"2023-10-26T15:57:00.000Z","end":"2023-10-26T15:58:00.000Z"},"country":"United Kingdom","OPM":11,"total_sales_volume":846.2099906802177,"rate_of_return":0.0}
{"window":{"start":"2023-10-24T09:06:00.000Z","end":"2023-10-24T09:07:00.000Z"},"country":"France","OPM":1,"total_sales_volume":18.899999618530273,"rate_of_return":0.0}
{"window":{"start":"2023-10-26T00:31:00.000Z","end":"2023-10-26T00:32:00.000Z"},"country":"United Kingdom","OPM":6,"total_sales_volume":471.6599986553192,"rate_of_return":0.3333333333333333}
{"window":{"start":"2023-10-26T12:13:00.000Z","end":"2023-10-26T12:14:00.000Z"},"country":"Spain","OPM":1,"total_sales_volume":3.75,"rate_of_return":0.0}
{"window":{"start":"2023-10-24T11:51:00.000Z","end":"2023-10-24T11:52:00.000Z"},"country":"Switzerland","OPM":1,"total_sales_volume":46.040000438690186,"rate_of_return":0.0}
{"window":{"start":"2023-10-28T02:17:00.000Z","end":"2023-10-28T02:18:00.000Z"},"country":"United Kingdom","OPM":8,"total_sales_volume":1011.830002695322,"rate_of_return":0.0}
{"window":{"start":"2023-10-24T07:16:00.000Z","end":"2023-10-24T07:17:00.000Z"},"country":"United Kingdom","OPM":12,"total_sales_volume":296.5599984228611,"rate_of_return":0.16666666666666666}
{"window":{"start":"2023-10-26T23:16:00.000Z","end":"2023-10-26T23:17:00.000Z"},"country":"EIRE","OPM":1,"total_sales_volume":55.43000078201294,"rate_of_return":0.0}
{"window":{"start":"2023-10-26T13:51:00.000Z","end":"2023-10-26T13:52:00.000Z"},"country":"United Kingdom","OPM":11,"total_sales_volume":616.1999941766262,"rate_of_return":0.18181818181818182}
{"window":{"start":"2023-10-25T16:51:00.000Z","end":"2023-10-25T16:52:00.000Z"},"country":"United Kingdom","OPM":10,"total_sales_volume":268.69999691843987,"rate_of_return":0.0}
{"window":{"start":"2023-10-24T02:29:00.000Z","end":"2023-10-24T02:30:00.000Z"},"country":"United Kingdom","OPM":5,"total_sales_volume":348.33999240398407,"rate_of_return":0.0}
{"window":{"start":"2023-10-23T16:45:00.000Z","end":"2023-10-23T16:46:00.000Z"},"country":"United Kingdom","OPM":11,"total_sales_volume":567.4900053292513,"rate_of_return":0.18181818181818182}
{"window":{"start":"2023-10-26T21:54:00.000Z","end":"2023-10-26T21:55:00.000Z"},"country":"United Kingdom","OPM":18,"total_sales_volume":839.9499988555908,"rate_of_return":0.05555555555555555}
{"window":{"start":"2023-10-23T21:08:00.000Z","end":"2023-10-23T21:09:00.000Z"},"country":"United Kingdom","OPM":7,"total_sales_volume":328.829997420311,"rate_of_return":0.0}
{"window":{"start":"2023-10-25T11:10:00.000Z","end":"2023-10-25T11:11:00.000Z"},"country":"Germany","OPM":1,"total_sales_volume":130.19999861717224,"rate_of_return":0.0}
{"window":{"start":"2023-10-25T16:34:00.000Z","end":"2023-10-25T16:35:00.000Z"},"country":"Germany","OPM":2,"total_sales_volume":26.149999618530273,"rate_of_return":0.0}
{"window":{"start":"2023-10-28T00:32:00.000Z","end":"2023-10-28T00:33:00.000Z"},"country":"France","OPM":1,"total_sales_volume":22.860000610351562,"rate_of_return":0.0}
{"window":{"start":"2023-10-25T15:30:00.000Z","end":"2023-10-25T15:31:00.000Z"},"country":"United Kingdom","OPM":12,"total_sales_volume":739.4800001382828,"rate_of_return":0.16666666666666666}
{"window":{"start":"2023-10-27T15:23:00.000Z","end":"2023-10-27T15:24:00.000Z"},"country":"United Kingdom","OPM":4,"total_sales_volume":182.8699988424778,"rate_of_return":0.0}
{"window":{"start":"2023-10-23T22:27:00.000Z","end":"2023-10-23T22:28:00.000Z"},"country":"United Kingdom","OPM":3,"total_sales_volume":318.73000288009644,"rate_of_return":0.3333333333333333}
{"window":{"start":"2023-10-27T09:31:00.000Z","end":"2023-10-27T09:32:00.000Z"},"country":"United Kingdom","OPM":6,"total_sales_volume":360.0800020098686,"rate_of_return":0.0}
{"window":{"start":"2023-10-25T06:17:00.000Z","end":"2023-10-25T06:18:00.000Z"},"country":"United Kingdom","OPM":9,"total_sales_volume":365.5000001192093,"rate_of_return":0.1111111111111111}
{"window":{"start":"2023-10-24T05:20:00.000Z","end":"2023-10-24T05:21:00.000Z"},"country":"United Kingdom","OPM":12,"total_sales_volume":494.34000074863434,"rate_of_return":0.0}
{"window":{"start":"2023-10-25T05:46:00.000Z","end":"2023-10-25T05:47:00.000Z"},"country":"Switzerland","OPM":1,"total_sales_volume":109.54999709129333,"rate_of_return":0.0}
{"window":{"start":"2023-10-24T20:20:00.000Z","end":"2023-10-24T20:21:00.000Z"},"country":"Switzerland","OPM":1,"total_sales_volume":76.95000267028809,"rate_of_return":0.0}
{"window":{"start":"2023-10-26T09:58:00.000Z","end":"2023-10-26T09:59:00.000Z"},"country":"EIRE","OPM":1,"total_sales_volume":2.0999999046325684,"rate_of_return":0.0}
{"window":{"start":"2023-10-25T08:19:00.000Z","end":"2023-10-25T08:20:00.000Z"},"country":"United Kingdom","OPM":11,"total_sales_volume":533.3299958407879,"rate_of_return":0.09090909090909091}
{"window":{"start":"2023-10-23T19:21:00.000Z","end":"2023-10-23T19:22:00.000Z"},"country":"Singapore","OPM":1,"total_sales_volume":72.42999958992004,"rate_of_return":0.0}
{"window":{"start":"2023-10-27T13:47:00.000Z","end":"2023-10-27T13:48:00.000Z"},"country":"United Kingdom","OPM":6,"total_sales_volume":306.0799990296364,"rate_of_return":0.3333333333333333}
{"window":{"start":"2023-10-27T05:24:00.000Z","end":"2023-10-27T05:25:00.000Z"},"country":"Belgium","OPM":1,"total_sales_volume":665.1300066709518,"rate_of_return":0.0}
{"window":{"start":"2023-10-23T12:27:00.000Z","end":"2023-10-23T12:28:00.000Z"},"country":"EIRE","OPM":1,"total_sales_volume":-291.75000673532486,"rate_of_return":1.0}
{"window":{"start":"2023-10-27T22:39:00.000Z","end":"2023-10-27T22:40:00.000Z"},"country":"United Kingdom","OPM":12,"total_sales_volume":881.4599879384041,"rate_of_return":0.0}
{"window":{"start":"2023-10-27T06:09:00.000Z","end":"2023-10-27T06:10:00.000Z"},"country":"EIRE","OPM":1,"total_sales_volume":19.899999618530273,"rate_of_return":0.0}
{"window":{"start":"2023-10-25T22:46:00.000Z","end":"2023-10-25T22:47:00.000Z"},"country":"Germany","OPM":1,"total_sales_volume":19.190000534057617,"rate_of_return":0.0}
{"window":{"start":"2023-10-27T00:58:00.000Z","end":"2023-10-27T00:59:00.000Z"},"country":"France","OPM":1,"total_sales_volume":125.34999775886536,"rate_of_return":0.0}
{"window":{"start":"2023-10-24T03:47:00.000Z","end":"2023-10-24T03:48:00.000Z"},"country":"EIRE","OPM":1,"total_sales_volume":331.8100070953369,"rate_of_return":0.0}
{"window":{"start":"2023-10-28T04:15:00.000Z","end":"2023-10-28T04:16:00.000Z"},"country":"Germany","OPM":1,"total_sales_volume":8.24999988079071,"rate_of_return":0.0}
{"window":{"start":"2023-10-24T14:41:00.000Z","end":"2023-10-24T14:42:00.000Z"},"country":"United Kingdom","OPM":8,"total_sales_volume":504.62999790906906,"rate_of_return":0.0}
{"window":{"start":"2023-10-26T03:40:00.000Z","end":"2023-10-26T03:41:00.000Z"},"country":"United Kingdom","OPM":12,"total_sales_volume":698.3400047719479,"rate_of_return":0.08333333333333333}
{"window":{"start":"2023-10-24T05:09:00.000Z","end":"2023-10-24T05:10:00.000Z"},"country":"United Kingdom","OPM":6,"total_sales_volume":525.7999960184097,"rate_of_return":0.0}
{"window":{"start":"2023-10-26T23:30:00.000Z","end":"2023-10-26T23:31:00.000Z"},"country":"United Kingdom","OPM":13,"total_sales_volume":1463.2100077569485,"rate_of_return":0.0}
{"window":{"start":"2023-10-27T10:27:00.000Z","end":"2023-10-27T10:28:00.000Z"},"country":"France","OPM":1,"total_sales_volume":101.34999752044678,"rate_of_return":0.0}
{"window":{"start":"2023-10-25T00:04:00.000Z","end":"2023-10-25T00:05:00.000Z"},"country":"United Kingdom","OPM":9,"total_sales_volume":679.0300006270409,"rate_of_return":0.0}
{"window":{"start":"2023-10-26T21:05:00.000Z","end":"2023-10-26T21:06:00.000Z"},"country":"United Kingdom","OPM":16,"total_sales_volume":142.20999506860971,"rate_of_return":0.1875}
{"window":{"start":"2023-10-24T06:18:00.000Z","end":"2023-10-24T06:19:00.000Z"},"country":"United Kingdom","OPM":9,"total_sales_volume":621.0399974882603,"rate_of_return":0.0}
{"window":{"start":"2023-10-26T22:07:00.000Z","end":"2023-10-26T22:08:00.000Z"},"country":"United Kingdom","OPM":16,"total_sales_volume":579.0000055730343,"rate_of_return":0.125}
{"window":{"start":"2023-10-27T13:10:00.000Z","end":"2023-10-27T13:11:00.000Z"},"country":"United Kingdom","OPM":10,"total_sales_volume":368.27999997138977,"rate_of_return":0.0}
{"window":{"start":"2023-10-26T12:13:00.000Z","end":"2023-10-26T12:14:00.000Z"},"country":"United Kingdom","OPM":5,"total_sales_volume":235.9899926185608,"rate_of_return":0.0}
{"window":{"start":"2023-10-28T02:47:00.000Z","end":"2023-10-28T02:48:00.000Z"},"country":"United Kingdom","OPM":4,"total_sales_volume":108.16999998688698,"rate_of_return":0.0}
{"window":{"start":"2023-10-25T06:44:00.000Z","end":"2023-10-25T06:45:00.000Z"},"country":"United Kingdom","OPM":7,"total_sales_volume":328.9699968099594,"rate_of_return":0.14285714285714285}
{"window":{"start":"2023-10-24T02:56:00.000Z","end":"2023-10-24T02:57:00.000Z"},"country":"Germany","OPM":2,"total_sales_volume":185.43999981880188,"rate_of_return":0.0}
{"window":{"start":"2023-10-24T01:28:00.000Z","end":"2023-10-24T01:29:00.000Z"},"country":"United Kingdom","OPM":12,"total_sales_volume":501.77999441325665,"rate_of_return":0.16666666666666666}
{"window":{"start":"2023-10-26T17:58:00.000Z","end":"2023-10-26T17:59:00.000Z"},"country":"United Kingdom","OPM":9,"total_sales_volume":311.7299987077713,"rate_of_return":0.0}
{"window":{"start":"2023-10-24T16:26:00.000Z","end":"2023-10-24T16:27:00.000Z"},"country":"France","OPM":1,"total_sales_volume":59.05999994277954,"rate_of_return":0.0}
{"window":{"start":"2023-10-26T09:46:00.000Z","end":"2023-10-26T09:47:00.000Z"},"country":"Germany","OPM":1,"total_sales_volume":-17.420000076293945,"rate_of_return":1.0}
{"window":{"start":"2023-10-27T18:22:00.000Z","end":"2023-10-27T18:23:00.000Z"},"country":"Hong Kong","OPM":1,"total_sales_volume":2.950000047683716,"rate_of_return":0.0}
{"window":{"start":"2023-10-27T21:29:00.000Z","end":"2023-10-27T21:30:00.000Z"},"country":"Germany","OPM":1,"total_sales_volume":2.549999952316284,"rate_of_return":0.0}
{"window":{"start":"2023-10-28T04:03:00.000Z","end":"2023-10-28T04:04:00.000Z"},"country":"France","OPM":1,"total_sales_volume":-360.1999946832657,"rate_of_return":1.0}
{"window":{"start":"2023-10-23T21:31:00.000Z","end":"2023-10-23T21:32:00.000Z"},"country":"France","OPM":1,"total_sales_volume":138.41999995708466,"rate_of_return":0.0}
{"window":{"start":"2023-10-24T14:33:00.000Z","end":"2023-10-24T14:34:00.000Z"},"country":"United Kingdom","OPM":8,"total_sales_volume":325.7099943161011,"rate_of_return":0.25}
