{"window":{"start":"2023-10-24T04:52:00.000Z","end":"2023-10-24T04:53:00.000Z"},"country":"United Kingdom","OPM":9,"total_sales_volume":614.099994122982,"rate_of_return":0.0}
{"window":{"start":"2023-10-24T14:47:00.000Z","end":"2023-10-24T14:48:00.000Z"},"country":"France","OPM":1,"total_sales_volume":103.76999843120575,"rate_of_return":0.0}
{"window":{"start":"2023-10-27T20:17:00.000Z","end":"2023-10-27T20:18:00.000Z"},"country":"United Kingdom","OPM":4,"total_sales_volume":101.18999934196472,"rate_of_return":0.0}
{"window":{"start":"2023-10-26T10:54:00.000Z","end":"2023-10-26T10:55:00.000Z"},"country":"United Kingdom","OPM":9,"total_sales_volume":204.21000039577484,"rate_of_return":0.1111111111111111}
{"window":{"start":"2023-10-26T12:59:00.000Z","end":"2023-10-26T13:00:00.000Z"},"country":"EIRE","OPM":1,"total_sales_volume":164.09999823570251,"rate_of_return":0.0}
{"window":{"start":"2023-10-27T20:55:00.000Z","end":"2023-10-27T20:56:00.000Z"},"country":"United Kingdom","OPM":8,"total_sales_volume":227.61999958753586,"rate_of_return":0.0}
{"window":{"start":"2023-10-23T14:41:00.000Z","end":"2023-10-23T14:42:00.000Z"},"country":"United Kingdom","OPM":16,"total_sales_volume":762.2499997913837,"rate_of_return":0.0}
{"window":{"start":"2023-10-24T19:21:00.000Z","end":"2023-10-24T19:22:00.000Z"},"country":"United Kingdom","OPM":6,"total_sales_volume":511.429994225502,"rate_of_return":0.0}
{"window":{"start":"2023-10-25T20:10:00.000Z","end":"2023-10-25T20:11:00.000Z"},"country":"Germany","OPM":1,"total_sales_volume":86.41999912261963,"rate_of_return":0.0}
{"window":{"start":"2023-10-23T18:42:00.000Z","end":"2023-10-23T18:43:00.000Z"},"country":"EIRE","OPM":1,"total_sales_volume":65.08999872207642,"rate_of_return":0.0}
{"window":{"start":"2023-10-25T01:17:00.000Z","end":"2023-10-25T01:18:00.000Z"},"country":"Italy","OPM":1,"total_sales_volume":-9.899999856948853,"rate_of_return":1.0}
{"window":{"start":"2023-10-27T09:07:00.000Z","end":"2023-10-27T09:08:00.000Z"},"country":"United Kingdom","OPM":13,"total_sales_volume":642.4699946939945,"rate_of_return":0.0}
{"window":{"start":"2023-10-25T04:25:00.000Z","end":"2023-10-25T04:26:00.000Z"},"country":"United Kingdom","OPM":15,"total_sales_volume":597.339991658926,"rate_of_return":0.13333333333333333}
{"window":{"start":"2023-10-26T03:14:00.000Z","end":"2023-10-26T03:15:00.000Z"},"country":"Spain","OPM":1,"total_sales_volume":43.689999639987946,"rate_of_return":0.0}
{"window":{"start":"2023-10-26T03:19:00.000Z","end":"2023-10-26T03:20:00.000Z"},"country":"United Kingdom","OPM":5,"total_sales_volume":-233.30999779701233,"rate_of_return":0.2}
{"window":{"start":"2023-10-27T06:14:00.000Z","end":"2023-10-27T06:15:00.000Z"},"country":"United Kingdom","OPM":13,"total_sales_volume":1212.1999930739403,"rate_of_return":0.0}
{"window":{"start":"2023-10-26T17:55:00.000Z","end":"2023-10-26T17:56:00.000Z"},"country":"Channel Islands","OPM":1,"total_sales_volume":19.799999713897705,"rate_of_return":0.0}
{"window":{"start":"2023-10-26T06:05:00.000Z","end":"2023-10-26T06:06:00.000Z"},"country":"Germany","OPM":1,"total_sales_volume":9.899999618530273,"rate_of_return":0.0}
{"window":{"start":"2023-10-26T00:39:00.000Z","end":"2023-10-26T00:40:00.000Z"},"country":"United Kingdom","OPM":10,"total_sales_volume":815.1600110530853,"rate_of_return":0.1}
{"window":{"start":"2023-10-27T02:59:00.000Z","end":"2023-10-27T03:00:00.000Z"},"country":"Netherlands","OPM":1,"total_sales_volume":65.55999827384949,"rate_of_return":0.0}
{"window":{"start":"2023-10-26T10:39:00.000Z","end":"2023-10-26T10:40:00.000Z"},"country":"United Kingdom","OPM":12,"total_sales_volume":1252.8999967575073,"rate_of_return":0.16666666666666666}
{"window":{"start":"2023-10-25T06:58:00.000Z","end":"2023-10-25T06:59:00.000Z"},"country":"France","OPM":1,"total_sales_volume":38.42999887466431,"rate_of_return":0.0}
{"window":{"start":"2023-10-27T21:45:00.000Z","end":"2023-10-27T21:46:00.000Z"},"country":"United Kingdom","OPM":15,"total_sales_volume":628.0399983227253,"rate_of_return":0.13333333333333333}
{"window":{"start":"2023-10-26T19:23:00.000Z","end":"2023-10-26T19:24:00.000Z"},"country":"Israel","OPM":1,"total_sales_volume":8.28999987244606,"rate_of_return":0.0}
{"window":{"start":"2023-10-23T23:58:00.000Z","end":"2023-10-23T23:59:00.000Z"},"country":"Spain","OPM":1,"total_sales_volume":13.110000371932983,"rate_of_return":0.0}
{"window":{"start":"2023-10-26T06:57:00.000Z","end":"2023-10-26T06:58:00.000Z"},"country":"France","OPM":1,"total_sales_volume":-14.059999942779541,"rate_of_return":1.0}
{"window":{"start":"2023-10-27T19:34:00.000Z","end":"2023-10-27T19:35:00.000Z"},"country":"United Kingdom","OPM":12,"total_sales_volume":351.2199982702732,"rate_of_return":0.0}
{"window":{"start":"2023-10-25T19:25:00.000Z","end":"2023-10-25T19:26:00.000Z"},"country":"Australia","OPM":1,"total_sales_volume":49.07000017166138,"rate_of_return":0.0}
{"window":{"start":"2023-10-25T20:24:00.000Z","end":"2023-10-25T20:25:00.000Z"},"country":"United Kingdom","OPM":12,"total_sales_volume":586.1899945437908,"rate_of_return":0.08333333333333333}
{"window":{"start":"2023-10-27T10:42:00.000Z","end":"2023-10-27T10:43:00.000Z"},"country":"Unspecified","OPM":1,"total_sales_volume":60.94999873638153,"rate_of_return":0.0}
{"window":{"start":"2023-10-26T07:14:00.000Z","end":"2023-10-26T07:15:00.000Z"},"country":"United Kingdom","OPM":11,"total_sales_volume":2935.2999151349068,"rate_of_return":0.0}
{"window":{"start":"2023-10-26T07:00:00.000Z","end":"2023-10-26T07:01:00.000Z"},"country":"Germany","OPM":1,"total_sales_volume":23.40000057220459,"rate_of_return":0.0}
{"window":{"start":"2023-10-25T06:38:00.000Z","end":"2023-10-25T06:39:00.000Z"},"country":"United Kingdom","OPM":10,"total_sales_volume":472.0899980068207,"rate_of_return":0.1}
{"window":{"start":"2023-10-26T08:46:00.000Z","end":"2023-10-26T08:47:00.000Z"},"country":"United Kingdom","OPM":6,"total_sales_volume":313.97999534010887,"rate_of_return":0.0}
{"window":{"start":"2023-10-28T05:19:00.000Z","end":"2023-10-28T05:20:00.000Z"},"country":"United Kingdom","OPM":9,"total_sales_volume":291.8700133264065,"rate_of_return":0.2222222222222222}
{"window":{"start":"2023-10-24T09:40:00.000Z","end":"2023-10-24T09:41:00.000Z"},"country":"United Kingdom","OPM":7,"total_sales_volume":1151.4300038814545,"rate_of_return":0.0}
{"window":{"start":"2023-10-24T21:53:00.000Z","end":"2023-10-24T21:54:00.000Z"},"country":"United Kingdom","OPM":10,"total_sales_volume":306.1699960231781,"rate_of_return":0.0}
{"window":{"start":"2023-10-25T03:23:00.000Z","end":"2023-10-25T03:24:00.000Z"},"country":"United Kingdom","OPM":11,"total_sales_volume":515.7999978363514,"rate_of_return":0.0}
{"window":{"start":"2023-10-25T15:08:00.000Z","end":"2023-10-25T15:09:00.000Z"},"country":"United Kingdom","OPM":20,"total_sales_volume":1111.8099882900715,"rate_of_return":0.05}
{"window":{"start":"2023-10-24T01:45:00.000Z","end":"2023-10-24T01:46:00.000Z"},"country":"Israel","OPM":1,"total_sales_volume":15.720000177621841,"rate_of_return":0.0}
{"window":{"start":"2023-10-23T15:59:00.000Z","end":"2023-10-23T16:00:00.000Z"},"country":"France","OPM":1,"total_sales_volume":175.45000237226486,"rate_of_return":0.0}
{"window":{"start":"2023-10-24T20:49:00.000Z","end":"2023-10-24T20:50:00.000Z"},"country":"Denmark","OPM":1,"total_sales_volume":1.9500000476837158,"rate_of_return":0.0}
{"window":{"start":"2023-10-25T06:24:00.000Z","end":"2023-10-25T06:25:00.000Z"},"country":"Denmark","OPM":1,"total_sales_volume":372.80999088287354,"rate_of_return":0.0}
{"window":{"start":"2023-10-23T18:30:00.000Z","end":"2023-10-23T18:31:00.000Z"},"country":"United Kingdom","OPM":14,"total_sales_volume":749.9600038528442,"rate_of_return":0.07142857142857142}
{"window":{"start":"2023-10-26T01:06:00.000Z","end":"2023-10-26T01:07:00.000Z"},"country":"United Kingdom","OPM":9,"total_sales_volume":269.4499999284744,"rate_of_return":0.0}
{"window":{"start":"2023-10-24T15:39:00.000Z","end":"2023-10-24T15:40:00.000Z"},"country":"United Kingdom","OPM":9,"total_sales_volume":533.9900088608265,"rate_of_return":0.0}
{"window":{"start":"2023-10-26T06:34:00.000Z","end":"2023-10-26T06:35:00.000Z"},"country":"Greece","OPM":1,"total_sales_volume":32.230000257492065,"rate_of_return":0.0}
{"window":{"start":"2023-10-25T17:37:00.000Z","end":"2023-10-25T17:38:00.000Z"},"country":"EIRE","OPM":1,"total_sales_volume":127.35999894142151,"rate_of_return":0.0}
{"window":{"start":"2023-10-25T01:47:00.000Z","end":"2023-10-25T01:48:00.000Z"},"country":"United Kingdom","OPM":12,"total_sales_volume":887.639998614788,"rate_of_return":0.0}
{"window":{"start":"2023-10-27T12:47:00.000Z","end":"2023-10-27T12:48:00.000Z"},"country":"Spain","OPM":1,"total_sales_volume":50.85999870300293,"rate_of_return":0.0}
{"window":{"start":"2023-10-27T18:52:00.000Z","end":"2023-10-27T18:53:00.000Z"},"country":"United Kingdom","OPM":8,"total_sales_volume":666.3399833738804,"rate_of_return":0.0}
