{"window":{"start":"2023-10-26T05:37:00.000Z","end":"2023-10-26T05:38:00.000Z"},"country":"United Kingdom","OPM":8,"total_sales_volume":427.0799948275089,"rate_of_return":0.0}
{"window":{"start":"2023-10-25T22:30:00.000Z","end":"2023-10-25T22:31:00.000Z"},"country":"United Kingdom","OPM":12,"total_sales_volume":539.489996433258,"rate_of_return":0.0}
{"window":{"start":"2023-10-24T04:13:00.000Z","end":"2023-10-24T04:14:00.000Z"},"country":"Germany","OPM":1,"total_sales_volume":199.69999504089355,"rate_of_return":0.0}
{"window":{"start":"2023-10-24T08:23:00.000Z","end":"2023-10-24T08:24:00.000Z"},"country":"EIRE","OPM":1,"total_sales_volume":27.480000019073486,"rate_of_return":0.0}
{"window":{"start":"2023-10-24T07:19:00.000Z","end":"2023-10-24T07:20:00.000Z"},"country":"EIRE","OPM":1,"total_sales_volume":73.15999794006348,"rate_of_return":0.0}
{"window":{"start":"2023-10-25T13:18:00.000Z","end":"2023-10-25T13:19:00.000Z"},"country":"United Kingdom","OPM":19,"total_sales_volume":873.6899918019772,"rate_of_return":0.05263157894736842}
{"window":{"start":"2023-10-25T20:21:00.000Z","end":"2023-10-25T20:22:00.000Z"},"country":"Netherlands","OPM":1,"total_sales_volume":7.949999809265137,"rate_of_return":0.0}
{"window":{"start":"2023-10-26T23:36:00.000Z","end":"2023-10-26T23:37:00.000Z"},"country":"Switzerland","OPM":1,"total_sales_volume":41.269999980926514,"rate_of_return":0.0}
{"window":{"start":"2023-10-24T01:38:00.000Z","end":"2023-10-24T01:39:00.000Z"},"country":"United Kingdom","OPM":4,"total_sales_volume":167.45999950170517,"rate_of_return":0.0}
{"window":{"start":"2023-10-24T14:34:00.000Z","end":"2023-10-24T14:35:00.000Z"},"country":"Switzerland","OPM":1,"total_sales_volume":65.86000156402588,"rate_of_return":0.0}
{"window":{"start":"2023-10-27T18:39:00.000Z","end":"2023-10-27T18:40:00.000Z"},"country":"United Kingdom","OPM":3,"total_sales_volume":137.7899980545044,"rate_of_return":0.0}
{"window":{"start":"2023-10-26T05:33:00.000Z","end":"2023-10-26T05:34:00.000Z"},"country":"Netherlands","OPM":1,"total_sales_volume":80.99999988079071,"rate_of_return":0.0}
{"window":{"start":"2023-10-28T00:27:00.000Z","end":"2023-10-28T00:28:00.000Z"},"country":"United Kingdom","OPM":6,"total_sales_volume":151.08999982476234,"rate_of_return":0.0}
{"window":{"start":"2023-10-26T02:22:00.000Z","end":"2023-10-26T02:23:00.000Z"},"country":"United Kingdom","OPM":11,"total_sales_volume":398.4699966907501,"rate_of_return":0.0}
{"window":{"start":"2023-10-24T04:45:00.000Z","end":"2023-10-24T04:46:00.000Z"},"country":"Germany","OPM":1,"total_sales_volume":-16.199999809265137,"rate_of_return":1.0}
{"window":{"start":"2023-10-24T22:29:00.000Z","end":"2023-10-24T22:30:00.000Z"},"country":"United Kingdom","OPM":13,"total_sales_volume":1634.1900141835213,"rate_of_return":0.0}
{"window":{"start":"2023-10-25T01:37:00.000Z","end":"2023-10-25T01:38:00.000Z"},"country":"United Kingdom","OPM":14,"total_sales_volume":1338.5500119924545,"rate_of_return":0.14285714285714285}
{"window":{"start":"2023-10-24T21:10:00.000Z","end":"2023-10-24T21:11:00.000Z"},"country":"United Kingdom","OPM":15,"total_sales_volume":1564.980002850294,"rate_of_return":0.06666666666666667}
{"window":{"start":"2023-10-27T18:01:00.000Z","end":"2023-10-27T18:02:00.000Z"},"country":"United Kingdom","OPM":6,"total_sales_volume":338.5199956893921,"rate_of_return":0.16666666666666666}
{"window":{"start":"2023-10-26T10:28:00.000Z","end":"2023-10-26T10:29:00.000Z"},"country":"Netherlands","OPM":1,"total_sales_volume":78.95999908447266,"rate_of_return":0.0}
{"window":{"start":"2023-10-25T15:22:00.000Z","end":"2023-10-25T15:23:00.000Z"},"country":"United Kingdom","OPM":16,"total_sales_volume":1350.470015347004,"rate_of_return":0.0625}
{"window":{"start":"2023-10-26T03:49:00.000Z","end":"2023-10-26T03:50:00.000Z"},"country":"United Kingdom","OPM":13,"total_sales_volume":1206.1299920678139,"rate_of_return":0.0}
{"window":{"start":"2023-10-23T15:45:00.000Z","end":"2023-10-23T15:46:00.000Z"},"country":"United Kingdom","OPM":13,"total_sales_volume":419.65999215841293,"rate_of_return":0.07692307692307693}
{"window":{"start":"2023-10-26T23:24:00.000Z","end":"2023-10-26T23:25:00.000Z"},"country":"United Kingdom","OPM":13,"total_sales_volume":317.4700029492378,"rate_of_return":0.15384615384615385}
{"window":{"start":"2023-10-23T19:04:00.000Z","end":"2023-10-23T19:05:00.000Z"},"country":"United Kingdom","OPM":6,"total_sales_volume":75.19000071287155,"rate_of_return":0.16666666666666666}
{"window":{"start":"2023-10-25T05:13:00.000Z","end":"2023-10-25T05:14:00.000Z"},"country":"United Kingdom","OPM":14,"total_sales_volume":1375.520007416606,"rate_of_return":0.07142857142857142}
{"window":{"start":"2023-10-24T02:44:00.000Z","end":"2023-10-24T02:45:00.000Z"},"country":"EIRE","OPM":1,"total_sales_volume":51.33000063896179,"rate_of_return":0.0}
{"window":{"start":"2023-10-25T11:06:00.000Z","end":"2023-10-25T11:07:00.000Z"},"country":"United Kingdom","OPM":11,"total_sales_volume":842.420002669096,"rate_of_return":0.0}
{"window":{"start":"2023-10-24T21:23:00.000Z","end":"2023-10-24T21:24:00.000Z"},"country":"United Kingdom","OPM":9,"total_sales_volume":509.83999314904213,"rate_of_return":0.1111111111111111}
{"window":{"start":"2023-10-24T21:02:00.000Z","end":"2023-10-24T21:03:00.000Z"},"country":"Germany","OPM":1,"total_sales_volume":68.14000064134598,"rate_of_return":0.0}
{"window":{"start":"2023-10-24T23:12:00.000Z","end":"2023-10-24T23:13:00.000Z"},"country":"Sweden","OPM":1,"total_sales_volume":82.75999927520752,"rate_of_return":0.0}
{"window":{"start":"2023-10-28T05:38:00.000Z","end":"2023-10-28T05:39:00.000Z"},"country":"United Kingdom","OPM":4,"total_sales_volume":112.19999754428864,"rate_of_return":0.0}
{"window":{"start":"2023-10-26T07:37:00.000Z","end":"2023-10-26T07:38:00.000Z"},"country":"Belgium","OPM":1,"total_sales_volume":56.04999923706055,"rate_of_return":0.0}
{"window":{"start":"2023-10-24T13:03:00.000Z","end":"2023-10-24T13:04:00.000Z"},"country":"United Kingdom","OPM":5,"total_sales_volume":939.1399811506271,"rate_of_return":0.0}
{"window":{"start":"2023-10-27T04:43:00.000Z","end":"2023-10-27T04:44:00.000Z"},"country":"United Kingdom","OPM":12,"total_sales_volume":485.21999910473824,"rate_of_return":0.0}
{"window":{"start":"2023-10-23T15:31:00.000Z","end":"2023-10-23T15:32:00.000Z"},"country":"United Kingdom","OPM":6,"total_sales_volume":604.2999940216541,"rate_of_return":0.0}
{"window":{"start":"2023-10-26T04:55:00.000Z","end":"2023-10-26T04:56:00.000Z"},"country":"Germany","OPM":1,"total_sales_volume":133.72999840974808,"rate_of_return":0.0}
{"window":{"start":"2023-10-24T13:05:00.000Z","end":"2023-10-24T13:06:00.000Z"},"country":"United Kingdom","OPM":16,"total_sales_volume":1512.960007980466,"rate_of_return":0.0}
{"window":{"start":"2023-10-27T10:56:00.000Z","end":"2023-10-27T10:57:00.000Z"},"country":"United Kingdom","OPM":8,"total_sales_volume":1257.5400001108646,"rate_of_return":0.0}
{"window":{"start":"2023-10-23T19:14:00.000Z","end":"2023-10-23T19:15:00.000Z"},"country":"United Kingdom","OPM":10,"total_sales_volume":375.99999514222145,"rate_of_return":0.1}
{"window":{"start":"2023-10-23T19:25:00.000Z","end":"2023-10-23T19:26:00.000Z"},"country":"United Kingdom","OPM":7,"total_sales_volume":244.57999792695045,"rate_of_return":0.0}
{"window":{"start":"2023-10-23T23:02:00.000Z","end":"2023-10-23T23:03:00.000Z"},"country":"United Kingdom","OPM":11,"total_sales_volume":264.34999883174896,"rate_of_return":0.09090909090909091}
{"window":{"start":"2023-10-27T21:25:00.000Z","end":"2023-10-27T21:26:00.000Z"},"country":"France","OPM":1,"total_sales_volume":57.57999920845032,"rate_of_return":0.0}
{"window":{"start":"2023-10-25T12:26:00.000Z","end":"2023-10-25T12:27:00.000Z"},"country":"United Kingdom","OPM":11,"total_sales_volume":403.3199963569641,"rate_of_return":0.0}
{"window":{"start":"2023-10-25T00:35:00.000Z","end":"2023-10-25T00:36:00.000Z"},"country":"United Kingdom","OPM":6,"total_sales_volume":642.7499822974205,"rate_of_return":0.0}
{"window":{"start":"2023-10-24T07:15:00.000Z","end":"2023-10-24T07:16:00.000Z"},"country":"United Kingdom","OPM":6,"total_sales_volume":104.65999853610992,"rate_of_return":0.3333333333333333}
{"window":{"start":"2023-10-24T14:04:00.000Z","end":"2023-10-24T14:05:00.000Z"},"country":"Australia","OPM":1,"total_sales_volume":65.58000087738037,"rate_of_return":0.0}
{"window":{"start":"2023-10-28T04:44:00.000Z","end":"2023-10-28T04:45:00.000Z"},"country":"Switzerland","OPM":1,"total_sales_volume":418.3599979877472,"rate_of_return":0.0}
{"window":{"start":"2023-10-26T17:51:00.000Z","end":"2023-10-26T17:52:00.000Z"},"country":"United Kingdom","OPM":8,"total_sales_volume":494.6400012373924,"rate_of_return":0.0}
{"window":{"start":"2023-10-27T02:29:00.000Z","end":"2023-10-27T02:30:00.000Z"},"country":"Cyprus","OPM":1,"total_sales_volume":321.81000649929047,"rate_of_return":0.0}
{"window":{"start":"2023-10-24T21:08:00.000Z","end":"2023-10-24T21:09:00.000Z"},"country":"United Kingdom","OPM":13,"total_sales_volume":572.6500017940998,"rate_of_return":0.0}
{"window":{"start":"2023-10-25T15:23:00.000Z","end":"2023-10-25T15:24:00.000Z"},"country":"United Kingdom","OPM":15,"total_sales_volume":434.5299988389015,"rate_of_return":0.06666666666666667}
{"window":{"start":"2023-10-24T03:05:00.000Z","end":"2023-10-24T03:06:00.000Z"},"country":"United Kingdom","OPM":15,"total_sales_volume":452.300000667572,"rate_of_return":0.06666666666666667}
{"window":{"start":"2023-10-27T13:38:00.000Z","end":"2023-10-27T13:39:00.000Z"},"country":"Netherlands","OPM":1,"total_sales_volume":94.80000114440918,"rate_of_return":0.0}
{"window":{"start":"2023-10-24T00:41:00.000Z","end":"2023-10-24T00:42:00.000Z"},"country":"United Kingdom","OPM":7,"total_sales_volume":614.3199855685234,"rate_of_return":0.0}
{"window":{"start":"2023-10-26T07:04:00.000Z","end":"2023-10-26T07:05:00.000Z"},"country":"Norway","OPM":1,"total_sales_volume":12.59999942779541,"rate_of_return":0.0}
{"window":{"start":"2023-10-27T17:08:00.000Z","end":"2023-10-27T17:09:00.000Z"},"country":"Germany","OPM":1,"total_sales_volume":4.340000033378601,"rate_of_return":0.0}
{"window":{"start":"2023-10-27T18:05:00.000Z","end":"2023-10-27T18:06:00.000Z"},"country":"Switzerland","OPM":1,"total_sales_volume":-10.0,"rate_of_return":1.0}
{"window":{"start":"2023-10-23T20:02:00.000Z","end":"2023-10-23T20:03:00.000Z"},"country":"EIRE","OPM":1,"total_sales_volume":7.5,"rate_of_return":0.0}
{"window":{"start":"2023-10-28T01:14:00.000Z","end":"2023-10-28T01:15:00.000Z"},"country":"United Kingdom","OPM":4,"total_sales_volume":1747.09004509449,"rate_of_return":0.0}
{"window":{"start":"2023-10-25T15:12:00.000Z","end":"2023-10-25T15:13:00.000Z"},"country":"Poland","OPM":1,"total_sales_volume":347.0200007557869,"rate_of_return":0.0}
{"window":{"start":"2023-10-27T23:29:00.000Z","end":"2023-10-27T23:30:00.000Z"},"country":"Germany","OPM":1,"total_sales_volume":15.0,"rate_of_return":0.0}
{"window":{"start":"2023-10-25T04:52:00.000Z","end":"2023-10-25T04:53:00.000Z"},"country":"United Kingdom","OPM":4,"total_sales_volume":38.570000767707825,"rate_of_return":0.25}
{"window":{"start":"2023-10-24T15:53:00.000Z","end":"2023-10-24T15:54:00.000Z"},"country":"Netherlands","OPM":1,"total_sales_volume":0.8399999737739563,"rate_of_return":0.0}
{"window":{"start":"2023-10-24T17:21:00.000Z","end":"2023-10-24T17:22:00.000Z"},"country":"United Kingdom","OPM":10,"total_sales_volume":465.58999237418175,"rate_of_return":0.1}
{"window":{"start":"2023-10-23T12:40:00.000Z","end":"2023-10-23T12:41:00.000Z"},"country":"United Kingdom","OPM":4,"total_sales_volume":305.7999966442585,"rate_of_return":0.0}
