{"window":{"start":"2023-10-24T07:11:00.000Z","end":"2023-10-24T07:12:00.000Z"},"country":"United Kingdom","OPM":10,"total_sales_volume":1795.4900025725365,"rate_of_return":0.1}
{"window":{"start":"2023-10-27T10:50:00.000Z","end":"2023-10-27T10:51:00.000Z"},"country":"Iceland","OPM":1,"total_sales_volume":491.6100070476532,"rate_of_return":0.0}
{"window":{"start":"2023-10-24T11:48:00.000Z","end":"2023-10-24T11:49:00.000Z"},"country":"EIRE","OPM":1,"total_sales_volume":61.44999980926514,"rate_of_return":0.0}
{"window":{"start":"2023-10-25T16:22:00.000Z","end":"2023-10-25T16:23:00.000Z"},"country":"United Kingdom","OPM":12,"total_sales_volume":344.7999924123287,"rate_of_return":0.0}
{"window":{"start":"2023-10-28T01:32:00.000Z","end":"2023-10-28T01:33:00.000Z"},"country":"Spain","OPM":1,"total_sales_volume":8.850000143051147,"rate_of_return":0.0}
{"window":{"start":"2023-10-25T07:57:00.000Z","end":"2023-10-25T07:58:00.000Z"},"country":"United Kingdom","OPM":13,"total_sales_volume":367.5399993956089,"rate_of_return":0.07692307692307693}
{"window":{"start":"2023-10-26T16:22:00.000Z","end":"2023-10-26T16:23:00.000Z"},"country":"Germany","OPM":1,"total_sales_volume":36.9899999499321,"rate_of_return":0.0}
{"window":{"start":"2023-10-23T13:07:00.000Z","end":"2023-10-23T13:08:00.000Z"},"country":"United Kingdom","OPM":14,"total_sales_volume":1270.6899948269129,"rate_of_return":0.0}
{"window":{"start":"2023-10-24T07:30:00.000Z","end":"2023-10-24T07:31:00.000Z"},"country":"United Kingdom","OPM":14,"total_sales_volume":1761.6499547362328,"rate_of_return":0.0}
{"window":{"start":"2023-10-26T12:21:00.000Z","end":"2023-10-26T12:22:00.000Z"},"country":"United Kingdom","OPM":12,"total_sales_volume":437.390000641346,"rate_of_return":0.08333333333333333}
{"window":{"start":"2023-10-24T00:06:00.000Z","end":"2023-10-24T00:07:00.000Z"},"country":"Switzerland","OPM":1,"total_sales_volume":12.5,"rate_of_return":0.0}
{"window":{"start":"2023-10-25T03:15:00.000Z","end":"2023-10-25T03:16:00.000Z"},"country":"United Kingdom","OPM":10,"total_sales_volume":1183.5299909934402,"rate_of_return":0.0}
{"window":{"start":"2023-10-27T06:24:00.000Z","end":"2023-10-27T06:25:00.000Z"},"country":"United Kingdom","OPM":8,"total_sales_volume":1039.4800033569336,"rate_of_return":0.0}
{"window":{"start":"2023-10-27T01:59:00.000Z","end":"2023-10-27T02:00:00.000Z"},"country":"Greece","OPM":1,"total_sales_volume":16.300000250339508,"rate_of_return":0.0}
{"window":{"start":"2023-10-23T16:40:00.000Z","end":"2023-10-23T16:41:00.000Z"},"country":"Portugal","OPM":1,"total_sales_volume":16.579999923706055,"rate_of_return":0.0}
{"window":{"start":"2023-10-26T14:36:00.000Z","end":"2023-10-26T14:37:00.000Z"},"country":"United Kingdom","OPM":9,"total_sales_volume":394.23999884724617,"rate_of_return":0.1111111111111111}
{"window":{"start":"2023-10-23T21:32:00.000Z","end":"2023-10-23T21:33:00.000Z"},"country":"United Kingdom","OPM":6,"total_sales_volume":1672.619956292212,"rate_of_return":0.0}
{"window":{"start":"2023-10-24T07:55:00.000Z","end":"2023-10-24T07:56:00.000Z"},"country":"United Kingdom","OPM":9,"total_sales_volume":820.4799931645393,"rate_of_return":0.0}
{"window":{"start":"2023-10-26T20:43:00.000Z","end":"2023-10-26T20:44:00.000Z"},"country":"Spain","OPM":1,"total_sales_volume":27.300000190734863,"rate_of_return":0.0}
{"window":{"start":"2023-10-26T17:41:00.000Z","end":"2023-10-26T17:42:00.000Z"},"country":"United Kingdom","OPM":14,"total_sales_volume":1643.920002579689,"rate_of_return":0.0}
{"window":{"start":"2023-10-23T22:32:00.000Z","end":"2023-10-23T22:33:00.000Z"},"country":"United Kingdom","OPM":9,"total_sales_volume":594.9400010108948,"rate_of_return":0.0}
{"window":{"start":"2023-10-28T02:13:00.000Z","end":"2023-10-28T02:14:00.000Z"},"country":"EIRE","OPM":1,"total_sales_volume":5.950000166893005,"rate_of_return":0.0}
{"window":{"start":"2023-10-24T01:54:00.000Z","end":"2023-10-24T01:55:00.000Z"},"country":"United Kingdom","OPM":9,"total_sales_volume":829.2299994528294,"rate_of_return":0.1111111111111111}
{"window":{"start":"2023-10-27T12:48:00.000Z","end":"2023-10-27T12:49:00.000Z"},"country":"Belgium","OPM":1,"total_sales_volume":49.639999985694885,"rate_of_return":0.0}
{"window":{"start":"2023-10-24T16:43:00.000Z","end":"2023-10-24T16:44:00.000Z"},"country":"Italy","OPM":1,"total_sales_volume":7.949999809265137,"rate_of_return":0.0}
{"window":{"start":"2023-10-26T00:56:00.000Z","end":"2023-10-26T00:57:00.000Z"},"country":"Spain","OPM":1,"total_sales_volume":112.39999961853027,"rate_of_return":0.0}
{"window":{"start":"2023-10-24T14:54:00.000Z","end":"2023-10-24T14:55:00.000Z"},"country":"United Kingdom","OPM":11,"total_sales_volume":270.04999551177025,"rate_of_return":0.09090909090909091}
{"window":{"start":"2023-10-24T01:35:00.000Z","end":"2023-10-24T01:36:00.000Z"},"country":"United Kingdom","OPM":14,"total_sales_volume":1982.3799918293953,"rate_of_return":0.07142857142857142}
{"window":{"start":"2023-10-25T08:22:00.000Z","end":"2023-10-25T08:23:00.000Z"},"country":"Japan","OPM":1,"total_sales_volume":4.949999809265137,"rate_of_return":0.0}
{"window":{"start":"2023-10-25T07:29:00.000Z","end":"2023-10-25T07:30:00.000Z"},"country":"United Kingdom","OPM":8,"total_sales_volume":825.1299906075001,"rate_of_return":0.0}
{"window":{"start":"2023-10-24T00:46:00.000Z","end":"2023-10-24T00:47:00.000Z"},"country":"United Kingdom","OPM":7,"total_sales_volume":261.1600002646446,"rate_of_return":0.14285714285714285}
{"window":{"start":"2023-10-26T15:35:00.000Z","end":"2023-10-26T15:36:00.000Z"},"country":"EIRE","OPM":1,"total_sales_volume":11.25,"rate_of_return":0.0}
{"window":{"start":"2023-10-24T03:55:00.000Z","end":"2023-10-24T03:56:00.000Z"},"country":"United Kingdom","OPM":5,"total_sales_volume":414.399999499321,"rate_of_return":0.2}
{"window":{"start":"2023-10-27T15:22:00.000Z","end":"2023-10-27T15:23:00.000Z"},"country":"United Kingdom","OPM":13,"total_sales_volume":1922.8499348759651,"rate_of_return":0.0}
{"window":{"start":"2023-10-27T17:01:00.000Z","end":"2023-10-27T17:02:00.000Z"},"country":"United Kingdom","OPM":14,"total_sales_volume":828.2099987566471,"rate_of_return":0.0}
{"window":{"start":"2023-10-23T21:42:00.000Z","end":"2023-10-23T21:43:00.000Z"},"country":"United Kingdom","OPM":8,"total_sales_volume":150.14999917149544,"rate_of_return":0.0}
{"window":{"start":"2023-10-25T14:18:00.000Z","end":"2023-10-25T14:19:00.000Z"},"country":"United Kingdom","OPM":14,"total_sales_volume":1912.7499570846558,"rate_of_return":0.21428571428571427}
{"window":{"start":"2023-10-27T07:53:00.000Z","end":"2023-10-27T07:54:00.000Z"},"country":"United Kingdom","OPM":8,"total_sales_volume":280.10000109672546,"rate_of_return":0.0}
{"window":{"start":"2023-10-27T09:08:00.000Z","end":"2023-10-27T09:09:00.000Z"},"country":"Germany","OPM":2,"total_sales_volume":158.93999874591827,"rate_of_return":0.5}
{"window":{"start":"2023-10-23T16:19:00.000Z","end":"2023-10-23T16:20:00.000Z"},"country":"United Kingdom","OPM":6,"total_sales_volume":-130.05999694764614,"rate_of_return":0.3333333333333333}
{"window":{"start":"2023-10-27T11:47:00.000Z","end":"2023-10-27T11:48:00.000Z"},"country":"Singapore","OPM":1,"total_sales_volume":333.32998991012573,"rate_of_return":0.0}
{"window":{"start":"2023-10-26T06:44:00.000Z","end":"2023-10-26T06:45:00.000Z"},"country":"United Kingdom","OPM":13,"total_sales_volume":690.3800029456615,"rate_of_return":0.07692307692307693}
{"window":{"start":"2023-10-26T17:40:00.000Z","end":"2023-10-26T17:41:00.000Z"},"country":"Belgium","OPM":1,"total_sales_volume":47.06000018119812,"rate_of_return":0.0}
{"window":{"start":"2023-10-23T20:02:00.000Z","end":"2023-10-23T20:03:00.000Z"},"country":"United Kingdom","OPM":13,"total_sales_volume":346.83999851346016,"rate_of_return":0.0}
{"window":{"start":"2023-10-23T14:16:00.000Z","end":"2023-10-23T14:17:00.000Z"},"country":"United Kingdom","OPM":9,"total_sales_volume":2050.949980556965,"rate_of_return":0.0}
{"window":{"start":"2023-10-24T05:14:00.000Z","end":"2023-10-24T05:15:00.000Z"},"country":"United Kingdom","OPM":8,"total_sales_volume":834.219999730587,"rate_of_return":0.0}
{"window":{"start":"2023-10-27T08:35:00.000Z","end":"2023-10-27T08:36:00.000Z"},"country":"Netherlands","OPM":1,"total_sales_volume":30.300000190734863,"rate_of_return":0.0}
{"window":{"start":"2023-10-24T23:36:00.000Z","end":"2023-10-24T23:37:00.000Z"},"country":"France","OPM":1,"total_sales_volume":93.09000015258789,"rate_of_return":0.0}
{"window":{"start":"2023-10-23T20:28:00.000Z","end":"2023-10-23T20:29:00.000Z"},"country":"Germany","OPM":1,"total_sales_volume":31.69999933242798,"rate_of_return":0.0}
{"window":{"start":"2023-10-27T03:36:00.000Z","end":"2023-10-27T03:37:00.000Z"},"country":"EIRE","OPM":1,"total_sales_volume":101.24999833106995,"rate_of_return":0.0}
