{"window":{"start":"2023-10-27T04:52:00.000Z","end":"2023-10-27T04:53:00.000Z"},"country":"Italy","OPM":1,"total_sales_volume":8.24999988079071,"rate_of_return":0.0}
{"window":{"start":"2023-10-25T02:37:00.000Z","end":"2023-10-25T02:38:00.000Z"},"country":"France","OPM":1,"total_sales_volume":88.34999918937683,"rate_of_return":0.0}
{"window":{"start":"2023-10-23T18:25:00.000Z","end":"2023-10-23T18:26:00.000Z"},"country":"United Kingdom","OPM":8,"total_sales_volume":445.9199905991554,"rate_of_return":0.125}
{"window":{"start":"2023-10-26T22:23:00.000Z","end":"2023-10-26T22:24:00.000Z"},"country":"United Kingdom","OPM":8,"total_sales_volume":344.86999693512917,"rate_of_return":0.25}
{"window":{"start":"2023-10-25T03:01:00.000Z","end":"2023-10-25T03:02:00.000Z"},"country":"United Kingdom","OPM":13,"total_sales_volume":1149.3699845075607,"rate_of_return":0.0}
{"window":{"start":"2023-10-25T14:20:00.000Z","end":"2023-10-25T14:21:00.000Z"},"country":"Hong Kong","OPM":1,"total_sales_volume":32.62000036239624,"rate_of_return":0.0}
{"window":{"start":"2023-10-27T12:16:00.000Z","end":"2023-10-27T12:17:00.000Z"},"country":"France","OPM":1,"total_sales_volume":39.47999954223633,"rate_of_return":0.0}
{"window":{"start":"2023-10-27T20:05:00.000Z","end":"2023-10-27T20:06:00.000Z"},"country":"Germany","OPM":1,"total_sales_volume":0.75,"rate_of_return":0.0}
{"window":{"start":"2023-10-25T15:37:00.000Z","end":"2023-10-25T15:38:00.000Z"},"country":"United Kingdom","OPM":10,"total_sales_volume":393.6999889612198,"rate_of_return":0.2}
{"window":{"start":"2023-10-24T09:55:00.000Z","end":"2023-10-24T09:56:00.000Z"},"country":"Spain","OPM":1,"total_sales_volume":53.860000133514404,"rate_of_return":0.0}
{"window":{"start":"2023-10-27T22:49:00.000Z","end":"2023-10-27T22:50:00.000Z"},"country":"United Kingdom","OPM":6,"total_sales_volume":1453.9300391077995,"rate_of_return":0.16666666666666666}
{"window":{"start":"2023-10-26T23:42:00.000Z","end":"2023-10-26T23:43:00.000Z"},"country":"EIRE","OPM":1,"total_sales_volume":31.299998909235,"rate_of_return":0.0}
{"window":{"start":"2023-10-26T16:07:00.000Z","end":"2023-10-26T16:08:00.000Z"},"country":"France","OPM":1,"total_sales_volume":46.709999799728394,"rate_of_return":0.0}
{"window":{"start":"2023-10-24T04:10:00.000Z","end":"2023-10-24T04:11:00.000Z"},"country":"United Kingdom","OPM":8,"total_sales_volume":78.5200001001358,"rate_of_return":0.25}
{"window":{"start":"2023-10-23T18:13:00.000Z","end":"2023-10-23T18:14:00.000Z"},"country":"Lithuania","OPM":1,"total_sales_volume":10.490000247955322,"rate_of_return":0.0}
{"window":{"start":"2023-10-25T21:02:00.000Z","end":"2023-10-25T21:03:00.000Z"},"country":"United Kingdom","OPM":9,"total_sales_volume":390.7899953722954,"rate_of_return":0.1111111111111111}
{"window":{"start":"2023-10-27T01:06:00.000Z","end":"2023-10-27T01:07:00.000Z"},"country":"United Kingdom","OPM":7,"total_sales_volume":90.81000038981438,"rate_of_return":0.0}
{"window":{"start":"2023-10-24T20:53:00.000Z","end":"2023-10-24T20:54:00.000Z"},"country":"Germany","OPM":1,"total_sales_volume":28.709999084472656,"rate_of_return":0.0}
{"window":{"start":"2023-10-27T22:17:00.000Z","end":"2023-10-27T22:18:00.000Z"},"country":"Denmark","OPM":1,"total_sales_volume":44.53000068664551,"rate_of_return":0.0}
{"window":{"start":"2023-10-23T23:47:00.000Z","end":"2023-10-23T23:48:00.000Z"},"country":"United Kingdom","OPM":9,"total_sales_volume":1470.2399990856647,"rate_of_return":0.0}
{"window":{"start":"2023-10-26T15:31:00.000Z","end":"2023-10-26T15:32:00.000Z"},"country":"United Kingdom","OPM":5,"total_sales_volume":467.30999702215195,"rate_of_return":0.0}
{"window":{"start":"2023-10-27T11:03:00.000Z","end":"2023-10-27T11:04:00.000Z"},"country":"United Kingdom","OPM":3,"total_sales_volume":258.6899978518486,"rate_of_return":0.0}
{"window":{"start":"2023-10-24T10:33:00.000Z","end":"2023-10-24T10:34:00.000Z"},"country":"Spain","OPM":1,"total_sales_volume":0.6499999761581421,"rate_of_return":0.0}
{"window":{"start":"2023-10-27T04:07:00.000Z","end":"2023-10-27T04:08:00.000Z"},"country":"France","OPM":2,"total_sales_volume":148.4399989247322,"rate_of_return":0.0}
{"window":{"start":"2023-10-23T18:26:00.000Z","end":"2023-10-23T18:27:00.000Z"},"country":"United Kingdom","OPM":11,"total_sales_volume":910.9799933731556,"rate_of_return":0.0}
{"window":{"start":"2023-10-27T20:01:00.000Z","end":"2023-10-27T20:02:00.000Z"},"country":"United Kingdom","OPM":11,"total_sales_volume":312.52999889850616,"rate_of_return":0.0}
{"window":{"start":"2023-10-24T20:41:00.000Z","end":"2023-10-24T20:42:00.000Z"},"country":"United Kingdom","OPM":19,"total_sales_volume":1654.309965401888,"rate_of_return":0.0}
{"window":{"start":"2023-10-28T00:40:00.000Z","end":"2023-10-28T00:41:00.000Z"},"country":"EIRE","OPM":1,"total_sales_volume":-77.4799987077713,"rate_of_return":1.0}
{"window":{"start":"2023-10-26T05:25:00.000Z","end":"2023-10-26T05:26:00.000Z"},"country":"United Kingdom","OPM":11,"total_sales_volume":510.5199921131134,"rate_of_return":0.09090909090909091}
{"window":{"start":"2023-10-24T13:05:00.000Z","end":"2023-10-24T13:06:00.000Z"},"country":"Denmark","OPM":1,"total_sales_volume":146.37000179290771,"rate_of_return":0.0}
{"window":{"start":"2023-10-27T02:14:00.000Z","end":"2023-10-27T02:15:00.000Z"},"country":"Germany","OPM":1,"total_sales_volume":-37.34999978542328,"rate_of_return":1.0}
{"window":{"start":"2023-10-26T14:34:00.000Z","end":"2023-10-26T14:35:00.000Z"},"country":"Norway","OPM":1,"total_sales_volume":26.299999713897705,"rate_of_return":0.0}
{"window":{"start":"2023-10-27T00:58:00.000Z","end":"2023-10-27T00:59:00.000Z"},"country":"Italy","OPM":1,"total_sales_volume":21.600000143051147,"rate_of_return":0.0}
{"window":{"start":"2023-10-24T16:59:00.000Z","end":"2023-10-24T17:00:00.000Z"},"country":"France","OPM":1,"total_sales_volume":74.63999795913696,"rate_of_return":0.0}
{"window":{"start":"2023-10-27T10:33:00.000Z","end":"2023-10-27T10:34:00.000Z"},"country":"Portugal","OPM":1,"total_sales_volume":10.360000252723694,"rate_of_return":0.0}
{"window":{"start":"2023-10-27T15:48:00.000Z","end":"2023-10-27T15:49:00.000Z"},"country":"Germany","OPM":1,"total_sales_volume":139.72000098228455,"rate_of_return":0.0}
{"window":{"start":"2023-10-26T07:48:00.000Z","end":"2023-10-26T07:49:00.000Z"},"country":"United Kingdom","OPM":14,"total_sales_volume":1224.769999742508,"rate_of_return":0.0}
{"window":{"start":"2023-10-27T19:09:00.000Z","end":"2023-10-27T19:10:00.000Z"},"country":"France","OPM":1,"total_sales_volume":26.849999368190765,"rate_of_return":0.0}
{"window":{"start":"2023-10-27T21:19:00.000Z","end":"2023-10-27T21:20:00.000Z"},"country":"United Kingdom","OPM":16,"total_sales_volume":1264.2699800431728,"rate_of_return":0.0}
{"window":{"start":"2023-10-28T03:55:00.000Z","end":"2023-10-28T03:56:00.000Z"},"country":"Australia","OPM":1,"total_sales_volume":36.54999938607216,"rate_of_return":0.0}
{"window":{"start":"2023-10-27T04:36:00.000Z","end":"2023-10-27T04:37:00.000Z"},"country":"United Kingdom","OPM":8,"total_sales_volume":319.37999457120895,"rate_of_return":0.0}
{"window":{"start":"2023-10-24T02:23:00.000Z","end":"2023-10-24T02:24:00.000Z"},"country":"Bahrain","OPM":1,"total_sales_volume":38.79999923706055,"rate_of_return":0.0}
{"window":{"start":"2023-10-24T12:48:00.000Z","end":"2023-10-24T12:49:00.000Z"},"country":"United Kingdom","OPM":5,"total_sales_volume":278.5999967455864,"rate_of_return":0.2}
{"window":{"start":"2023-10-26T22:58:00.000Z","end":"2023-10-26T22:59:00.000Z"},"country":"Germany","OPM":2,"total_sales_volume":187.30000185966492,"rate_of_return":0.0}
{"window":{"start":"2023-10-24T15:46:00.000Z","end":"2023-10-24T15:47:00.000Z"},"country":"United Kingdom","OPM":6,"total_sales_volume":812.739986717701,"rate_of_return":0.0}
{"window":{"start":"2023-10-27T21:21:00.000Z","end":"2023-10-27T21:22:00.000Z"},"country":"United Kingdom","OPM":11,"total_sales_volume":894.4399952441454,"rate_of_return":0.09090909090909091}
{"window":{"start":"2023-10-26T19:58:00.000Z","end":"2023-10-26T19:59:00.000Z"},"country":"Netherlands","OPM":1,"total_sales_volume":16.600000381469727,"rate_of_return":0.0}
{"window":{"start":"2023-10-24T17:25:00.000Z","end":"2023-10-24T17:26:00.000Z"},"country":"Germany","OPM":1,"total_sales_volume":121.02999866008759,"rate_of_return":0.0}
{"window":{"start":"2023-10-24T08:16:00.000Z","end":"2023-10-24T08:17:00.000Z"},"country":"United Kingdom","OPM":12,"total_sales_volume":134.20999658107758,"rate_of_return":0.25}
{"window":{"start":"2023-10-25T22:08:00.000Z","end":"2023-10-25T22:09:00.000Z"},"country":"United Kingdom","OPM":14,"total_sales_volume":521.0999956429005,"rate_of_return":0.0}
{"window":{"start":"2023-10-27T01:46:00.000Z","end":"2023-10-27T01:47:00.000Z"},"country":"Belgium","OPM":1,"total_sales_volume":359.2799835205078,"rate_of_return":0.0}
{"window":{"start":"2023-10-25T13:46:00.000Z","end":"2023-10-25T13:47:00.000Z"},"country":"Australia","OPM":2,"total_sales_volume":139.5899977684021,"rate_of_return":0.0}
{"window":{"start":"2023-10-26T13:19:00.000Z","end":"2023-10-26T13:20:00.000Z"},"country":"Austria","OPM":1,"total_sales_volume":18.75,"rate_of_return":0.0}
{"window":{"start":"2023-10-25T09:40:00.000Z","end":"2023-10-25T09:41:00.000Z"},"country":"Austria","OPM":1,"total_sales_volume":-8.809999942779541,"rate_of_return":1.0}
{"window":{"start":"2023-10-23T21:25:00.000Z","end":"2023-10-23T21:26:00.000Z"},"country":"United Kingdom","OPM":13,"total_sales_volume":695.5600084960461,"rate_of_return":0.0}
{"window":{"start":"2023-10-26T03:09:00.000Z","end":"2023-10-26T03:10:00.000Z"},"country":"United Kingdom","OPM":7,"total_sales_volume":254.70999813079834,"rate_of_return":0.0}
{"window":{"start":"2023-10-25T11:17:00.000Z","end":"2023-10-25T11:18:00.000Z"},"country":"United Kingdom","OPM":9,"total_sales_volume":496.29000145196915,"rate_of_return":0.0}
{"window":{"start":"2023-10-26T03:45:00.000Z","end":"2023-10-26T03:46:00.000Z"},"country":"United Kingdom","OPM":10,"total_sales_volume":699.529992222786,"rate_of_return":0.0}
{"window":{"start":"2023-10-27T18:24:00.000Z","end":"2023-10-27T18:25:00.000Z"},"country":"United Kingdom","OPM":11,"total_sales_volume":1895.309982329607,"rate_of_return":0.0}
{"window":{"start":"2023-10-25T22:21:00.000Z","end":"2023-10-25T22:22:00.000Z"},"country":"United Kingdom","OPM":6,"total_sales_volume":335.5999968647957,"rate_of_return":0.0}
{"window":{"start":"2023-10-23T22:35:00.000Z","end":"2023-10-23T22:36:00.000Z"},"country":"Norway","OPM":1,"total_sales_volume":25.200000166893005,"rate_of_return":0.0}
{"window":{"start":"2023-10-25T15:18:00.000Z","end":"2023-10-25T15:19:00.000Z"},"country":"EIRE","OPM":1,"total_sales_volume":32.09000006318092,"rate_of_return":0.0}
{"window":{"start":"2023-10-25T23:35:00.000Z","end":"2023-10-25T23:36:00.000Z"},"country":"Australia","OPM":1,"total_sales_volume":30.0,"rate_of_return":0.0}
{"window":{"start":"2023-10-23T14:39:00.000Z","end":"2023-10-23T14:40:00.000Z"},"country":"Spain","OPM":1,"total_sales_volume":250.8400013446808,"rate_of_return":0.0}
{"window":{"start":"2023-10-24T16:19:00.000Z","end":"2023-10-24T16:20:00.000Z"},"country":"United Kingdom","OPM":5,"total_sales_volume":-158.16999152302742,"rate_of_return":0.2}
{"window":{"start":"2023-10-24T09:23:00.000Z","end":"2023-10-24T09:24:00.000Z"},"country":"Germany","OPM":1,"total_sales_volume":12.300000190734863,"rate_of_return":0.0}
{"window":{"start":"2023-10-27T17:13:00.000Z","end":"2023-10-27T17:14:00.000Z"},"country":"Australia","OPM":1,"total_sales_volume":90.51999855041504,"rate_of_return":0.0}
