{"window":{"start":"2023-10-25T00:10:00.000Z","end":"2023-10-25T00:11:00.000Z"},"country":"Germany","OPM":1,"total_sales_volume":72.01999807357788,"rate_of_return":0.0}
{"window":{"start":"2023-10-27T05:47:00.000Z","end":"2023-10-27T05:48:00.000Z"},"country":"United Kingdom","OPM":11,"total_sales_volume":373.750002682209,"rate_of_return":0.0}
{"window":{"start":"2023-10-27T09:02:00.000Z","end":"2023-10-27T09:03:00.000Z"},"country":"United Kingdom","OPM":14,"total_sales_volume":570.7600040137768,"rate_of_return":0.07142857142857142}
{"window":{"start":"2023-10-25T22:51:00.000Z","end":"2023-10-25T22:52:00.000Z"},"country":"United Kingdom","OPM":9,"total_sales_volume":736.7400007843971,"rate_of_return":0.1111111111111111}
{"window":{"start":"2023-10-24T14:25:00.000Z","end":"2023-10-24T14:26:00.000Z"},"country":"United Kingdom","OPM":10,"total_sales_volume":425.43999660015106,"rate_of_return":0.0}
{"window":{"start":"2023-10-24T10:29:00.000Z","end":"2023-10-24T10:30:00.000Z"},"country":"Norway","OPM":1,"total_sales_volume":73.3200012743473,"rate_of_return":0.0}
{"window":{"start":"2023-10-24T11:10:00.000Z","end":"2023-10-24T11:11:00.000Z"},"country":"United Kingdom","OPM":10,"total_sales_volume":25.810003697872162,"rate_of_return":0.2}
{"window":{"start":"2023-10-27T14:16:00.000Z","end":"2023-10-27T14:17:00.000Z"},"country":"United Kingdom","OPM":13,"total_sales_volume":1024.0700138807297,"rate_of_return":0.07692307692307693}
{"window":{"start":"2023-10-27T11:26:00.000Z","end":"2023-10-27T11:27:00.000Z"},"country":"United Kingdom","OPM":4,"total_sales_volume":125.61999839544296,"rate_of_return":0.0}
{"window":{"start":"2023-10-25T19:18:00.000Z","end":"2023-10-25T19:19:00.000Z"},"country":"United Kingdom","OPM":12,"total_sales_volume":286.4699987769127,"rate_of_return":0.08333333333333333}
{"window":{"start":"2023-10-25T19:12:00.000Z","end":"2023-10-25T19:13:00.000Z"},"country":"Norway","OPM":2,"total_sales_volume":98.36000001430511,"rate_of_return":0.0}
{"window":{"start":"2023-10-26T01:00:00.000Z","end":"2023-10-26T01:01:00.000Z"},"country":"Portugal","OPM":1,"total_sales_volume":129.4799976348877,"rate_of_return":0.0}
{"window":{"start":"2023-10-23T16:07:00.000Z","end":"2023-10-23T16:08:00.000Z"},"country":"EIRE","OPM":1,"total_sales_volume":107.59000015258789,"rate_of_return":0.0}
{"window":{"start":"2023-10-24T02:11:00.000Z","end":"2023-10-24T02:12:00.000Z"},"country":"France","OPM":1,"total_sales_volume":16.450000047683716,"rate_of_return":0.0}
{"window":{"start":"2023-10-24T06:44:00.000Z","end":"2023-10-24T06:45:00.000Z"},"country":"Germany","OPM":1,"total_sales_volume":4.960000038146973,"rate_of_return":0.0}
{"window":{"start":"2023-10-26T01:01:00.000Z","end":"2023-10-26T01:02:00.000Z"},"country":"Germany","OPM":2,"total_sales_volume":78.21999976038933,"rate_of_return":0.0}
{"window":{"start":"2023-10-24T22:53:00.000Z","end":"2023-10-24T22:54:00.000Z"},"country":"France","OPM":1,"total_sales_volume":86.95000123977661,"rate_of_return":0.0}
{"window":{"start":"2023-10-25T09:27:00.000Z","end":"2023-10-25T09:28:00.000Z"},"country":"Norway","OPM":1,"total_sales_volume":55.549999713897705,"rate_of_return":0.0}
{"window":{"start":"2023-10-25T09:36:00.000Z","end":"2023-10-25T09:37:00.000Z"},"country":"United Kingdom","OPM":8,"total_sales_volume":261.2999964058399,"rate_of_return":0.125}
{"window":{"start":"2023-10-26T02:15:00.000Z","end":"2023-10-26T02:16:00.000Z"},"country":"United Kingdom","OPM":8,"total_sales_volume":1242.6599979698658,"rate_of_return":0.0}
{"window":{"start":"2023-10-25T20:08:00.000Z","end":"2023-10-25T20:09:00.000Z"},"country":"United Kingdom","OPM":10,"total_sales_volume":531.3099988698959,"rate_of_return":0.1}
{"window":{"start":"2023-10-27T04:39:00.000Z","end":"2023-10-27T04:40:00.000Z"},"country":"Poland","OPM":1,"total_sales_volume":58.83000135421753,"rate_of_return":0.0}
{"window":{"start":"2023-10-24T23:25:00.000Z","end":"2023-10-24T23:26:00.000Z"},"country":"France","OPM":1,"total_sales_volume":99.73999977111816,"rate_of_return":0.0}
{"window":{"start":"2023-10-27T22:30:00.000Z","end":"2023-10-27T22:31:00.000Z"},"country":"United Kingdom","OPM":4,"total_sales_volume":386.43000024557114,"rate_of_return":0.0}
{"window":{"start":"2023-10-25T09:59:00.000Z","end":"2023-10-25T10:00:00.000Z"},"country":"Germany","OPM":2,"total_sales_volume":56.049999475479126,"rate_of_return":0.5}
{"window":{"start":"2023-10-24T05:00:00.000Z","end":"2023-10-24T05:01:00.000Z"},"country":"United Kingdom","OPM":6,"total_sales_volume":227.89000836014748,"rate_of_return":0.16666666666666666}
{"window":{"start":"2023-10-24T18:24:00.000Z","end":"2023-10-24T18:25:00.000Z"},"country":"France","OPM":1,"total_sales_volume":109.95000076293945,"rate_of_return":0.0}
{"window":{"start":"2023-10-26T11:05:00.000Z","end":"2023-10-26T11:06:00.000Z"},"country":"United Kingdom","OPM":12,"total_sales_volume":449.93999794125557,"rate_of_return":0.0}
{"window":{"start":"2023-10-27T03:15:00.000Z","end":"2023-10-27T03:16:00.000Z"},"country":"France","OPM":1,"total_sales_volume":32.17999982833862,"rate_of_return":0.0}
{"window":{"start":"2023-10-26T16:41:00.000Z","end":"2023-10-26T16:42:00.000Z"},"country":"Germany","OPM":1,"total_sales_volume":25.399999618530273,"rate_of_return":0.0}
{"window":{"start":"2023-10-23T16:25:00.000Z","end":"2023-10-23T16:26:00.000Z"},"country":"EIRE","OPM":1,"total_sales_volume":21.59999966621399,"rate_of_return":0.0}
{"window":{"start":"2023-10-26T15:11:00.000Z","end":"2023-10-26T15:12:00.000Z"},"country":"EIRE","OPM":2,"total_sales_volume":38.170000076293945,"rate_of_return":0.0}
{"window":{"start":"2023-10-25T23:05:00.000Z","end":"2023-10-25T23:06:00.000Z"},"country":"United Kingdom","OPM":6,"total_sales_volume":455.93999525904655,"rate_of_return":0.0}
{"window":{"start":"2023-10-26T01:00:00.000Z","end":"2023-10-26T01:01:00.000Z"},"country":"United Kingdom","OPM":8,"total_sales_volume":369.0199981033802,"rate_of_return":0.0}
{"window":{"start":"2023-10-27T00:13:00.000Z","end":"2023-10-27T00:14:00.000Z"},"country":"United Kingdom","OPM":8,"total_sales_volume":3492.3199905753136,"rate_of_return":0.0}
{"window":{"start":"2023-10-25T03:31:00.000Z","end":"2023-10-25T03:32:00.000Z"},"country":"United Kingdom","OPM":14,"total_sales_volume":731.2499980330467,"rate_of_return":0.0}
{"window":{"start":"2023-10-25T11:53:00.000Z","end":"2023-10-25T11:54:00.000Z"},"country":"Belgium","OPM":1,"total_sales_volume":2.5999999046325684,"rate_of_return":0.0}
{"window":{"start":"2023-10-27T07:12:00.000Z","end":"2023-10-27T07:13:00.000Z"},"country":"United Kingdom","OPM":13,"total_sales_volume":737.1699930727482,"rate_of_return":0.0}
{"window":{"start":"2023-10-25T22:29:00.000Z","end":"2023-10-25T22:30:00.000Z"},"country":"EIRE","OPM":1,"total_sales_volume":43.06999996304512,"rate_of_return":0.0}
{"window":{"start":"2023-10-25T00:14:00.000Z","end":"2023-10-25T00:15:00.000Z"},"country":"United Kingdom","OPM":13,"total_sales_volume":454.29000091552734,"rate_of_return":0.07692307692307693}
{"window":{"start":"2023-10-24T11:37:00.000Z","end":"2023-10-24T11:38:00.000Z"},"country":"Netherlands","OPM":1,"total_sales_volume":40.60999929904938,"rate_of_return":0.0}
{"window":{"start":"2023-10-26T23:09:00.000Z","end":"2023-10-26T23:10:00.000Z"},"country":"United Kingdom","OPM":10,"total_sales_volume":478.04999220371246,"rate_of_return":0.0}
{"window":{"start":"2023-10-25T04:42:00.000Z","end":"2023-10-25T04:43:00.000Z"},"country":"France","OPM":1,"total_sales_volume":-70.85999846458435,"rate_of_return":1.0}
{"window":{"start":"2023-10-25T04:09:00.000Z","end":"2023-10-25T04:10:00.000Z"},"country":"Netherlands","OPM":1,"total_sales_volume":-25.419999092817307,"rate_of_return":1.0}
{"window":{"start":"2023-10-27T02:58:00.000Z","end":"2023-10-27T02:59:00.000Z"},"country":"Switzerland","OPM":1,"total_sales_volume":8.640000343322754,"rate_of_return":0.0}
{"window":{"start":"2023-10-24T14:56:00.000Z","end":"2023-10-24T14:57:00.000Z"},"country":"EIRE","OPM":1,"total_sales_volume":9.130000114440918,"rate_of_return":0.0}
{"window":{"start":"2023-10-27T22:59:00.000Z","end":"2023-10-27T23:00:00.000Z"},"country":"Austria","OPM":1,"total_sales_volume":38.8000009059906,"rate_of_return":0.0}
{"window":{"start":"2023-10-25T11:54:00.000Z","end":"2023-10-25T11:55:00.000Z"},"country":"EIRE","OPM":1,"total_sales_volume":17.40000057220459,"rate_of_return":0.0}
{"window":{"start":"2023-10-27T09:47:00.000Z","end":"2023-10-27T09:48:00.000Z"},"country":"United Kingdom","OPM":5,"total_sales_volume":178.28999996185303,"rate_of_return":0.0}
{"window":{"start":"2023-10-25T01:59:00.000Z","end":"2023-10-25T02:00:00.000Z"},"country":"Denmark","OPM":1,"total_sales_volume":-28.81999969482422,"rate_of_return":1.0}
{"window":{"start":"2023-10-27T03:08:00.000Z","end":"2023-10-27T03:09:00.000Z"},"country":"France","OPM":1,"total_sales_volume":5.699999928474426,"rate_of_return":0.0}
{"window":{"start":"2023-10-24T07:13:00.000Z","end":"2023-10-24T07:14:00.000Z"},"country":"Spain","OPM":1,"total_sales_volume":1.659999966621399,"rate_of_return":0.0}
{"window":{"start":"2023-10-27T13:30:00.000Z","end":"2023-10-27T13:31:00.000Z"},"country":"United Kingdom","OPM":9,"total_sales_volume":445.5699904859066,"rate_of_return":0.0}
{"window":{"start":"2023-10-24T09:48:00.000Z","end":"2023-10-24T09:49:00.000Z"},"country":"United Kingdom","OPM":10,"total_sales_volume":672.9899997711182,"rate_of_return":0.1}
{"window":{"start":"2023-10-26T21:15:00.000Z","end":"2023-10-26T21:16:00.000Z"},"country":"United Kingdom","OPM":10,"total_sales_volume":922.6599786132574,"rate_of_return":0.0}
{"window":{"start":"2023-10-24T19:39:00.000Z","end":"2023-10-24T19:40:00.000Z"},"country":"United Kingdom","OPM":10,"total_sales_volume":432.50999143719673,"rate_of_return":0.0}
{"window":{"start":"2023-10-24T12:54:00.000Z","end":"2023-10-24T12:55:00.000Z"},"country":"United Kingdom","OPM":9,"total_sales_volume":476.4099834859371,"rate_of_return":0.1111111111111111}
{"window":{"start":"2023-10-27T04:50:00.000Z","end":"2023-10-27T04:51:00.000Z"},"country":"United Kingdom","OPM":11,"total_sales_volume":196.30000150203705,"rate_of_return":0.09090909090909091}
{"window":{"start":"2023-10-25T02:27:00.000Z","end":"2023-10-25T02:28:00.000Z"},"country":"United Kingdom","OPM":7,"total_sales_volume":370.4899981021881,"rate_of_return":0.14285714285714285}
{"window":{"start":"2023-10-28T01:03:00.000Z","end":"2023-10-28T01:04:00.000Z"},"country":"France","OPM":1,"total_sales_volume":82.78999942541122,"rate_of_return":0.0}
{"window":{"start":"2023-10-25T12:07:00.000Z","end":"2023-10-25T12:08:00.000Z"},"country":"United Kingdom","OPM":6,"total_sales_volume":41.47999879717827,"rate_of_return":0.16666666666666666}
{"window":{"start":"2023-10-23T16:59:00.000Z","end":"2023-10-23T17:00:00.000Z"},"country":"Iceland","OPM":1,"total_sales_volume":88.13000047206879,"rate_of_return":0.0}
{"window":{"start":"2023-10-27T23:41:00.000Z","end":"2023-10-27T23:42:00.000Z"},"country":"United Kingdom","OPM":6,"total_sales_volume":276.5500013232231,"rate_of_return":0.0}
{"window":{"start":"2023-10-24T09:16:00.000Z","end":"2023-10-24T09:17:00.000Z"},"country":"France","OPM":1,"total_sales_volume":68.2100003361702,"rate_of_return":0.0}
{"window":{"start":"2023-10-25T11:07:00.000Z","end":"2023-10-25T11:08:00.000Z"},"country":"United Kingdom","OPM":10,"total_sales_volume":531.399996817112,"rate_of_return":0.1}
{"window":{"start":"2023-10-26T05:18:00.000Z","end":"2023-10-26T05:19:00.000Z"},"country":"France","OPM":1,"total_sales_volume":12.59999942779541,"rate_of_return":0.0}
{"window":{"start":"2023-10-25T13:49:00.000Z","end":"2023-10-25T13:50:00.000Z"},"country":"Unspecified","OPM":1,"total_sales_volume":60.03000068664551,"rate_of_return":0.0}
{"window":{"start":"2023-10-27T06:26:00.000Z","end":"2023-10-27T06:27:00.000Z"},"country":"United Kingdom","OPM":13,"total_sales_volume":874.1499967873096,"rate_of_return":0.07692307692307693}
{"window":{"start":"2023-10-28T04:21:00.000Z","end":"2023-10-28T04:22:00.000Z"},"country":"Germany","OPM":1,"total_sales_volume":371.2799860239029,"rate_of_return":0.0}
{"window":{"start":"2023-10-26T22:01:00.000Z","end":"2023-10-26T22:02:00.000Z"},"country":"United Kingdom","OPM":14,"total_sales_volume":726.7299924492836,"rate_of_return":0.07142857142857142}
{"window":{"start":"2023-10-27T14:19:00.000Z","end":"2023-10-27T14:20:00.000Z"},"country":"United Kingdom","OPM":10,"total_sales_volume":542.1900011599064,"rate_of_return":0.1}
