{"window":{"start":"2023-10-24T22:19:00.000Z","end":"2023-10-24T22:20:00.000Z"},"country":"France","OPM":1,"total_sales_volume":26.480000734329224,"rate_of_return":0.0}
{"window":{"start":"2023-10-25T22:13:00.000Z","end":"2023-10-25T22:14:00.000Z"},"country":"Switzerland","OPM":1,"total_sales_volume":20.44000017642975,"rate_of_return":0.0}
{"window":{"start":"2023-10-24T20:16:00.000Z","end":"2023-10-24T20:17:00.000Z"},"country":"Italy","OPM":1,"total_sales_volume":1.9500000476837158,"rate_of_return":0.0}
{"window":{"start":"2023-10-27T03:59:00.000Z","end":"2023-10-27T04:00:00.000Z"},"country":"EIRE","OPM":1,"total_sales_volume":61.57000017166138,"rate_of_return":0.0}
{"window":{"start":"2023-10-24T00:28:00.000Z","end":"2023-10-24T00:29:00.000Z"},"country":"United Kingdom","OPM":7,"total_sales_volume":391.91999876499176,"rate_of_return":0.0}
{"window":{"start":"2023-10-25T21:19:00.000Z","end":"2023-10-25T21:20:00.000Z"},"country":"Germany","OPM":1,"total_sales_volume":64.36999797821045,"rate_of_return":0.0}
{"window":{"start":"2023-10-25T09:21:00.000Z","end":"2023-10-25T09:22:00.000Z"},"country":"Germany","OPM":1,"total_sales_volume":29.959999799728394,"rate_of_return":0.0}
{"window":{"start":"2023-10-27T14:33:00.000Z","end":"2023-10-27T14:34:00.000Z"},"country":"United Kingdom","OPM":14,"total_sales_volume":589.4500024914742,"rate_of_return":0.21428571428571427}
{"window":{"start":"2023-10-25T06:49:00.000Z","end":"2023-10-25T06:50:00.000Z"},"country":"Spain","OPM":1,"total_sales_volume":6.639999866485596,"rate_of_return":0.0}
{"window":{"start":"2023-10-27T20:45:00.000Z","end":"2023-10-27T20:46:00.000Z"},"country":"United Kingdom","OPM":15,"total_sales_volume":562.9399933218956,"rate_of_return":0.06666666666666667}
{"window":{"start":"2023-10-27T01:40:00.000Z","end":"2023-10-27T01:41:00.000Z"},"country":"United Kingdom","OPM":12,"total_sales_volume":412.68000093102455,"rate_of_return":0.08333333333333333}
{"window":{"start":"2023-10-27T15:01:00.000Z","end":"2023-10-27T15:02:00.000Z"},"country":"United Kingdom","OPM":10,"total_sales_volume":691.8999906778336,"rate_of_return":0.0}
{"window":{"start":"2023-10-25T05:07:00.000Z","end":"2023-10-25T05:08:00.000Z"},"country":"United Kingdom","OPM":11,"total_sales_volume":728.1199996173382,"rate_of_return":0.0}
{"window":{"start":"2023-10-27T19:47:00.000Z","end":"2023-10-27T19:48:00.000Z"},"country":"United Kingdom","OPM":10,"total_sales_volume":707.549990594387,"rate_of_return":0.0}
{"window":{"start":"2023-10-25T12:57:00.000Z","end":"2023-10-25T12:58:00.000Z"},"country":"United Kingdom","OPM":2,"total_sales_volume":14.120000004768372,"rate_of_return":0.0}
{"window":{"start":"2023-10-25T15:10:00.000Z","end":"2023-10-25T15:11:00.000Z"},"country":"United Kingdom","OPM":8,"total_sales_volume":763.7300019264221,"rate_of_return":0.0}
{"window":{"start":"2023-10-27T20:57:00.000Z","end":"2023-10-27T20:58:00.000Z"},"country":"United Kingdom","OPM":10,"total_sales_volume":310.0600003898144,"rate_of_return":0.1}
{"window":{"start":"2023-10-25T21:23:00.000Z","end":"2023-10-25T21:24:00.000Z"},"country":"United Kingdom","OPM":11,"total_sales_volume":498.2899975180626,"rate_of_return":0.09090909090909091}
{"window":{"start":"2023-10-23T21:02:00.000Z","end":"2023-10-23T21:03:00.000Z"},"country":"United Kingdom","OPM":7,"total_sales_volume":106.69000136852264,"rate_of_return":0.14285714285714285}
{"window":{"start":"2023-10-25T12:34:00.000Z","end":"2023-10-25T12:35:00.000Z"},"country":"United Kingdom","OPM":4,"total_sales_volume":174.61999812722206,"rate_of_return":0.0}
{"window":{"start":"2023-10-25T07:56:00.000Z","end":"2023-10-25T07:57:00.000Z"},"country":"United Kingdom","OPM":14,"total_sales_volume":2293.1899896264076,"rate_of_return":0.0}
{"window":{"start":"2023-10-24T02:26:00.000Z","end":"2023-10-24T02:27:00.000Z"},"country":"United Kingdom","OPM":10,"total_sales_volume":462.1399950683117,"rate_of_return":0.1}
{"window":{"start":"2023-10-24T15:01:00.000Z","end":"2023-10-24T15:02:00.000Z"},"country":"United Kingdom","OPM":19,"total_sales_volume":1751.2099964618683,"rate_of_return":0.05263157894736842}
{"window":{"start":"2023-10-24T00:40:00.000Z","end":"2023-10-24T00:41:00.000Z"},"country":"United Kingdom","OPM":10,"total_sales_volume":355.6200013458729,"rate_of_return":0.0}
{"window":{"start":"2023-10-26T18:38:00.000Z","end":"2023-10-26T18:39:00.000Z"},"country":"EIRE","OPM":1,"total_sales_volume":47.21000003814697,"rate_of_return":0.0}
{"window":{"start":"2023-10-25T14:38:00.000Z","end":"2023-10-25T14:39:00.000Z"},"country":"United Kingdom","OPM":11,"total_sales_volume":571.2699979841709,"rate_of_return":0.09090909090909091}
{"window":{"start":"2023-10-27T23:10:00.000Z","end":"2023-10-27T23:11:00.000Z"},"country":"Sweden","OPM":1,"total_sales_volume":0.8599999696016312,"rate_of_return":0.0}
{"window":{"start":"2023-10-28T00:54:00.000Z","end":"2023-10-28T00:55:00.000Z"},"country":"United Kingdom","OPM":3,"total_sales_volume":224.93999707698822,"rate_of_return":0.0}
{"window":{"start":"2023-10-25T19:24:00.000Z","end":"2023-10-25T19:25:00.000Z"},"country":"United Kingdom","OPM":12,"total_sales_volume":406.1999986767769,"rate_of_return":0.0}
{"window":{"start":"2023-10-26T06:00:00.000Z","end":"2023-10-26T06:01:00.000Z"},"country":"United Kingdom","OPM":8,"total_sales_volume":466.55999928712845,"rate_of_return":0.0}
{"window":{"start":"2023-10-26T18:49:00.000Z","end":"2023-10-26T18:50:00.000Z"},"country":"Germany","OPM":1,"total_sales_volume":85.5499986410141,"rate_of_return":0.0}
{"window":{"start":"2023-10-25T17:14:00.000Z","end":"2023-10-25T17:15:00.000Z"},"country":"United Kingdom","OPM":6,"total_sales_volume":248.90999710559845,"rate_of_return":0.0}
{"window":{"start":"2023-10-26T02:32:00.000Z","end":"2023-10-26T02:33:00.000Z"},"country":"United Kingdom","OPM":14,"total_sales_volume":1109.7399963736534,"rate_of_return":0.0}
{"window":{"start":"2023-10-27T22:11:00.000Z","end":"2023-10-27T22:12:00.000Z"},"country":"Germany","OPM":1,"total_sales_volume":45.769999563694,"rate_of_return":0.0}
{"window":{"start":"2023-10-23T20:45:00.000Z","end":"2023-10-23T20:46:00.000Z"},"country":"Germany","OPM":1,"total_sales_volume":18.75,"rate_of_return":0.0}
{"window":{"start":"2023-10-27T01:26:00.000Z","end":"2023-10-27T01:27:00.000Z"},"country":"Switzerland","OPM":1,"total_sales_volume":169.0099983215332,"rate_of_return":0.0}
{"window":{"start":"2023-10-25T18:52:00.000Z","end":"2023-10-25T18:53:00.000Z"},"country":"France","OPM":1,"total_sales_volume":72.06999960541725,"rate_of_return":0.0}
{"window":{"start":"2023-10-26T09:05:00.000Z","end":"2023-10-26T09:06:00.000Z"},"country":"France","OPM":1,"total_sales_volume":31.359999537467957,"rate_of_return":0.0}
{"window":{"start":"2023-10-25T01:52:00.000Z","end":"2023-10-25T01:53:00.000Z"},"country":"France","OPM":1,"total_sales_volume":213.35999250411987,"rate_of_return":0.0}
{"window":{"start":"2023-10-23T16:18:00.000Z","end":"2023-10-23T16:19:00.000Z"},"country":"United Kingdom","OPM":5,"total_sales_volume":387.73999896645546,"rate_of_return":0.2}
{"window":{"start":"2023-10-26T00:56:00.000Z","end":"2023-10-26T00:57:00.000Z"},"country":"United Kingdom","OPM":11,"total_sales_volume":815.7399983406067,"rate_of_return":0.0}
{"window":{"start":"2023-10-23T17:32:00.000Z","end":"2023-10-23T17:33:00.000Z"},"country":"Germany","OPM":1,"total_sales_volume":24.219999313354492,"rate_of_return":0.0}
{"window":{"start":"2023-10-27T04:32:00.000Z","end":"2023-10-27T04:33:00.000Z"},"country":"United Kingdom","OPM":10,"total_sales_volume":384.58000323176384,"rate_of_return":0.1}
{"window":{"start":"2023-10-27T10:02:00.000Z","end":"2023-10-27T10:03:00.000Z"},"country":"United Kingdom","OPM":8,"total_sales_volume":797.3499944508076,"rate_of_return":0.0}
{"window":{"start":"2023-10-26T18:19:00.000Z","end":"2023-10-26T18:20:00.000Z"},"country":"United Kingdom","OPM":11,"total_sales_volume":560.8699996173382,"rate_of_return":0.0}
{"window":{"start":"2023-10-25T04:51:00.000Z","end":"2023-10-25T04:52:00.000Z"},"country":"Switzerland","OPM":1,"total_sales_volume":48.53999996185303,"rate_of_return":0.0}
{"window":{"start":"2023-10-25T05:51:00.000Z","end":"2023-10-25T05:52:00.000Z"},"country":"Switzerland","OPM":1,"total_sales_volume":48.40000009536743,"rate_of_return":0.0}
{"window":{"start":"2023-10-27T06:23:00.000Z","end":"2023-10-27T06:24:00.000Z"},"country":"EIRE","OPM":1,"total_sales_volume":102.01999950408936,"rate_of_return":0.0}
{"window":{"start":"2023-10-28T04:40:00.000Z","end":"2023-10-28T04:41:00.000Z"},"country":"France","OPM":1,"total_sales_volume":-66.80000066757202,"rate_of_return":1.0}
{"window":{"start":"2023-10-28T01:07:00.000Z","end":"2023-10-28T01:08:00.000Z"},"country":"Channel Islands","OPM":1,"total_sales_volume":21.24999976158142,"rate_of_return":0.0}
{"window":{"start":"2023-10-23T22:52:00.000Z","end":"2023-10-23T22:53:00.000Z"},"country":"United Kingdom","OPM":12,"total_sales_volume":338.6700018942356,"rate_of_return":0.0}
{"window":{"start":"2023-10-26T03:54:00.000Z","end":"2023-10-26T03:55:00.000Z"},"country":"United Kingdom","OPM":9,"total_sales_volume":1093.9699757397175,"rate_of_return":0.0}
{"window":{"start":"2023-10-27T05:24:00.000Z","end":"2023-10-27T05:25:00.000Z"},"country":"EIRE","OPM":1,"total_sales_volume":1.6500000357627869,"rate_of_return":0.0}
{"window":{"start":"2023-10-24T07:35:00.000Z","end":"2023-10-24T07:36:00.000Z"},"country":"Cyprus","OPM":1,"total_sales_volume":28.00999927520752,"rate_of_return":0.0}
{"window":{"start":"2023-10-27T15:39:00.000Z","end":"2023-10-27T15:40:00.000Z"},"country":"United Kingdom","OPM":9,"total_sales_volume":647.4799926578999,"rate_of_return":0.0}
{"window":{"start":"2023-10-25T13:55:00.000Z","end":"2023-10-25T13:56:00.000Z"},"country":"United Kingdom","OPM":5,"total_sales_volume":247.46000143885612,"rate_of_return":0.2}
{"window":{"start":"2023-10-25T16:00:00.000Z","end":"2023-10-25T16:01:00.000Z"},"country":"United Kingdom","OPM":5,"total_sales_volume":-12.20000147819519,"rate_of_return":0.2}
{"window":{"start":"2023-10-24T18:09:00.000Z","end":"2023-10-24T18:10:00.000Z"},"country":"United Kingdom","OPM":8,"total_sales_volume":813.4400080442429,"rate_of_return":0.0}
{"window":{"start":"2023-10-26T21:45:00.000Z","end":"2023-10-26T21:46:00.000Z"},"country":"United Kingdom","OPM":12,"total_sales_volume":614.5800018906593,"rate_of_return":0.0}
{"window":{"start":"2023-10-26T15:43:00.000Z","end":"2023-10-26T15:44:00.000Z"},"country":"United Kingdom","OPM":7,"total_sales_volume":323.32000432908535,"rate_of_return":0.14285714285714285}
{"window":{"start":"2023-10-24T02:26:00.000Z","end":"2023-10-24T02:27:00.000Z"},"country":"Channel Islands","OPM":1,"total_sales_volume":17.149999737739563,"rate_of_return":0.0}
{"window":{"start":"2023-10-27T16:02:00.000Z","end":"2023-10-27T16:03:00.000Z"},"country":"United Kingdom","OPM":14,"total_sales_volume":621.5299890935421,"rate_of_return":0.14285714285714285}
{"window":{"start":"2023-10-25T11:49:00.000Z","end":"2023-10-25T11:50:00.000Z"},"country":"France","OPM":1,"total_sales_volume":33.46999955177307,"rate_of_return":0.0}
{"window":{"start":"2023-10-27T06:57:00.000Z","end":"2023-10-27T06:58:00.000Z"},"country":"France","OPM":1,"total_sales_volume":21.950000286102295,"rate_of_return":0.0}
{"window":{"start":"2023-10-23T15:50:00.000Z","end":"2023-10-23T15:51:00.000Z"},"country":"United Kingdom","OPM":15,"total_sales_volume":913.319989323616,"rate_of_return":0.0}
{"window":{"start":"2023-10-24T22:46:00.000Z","end":"2023-10-24T22:47:00.000Z"},"country":"Netherlands","OPM":1,"total_sales_volume":403.1999816894531,"rate_of_return":0.0}
{"window":{"start":"2023-10-23T15:06:00.000Z","end":"2023-10-23T15:07:00.000Z"},"country":"EIRE","OPM":1,"total_sales_volume":7.100000023841858,"rate_of_return":0.0}
