{"window":{"start":"2023-10-24T08:17:00.000Z","end":"2023-10-24T08:18:00.000Z"},"country":"United Kingdom","OPM":10,"total_sales_volume":344.6100015938282,"rate_of_return":0.0}
{"window":{"start":"2023-10-27T12:28:00.000Z","end":"2023-10-27T12:29:00.000Z"},"country":"France","OPM":1,"total_sales_volume":36.700000047683716,"rate_of_return":0.0}
{"window":{"start":"2023-10-23T12:43:00.000Z","end":"2023-10-23T12:44:00.000Z"},"country":"United Kingdom","OPM":8,"total_sales_volume":480.9899989515543,"rate_of_return":0.0}
{"window":{"start":"2023-10-28T00:56:00.000Z","end":"2023-10-28T00:57:00.000Z"},"country":"United Kingdom","OPM":14,"total_sales_volume":795.7399924099445,"rate_of_return":0.0}
{"window":{"start":"2023-10-26T16:39:00.000Z","end":"2023-10-26T16:40:00.000Z"},"country":"United Kingdom","OPM":8,"total_sales_volume":116.8500063419342,"rate_of_return":0.125}
{"window":{"start":"2023-10-27T20:27:00.000Z","end":"2023-10-27T20:28:00.000Z"},"country":"United Kingdom","OPM":7,"total_sales_volume":335.3900052309036,"rate_of_return":0.14285714285714285}
{"window":{"start":"2023-10-23T21:36:00.000Z","end":"2023-10-23T21:37:00.000Z"},"country":"Belgium","OPM":1,"total_sales_volume":24.959999084472656,"rate_of_return":0.0}
{"window":{"start":"2023-10-25T22:51:00.000Z","end":"2023-10-25T22:52:00.000Z"},"country":"Netherlands","OPM":1,"total_sales_volume":0.8299999833106995,"rate_of_return":0.0}
{"window":{"start":"2023-10-26T22:56:00.000Z","end":"2023-10-26T22:57:00.000Z"},"country":"United Kingdom","OPM":15,"total_sales_volume":3873.3200381994247,"rate_of_return":0.13333333333333333}
{"window":{"start":"2023-10-25T16:23:00.000Z","end":"2023-10-25T16:24:00.000Z"},"country":"Spain","OPM":1,"total_sales_volume":27.44000005722046,"rate_of_return":0.0}
{"window":{"start":"2023-10-27T12:40:00.000Z","end":"2023-10-27T12:41:00.000Z"},"country":"United Kingdom","OPM":10,"total_sales_volume":526.9199996292591,"rate_of_return":0.0}
{"window":{"start":"2023-10-26T12:46:00.000Z","end":"2023-10-26T12:47:00.000Z"},"country":"United Kingdom","OPM":14,"total_sales_volume":568.7199957370758,"rate_of_return":0.0}
{"window":{"start":"2023-10-28T00:04:00.000Z","end":"2023-10-28T00:05:00.000Z"},"country":"Portugal","OPM":1,"total_sales_volume":33.99000036716461,"rate_of_return":0.0}
{"window":{"start":"2023-10-23T18:53:00.000Z","end":"2023-10-23T18:54:00.000Z"},"country":"EIRE","OPM":1,"total_sales_volume":3.4799998998641968,"rate_of_return":0.0}
{"window":{"start":"2023-10-27T01:18:00.000Z","end":"2023-10-27T01:19:00.000Z"},"country":"Australia","OPM":1,"total_sales_volume":39.15999913215637,"rate_of_return":0.0}
{"window":{"start":"2023-10-25T16:53:00.000Z","end":"2023-10-25T16:54:00.000Z"},"country":"France","OPM":1,"total_sales_volume":468.25000697374344,"rate_of_return":0.0}
{"window":{"start":"2023-10-27T19:19:00.000Z","end":"2023-10-27T19:20:00.000Z"},"country":"Cyprus","OPM":1,"total_sales_volume":155.6599998474121,"rate_of_return":0.0}
{"window":{"start":"2023-10-24T14:45:00.000Z","end":"2023-10-24T14:46:00.000Z"},"country":"United Kingdom","OPM":3,"total_sales_volume":75.82000041007996,"rate_of_return":0.0}
{"window":{"start":"2023-10-28T03:42:00.000Z","end":"2023-10-28T03:43:00.000Z"},"country":"France","OPM":1,"total_sales_volume":17.700000286102295,"rate_of_return":0.0}
{"window":{"start":"2023-10-24T09:09:00.000Z","end":"2023-10-24T09:10:00.000Z"},"country":"United Kingdom","OPM":13,"total_sales_volume":2029.2800006270409,"rate_of_return":0.07692307692307693}
{"window":{"start":"2023-10-27T14:39:00.000Z","end":"2023-10-27T14:40:00.000Z"},"country":"United Kingdom","OPM":15,"total_sales_volume":1280.2099841237068,"rate_of_return":0.06666666666666667}
{"window":{"start":"2023-10-24T09:08:00.000Z","end":"2023-10-24T09:09:00.000Z"},"country":"Germany","OPM":1,"total_sales_volume":20.759999752044678,"rate_of_return":0.0}
{"window":{"start":"2023-10-26T13:42:00.000Z","end":"2023-10-26T13:43:00.000Z"},"country":"Netherlands","OPM":1,"total_sales_volume":63.769999623298645,"rate_of_return":0.0}
{"window":{"start":"2023-10-26T10:52:00.000Z","end":"2023-10-26T10:53:00.000Z"},"country":"United Kingdom","OPM":13,"total_sales_volume":679.0900047421455,"rate_of_return":0.0}
{"window":{"start":"2023-10-26T02:23:00.000Z","end":"2023-10-26T02:24:00.000Z"},"country":"United Kingdom","OPM":4,"total_sales_volume":124.41999858617783,"rate_of_return":0.0}
{"window":{"start":"2023-10-23T15:52:00.000Z","end":"2023-10-23T15:53:00.000Z"},"country":"France","OPM":1,"total_sales_volume":144.84999656677246,"rate_of_return":0.0}
{"window":{"start":"2023-10-27T09:12:00.000Z","end":"2023-10-27T09:13:00.000Z"},"country":"Spain","OPM":1,"total_sales_volume":200.79999923706055,"rate_of_return":0.0}
{"window":{"start":"2023-10-25T23:20:00.000Z","end":"2023-10-25T23:21:00.000Z"},"country":"EIRE","OPM":3,"total_sales_volume":63.52999937534332,"rate_of_return":0.0}
{"window":{"start":"2023-10-24T17:34:00.000Z","end":"2023-10-24T17:35:00.000Z"},"country":"United Kingdom","OPM":11,"total_sales_volume":414.38999807834625,"rate_of_return":0.09090909090909091}
{"window":{"start":"2023-10-25T06:13:00.000Z","end":"2023-10-25T06:14:00.000Z"},"country":"EIRE","OPM":1,"total_sales_volume":11.710000038146973,"rate_of_return":0.0}
{"window":{"start":"2023-10-23T17:14:00.000Z","end":"2023-10-23T17:15:00.000Z"},"country":"Cyprus","OPM":1,"total_sales_volume":39.63999927043915,"rate_of_return":0.0}
{"window":{"start":"2023-10-25T15:01:00.000Z","end":"2023-10-25T15:02:00.000Z"},"country":"United Kingdom","OPM":13,"total_sales_volume":1442.0300033092499,"rate_of_return":0.0}
{"window":{"start":"2023-10-24T01:05:00.000Z","end":"2023-10-24T01:06:00.000Z"},"country":"Portugal","OPM":1,"total_sales_volume":131.90000200271606,"rate_of_return":0.0}
{"window":{"start":"2023-10-24T22:29:00.000Z","end":"2023-10-24T22:30:00.000Z"},"country":"France","OPM":1,"total_sales_volume":22.859999656677246,"rate_of_return":0.0}
{"window":{"start":"2023-10-26T22:54:00.000Z","end":"2023-10-26T22:55:00.000Z"},"country":"United Kingdom","OPM":7,"total_sales_volume":167.12000042200089,"rate_of_return":0.0}
{"window":{"start":"2023-10-27T02:26:00.000Z","end":"2023-10-27T02:27:00.000Z"},"country":"United Kingdom","OPM":3,"total_sales_volume":51.80999994277954,"rate_of_return":0.0}
{"window":{"start":"2023-10-24T05:24:00.000Z","end":"2023-10-24T05:25:00.000Z"},"country":"EIRE","OPM":1,"total_sales_volume":4.130000114440918,"rate_of_return":0.0}
{"window":{"start":"2023-10-24T22:19:00.000Z","end":"2023-10-24T22:20:00.000Z"},"country":"United Kingdom","OPM":3,"total_sales_volume":340.84999322891235,"rate_of_return":0.0}
{"window":{"start":"2023-10-23T13:57:00.000Z","end":"2023-10-23T13:58:00.000Z"},"country":"Switzerland","OPM":1,"total_sales_volume":29.299999713897705,"rate_of_return":0.0}
{"window":{"start":"2023-10-27T07:23:00.000Z","end":"2023-10-27T07:24:00.000Z"},"country":"France","OPM":1,"total_sales_volume":5.039999842643738,"rate_of_return":0.0}
{"window":{"start":"2023-10-25T10:05:00.000Z","end":"2023-10-25T10:06:00.000Z"},"country":"United Kingdom","OPM":8,"total_sales_volume":524.9099913239479,"rate_of_return":0.125}
{"window":{"start":"2023-10-24T18:18:00.000Z","end":"2023-10-24T18:19:00.000Z"},"country":"EIRE","OPM":1,"total_sales_volume":263.1799969673157,"rate_of_return":0.0}
{"window":{"start":"2023-10-25T13:13:00.000Z","end":"2023-10-25T13:14:00.000Z"},"country":"EIRE","OPM":1,"total_sales_volume":30.600000262260437,"rate_of_return":0.0}
{"window":{"start":"2023-10-28T04:44:00.000Z","end":"2023-10-28T04:45:00.000Z"},"country":"Norway","OPM":1,"total_sales_volume":16.700000047683716,"rate_of_return":0.0}
{"window":{"start":"2023-10-25T15:46:00.000Z","end":"2023-10-25T15:47:00.000Z"},"country":"Germany","OPM":1,"total_sales_volume":33.850000619888306,"rate_of_return":0.0}
{"window":{"start":"2023-10-24T20:21:00.000Z","end":"2023-10-24T20:22:00.000Z"},"country":"Portugal","OPM":1,"total_sales_volume":51.50999963283539,"rate_of_return":0.0}
{"window":{"start":"2023-10-24T04:59:00.000Z","end":"2023-10-24T05:00:00.000Z"},"country":"France","OPM":1,"total_sales_volume":24.84000015258789,"rate_of_return":0.0}
{"window":{"start":"2023-10-24T11:40:00.000Z","end":"2023-10-24T11:41:00.000Z"},"country":"France","OPM":1,"total_sales_volume":28.579999834299088,"rate_of_return":0.0}
{"window":{"start":"2023-10-24T05:06:00.000Z","end":"2023-10-24T05:07:00.000Z"},"country":"Canada","OPM":1,"total_sales_volume":0.7799999713897705,"rate_of_return":0.0}
{"window":{"start":"2023-10-27T09:48:00.000Z","end":"2023-10-27T09:49:00.000Z"},"country":"EIRE","OPM":1,"total_sales_volume":177.86999735236168,"rate_of_return":0.0}
{"window":{"start":"2023-10-27T20:40:00.000Z","end":"2023-10-27T20:41:00.000Z"},"country":"United Kingdom","OPM":6,"total_sales_volume":367.0100049972534,"rate_of_return":0.3333333333333333}
{"window":{"start":"2023-10-25T11:27:00.000Z","end":"2023-10-25T11:28:00.000Z"},"country":"Germany","OPM":1,"total_sales_volume":37.39999973773956,"rate_of_return":0.0}
{"window":{"start":"2023-10-26T05:49:00.000Z","end":"2023-10-26T05:50:00.000Z"},"country":"United Kingdom","OPM":6,"total_sales_volume":133.950000166893,"rate_of_return":0.16666666666666666}
{"window":{"start":"2023-10-28T05:36:00.000Z","end":"2023-10-28T05:37:00.000Z"},"country":"United Kingdom","OPM":7,"total_sales_volume":431.7899932861328,"rate_of_return":0.0}
{"window":{"start":"2023-10-24T06:25:00.000Z","end":"2023-10-24T06:26:00.000Z"},"country":"United Kingdom","OPM":13,"total_sales_volume":846.209994584322,"rate_of_return":0.0}
{"window":{"start":"2023-10-24T01:02:00.000Z","end":"2023-10-24T01:03:00.000Z"},"country":"United Kingdom","OPM":9,"total_sales_volume":1426.25001424551,"rate_of_return":0.1111111111111111}
{"window":{"start":"2023-10-24T22:05:00.000Z","end":"2023-10-24T22:06:00.000Z"},"country":"United Kingdom","OPM":9,"total_sales_volume":494.13999834656715,"rate_of_return":0.0}
{"window":{"start":"2023-10-27T23:23:00.000Z","end":"2023-10-27T23:24:00.000Z"},"country":"EIRE","OPM":1,"total_sales_volume":124.2800018787384,"rate_of_return":0.0}
{"window":{"start":"2023-10-25T10:36:00.000Z","end":"2023-10-25T10:37:00.000Z"},"country":"United Kingdom","OPM":7,"total_sales_volume":-39.3599993661046,"rate_of_return":0.2857142857142857}
{"window":{"start":"2023-10-24T02:45:00.000Z","end":"2023-10-24T02:46:00.000Z"},"country":"United Kingdom","OPM":11,"total_sales_volume":486.97000177949667,"rate_of_return":0.0}
{"window":{"start":"2023-10-25T12:16:00.000Z","end":"2023-10-25T12:17:00.000Z"},"country":"United Kingdom","OPM":9,"total_sales_volume":749.680005043745,"rate_of_return":0.1111111111111111}
{"window":{"start":"2023-10-27T04:29:00.000Z","end":"2023-10-27T04:30:00.000Z"},"country":"Australia","OPM":1,"total_sales_volume":-56.50999981164932,"rate_of_return":1.0}
{"window":{"start":"2023-10-23T22:52:00.000Z","end":"2023-10-23T22:53:00.000Z"},"country":"Germany","OPM":1,"total_sales_volume":19.799999713897705,"rate_of_return":0.0}
{"window":{"start":"2023-10-24T00:58:00.000Z","end":"2023-10-24T00:59:00.000Z"},"country":"United Kingdom","OPM":11,"total_sales_volume":625.7600032687187,"rate_of_return":0.0}
{"window":{"start":"2023-10-25T21:03:00.000Z","end":"2023-10-25T21:04:00.000Z"},"country":"Malta","OPM":1,"total_sales_volume":224.92000198364258,"rate_of_return":0.0}
{"window":{"start":"2023-10-28T00:11:00.000Z","end":"2023-10-28T00:12:00.000Z"},"country":"United Kingdom","OPM":4,"total_sales_volume":154.91999971866608,"rate_of_return":0.0}
{"window":{"start":"2023-10-27T17:35:00.000Z","end":"2023-10-27T17:36:00.000Z"},"country":"United Kingdom","OPM":7,"total_sales_volume":269.509998857975,"rate_of_return":0.0}
{"window":{"start":"2023-10-24T14:17:00.000Z","end":"2023-10-24T14:18:00.000Z"},"country":"Italy","OPM":1,"total_sales_volume":-20.990000128746033,"rate_of_return":1.0}
{"window":{"start":"2023-10-24T04:28:00.000Z","end":"2023-10-24T04:29:00.000Z"},"country":"United Kingdom","OPM":13,"total_sales_volume":444.6299929022789,"rate_of_return":0.0}
{"window":{"start":"2023-10-27T07:21:00.000Z","end":"2023-10-27T07:22:00.000Z"},"country":"United Kingdom","OPM":7,"total_sales_volume":443.20999962091446,"rate_of_return":0.0}
{"window":{"start":"2023-10-24T11:51:00.000Z","end":"2023-10-24T11:52:00.000Z"},"country":"United Kingdom","OPM":11,"total_sales_volume":983.7999926805496,"rate_of_return":0.0}
{"window":{"start":"2023-10-26T18:29:00.000Z","end":"2023-10-26T18:30:00.000Z"},"country":"EIRE","OPM":2,"total_sales_volume":29.119999527931213,"rate_of_return":0.0}
{"window":{"start":"2023-10-25T12:48:00.000Z","end":"2023-10-25T12:49:00.000Z"},"country":"United Kingdom","OPM":7,"total_sales_volume":662.3999906480312,"rate_of_return":0.0}
{"window":{"start":"2023-10-26T23:21:00.000Z","end":"2023-10-26T23:22:00.000Z"},"country":"United Kingdom","OPM":7,"total_sales_volume":503.9699942469597,"rate_of_return":0.0}
{"window":{"start":"2023-10-27T18:37:00.000Z","end":"2023-10-27T18:38:00.000Z"},"country":"United Kingdom","OPM":9,"total_sales_volume":284.33999878168106,"rate_of_return":0.1111111111111111}
