{"window":{"start":"2023-10-27T14:31:00.000Z","end":"2023-10-27T14:32:00.000Z"},"country":"United Kingdom","OPM":14,"total_sales_volume":1119.390008598566,"rate_of_return":0.0}
{"window":{"start":"2023-10-27T08:37:00.000Z","end":"2023-10-27T08:38:00.000Z"},"country":"United Kingdom","OPM":12,"total_sales_volume":1661.3099886775017,"rate_of_return":0.08333333333333333}
{"window":{"start":"2023-10-24T03:51:00.000Z","end":"2023-10-24T03:52:00.000Z"},"country":"France","OPM":1,"total_sales_volume":69.17999792098999,"rate_of_return":0.0}
{"window":{"start":"2023-10-25T01:57:00.000Z","end":"2023-10-25T01:58:00.000Z"},"country":"EIRE","OPM":1,"total_sales_volume":40.53999915719032,"rate_of_return":0.0}
{"window":{"start":"2023-10-24T19:40:00.000Z","end":"2023-10-24T19:41:00.000Z"},"country":"Portugal","OPM":1,"total_sales_volume":25.50000023841858,"rate_of_return":0.0}
{"window":{"start":"2023-10-25T19:59:00.000Z","end":"2023-10-25T20:00:00.000Z"},"country":"United Kingdom","OPM":9,"total_sales_volume":947.410019248724,"rate_of_return":0.0}
{"window":{"start":"2023-10-27T11:01:00.000Z","end":"2023-10-27T11:02:00.000Z"},"country":"EIRE","OPM":1,"total_sales_volume":40.65000009536743,"rate_of_return":0.0}
{"window":{"start":"2023-10-26T09:49:00.000Z","end":"2023-10-26T09:50:00.000Z"},"country":"Netherlands","OPM":1,"total_sales_volume":6.650000095367432,"rate_of_return":0.0}
{"window":{"start":"2023-10-23T23:41:00.000Z","end":"2023-10-23T23:42:00.000Z"},"country":"EIRE","OPM":1,"total_sales_volume":45.93000066280365,"rate_of_return":0.0}
{"window":{"start":"2023-10-25T19:43:00.000Z","end":"2023-10-25T19:44:00.000Z"},"country":"United Kingdom","OPM":15,"total_sales_volume":823.1499971747398,"rate_of_return":0.13333333333333333}
{"window":{"start":"2023-10-24T05:44:00.000Z","end":"2023-10-24T05:45:00.000Z"},"country":"United Kingdom","OPM":10,"total_sales_volume":523.8899944424629,"rate_of_return":0.0}
{"window":{"start":"2023-10-26T08:18:00.000Z","end":"2023-10-26T08:19:00.000Z"},"country":"EIRE","OPM":1,"total_sales_volume":58.31999880075455,"rate_of_return":0.0}
{"window":{"start":"2023-10-26T12:44:00.000Z","end":"2023-10-26T12:45:00.000Z"},"country":"United Kingdom","OPM":11,"total_sales_volume":306.06000179052353,"rate_of_return":0.0}
{"window":{"start":"2023-10-23T13:22:00.000Z","end":"2023-10-23T13:23:00.000Z"},"country":"United Kingdom","OPM":11,"total_sales_volume":563.6799966990948,"rate_of_return":0.0}
{"window":{"start":"2023-10-28T00:04:00.000Z","end":"2023-10-28T00:05:00.000Z"},"country":"United Kingdom","OPM":11,"total_sales_volume":582.0399990677834,"rate_of_return":0.09090909090909091}
{"window":{"start":"2023-10-26T18:58:00.000Z","end":"2023-10-26T18:59:00.000Z"},"country":"United Kingdom","OPM":8,"total_sales_volume":429.2699999138713,"rate_of_return":0.0}
{"window":{"start":"2023-10-24T06:20:00.000Z","end":"2023-10-24T06:21:00.000Z"},"country":"United Kingdom","OPM":6,"total_sales_volume":262.9399939775467,"rate_of_return":0.16666666666666666}
{"window":{"start":"2023-10-25T21:29:00.000Z","end":"2023-10-25T21:30:00.000Z"},"country":"United Kingdom","OPM":7,"total_sales_volume":269.78999811410904,"rate_of_return":0.0}
{"window":{"start":"2023-10-23T14:51:00.000Z","end":"2023-10-23T14:52:00.000Z"},"country":"United Kingdom","OPM":10,"total_sales_volume":141.83999890089035,"rate_of_return":0.2}
{"window":{"start":"2023-10-28T04:17:00.000Z","end":"2023-10-28T04:18:00.000Z"},"country":"United Kingdom","OPM":18,"total_sales_volume":1193.799993738532,"rate_of_return":0.0}
{"window":{"start":"2023-10-27T10:16:00.000Z","end":"2023-10-27T10:17:00.000Z"},"country":"Spain","OPM":1,"total_sales_volume":72.56000123918056,"rate_of_return":0.0}
{"window":{"start":"2023-10-24T18:52:00.000Z","end":"2023-10-24T18:53:00.000Z"},"country":"Australia","OPM":1,"total_sales_volume":1.6299999952316284,"rate_of_return":0.0}
{"window":{"start":"2023-10-27T17:41:00.000Z","end":"2023-10-27T17:42:00.000Z"},"country":"United Kingdom","OPM":14,"total_sales_volume":947.9499980211258,"rate_of_return":0.0}
{"window":{"start":"2023-10-24T02:07:00.000Z","end":"2023-10-24T02:08:00.000Z"},"country":"EIRE","OPM":2,"total_sales_volume":133.78999710083008,"rate_of_return":0.0}
{"window":{"start":"2023-10-27T21:20:00.000Z","end":"2023-10-27T21:21:00.000Z"},"country":"Germany","OPM":1,"total_sales_volume":8.630000114440918,"rate_of_return":0.0}
{"window":{"start":"2023-10-26T07:06:00.000Z","end":"2023-10-26T07:07:00.000Z"},"country":"United Kingdom","OPM":13,"total_sales_volume":947.0699908137321,"rate_of_return":0.0}
{"window":{"start":"2023-10-26T18:08:00.000Z","end":"2023-10-26T18:09:00.000Z"},"country":"United Kingdom","OPM":12,"total_sales_volume":2256.7799742221832,"rate_of_return":0.0}
{"window":{"start":"2023-10-27T06:09:00.000Z","end":"2023-10-27T06:10:00.000Z"},"country":"Germany","OPM":1,"total_sales_volume":123.29999494552612,"rate_of_return":0.0}
{"window":{"start":"2023-10-23T19:18:00.000Z","end":"2023-10-23T19:19:00.000Z"},"country":"Spain","OPM":1,"total_sales_volume":24.600000381469727,"rate_of_return":0.0}
{"window":{"start":"2023-10-26T18:30:00.000Z","end":"2023-10-26T18:31:00.000Z"},"country":"United Kingdom","OPM":13,"total_sales_volume":340.2000002861023,"rate_of_return":0.23076923076923078}
{"window":{"start":"2023-10-26T18:20:00.000Z","end":"2023-10-26T18:21:00.000Z"},"country":"France","OPM":1,"total_sales_volume":41.81999957561493,"rate_of_return":0.0}
{"window":{"start":"2023-10-27T15:31:00.000Z","end":"2023-10-27T15:32:00.000Z"},"country":"United Kingdom","OPM":8,"total_sales_volume":586.5099913179874,"rate_of_return":0.0}
{"window":{"start":"2023-10-26T22:14:00.000Z","end":"2023-10-26T22:15:00.000Z"},"country":"United Kingdom","OPM":12,"total_sales_volume":1677.4699722528458,"rate_of_return":0.08333333333333333}
{"window":{"start":"2023-10-27T10:34:00.000Z","end":"2023-10-27T10:35:00.000Z"},"country":"France","OPM":1,"total_sales_volume":32.09999942779541,"rate_of_return":0.0}
{"window":{"start":"2023-10-23T15:58:00.000Z","end":"2023-10-23T15:59:00.000Z"},"country":"Channel Islands","OPM":1,"total_sales_volume":137.48000049591064,"rate_of_return":0.0}
{"window":{"start":"2023-10-26T07:15:00.000Z","end":"2023-10-26T07:16:00.000Z"},"country":"United Kingdom","OPM":1,"total_sales_volume":355.71999967098236,"rate_of_return":0.0}
{"window":{"start":"2023-10-27T21:42:00.000Z","end":"2023-10-27T21:43:00.000Z"},"country":"United Kingdom","OPM":13,"total_sales_volume":481.3500021100044,"rate_of_return":0.07692307692307693}
{"window":{"start":"2023-10-26T06:45:00.000Z","end":"2023-10-26T06:46:00.000Z"},"country":"United Kingdom","OPM":13,"total_sales_volume":847.8000116944313,"rate_of_return":0.15384615384615385}
{"window":{"start":"2023-10-25T14:08:00.000Z","end":"2023-10-25T14:09:00.000Z"},"country":"Cyprus","OPM":1,"total_sales_volume":37.09999966621399,"rate_of_return":0.0}
{"window":{"start":"2023-10-27T04:53:00.000Z","end":"2023-10-27T04:54:00.000Z"},"country":"Poland","OPM":1,"total_sales_volume":2.549999952316284,"rate_of_return":0.0}
{"window":{"start":"2023-10-25T03:43:00.000Z","end":"2023-10-25T03:44:00.000Z"},"country":"France","OPM":1,"total_sales_volume":5.779999792575836,"rate_of_return":0.0}
{"window":{"start":"2023-10-27T02:41:00.000Z","end":"2023-10-27T02:42:00.000Z"},"country":"United Kingdom","OPM":4,"total_sales_volume":89.12999859452248,"rate_of_return":0.0}
{"window":{"start":"2023-10-24T21:40:00.000Z","end":"2023-10-24T21:41:00.000Z"},"country":"France","OPM":1,"total_sales_volume":43.450000524520874,"rate_of_return":0.0}
{"window":{"start":"2023-10-25T11:27:00.000Z","end":"2023-10-25T11:28:00.000Z"},"country":"France","OPM":1,"total_sales_volume":16.770000100135803,"rate_of_return":0.0}
{"window":{"start":"2023-10-27T05:06:00.000Z","end":"2023-10-27T05:07:00.000Z"},"country":"United Kingdom","OPM":4,"total_sales_volume":363.23999977111816,"rate_of_return":0.0}
{"window":{"start":"2023-10-27T13:31:00.000Z","end":"2023-10-27T13:32:00.000Z"},"country":"United Kingdom","OPM":10,"total_sales_volume":565.7399941980839,"rate_of_return":0.0}
{"window":{"start":"2023-10-25T19:10:00.000Z","end":"2023-10-25T19:11:00.000Z"},"country":"Portugal","OPM":1,"total_sales_volume":18.440000534057617,"rate_of_return":0.0}
{"window":{"start":"2023-10-26T19:08:00.000Z","end":"2023-10-26T19:09:00.000Z"},"country":"Iceland","OPM":1,"total_sales_volume":15.0,"rate_of_return":0.0}
{"window":{"start":"2023-10-25T07:19:00.000Z","end":"2023-10-25T07:20:00.000Z"},"country":"Spain","OPM":1,"total_sales_volume":66.21999937295914,"rate_of_return":0.0}
{"window":{"start":"2023-10-25T18:42:00.000Z","end":"2023-10-25T18:43:00.000Z"},"country":"Spain","OPM":1,"total_sales_volume":4.239999771118164,"rate_of_return":0.0}
{"window":{"start":"2023-10-24T19:59:00.000Z","end":"2023-10-24T20:00:00.000Z"},"country":"EIRE","OPM":1,"total_sales_volume":9.959999799728394,"rate_of_return":0.0}
{"window":{"start":"2023-10-25T01:47:00.000Z","end":"2023-10-25T01:48:00.000Z"},"country":"Germany","OPM":1,"total_sales_volume":23.65999984741211,"rate_of_return":0.0}
{"window":{"start":"2023-10-24T22:21:00.000Z","end":"2023-10-24T22:22:00.000Z"},"country":"United Kingdom","OPM":15,"total_sales_volume":725.4799953997135,"rate_of_return":0.2}
{"window":{"start":"2023-10-25T12:41:00.000Z","end":"2023-10-25T12:42:00.000Z"},"country":"Italy","OPM":1,"total_sales_volume":34.019999861717224,"rate_of_return":0.0}
{"window":{"start":"2023-10-25T22:01:00.000Z","end":"2023-10-25T22:02:00.000Z"},"country":"United Kingdom","OPM":12,"total_sales_volume":357.35999885201454,"rate_of_return":0.08333333333333333}
{"window":{"start":"2023-10-23T13:50:00.000Z","end":"2023-10-23T13:51:00.000Z"},"country":"United Kingdom","OPM":8,"total_sales_volume":345.2500004172325,"rate_of_return":0.0}
{"window":{"start":"2023-10-24T05:55:00.000Z","end":"2023-10-24T05:56:00.000Z"},"country":"United Kingdom","OPM":10,"total_sales_volume":486.30999225378036,"rate_of_return":0.0}
{"window":{"start":"2023-10-24T03:29:00.000Z","end":"2023-10-24T03:30:00.000Z"},"country":"Channel Islands","OPM":1,"total_sales_volume":37.5,"rate_of_return":0.0}
{"window":{"start":"2023-10-26T21:03:00.000Z","end":"2023-10-26T21:04:00.000Z"},"country":"Germany","OPM":1,"total_sales_volume":135.0700007379055,"rate_of_return":0.0}
{"window":{"start":"2023-10-25T18:04:00.000Z","end":"2023-10-25T18:05:00.000Z"},"country":"United Kingdom","OPM":4,"total_sales_volume":120.28999924659729,"rate_of_return":0.0}
{"window":{"start":"2023-10-27T13:24:00.000Z","end":"2023-10-27T13:25:00.000Z"},"country":"United Kingdom","OPM":11,"total_sales_volume":310.84999781847,"rate_of_return":0.09090909090909091}
{"window":{"start":"2023-10-25T11:11:00.000Z","end":"2023-10-25T11:12:00.000Z"},"country":"Canada","OPM":1,"total_sales_volume":16.49999976158142,"rate_of_return":0.0}
{"window":{"start":"2023-10-23T13:27:00.000Z","end":"2023-10-23T13:28:00.000Z"},"country":"United Kingdom","OPM":5,"total_sales_volume":729.9000015258789,"rate_of_return":0.0}
{"window":{"start":"2023-10-23T22:42:00.000Z","end":"2023-10-23T22:43:00.000Z"},"country":"United Kingdom","OPM":4,"total_sales_volume":41.34000074863434,"rate_of_return":0.25}
{"window":{"start":"2023-10-25T14:25:00.000Z","end":"2023-10-25T14:26:00.000Z"},"country":"Germany","OPM":1,"total_sales_volume":40.31999960541725,"rate_of_return":0.0}
{"window":{"start":"2023-10-24T05:28:00.000Z","end":"2023-10-24T05:29:00.000Z"},"country":"Germany","OPM":1,"total_sales_volume":168.07999622821808,"rate_of_return":0.0}
{"window":{"start":"2023-10-24T08:34:00.000Z","end":"2023-10-24T08:35:00.000Z"},"country":"United Kingdom","OPM":12,"total_sales_volume":591.2399947047234,"rate_of_return":0.08333333333333333}
{"window":{"start":"2023-10-26T07:17:00.000Z","end":"2023-10-26T07:18:00.000Z"},"country":"United Kingdom","OPM":11,"total_sales_volume":209.1300043463707,"rate_of_return":0.18181818181818182}
