{"window":{"start":"2023-10-27T20:03:00.000Z","end":"2023-10-27T20:04:00.000Z"},"country":"United Kingdom","OPM":13,"total_sales_volume":956.4399920105934,"rate_of_return":0.0}
{"window":{"start":"2023-10-25T09:00:00.000Z","end":"2023-10-25T09:01:00.000Z"},"country":"Finland","OPM":1,"total_sales_volume":57.10000002384186,"rate_of_return":0.0}
{"window":{"start":"2023-10-23T22:03:00.000Z","end":"2023-10-23T22:04:00.000Z"},"country":"United Kingdom","OPM":10,"total_sales_volume":1043.730001628399,"rate_of_return":0.2}
{"window":{"start":"2023-10-24T01:51:00.000Z","end":"2023-10-24T01:52:00.000Z"},"country":"United Kingdom","OPM":11,"total_sales_volume":528.4600010812283,"rate_of_return":0.0}
{"window":{"start":"2023-10-24T19:09:00.000Z","end":"2023-10-24T19:10:00.000Z"},"country":"Spain","OPM":1,"total_sales_volume":6.7299999594688416,"rate_of_return":0.0}
{"window":{"start":"2023-10-26T08:45:00.000Z","end":"2023-10-26T08:46:00.000Z"},"country":"United Kingdom","OPM":8,"total_sales_volume":288.6699957549572,"rate_of_return":0.0}
{"window":{"start":"2023-10-25T02:11:00.000Z","end":"2023-10-25T02:12:00.000Z"},"country":"United Kingdom","OPM":5,"total_sales_volume":162.7000012397766,"rate_of_return":0.2}
{"window":{"start":"2023-10-26T22:40:00.000Z","end":"2023-10-26T22:41:00.000Z"},"country":"Germany","OPM":2,"total_sales_volume":256.5900014638901,"rate_of_return":0.0}
{"window":{"start":"2023-10-27T15:36:00.000Z","end":"2023-10-27T15:37:00.000Z"},"country":"United Kingdom","OPM":13,"total_sales_volume":997.5099976956844,"rate_of_return":0.07692307692307693}
{"window":{"start":"2023-10-26T01:12:00.000Z","end":"2023-10-26T01:13:00.000Z"},"country":"United Kingdom","OPM":5,"total_sales_volume":387.26000118255615,"rate_of_return":0.0}
{"window":{"start":"2023-10-24T20:35:00.000Z","end":"2023-10-24T20:36:00.000Z"},"country":"United Kingdom","OPM":12,"total_sales_volume":181.50999861955643,"rate_of_return":0.16666666666666666}
{"window":{"start":"2023-10-25T06:47:00.000Z","end":"2023-10-25T06:48:00.000Z"},"country":"United Kingdom","OPM":8,"total_sales_volume":534.3499975502491,"rate_of_return":0.0}
{"window":{"start":"2023-10-26T03:22:00.000Z","end":"2023-10-26T03:23:00.000Z"},"country":"United Kingdom","OPM":13,"total_sales_volume":762.8400007784367,"rate_of_return":0.0}
{"window":{"start":"2023-10-24T08:31:00.000Z","end":"2023-10-24T08:32:00.000Z"},"country":"United Kingdom","OPM":7,"total_sales_volume":220.37999713420868,"rate_of_return":0.2857142857142857}
{"window":{"start":"2023-10-26T18:54:00.000Z","end":"2023-10-26T18:55:00.000Z"},"country":"Switzerland","OPM":1,"total_sales_volume":82.8799998164177,"rate_of_return":0.0}
{"window":{"start":"2023-10-28T00:01:00.000Z","end":"2023-10-28T00:02:00.000Z"},"country":"United Kingdom","OPM":8,"total_sales_volume":571.2200028598309,"rate_of_return":0.0}
{"window":{"start":"2023-10-26T06:58:00.000Z","end":"2023-10-26T06:59:00.000Z"},"country":"United Kingdom","OPM":7,"total_sales_volume":418.4500013887882,"rate_of_return":0.14285714285714285}
{"window":{"start":"2023-10-23T14:34:00.000Z","end":"2023-10-23T14:35:00.000Z"},"country":"United Kingdom","OPM":8,"total_sales_volume":330.8599979877472,"rate_of_return":0.0}
{"window":{"start":"2023-10-23T21:20:00.000Z","end":"2023-10-23T21:21:00.000Z"},"country":"United Kingdom","OPM":12,"total_sales_volume":894.3399902880192,"rate_of_return":0.0}
{"window":{"start":"2023-10-25T12:15:00.000Z","end":"2023-10-25T12:16:00.000Z"},"country":"France","OPM":1,"total_sales_volume":248.1200008392334,"rate_of_return":0.0}
{"window":{"start":"2023-10-25T02:18:00.000Z","end":"2023-10-25T02:19:00.000Z"},"country":"Switzerland","OPM":1,"total_sales_volume":98.07000350952148,"rate_of_return":0.0}
{"window":{"start":"2023-10-26T13:35:00.000Z","end":"2023-10-26T13:36:00.000Z"},"country":"Cyprus","OPM":1,"total_sales_volume":54.11000049114227,"rate_of_return":0.0}
{"window":{"start":"2023-10-24T15:26:00.000Z","end":"2023-10-24T15:27:00.000Z"},"country":"France","OPM":1,"total_sales_volume":62.62000036239624,"rate_of_return":0.0}
{"window":{"start":"2023-10-23T22:20:00.000Z","end":"2023-10-23T22:21:00.000Z"},"country":"United Kingdom","OPM":12,"total_sales_volume":902.8500008285046,"rate_of_return":0.0}
{"window":{"start":"2023-10-26T04:30:00.000Z","end":"2023-10-26T04:31:00.000Z"},"country":"United Kingdom","OPM":7,"total_sales_volume":490.9999910891056,"rate_of_return":0.14285714285714285}
{"window":{"start":"2023-10-26T21:17:00.000Z","end":"2023-10-26T21:18:00.000Z"},"country":"United Kingdom","OPM":7,"total_sales_volume":640.4999963343143,"rate_of_return":0.0}
{"window":{"start":"2023-10-25T12:50:00.000Z","end":"2023-10-25T12:51:00.000Z"},"country":"EIRE","OPM":1,"total_sales_volume":14.039999723434448,"rate_of_return":0.0}
{"window":{"start":"2023-10-25T01:58:00.000Z","end":"2023-10-25T01:59:00.000Z"},"country":"France","OPM":1,"total_sales_volume":5.039999842643738,"rate_of_return":0.0}
{"window":{"start":"2023-10-28T05:02:00.000Z","end":"2023-10-28T05:03:00.000Z"},"country":"United Kingdom","OPM":9,"total_sales_volume":470.1499991863966,"rate_of_return":0.2222222222222222}
{"window":{"start":"2023-10-24T16:16:00.000Z","end":"2023-10-24T16:17:00.000Z"},"country":"United Kingdom","OPM":10,"total_sales_volume":409.95999267697334,"rate_of_return":0.1}
{"window":{"start":"2023-10-27T10:53:00.000Z","end":"2023-10-27T10:54:00.000Z"},"country":"Germany","OPM":1,"total_sales_volume":84.84000134468079,"rate_of_return":0.0}
{"window":{"start":"2023-10-27T18:07:00.000Z","end":"2023-10-27T18:08:00.000Z"},"country":"United Kingdom","OPM":11,"total_sales_volume":427.04999536275864,"rate_of_return":0.0}
{"window":{"start":"2023-10-26T16:44:00.000Z","end":"2023-10-26T16:45:00.000Z"},"country":"United Kingdom","OPM":14,"total_sales_volume":490.77999275922775,"rate_of_return":0.0}
{"window":{"start":"2023-10-25T07:12:00.000Z","end":"2023-10-25T07:13:00.000Z"},"country":"EIRE","OPM":1,"total_sales_volume":15.119999527931213,"rate_of_return":0.0}
{"window":{"start":"2023-10-25T07:35:00.000Z","end":"2023-10-25T07:36:00.000Z"},"country":"United Kingdom","OPM":7,"total_sales_volume":232.33999752998352,"rate_of_return":0.0}
{"window":{"start":"2023-10-26T15:35:00.000Z","end":"2023-10-26T15:36:00.000Z"},"country":"Channel Islands","OPM":1,"total_sales_volume":24.279999494552612,"rate_of_return":0.0}
{"window":{"start":"2023-10-25T15:06:00.000Z","end":"2023-10-25T15:07:00.000Z"},"country":"Australia","OPM":1,"total_sales_volume":50.15999975800514,"rate_of_return":0.0}
{"window":{"start":"2023-10-24T06:06:00.000Z","end":"2023-10-24T06:07:00.000Z"},"country":"United Kingdom","OPM":7,"total_sales_volume":190.85000275075436,"rate_of_return":0.14285714285714285}
{"window":{"start":"2023-10-25T12:12:00.000Z","end":"2023-10-25T12:13:00.000Z"},"country":"United Kingdom","OPM":5,"total_sales_volume":281.9899923801422,"rate_of_return":0.0}
{"window":{"start":"2023-10-26T15:46:00.000Z","end":"2023-10-26T15:47:00.000Z"},"country":"United Kingdom","OPM":10,"total_sales_volume":404.4600000679493,"rate_of_return":0.1}
{"window":{"start":"2023-10-25T06:19:00.000Z","end":"2023-10-25T06:20:00.000Z"},"country":"United Kingdom","OPM":10,"total_sales_volume":963.190010368824,"rate_of_return":0.0}
{"window":{"start":"2023-10-27T23:24:00.000Z","end":"2023-10-27T23:25:00.000Z"},"country":"United Kingdom","OPM":4,"total_sales_volume":167.44000262022018,"rate_of_return":0.0}
{"window":{"start":"2023-10-25T17:31:00.000Z","end":"2023-10-25T17:32:00.000Z"},"country":"EIRE","OPM":1,"total_sales_volume":-2.549999952316284,"rate_of_return":1.0}
{"window":{"start":"2023-10-23T22:01:00.000Z","end":"2023-10-23T22:02:00.000Z"},"country":"Iceland","OPM":1,"total_sales_volume":19.299999833106995,"rate_of_return":0.0}
{"window":{"start":"2023-10-25T15:44:00.000Z","end":"2023-10-25T15:45:00.000Z"},"country":"Netherlands","OPM":1,"total_sales_volume":14.700000047683716,"rate_of_return":0.0}
{"window":{"start":"2023-10-24T22:15:00.000Z","end":"2023-10-24T22:16:00.000Z"},"country":"United Kingdom","OPM":10,"total_sales_volume":465.1699988245964,"rate_of_return":0.0}
{"window":{"start":"2023-10-26T18:28:00.000Z","end":"2023-10-26T18:29:00.000Z"},"country":"EIRE","OPM":1,"total_sales_volume":79.23000049591064,"rate_of_return":0.0}
{"window":{"start":"2023-10-25T12:31:00.000Z","end":"2023-10-25T12:32:00.000Z"},"country":"Portugal","OPM":1,"total_sales_volume":-74.70999944210052,"rate_of_return":1.0}
{"window":{"start":"2023-10-27T18:37:00.000Z","end":"2023-10-27T18:38:00.000Z"},"country":"Germany","OPM":1,"total_sales_volume":100.63000118732452,"rate_of_return":0.0}
{"window":{"start":"2023-10-27T08:20:00.000Z","end":"2023-10-27T08:21:00.000Z"},"country":"United Kingdom","OPM":9,"total_sales_volume":997.1699765324593,"rate_of_return":0.0}
{"window":{"start":"2023-10-26T02:48:00.000Z","end":"2023-10-26T02:49:00.000Z"},"country":"United Kingdom","OPM":12,"total_sales_volume":922.1699903607368,"rate_of_return":0.0}
{"window":{"start":"2023-10-24T07:00:00.000Z","end":"2023-10-24T07:01:00.000Z"},"country":"France","OPM":1,"total_sales_volume":58.619999408721924,"rate_of_return":0.0}
{"window":{"start":"2023-10-25T16:25:00.000Z","end":"2023-10-25T16:26:00.000Z"},"country":"United Kingdom","OPM":15,"total_sales_volume":910.2300045788288,"rate_of_return":0.06666666666666667}
{"window":{"start":"2023-10-27T20:42:00.000Z","end":"2023-10-27T20:43:00.000Z"},"country":"United Kingdom","OPM":11,"total_sales_volume":675.5099894106388,"rate_of_return":0.0}
{"window":{"start":"2023-10-26T18:10:00.000Z","end":"2023-10-26T18:11:00.000Z"},"country":"Switzerland","OPM":1,"total_sales_volume":199.15999841690063,"rate_of_return":0.0}
{"window":{"start":"2023-10-24T05:03:00.000Z","end":"2023-10-24T05:04:00.000Z"},"country":"Spain","OPM":1,"total_sales_volume":64.99000039696693,"rate_of_return":0.0}
{"window":{"start":"2023-10-23T14:06:00.000Z","end":"2023-10-23T14:07:00.000Z"},"country":"France","OPM":1,"total_sales_volume":32.890000104904175,"rate_of_return":0.0}
{"window":{"start":"2023-10-27T15:17:00.000Z","end":"2023-10-27T15:18:00.000Z"},"country":"United Kingdom","OPM":9,"total_sales_volume":285.11999893188477,"rate_of_return":0.1111111111111111}
{"window":{"start":"2023-10-24T09:21:00.000Z","end":"2023-10-24T09:22:00.000Z"},"country":"United Kingdom","OPM":19,"total_sales_volume":1010.2100033462048,"rate_of_return":0.05263157894736842}
{"window":{"start":"2023-10-27T21:14:00.000Z","end":"2023-10-27T21:15:00.000Z"},"country":"United Kingdom","OPM":7,"total_sales_volume":162.65999901294708,"rate_of_return":0.0}
{"window":{"start":"2023-10-25T02:19:00.000Z","end":"2023-10-25T02:20:00.000Z"},"country":"United Kingdom","OPM":9,"total_sales_volume":201.53999882936478,"rate_of_return":0.1111111111111111}
{"window":{"start":"2023-10-26T02:00:00.000Z","end":"2023-10-26T02:01:00.000Z"},"country":"United Kingdom","OPM":12,"total_sales_volume":1684.5600273013115,"rate_of_return":0.08333333333333333}
{"window":{"start":"2023-10-26T00:51:00.000Z","end":"2023-10-26T00:52:00.000Z"},"country":"United Kingdom","OPM":6,"total_sales_volume":364.45999950170517,"rate_of_return":0.0}
{"window":{"start":"2023-10-25T15:17:00.000Z","end":"2023-10-25T15:18:00.000Z"},"country":"EIRE","OPM":1,"total_sales_volume":46.97999954223633,"rate_of_return":0.0}
{"window":{"start":"2023-10-27T19:22:00.000Z","end":"2023-10-27T19:23:00.000Z"},"country":"United Kingdom","OPM":10,"total_sales_volume":574.540004491806,"rate_of_return":0.1}
