{"window":{"start":"2023-10-25T12:50:00.000Z","end":"2023-10-25T12:51:00.000Z"},"country":"France","OPM":1,"total_sales_volume":8.919999837875366,"rate_of_return":0.0}
{"window":{"start":"2023-10-25T17:57:00.000Z","end":"2023-10-25T17:58:00.000Z"},"country":"United Kingdom","OPM":8,"total_sales_volume":124.58000040054321,"rate_of_return":0.125}
{"window":{"start":"2023-10-25T16:54:00.000Z","end":"2023-10-25T16:55:00.000Z"},"country":"France","OPM":1,"total_sales_volume":14.639999628067017,"rate_of_return":0.0}
{"window":{"start":"2023-10-28T03:09:00.000Z","end":"2023-10-28T03:10:00.000Z"},"country":"United Kingdom","OPM":10,"total_sales_volume":621.3500069379807,"rate_of_return":0.1}
{"window":{"start":"2023-10-26T13:57:00.000Z","end":"2023-10-26T13:58:00.000Z"},"country":"France","OPM":1,"total_sales_volume":42.22000026702881,"rate_of_return":0.0}
{"window":{"start":"2023-10-23T21:49:00.000Z","end":"2023-10-23T21:50:00.000Z"},"country":"Switzerland","OPM":1,"total_sales_volume":8.850000143051147,"rate_of_return":0.0}
{"window":{"start":"2023-10-23T12:13:00.000Z","end":"2023-10-23T12:14:00.000Z"},"country":"United Kingdom","OPM":6,"total_sales_volume":318.52999967336655,"rate_of_return":0.0}
{"window":{"start":"2023-10-25T22:10:00.000Z","end":"2023-10-25T22:11:00.000Z"},"country":"Sweden","OPM":1,"total_sales_volume":0.41999998688697815,"rate_of_return":0.0}
{"window":{"start":"2023-10-27T03:21:00.000Z","end":"2023-10-27T03:22:00.000Z"},"country":"Germany","OPM":1,"total_sales_volume":1.7000000476837158,"rate_of_return":0.0}
{"window":{"start":"2023-10-27T09:21:00.000Z","end":"2023-10-27T09:22:00.000Z"},"country":"Belgium","OPM":1,"total_sales_volume":21.230000615119934,"rate_of_return":0.0}
{"window":{"start":"2023-10-24T19:01:00.000Z","end":"2023-10-24T19:02:00.000Z"},"country":"United Kingdom","OPM":14,"total_sales_volume":804.9700001478195,"rate_of_return":0.07142857142857142}
{"window":{"start":"2023-10-23T18:27:00.000Z","end":"2023-10-23T18:28:00.000Z"},"country":"United Kingdom","OPM":14,"total_sales_volume":1229.5099875926971,"rate_of_return":0.0}
{"window":{"start":"2023-10-25T17:21:00.000Z","end":"2023-10-25T17:22:00.000Z"},"country":"EIRE","OPM":1,"total_sales_volume":23.309999704360962,"rate_of_return":0.0}
{"window":{"start":"2023-10-28T01:43:00.000Z","end":"2023-10-28T01:44:00.000Z"},"country":"United Kingdom","OPM":14,"total_sales_volume":147.83000206947327,"rate_of_return":0.07142857142857142}
{"window":{"start":"2023-10-24T00:54:00.000Z","end":"2023-10-24T00:55:00.000Z"},"country":"France","OPM":1,"total_sales_volume":92.44999694824219,"rate_of_return":0.0}
{"window":{"start":"2023-10-27T00:54:00.000Z","end":"2023-10-27T00:55:00.000Z"},"country":"Germany","OPM":1,"total_sales_volume":71.87999919056892,"rate_of_return":0.0}
{"window":{"start":"2023-10-26T17:04:00.000Z","end":"2023-10-26T17:05:00.000Z"},"country":"France","OPM":1,"total_sales_volume":13.3999999538064,"rate_of_return":0.0}
{"window":{"start":"2023-10-25T06:32:00.000Z","end":"2023-10-25T06:33:00.000Z"},"country":"United Kingdom","OPM":4,"total_sales_volume":136.70999825000763,"rate_of_return":0.0}
{"window":{"start":"2023-10-24T15:30:00.000Z","end":"2023-10-24T15:31:00.000Z"},"country":"United Kingdom","OPM":13,"total_sales_volume":2827.760040998459,"rate_of_return":0.0}
{"window":{"start":"2023-10-24T05:03:00.000Z","end":"2023-10-24T05:04:00.000Z"},"country":"United Kingdom","OPM":9,"total_sales_volume":655.6599844694138,"rate_of_return":0.2222222222222222}
{"window":{"start":"2023-10-25T03:04:00.000Z","end":"2023-10-25T03:05:00.000Z"},"country":"United Kingdom","OPM":8,"total_sales_volume":725.539998292923,"rate_of_return":0.0}
{"window":{"start":"2023-10-26T14:25:00.000Z","end":"2023-10-26T14:26:00.000Z"},"country":"France","OPM":1,"total_sales_volume":52.250000953674316,"rate_of_return":0.0}
{"window":{"start":"2023-10-27T07:58:00.000Z","end":"2023-10-27T07:59:00.000Z"},"country":"EIRE","OPM":1,"total_sales_volume":100.20000219345093,"rate_of_return":0.0}
{"window":{"start":"2023-10-24T18:49:00.000Z","end":"2023-10-24T18:50:00.000Z"},"country":"United Kingdom","OPM":9,"total_sales_volume":258.4899971485138,"rate_of_return":0.2222222222222222}
{"window":{"start":"2023-10-25T09:18:00.000Z","end":"2023-10-25T09:19:00.000Z"},"country":"United Kingdom","OPM":9,"total_sales_volume":488.3100080192089,"rate_of_return":0.0}
{"window":{"start":"2023-10-27T08:51:00.000Z","end":"2023-10-27T08:52:00.000Z"},"country":"Norway","OPM":1,"total_sales_volume":-24.65000057220459,"rate_of_return":1.0}
{"window":{"start":"2023-10-28T01:57:00.000Z","end":"2023-10-28T01:58:00.000Z"},"country":"United Kingdom","OPM":8,"total_sales_volume":489.3999916613102,"rate_of_return":0.0}
{"window":{"start":"2023-10-25T04:48:00.000Z","end":"2023-10-25T04:49:00.000Z"},"country":"France","OPM":1,"total_sales_volume":53.60000038146973,"rate_of_return":0.0}
{"window":{"start":"2023-10-25T23:08:00.000Z","end":"2023-10-25T23:09:00.000Z"},"country":"Germany","OPM":1,"total_sales_volume":9.150000095367432,"rate_of_return":0.0}
{"window":{"start":"2023-10-27T22:29:00.000Z","end":"2023-10-27T22:30:00.000Z"},"country":"Netherlands","OPM":1,"total_sales_volume":3.8899999856948853,"rate_of_return":0.0}
{"window":{"start":"2023-10-26T11:20:00.000Z","end":"2023-10-26T11:21:00.000Z"},"country":"United Kingdom","OPM":11,"total_sales_volume":789.6400008350611,"rate_of_return":0.0}
{"window":{"start":"2023-10-27T03:39:00.000Z","end":"2023-10-27T03:40:00.000Z"},"country":"United Kingdom","OPM":11,"total_sales_volume":276.22999933362007,"rate_of_return":0.09090909090909091}
{"window":{"start":"2023-10-24T21:41:00.000Z","end":"2023-10-24T21:42:00.000Z"},"country":"United Kingdom","OPM":12,"total_sales_volume":885.6899774670601,"rate_of_return":0.08333333333333333}
{"window":{"start":"2023-10-23T17:17:00.000Z","end":"2023-10-23T17:18:00.000Z"},"country":"France","OPM":1,"total_sales_volume":119.39999771118164,"rate_of_return":0.0}
{"window":{"start":"2023-10-27T23:54:00.000Z","end":"2023-10-27T23:55:00.000Z"},"country":"United Kingdom","OPM":4,"total_sales_volume":152.46999979019165,"rate_of_return":0.0}
{"window":{"start":"2023-10-26T05:29:00.000Z","end":"2023-10-26T05:30:00.000Z"},"country":"Norway","OPM":1,"total_sales_volume":26.34000039100647,"rate_of_return":0.0}
{"window":{"start":"2023-10-24T04:14:00.000Z","end":"2023-10-24T04:15:00.000Z"},"country":"United Kingdom","OPM":6,"total_sales_volume":164.47999906539917,"rate_of_return":0.0}
{"window":{"start":"2023-10-24T20:15:00.000Z","end":"2023-10-24T20:16:00.000Z"},"country":"France","OPM":2,"total_sales_volume":8.75,"rate_of_return":0.0}
{"window":{"start":"2023-10-24T23:30:00.000Z","end":"2023-10-24T23:31:00.000Z"},"country":"Germany","OPM":1,"total_sales_volume":31.32999885082245,"rate_of_return":0.0}
{"window":{"start":"2023-10-23T23:27:00.000Z","end":"2023-10-23T23:28:00.000Z"},"country":"Austria","OPM":1,"total_sales_volume":25.850000143051147,"rate_of_return":0.0}
{"window":{"start":"2023-10-28T04:48:00.000Z","end":"2023-10-28T04:49:00.000Z"},"country":"Germany","OPM":1,"total_sales_volume":20.28999999165535,"rate_of_return":0.0}
{"window":{"start":"2023-10-24T22:51:00.000Z","end":"2023-10-24T22:52:00.000Z"},"country":"Singapore","OPM":1,"total_sales_volume":20.40000057220459,"rate_of_return":0.0}
{"window":{"start":"2023-10-25T19:54:00.000Z","end":"2023-10-25T19:55:00.000Z"},"country":"United Kingdom","OPM":8,"total_sales_volume":623.5299988389015,"rate_of_return":0.0}
{"window":{"start":"2023-10-25T08:13:00.000Z","end":"2023-10-25T08:14:00.000Z"},"country":"United Kingdom","OPM":7,"total_sales_volume":471.1299954652786,"rate_of_return":0.0}
{"window":{"start":"2023-10-23T17:06:00.000Z","end":"2023-10-23T17:07:00.000Z"},"country":"United Kingdom","OPM":10,"total_sales_volume":1281.6400256156921,"rate_of_return":0.0}
{"window":{"start":"2023-10-23T16:20:00.000Z","end":"2023-10-23T16:21:00.000Z"},"country":"United Kingdom","OPM":5,"total_sales_volume":242.7799988090992,"rate_of_return":0.0}
{"window":{"start":"2023-10-26T19:47:00.000Z","end":"2023-10-26T19:48:00.000Z"},"country":"United Kingdom","OPM":3,"total_sales_volume":-3.230000138282776,"rate_of_return":0.3333333333333333}
{"window":{"start":"2023-10-25T18:08:00.000Z","end":"2023-10-25T18:09:00.000Z"},"country":"Germany","OPM":1,"total_sales_volume":15.899999618530273,"rate_of_return":0.0}
{"window":{"start":"2023-10-27T08:18:00.000Z","end":"2023-10-27T08:19:00.000Z"},"country":"Germany","OPM":1,"total_sales_volume":159.600004196167,"rate_of_return":0.0}
{"window":{"start":"2023-10-24T15:04:00.000Z","end":"2023-10-24T15:05:00.000Z"},"country":"EIRE","OPM":1,"total_sales_volume":58.85999870300293,"rate_of_return":0.0}
{"window":{"start":"2023-10-27T03:01:00.000Z","end":"2023-10-27T03:02:00.000Z"},"country":"Germany","OPM":1,"total_sales_volume":34.499998807907104,"rate_of_return":0.0}
{"window":{"start":"2023-10-23T14:35:00.000Z","end":"2023-10-23T14:36:00.000Z"},"country":"United Kingdom","OPM":3,"total_sales_volume":29.889999508857727,"rate_of_return":0.3333333333333333}
{"window":{"start":"2023-10-26T13:40:00.000Z","end":"2023-10-26T13:41:00.000Z"},"country":"United Kingdom","OPM":7,"total_sales_volume":56.65999874472618,"rate_of_return":0.14285714285714285}
{"window":{"start":"2023-10-24T23:20:00.000Z","end":"2023-10-24T23:21:00.000Z"},"country":"United Kingdom","OPM":7,"total_sales_volume":198.9399973154068,"rate_of_return":0.14285714285714285}
{"window":{"start":"2023-10-25T09:26:00.000Z","end":"2023-10-25T09:27:00.000Z"},"country":"United Kingdom","OPM":11,"total_sales_volume":424.3300029784441,"rate_of_return":0.0}
{"window":{"start":"2023-10-27T19:37:00.000Z","end":"2023-10-27T19:38:00.000Z"},"country":"United Kingdom","OPM":6,"total_sales_volume":1233.1100026965141,"rate_of_return":0.0}
{"window":{"start":"2023-10-26T06:54:00.000Z","end":"2023-10-26T06:55:00.000Z"},"country":"United Kingdom","OPM":15,"total_sales_volume":1322.1500050276518,"rate_of_return":0.0}
{"window":{"start":"2023-10-27T07:00:00.000Z","end":"2023-10-27T07:01:00.000Z"},"country":"United Kingdom","OPM":7,"total_sales_volume":443.6400023698807,"rate_of_return":0.0}
{"window":{"start":"2023-10-27T22:37:00.000Z","end":"2023-10-27T22:38:00.000Z"},"country":"United Kingdom","OPM":4,"total_sales_volume":74.32999968528748,"rate_of_return":0.25}
{"window":{"start":"2023-10-27T19:43:00.000Z","end":"2023-10-27T19:44:00.000Z"},"country":"United Kingdom","OPM":16,"total_sales_volume":587.039996266365,"rate_of_return":0.0}
{"window":{"start":"2023-10-24T00:25:00.000Z","end":"2023-10-24T00:26:00.000Z"},"country":"United Kingdom","OPM":7,"total_sales_volume":-871.6600339412689,"rate_of_return":0.14285714285714285}
{"window":{"start":"2023-10-24T05:42:00.000Z","end":"2023-10-24T05:43:00.000Z"},"country":"Cyprus","OPM":1,"total_sales_volume":407.8399963378906,"rate_of_return":0.0}
{"window":{"start":"2023-10-27T02:23:00.000Z","end":"2023-10-27T02:24:00.000Z"},"country":"Germany","OPM":1,"total_sales_volume":8.75,"rate_of_return":0.0}
{"window":{"start":"2023-10-24T06:15:00.000Z","end":"2023-10-24T06:16:00.000Z"},"country":"United Kingdom","OPM":10,"total_sales_volume":693.1599974185228,"rate_of_return":0.0}
{"window":{"start":"2023-10-24T02:00:00.000Z","end":"2023-10-24T02:01:00.000Z"},"country":"United Kingdom","OPM":11,"total_sales_volume":648.2700072824955,"rate_of_return":0.0}
{"window":{"start":"2023-10-27T07:28:00.000Z","end":"2023-10-27T07:29:00.000Z"},"country":"EIRE","OPM":2,"total_sales_volume":944.7299689352512,"rate_of_return":0.0}
{"window":{"start":"2023-10-23T12:57:00.000Z","end":"2023-10-23T12:58:00.000Z"},"country":"France","OPM":1,"total_sales_volume":3.319999933242798,"rate_of_return":0.0}
