{"window":{"start":"2023-10-25T08:24:00.000Z","end":"2023-10-25T08:25:00.000Z"},"country":"United Kingdom","OPM":5,"total_sales_volume":250.2099980711937,"rate_of_return":0.2}
{"window":{"start":"2023-10-26T00:05:00.000Z","end":"2023-10-26T00:06:00.000Z"},"country":"France","OPM":1,"total_sales_volume":71.7099974155426,"rate_of_return":0.0}
{"window":{"start":"2023-10-25T12:56:00.000Z","end":"2023-10-25T12:57:00.000Z"},"country":"EIRE","OPM":1,"total_sales_volume":3.319999933242798,"rate_of_return":0.0}
{"window":{"start":"2023-10-25T08:34:00.000Z","end":"2023-10-25T08:35:00.000Z"},"country":"United Kingdom","OPM":8,"total_sales_volume":420.6399978399277,"rate_of_return":0.0}
{"window":{"start":"2023-10-25T15:55:00.000Z","end":"2023-10-25T15:56:00.000Z"},"country":"United Kingdom","OPM":7,"total_sales_volume":15.580001324415207,"rate_of_return":0.14285714285714285}
{"window":{"start":"2023-10-26T18:36:00.000Z","end":"2023-10-26T18:37:00.000Z"},"country":"United Kingdom","OPM":13,"total_sales_volume":459.64999583363533,"rate_of_return":0.0}
{"window":{"start":"2023-10-24T15:29:00.000Z","end":"2023-10-24T15:30:00.000Z"},"country":"EIRE","OPM":1,"total_sales_volume":211.70999670028687,"rate_of_return":0.0}
{"window":{"start":"2023-10-25T14:02:00.000Z","end":"2023-10-25T14:03:00.000Z"},"country":"United Kingdom","OPM":11,"total_sales_volume":921.2900082468987,"rate_of_return":0.0}
{"window":{"start":"2023-10-25T02:20:00.000Z","end":"2023-10-25T02:21:00.000Z"},"country":"United Kingdom","OPM":5,"total_sales_volume":271.89999866485596,"rate_of_return":0.2}
{"window":{"start":"2023-10-26T00:10:00.000Z","end":"2023-10-26T00:11:00.000Z"},"country":"United Kingdom","OPM":11,"total_sales_volume":492.8600005507469,"rate_of_return":0.18181818181818182}
{"window":{"start":"2023-10-27T18:54:00.000Z","end":"2023-10-27T18:55:00.000Z"},"country":"Greece","OPM":1,"total_sales_volume":47.28000074625015,"rate_of_return":0.0}
{"window":{"start":"2023-10-28T05:52:00.000Z","end":"2023-10-28T05:53:00.000Z"},"country":"United Kingdom","OPM":12,"total_sales_volume":997.3400055766106,"rate_of_return":0.08333333333333333}
{"window":{"start":"2023-10-27T17:51:00.000Z","end":"2023-10-27T17:52:00.000Z"},"country":"United Kingdom","OPM":5,"total_sales_volume":213.38000026345253,"rate_of_return":0.0}
{"window":{"start":"2023-10-23T17:22:00.000Z","end":"2023-10-23T17:23:00.000Z"},"country":"United Kingdom","OPM":3,"total_sales_volume":410.3699939548969,"rate_of_return":0.0}
{"window":{"start":"2023-10-25T09:38:00.000Z","end":"2023-10-25T09:39:00.000Z"},"country":"United Kingdom","OPM":7,"total_sales_volume":421.1699930727482,"rate_of_return":0.14285714285714285}
{"window":{"start":"2023-10-28T02:41:00.000Z","end":"2023-10-28T02:42:00.000Z"},"country":"Switzerland","OPM":1,"total_sales_volume":28.179999828338623,"rate_of_return":0.0}
{"window":{"start":"2023-10-24T17:45:00.000Z","end":"2023-10-24T17:46:00.000Z"},"country":"United Kingdom","OPM":16,"total_sales_volume":607.9499995708466,"rate_of_return":0.0625}
{"window":{"start":"2023-10-24T03:37:00.000Z","end":"2023-10-24T03:38:00.000Z"},"country":"United Kingdom","OPM":9,"total_sales_volume":373.5599948167801,"rate_of_return":0.0}
{"window":{"start":"2023-10-25T20:04:00.000Z","end":"2023-10-25T20:05:00.000Z"},"country":"United Kingdom","OPM":13,"total_sales_volume":172.37001287937164,"rate_of_return":0.07692307692307693}
{"window":{"start":"2023-10-26T10:38:00.000Z","end":"2023-10-26T10:39:00.000Z"},"country":"Australia","OPM":1,"total_sales_volume":144.8799994289875,"rate_of_return":0.0}
{"window":{"start":"2023-10-26T08:52:00.000Z","end":"2023-10-26T08:53:00.000Z"},"country":"United Kingdom","OPM":14,"total_sales_volume":1025.1999973654747,"rate_of_return":0.0}
{"window":{"start":"2023-10-24T22:34:00.000Z","end":"2023-10-24T22:35:00.000Z"},"country":"Finland","OPM":1,"total_sales_volume":15.419999986886978,"rate_of_return":0.0}
{"window":{"start":"2023-10-24T19:56:00.000Z","end":"2023-10-24T19:57:00.000Z"},"country":"Netherlands","OPM":1,"total_sales_volume":4.399999976158142,"rate_of_return":0.0}
{"window":{"start":"2023-10-26T09:20:00.000Z","end":"2023-10-26T09:21:00.000Z"},"country":"United Kingdom","OPM":12,"total_sales_volume":693.6499943733215,"rate_of_return":0.0}
{"window":{"start":"2023-10-27T22:43:00.000Z","end":"2023-10-27T22:44:00.000Z"},"country":"United Kingdom","OPM":3,"total_sales_volume":75.28000140190125,"rate_of_return":0.0}
{"window":{"start":"2023-10-24T05:59:00.000Z","end":"2023-10-24T06:00:00.000Z"},"country":"United Kingdom","OPM":8,"total_sales_volume":865.4800001382828,"rate_of_return":0.125}
{"window":{"start":"2023-10-26T11:17:00.000Z","end":"2023-10-26T11:18:00.000Z"},"country":"Netherlands","OPM":1,"total_sales_volume":486.19998502731323,"rate_of_return":0.0}
{"window":{"start":"2023-10-24T10:52:00.000Z","end":"2023-10-24T10:53:00.000Z"},"country":"Switzerland","OPM":1,"total_sales_volume":-37.799998462200165,"rate_of_return":1.0}
{"window":{"start":"2023-10-27T09:06:00.000Z","end":"2023-10-27T09:07:00.000Z"},"country":"Germany","OPM":1,"total_sales_volume":30.0,"rate_of_return":0.0}
{"window":{"start":"2023-10-27T15:42:00.000Z","end":"2023-10-27T15:43:00.000Z"},"country":"Portugal","OPM":1,"total_sales_volume":47.950000047683716,"rate_of_return":0.0}
{"window":{"start":"2023-10-25T12:05:00.000Z","end":"2023-10-25T12:06:00.000Z"},"country":"United Kingdom","OPM":8,"total_sales_volume":306.2000002861023,"rate_of_return":0.125}
{"window":{"start":"2023-10-24T14:19:00.000Z","end":"2023-10-24T14:20:00.000Z"},"country":"Cyprus","OPM":1,"total_sales_volume":24.769999623298645,"rate_of_return":0.0}
{"window":{"start":"2023-10-27T23:55:00.000Z","end":"2023-10-27T23:56:00.000Z"},"country":"Italy","OPM":1,"total_sales_volume":1.800000011920929,"rate_of_return":0.0}
{"window":{"start":"2023-10-23T14:19:00.000Z","end":"2023-10-23T14:20:00.000Z"},"country":"United Kingdom","OPM":16,"total_sales_volume":771.6300067305565,"rate_of_return":0.0625}
{"window":{"start":"2023-10-25T03:41:00.000Z","end":"2023-10-25T03:42:00.000Z"},"country":"Germany","OPM":1,"total_sales_volume":19.799999713897705,"rate_of_return":0.0}
{"window":{"start":"2023-10-24T01:01:00.000Z","end":"2023-10-24T01:02:00.000Z"},"country":"France","OPM":1,"total_sales_volume":144.2600012421608,"rate_of_return":0.0}
{"window":{"start":"2023-10-24T23:26:00.000Z","end":"2023-10-24T23:27:00.000Z"},"country":"Portugal","OPM":1,"total_sales_volume":10.74999988079071,"rate_of_return":0.0}
{"window":{"start":"2023-10-26T10:29:00.000Z","end":"2023-10-26T10:30:00.000Z"},"country":"United Kingdom","OPM":10,"total_sales_volume":556.459991902113,"rate_of_return":0.0}
{"window":{"start":"2023-10-27T17:55:00.000Z","end":"2023-10-27T17:56:00.000Z"},"country":"United Kingdom","OPM":7,"total_sales_volume":499.8800033032894,"rate_of_return":0.0}
{"window":{"start":"2023-10-26T15:37:00.000Z","end":"2023-10-26T15:38:00.000Z"},"country":"Lebanon","OPM":1,"total_sales_volume":-236.60000133514404,"rate_of_return":1.0}
{"window":{"start":"2023-10-25T09:29:00.000Z","end":"2023-10-25T09:30:00.000Z"},"country":"United Kingdom","OPM":10,"total_sales_volume":1518.619987398386,"rate_of_return":0.0}
{"window":{"start":"2023-10-25T10:06:00.000Z","end":"2023-10-25T10:07:00.000Z"},"country":"United Kingdom","OPM":12,"total_sales_volume":908.8899977505207,"rate_of_return":0.0}
{"window":{"start":"2023-10-27T07:20:00.000Z","end":"2023-10-27T07:21:00.000Z"},"country":"Germany","OPM":2,"total_sales_volume":107.11999899148941,"rate_of_return":0.0}
{"window":{"start":"2023-10-25T15:44:00.000Z","end":"2023-10-25T15:45:00.000Z"},"country":"United Kingdom","OPM":9,"total_sales_volume":548.4000040888786,"rate_of_return":0.0}
{"window":{"start":"2023-10-24T06:25:00.000Z","end":"2023-10-24T06:26:00.000Z"},"country":"France","OPM":1,"total_sales_volume":32.669999837875366,"rate_of_return":0.0}
{"window":{"start":"2023-10-26T08:04:00.000Z","end":"2023-10-26T08:05:00.000Z"},"country":"United Kingdom","OPM":8,"total_sales_volume":772.3500080108643,"rate_of_return":0.0}
{"window":{"start":"2023-10-24T01:57:00.000Z","end":"2023-10-24T01:58:00.000Z"},"country":"United Kingdom","OPM":10,"total_sales_volume":896.3199962377548,"rate_of_return":0.0}
{"window":{"start":"2023-10-25T04:25:00.000Z","end":"2023-10-25T04:26:00.000Z"},"country":"France","OPM":1,"total_sales_volume":20.509999990463257,"rate_of_return":0.0}
{"window":{"start":"2023-10-27T10:47:00.000Z","end":"2023-10-27T10:48:00.000Z"},"country":"Portugal","OPM":1,"total_sales_volume":32.41999977827072,"rate_of_return":0.0}
{"window":{"start":"2023-10-26T11:06:00.000Z","end":"2023-10-26T11:07:00.000Z"},"country":"United Kingdom","OPM":5,"total_sales_volume":164.69999784231186,"rate_of_return":0.0}
{"window":{"start":"2023-10-27T13:14:00.000Z","end":"2023-10-27T13:15:00.000Z"},"country":"Spain","OPM":1,"total_sales_volume":8.5,"rate_of_return":0.0}
{"window":{"start":"2023-10-26T03:43:00.000Z","end":"2023-10-26T03:44:00.000Z"},"country":"United Kingdom","OPM":10,"total_sales_volume":1714.5799843370914,"rate_of_return":0.1}
{"window":{"start":"2023-10-23T12:55:00.000Z","end":"2023-10-23T12:56:00.000Z"},"country":"United Kingdom","OPM":7,"total_sales_volume":153.46000510454178,"rate_of_return":0.14285714285714285}
{"window":{"start":"2023-10-23T21:12:00.000Z","end":"2023-10-23T21:13:00.000Z"},"country":"United Kingdom","OPM":4,"total_sales_volume":262.5699965953827,"rate_of_return":0.0}
{"window":{"start":"2023-10-24T23:08:00.000Z","end":"2023-10-24T23:09:00.000Z"},"country":"EIRE","OPM":1,"total_sales_volume":56.31000083684921,"rate_of_return":0.0}
{"window":{"start":"2023-10-26T00:24:00.000Z","end":"2023-10-26T00:25:00.000Z"},"country":"United Kingdom","OPM":14,"total_sales_volume":815.1199883818626,"rate_of_return":0.07142857142857142}
{"window":{"start":"2023-10-27T14:21:00.000Z","end":"2023-10-27T14:22:00.000Z"},"country":"United Kingdom","OPM":8,"total_sales_volume":224.35999315977097,"rate_of_return":0.0}
{"window":{"start":"2023-10-27T14:40:00.000Z","end":"2023-10-27T14:41:00.000Z"},"country":"United Kingdom","OPM":10,"total_sales_volume":656.5199966281652,"rate_of_return":0.0}
{"window":{"start":"2023-10-26T03:32:00.000Z","end":"2023-10-26T03:33:00.000Z"},"country":"Germany","OPM":1,"total_sales_volume":249.69000685214996,"rate_of_return":0.0}
