{"window":{"start":"2023-10-27T11:59:00.000Z","end":"2023-10-27T12:00:00.000Z"},"country":"Norway","OPM":1,"total_sales_volume":17.32999974489212,"rate_of_return":0.0}
{"window":{"start":"2023-10-27T20:08:00.000Z","end":"2023-10-27T20:09:00.000Z"},"country":"EIRE","OPM":1,"total_sales_volume":0.949999988079071,"rate_of_return":0.0}
{"window":{"start":"2023-10-23T23:26:00.000Z","end":"2023-10-23T23:27:00.000Z"},"country":"United Kingdom","OPM":13,"total_sales_volume":632.9400000572205,"rate_of_return":0.07692307692307693}
{"window":{"start":"2023-10-28T01:28:00.000Z","end":"2023-10-28T01:29:00.000Z"},"country":"United Kingdom","OPM":8,"total_sales_volume":558.1799927055836,"rate_of_return":0.0}
{"window":{"start":"2023-10-24T10:42:00.000Z","end":"2023-10-24T10:43:00.000Z"},"country":"Portugal","OPM":1,"total_sales_volume":59.989999651908875,"rate_of_return":0.0}
{"window":{"start":"2023-10-26T15:32:00.000Z","end":"2023-10-26T15:33:00.000Z"},"country":"France","OPM":1,"total_sales_volume":16.519999861717224,"rate_of_return":0.0}
{"window":{"start":"2023-10-26T22:58:00.000Z","end":"2023-10-26T22:59:00.000Z"},"country":"United Kingdom","OPM":3,"total_sales_volume":1163.209976196289,"rate_of_return":0.0}
{"window":{"start":"2023-10-24T07:41:00.000Z","end":"2023-10-24T07:42:00.000Z"},"country":"United Kingdom","OPM":15,"total_sales_volume":705.7499966323376,"rate_of_return":0.13333333333333333}
{"window":{"start":"2023-10-27T01:09:00.000Z","end":"2023-10-27T01:10:00.000Z"},"country":"Germany","OPM":1,"total_sales_volume":38.55000066757202,"rate_of_return":0.0}
{"window":{"start":"2023-10-24T15:28:00.000Z","end":"2023-10-24T15:29:00.000Z"},"country":"EIRE","OPM":1,"total_sales_volume":33.0,"rate_of_return":0.0}
{"window":{"start":"2023-10-24T17:54:00.000Z","end":"2023-10-24T17:55:00.000Z"},"country":"Germany","OPM":1,"total_sales_volume":126.5899977684021,"rate_of_return":0.0}
{"window":{"start":"2023-10-25T21:40:00.000Z","end":"2023-10-25T21:41:00.000Z"},"country":"France","OPM":1,"total_sales_volume":55.5,"rate_of_return":0.0}
{"window":{"start":"2023-10-24T11:04:00.000Z","end":"2023-10-24T11:05:00.000Z"},"country":"United Kingdom","OPM":11,"total_sales_volume":1747.0899723917246,"rate_of_return":0.09090909090909091}
{"window":{"start":"2023-10-26T23:59:00.000Z","end":"2023-10-27T00:00:00.000Z"},"country":"Germany","OPM":1,"total_sales_volume":161.79999959468842,"rate_of_return":0.0}
{"window":{"start":"2023-10-27T13:47:00.000Z","end":"2023-10-27T13:48:00.000Z"},"country":"Portugal","OPM":1,"total_sales_volume":106.07999610900879,"rate_of_return":0.0}
{"window":{"start":"2023-10-25T07:16:00.000Z","end":"2023-10-25T07:17:00.000Z"},"country":"United Kingdom","OPM":11,"total_sales_volume":486.6800003647804,"rate_of_return":0.0}
{"window":{"start":"2023-10-24T02:10:00.000Z","end":"2023-10-24T02:11:00.000Z"},"country":"United Kingdom","OPM":13,"total_sales_volume":372.9199917912483,"rate_of_return":0.07692307692307693}
{"window":{"start":"2023-10-24T02:41:00.000Z","end":"2023-10-24T02:42:00.000Z"},"country":"United Kingdom","OPM":12,"total_sales_volume":530.899998396635,"rate_of_return":0.16666666666666666}
{"window":{"start":"2023-10-24T08:20:00.000Z","end":"2023-10-24T08:21:00.000Z"},"country":"United Kingdom","OPM":8,"total_sales_volume":659.7699982225895,"rate_of_return":0.0}
{"window":{"start":"2023-10-26T20:46:00.000Z","end":"2023-10-26T20:47:00.000Z"},"country":"United Kingdom","OPM":5,"total_sales_volume":324.439998626709,"rate_of_return":0.0}
{"window":{"start":"2023-10-23T14:17:00.000Z","end":"2023-10-23T14:18:00.000Z"},"country":"United Kingdom","OPM":6,"total_sales_volume":147.0799999833107,"rate_of_return":0.16666666666666666}
{"window":{"start":"2023-10-25T03:18:00.000Z","end":"2023-10-25T03:19:00.000Z"},"country":"United Kingdom","OPM":6,"total_sales_volume":473.8999960720539,"rate_of_return":0.0}
{"window":{"start":"2023-10-25T15:48:00.000Z","end":"2023-10-25T15:49:00.000Z"},"country":"United Kingdom","OPM":16,"total_sales_volume":840.2899913787842,"rate_of_return":0.0625}
{"window":{"start":"2023-10-27T05:58:00.000Z","end":"2023-10-27T05:59:00.000Z"},"country":"EIRE","OPM":1,"total_sales_volume":306.4299973845482,"rate_of_return":0.0}
{"window":{"start":"2023-10-27T20:20:00.000Z","end":"2023-10-27T20:21:00.000Z"},"country":"United Kingdom","OPM":11,"total_sales_volume":927.3899967074394,"rate_of_return":0.18181818181818182}
{"window":{"start":"2023-10-24T16:08:00.000Z","end":"2023-10-24T16:09:00.000Z"},"country":"United Kingdom","OPM":7,"total_sales_volume":370.2299900650978,"rate_of_return":0.0}
{"window":{"start":"2023-10-25T11:24:00.000Z","end":"2023-10-25T11:25:00.000Z"},"country":"Switzerland","OPM":1,"total_sales_volume":4.949999809265137,"rate_of_return":0.0}
{"window":{"start":"2023-10-25T05:02:00.000Z","end":"2023-10-25T05:03:00.000Z"},"country":"United Kingdom","OPM":5,"total_sales_volume":260.469999730587,"rate_of_return":0.0}
{"window":{"start":"2023-10-27T21:51:00.000Z","end":"2023-10-27T21:52:00.000Z"},"country":"Germany","OPM":2,"total_sales_volume":26.46999928355217,"rate_of_return":0.0}
{"window":{"start":"2023-10-25T19:07:00.000Z","end":"2023-10-25T19:08:00.000Z"},"country":"France","OPM":1,"total_sales_volume":-114.79999995231628,"rate_of_return":1.0}
{"window":{"start":"2023-10-25T18:52:00.000Z","end":"2023-10-25T18:53:00.000Z"},"country":"Germany","OPM":1,"total_sales_volume":332.769992351532,"rate_of_return":0.0}
{"window":{"start":"2023-10-27T08:48:00.000Z","end":"2023-10-27T08:49:00.000Z"},"country":"United Kingdom","OPM":4,"total_sales_volume":97.76999926567078,"rate_of_return":0.0}
{"window":{"start":"2023-10-24T15:03:00.000Z","end":"2023-10-24T15:04:00.000Z"},"country":"United Kingdom","OPM":6,"total_sales_volume":296.4400016963482,"rate_of_return":0.0}
{"window":{"start":"2023-10-24T03:57:00.000Z","end":"2023-10-24T03:58:00.000Z"},"country":"Switzerland","OPM":1,"total_sales_volume":31.09000015258789,"rate_of_return":0.0}
{"window":{"start":"2023-10-27T07:18:00.000Z","end":"2023-10-27T07:19:00.000Z"},"country":"United Kingdom","OPM":7,"total_sales_volume":396.38999578356743,"rate_of_return":0.14285714285714285}
{"window":{"start":"2023-10-24T02:09:00.000Z","end":"2023-10-24T02:10:00.000Z"},"country":"Germany","OPM":1,"total_sales_volume":8.089999854564667,"rate_of_return":0.0}
{"window":{"start":"2023-10-28T04:42:00.000Z","end":"2023-10-28T04:43:00.000Z"},"country":"United Kingdom","OPM":4,"total_sales_volume":79.41999900341034,"rate_of_return":0.0}
{"window":{"start":"2023-10-24T01:50:00.000Z","end":"2023-10-24T01:51:00.000Z"},"country":"United Kingdom","OPM":9,"total_sales_volume":507.18999940156937,"rate_of_return":0.0}
{"window":{"start":"2023-10-26T01:07:00.000Z","end":"2023-10-26T01:08:00.000Z"},"country":"United Kingdom","OPM":10,"total_sales_volume":319.8100001960993,"rate_of_return":0.0}
{"window":{"start":"2023-10-25T07:13:00.000Z","end":"2023-10-25T07:14:00.000Z"},"country":"Norway","OPM":1,"total_sales_volume":7.5299999713897705,"rate_of_return":0.0}
{"window":{"start":"2023-10-24T05:40:00.000Z","end":"2023-10-24T05:41:00.000Z"},"country":"United Kingdom","OPM":5,"total_sales_volume":344.03999757766724,"rate_of_return":0.0}
{"window":{"start":"2023-10-25T19:54:00.000Z","end":"2023-10-25T19:55:00.000Z"},"country":"EIRE","OPM":1,"total_sales_volume":39.80000042915344,"rate_of_return":0.0}
{"window":{"start":"2023-10-26T01:48:00.000Z","end":"2023-10-26T01:49:00.000Z"},"country":"Switzerland","OPM":1,"total_sales_volume":12.390000343322754,"rate_of_return":0.0}
{"window":{"start":"2023-10-26T21:33:00.000Z","end":"2023-10-26T21:34:00.000Z"},"country":"France","OPM":1,"total_sales_volume":167.82999968528748,"rate_of_return":0.0}
{"window":{"start":"2023-10-24T03:21:00.000Z","end":"2023-10-24T03:22:00.000Z"},"country":"Belgium","OPM":1,"total_sales_volume":41.959999322891235,"rate_of_return":0.0}
{"window":{"start":"2023-10-24T01:37:00.000Z","end":"2023-10-24T01:38:00.000Z"},"country":"United Kingdom","OPM":10,"total_sales_volume":557.2699983119965,"rate_of_return":0.0}
{"window":{"start":"2023-10-24T17:18:00.000Z","end":"2023-10-24T17:19:00.000Z"},"country":"United Kingdom","OPM":13,"total_sales_volume":795.6300035715103,"rate_of_return":0.0}
{"window":{"start":"2023-10-25T09:51:00.000Z","end":"2023-10-25T09:52:00.000Z"},"country":"Bahrain","OPM":1,"total_sales_volume":27.170000076293945,"rate_of_return":0.0}
{"window":{"start":"2023-10-24T07:51:00.000Z","end":"2023-10-24T07:52:00.000Z"},"country":"United Kingdom","OPM":15,"total_sales_volume":605.0699934661388,"rate_of_return":0.0}
{"window":{"start":"2023-10-24T09:13:00.000Z","end":"2023-10-24T09:14:00.000Z"},"country":"United Kingdom","OPM":4,"total_sales_volume":176.5599993467331,"rate_of_return":0.0}
{"window":{"start":"2023-10-27T11:51:00.000Z","end":"2023-10-27T11:52:00.000Z"},"country":"United Kingdom","OPM":11,"total_sales_volume":37.82999989390373,"rate_of_return":0.18181818181818182}
{"window":{"start":"2023-10-24T03:56:00.000Z","end":"2023-10-24T03:57:00.000Z"},"country":"EIRE","OPM":1,"total_sales_volume":163.12999856472015,"rate_of_return":0.0}
{"window":{"start":"2023-10-25T08:03:00.000Z","end":"2023-10-25T08:04:00.000Z"},"country":"United Kingdom","OPM":9,"total_sales_volume":570.6400068998337,"rate_of_return":0.0}
{"window":{"start":"2023-10-23T17:39:00.000Z","end":"2023-10-23T17:40:00.000Z"},"country":"United Kingdom","OPM":9,"total_sales_volume":1091.000012397766,"rate_of_return":0.0}
{"window":{"start":"2023-10-27T14:15:00.000Z","end":"2023-10-27T14:16:00.000Z"},"country":"Poland","OPM":1,"total_sales_volume":10.950000047683716,"rate_of_return":0.0}
{"window":{"start":"2023-10-26T22:00:00.000Z","end":"2023-10-26T22:01:00.000Z"},"country":"United Kingdom","OPM":9,"total_sales_volume":410.9300009608269,"rate_of_return":0.0}
{"window":{"start":"2023-10-23T20:09:00.000Z","end":"2023-10-23T20:10:00.000Z"},"country":"France","OPM":1,"total_sales_volume":210.46000003814697,"rate_of_return":0.0}
