{"window":{"start":"2023-10-27T19:39:00.000Z","end":"2023-10-27T19:40:00.000Z"},"country":"France","OPM":1,"total_sales_volume":17.07999974489212,"rate_of_return":0.0}
{"window":{"start":"2023-10-28T04:04:00.000Z","end":"2023-10-28T04:05:00.000Z"},"country":"United Kingdom","OPM":12,"total_sales_volume":417.35000148415565,"rate_of_return":0.0}
{"window":{"start":"2023-10-26T02:52:00.000Z","end":"2023-10-26T02:53:00.000Z"},"country":"United Kingdom","OPM":11,"total_sales_volume":1035.7199863791466,"rate_of_return":0.0}
{"window":{"start":"2023-10-25T03:43:00.000Z","end":"2023-10-25T03:44:00.000Z"},"country":"United Kingdom","OPM":5,"total_sales_volume":896.289989054203,"rate_of_return":0.0}
{"window":{"start":"2023-10-27T01:17:00.000Z","end":"2023-10-27T01:18:00.000Z"},"country":"Sweden","OPM":1,"total_sales_volume":52.28999882936478,"rate_of_return":0.0}
{"window":{"start":"2023-10-27T00:53:00.000Z","end":"2023-10-27T00:54:00.000Z"},"country":"United Kingdom","OPM":10,"total_sales_volume":1619.8000153303146,"rate_of_return":0.0}
{"window":{"start":"2023-10-27T07:59:00.000Z","end":"2023-10-27T08:00:00.000Z"},"country":"Germany","OPM":1,"total_sales_volume":17.820000559091568,"rate_of_return":0.0}
{"window":{"start":"2023-10-25T19:05:00.000Z","end":"2023-10-25T19:06:00.000Z"},"country":"Belgium","OPM":1,"total_sales_volume":49.96000003814697,"rate_of_return":0.0}
{"window":{"start":"2023-10-27T21:14:00.000Z","end":"2023-10-27T21:15:00.000Z"},"country":"Germany","OPM":1,"total_sales_volume":19.799999713897705,"rate_of_return":0.0}
{"window":{"start":"2023-10-25T10:08:00.000Z","end":"2023-10-25T10:09:00.000Z"},"country":"United Kingdom","OPM":11,"total_sales_volume":608.3799955844879,"rate_of_return":0.0}
{"window":{"start":"2023-10-25T00:20:00.000Z","end":"2023-10-25T00:21:00.000Z"},"country":"United Kingdom","OPM":6,"total_sales_volume":477.68999326229095,"rate_of_return":0.16666666666666666}
{"window":{"start":"2023-10-25T20:54:00.000Z","end":"2023-10-25T20:55:00.000Z"},"country":"United Kingdom","OPM":9,"total_sales_volume":475.579996496439,"rate_of_return":0.0}
{"window":{"start":"2023-10-25T15:38:00.000Z","end":"2023-10-25T15:39:00.000Z"},"country":"United Kingdom","OPM":10,"total_sales_volume":536.7799955606461,"rate_of_return":0.0}
{"window":{"start":"2023-10-25T12:30:00.000Z","end":"2023-10-25T12:31:00.000Z"},"country":"EIRE","OPM":3,"total_sales_volume":364.3400059044361,"rate_of_return":0.0}
{"window":{"start":"2023-10-24T20:49:00.000Z","end":"2023-10-24T20:50:00.000Z"},"country":"United Kingdom","OPM":11,"total_sales_volume":-7.8899968564510345,"rate_of_return":0.2727272727272727}
{"window":{"start":"2023-10-26T19:50:00.000Z","end":"2023-10-26T19:51:00.000Z"},"country":"United Kingdom","OPM":8,"total_sales_volume":304.2899967133999,"rate_of_return":0.0}
{"window":{"start":"2023-10-23T15:51:00.000Z","end":"2023-10-23T15:52:00.000Z"},"country":"Netherlands","OPM":1,"total_sales_volume":49.149999767541885,"rate_of_return":0.0}
{"window":{"start":"2023-10-27T20:25:00.000Z","end":"2023-10-27T20:26:00.000Z"},"country":"Netherlands","OPM":1,"total_sales_volume":141.83999955654144,"rate_of_return":0.0}
{"window":{"start":"2023-10-27T21:08:00.000Z","end":"2023-10-27T21:09:00.000Z"},"country":"EIRE","OPM":1,"total_sales_volume":8.289999961853027,"rate_of_return":0.0}
{"window":{"start":"2023-10-23T18:09:00.000Z","end":"2023-10-23T18:10:00.000Z"},"country":"United Kingdom","OPM":8,"total_sales_volume":378.7399991750717,"rate_of_return":0.125}
{"window":{"start":"2023-10-23T18:54:00.000Z","end":"2023-10-23T18:55:00.000Z"},"country":"United Kingdom","OPM":13,"total_sales_volume":2709.449996676296,"rate_of_return":0.07692307692307693}
{"window":{"start":"2023-10-24T15:58:00.000Z","end":"2023-10-24T15:59:00.000Z"},"country":"United Kingdom","OPM":7,"total_sales_volume":289.1499996185303,"rate_of_return":0.0}
{"window":{"start":"2023-10-27T20:50:00.000Z","end":"2023-10-27T20:51:00.000Z"},"country":"United Kingdom","OPM":10,"total_sales_volume":426.1099941730499,"rate_of_return":0.0}
{"window":{"start":"2023-10-28T00:39:00.000Z","end":"2023-10-28T00:40:00.000Z"},"country":"EIRE","OPM":1,"total_sales_volume":4.710000097751617,"rate_of_return":0.0}
{"window":{"start":"2023-10-25T12:12:00.000Z","end":"2023-10-25T12:13:00.000Z"},"country":"France","OPM":1,"total_sales_volume":35.99000000953674,"rate_of_return":0.0}
{"window":{"start":"2023-10-24T17:13:00.000Z","end":"2023-10-24T17:14:00.000Z"},"country":"United Kingdom","OPM":14,"total_sales_volume":1106.5899971425533,"rate_of_return":0.07142857142857142}
{"window":{"start":"2023-10-25T21:33:00.000Z","end":"2023-10-25T21:34:00.000Z"},"country":"EIRE","OPM":1,"total_sales_volume":34.6200008392334,"rate_of_return":0.0}
{"window":{"start":"2023-10-26T13:14:00.000Z","end":"2023-10-26T13:15:00.000Z"},"country":"Spain","OPM":1,"total_sales_volume":3.3000000715255737,"rate_of_return":0.0}
{"window":{"start":"2023-10-27T17:34:00.000Z","end":"2023-10-27T17:35:00.000Z"},"country":"Germany","OPM":1,"total_sales_volume":21.49999976158142,"rate_of_return":0.0}
{"window":{"start":"2023-10-26T02:21:00.000Z","end":"2023-10-26T02:22:00.000Z"},"country":"France","OPM":1,"total_sales_volume":21.649999976158142,"rate_of_return":0.0}
{"window":{"start":"2023-10-24T20:55:00.000Z","end":"2023-10-24T20:56:00.000Z"},"country":"United Kingdom","OPM":6,"total_sales_volume":175.7900002002716,"rate_of_return":0.0}
{"window":{"start":"2023-10-25T00:33:00.000Z","end":"2023-10-25T00:34:00.000Z"},"country":"United Kingdom","OPM":7,"total_sales_volume":788.2099951207638,"rate_of_return":0.0}
{"window":{"start":"2023-10-24T07:03:00.000Z","end":"2023-10-24T07:04:00.000Z"},"country":"France","OPM":2,"total_sales_volume":22.749999284744263,"rate_of_return":0.0}
{"window":{"start":"2023-10-26T19:05:00.000Z","end":"2023-10-26T19:06:00.000Z"},"country":"Germany","OPM":1,"total_sales_volume":26.25000035762787,"rate_of_return":0.0}
{"window":{"start":"2023-10-27T18:45:00.000Z","end":"2023-10-27T18:46:00.000Z"},"country":"United Kingdom","OPM":10,"total_sales_volume":540.2200003266335,"rate_of_return":0.1}
{"window":{"start":"2023-10-28T02:27:00.000Z","end":"2023-10-28T02:28:00.000Z"},"country":"United Kingdom","OPM":10,"total_sales_volume":410.8300006389618,"rate_of_return":0.1}
{"window":{"start":"2023-10-25T16:28:00.000Z","end":"2023-10-25T16:29:00.000Z"},"country":"Belgium","OPM":1,"total_sales_volume":41.29999899864197,"rate_of_return":0.0}
{"window":{"start":"2023-10-27T00:01:00.000Z","end":"2023-10-27T00:02:00.000Z"},"country":"United Kingdom","OPM":6,"total_sales_volume":2508.2899939715862,"rate_of_return":0.0}
{"window":{"start":"2023-10-27T09:12:00.000Z","end":"2023-10-27T09:13:00.000Z"},"country":"EIRE","OPM":1,"total_sales_volume":47.38000011444092,"rate_of_return":0.0}
{"window":{"start":"2023-10-24T22:34:00.000Z","end":"2023-10-24T22:35:00.000Z"},"country":"EIRE","OPM":1,"total_sales_volume":15.0,"rate_of_return":0.0}
{"window":{"start":"2023-10-23T17:19:00.000Z","end":"2023-10-23T17:20:00.000Z"},"country":"France","OPM":1,"total_sales_volume":33.04000008106232,"rate_of_return":0.0}
{"window":{"start":"2023-10-26T06:02:00.000Z","end":"2023-10-26T06:03:00.000Z"},"country":"United Kingdom","OPM":7,"total_sales_volume":394.71999660134315,"rate_of_return":0.0}
{"window":{"start":"2023-10-24T01:22:00.000Z","end":"2023-10-24T01:23:00.000Z"},"country":"Germany","OPM":1,"total_sales_volume":48.0,"rate_of_return":0.0}
{"window":{"start":"2023-10-23T23:24:00.000Z","end":"2023-10-23T23:25:00.000Z"},"country":"Greece","OPM":1,"total_sales_volume":68.48999977111816,"rate_of_return":0.0}
{"window":{"start":"2023-10-26T08:35:00.000Z","end":"2023-10-26T08:36:00.000Z"},"country":"France","OPM":1,"total_sales_volume":106.67999863624573,"rate_of_return":0.0}
{"window":{"start":"2023-10-24T15:34:00.000Z","end":"2023-10-24T15:35:00.000Z"},"country":"United Kingdom","OPM":7,"total_sales_volume":388.1700000613928,"rate_of_return":0.0}
{"window":{"start":"2023-10-24T03:56:00.000Z","end":"2023-10-24T03:57:00.000Z"},"country":"United Kingdom","OPM":8,"total_sales_volume":410.65999948978424,"rate_of_return":0.125}
{"window":{"start":"2023-10-26T09:27:00.000Z","end":"2023-10-26T09:28:00.000Z"},"country":"Germany","OPM":2,"total_sales_volume":97.29999947547913,"rate_of_return":0.0}
{"window":{"start":"2023-10-26T14:02:00.000Z","end":"2023-10-26T14:03:00.000Z"},"country":"United Kingdom","OPM":7,"total_sales_volume":349.4300012141466,"rate_of_return":0.14285714285714285}
{"window":{"start":"2023-10-28T00:21:00.000Z","end":"2023-10-28T00:22:00.000Z"},"country":"EIRE","OPM":1,"total_sales_volume":57.07000017166138,"rate_of_return":0.0}
{"window":{"start":"2023-10-26T07:27:00.000Z","end":"2023-10-26T07:28:00.000Z"},"country":"United Kingdom","OPM":4,"total_sales_volume":90.8899998664856,"rate_of_return":0.0}
{"window":{"start":"2023-10-25T10:49:00.000Z","end":"2023-10-25T10:50:00.000Z"},"country":"United Kingdom","OPM":11,"total_sales_volume":923.0700197815895,"rate_of_return":0.0}
{"window":{"start":"2023-10-26T21:12:00.000Z","end":"2023-10-26T21:13:00.000Z"},"country":"France","OPM":1,"total_sales_volume":11.300000071525574,"rate_of_return":0.0}
{"window":{"start":"2023-10-24T15:32:00.000Z","end":"2023-10-24T15:33:00.000Z"},"country":"United Kingdom","OPM":7,"total_sales_volume":230.56000021100044,"rate_of_return":0.0}
{"window":{"start":"2023-10-24T02:54:00.000Z","end":"2023-10-24T02:55:00.000Z"},"country":"United Kingdom","OPM":6,"total_sales_volume":234.05999720096588,"rate_of_return":0.0}
{"window":{"start":"2023-10-23T22:35:00.000Z","end":"2023-10-23T22:36:00.000Z"},"country":"Portugal","OPM":1,"total_sales_volume":205.06999790668488,"rate_of_return":0.0}
{"window":{"start":"2023-10-26T08:15:00.000Z","end":"2023-10-26T08:16:00.000Z"},"country":"United Kingdom","OPM":6,"total_sales_volume":1841.5800263434649,"rate_of_return":0.0}
