{"window":{"start":"2023-10-24T07:31:00.000Z","end":"2023-10-24T07:32:00.000Z"},"country":"Spain","OPM":1,"total_sales_volume":16.880000114440918,"rate_of_return":0.0}
{"window":{"start":"2023-10-25T01:56:00.000Z","end":"2023-10-25T01:57:00.000Z"},"country":"United Kingdom","OPM":13,"total_sales_volume":803.9799917936325,"rate_of_return":0.0}
{"window":{"start":"2023-10-24T16:40:00.000Z","end":"2023-10-24T16:41:00.000Z"},"country":"Germany","OPM":1,"total_sales_volume":61.520000874996185,"rate_of_return":0.0}
{"window":{"start":"2023-10-25T16:45:00.000Z","end":"2023-10-25T16:46:00.000Z"},"country":"United Kingdom","OPM":8,"total_sales_volume":134.50000140070915,"rate_of_return":0.0}
{"window":{"start":"2023-10-25T22:49:00.000Z","end":"2023-10-25T22:50:00.000Z"},"country":"United Kingdom","OPM":10,"total_sales_volume":436.7700001299381,"rate_of_return":0.0}
{"window":{"start":"2023-10-27T21:00:00.000Z","end":"2023-10-27T21:01:00.000Z"},"country":"EIRE","OPM":1,"total_sales_volume":-58.360000133514404,"rate_of_return":1.0}
{"window":{"start":"2023-10-24T04:22:00.000Z","end":"2023-10-24T04:23:00.000Z"},"country":"Israel","OPM":1,"total_sales_volume":256.2499932050705,"rate_of_return":0.0}
{"window":{"start":"2023-10-27T11:11:00.000Z","end":"2023-10-27T11:12:00.000Z"},"country":"Germany","OPM":1,"total_sales_volume":8.050000011920929,"rate_of_return":0.0}
{"window":{"start":"2023-10-25T06:09:00.000Z","end":"2023-10-25T06:10:00.000Z"},"country":"United Kingdom","OPM":6,"total_sales_volume":250.7800037562847,"rate_of_return":0.16666666666666666}
{"window":{"start":"2023-10-24T07:26:00.000Z","end":"2023-10-24T07:27:00.000Z"},"country":"Belgium","OPM":1,"total_sales_volume":437.100004196167,"rate_of_return":0.0}
{"window":{"start":"2023-10-27T16:13:00.000Z","end":"2023-10-27T16:14:00.000Z"},"country":"Italy","OPM":1,"total_sales_volume":50.82000160217285,"rate_of_return":0.0}
{"window":{"start":"2023-10-25T10:41:00.000Z","end":"2023-10-25T10:42:00.000Z"},"country":"United Kingdom","OPM":8,"total_sales_volume":341.8999986052513,"rate_of_return":0.125}
{"window":{"start":"2023-10-25T11:57:00.000Z","end":"2023-10-25T11:58:00.000Z"},"country":"EIRE","OPM":1,"total_sales_volume":-64.19999969005585,"rate_of_return":1.0}
{"window":{"start":"2023-10-26T08:31:00.000Z","end":"2023-10-26T08:32:00.000Z"},"country":"United Kingdom","OPM":12,"total_sales_volume":778.0400080680847,"rate_of_return":0.0}
{"window":{"start":"2023-10-25T10:25:00.000Z","end":"2023-10-25T10:26:00.000Z"},"country":"United Kingdom","OPM":14,"total_sales_volume":925.4699918329716,"rate_of_return":0.07142857142857142}
{"window":{"start":"2023-10-27T05:45:00.000Z","end":"2023-10-27T05:46:00.000Z"},"country":"United Kingdom","OPM":10,"total_sales_volume":742.9399971365929,"rate_of_return":0.0}
{"window":{"start":"2023-10-27T23:40:00.000Z","end":"2023-10-27T23:41:00.000Z"},"country":"Germany","OPM":1,"total_sales_volume":17.09999990463257,"rate_of_return":0.0}
{"window":{"start":"2023-10-27T09:44:00.000Z","end":"2023-10-27T09:45:00.000Z"},"country":"United Kingdom","OPM":12,"total_sales_volume":423.8999938964844,"rate_of_return":0.08333333333333333}
{"window":{"start":"2023-10-26T15:53:00.000Z","end":"2023-10-26T15:54:00.000Z"},"country":"France","OPM":2,"total_sales_volume":30.87999987602234,"rate_of_return":0.0}
{"window":{"start":"2023-10-25T14:45:00.000Z","end":"2023-10-25T14:46:00.000Z"},"country":"United Kingdom","OPM":6,"total_sales_volume":498.97999116778374,"rate_of_return":0.0}
{"window":{"start":"2023-10-23T23:04:00.000Z","end":"2023-10-23T23:05:00.000Z"},"country":"Finland","OPM":1,"total_sales_volume":178.29999923706055,"rate_of_return":0.0}
{"window":{"start":"2023-10-27T09:50:00.000Z","end":"2023-10-27T09:51:00.000Z"},"country":"Belgium","OPM":1,"total_sales_volume":106.86000347137451,"rate_of_return":0.0}
{"window":{"start":"2023-10-27T22:03:00.000Z","end":"2023-10-27T22:04:00.000Z"},"country":"United Kingdom","OPM":15,"total_sales_volume":693.0499951541424,"rate_of_return":0.0}
{"window":{"start":"2023-10-26T20:10:00.000Z","end":"2023-10-26T20:11:00.000Z"},"country":"EIRE","OPM":1,"total_sales_volume":32.63000011444092,"rate_of_return":0.0}
{"window":{"start":"2023-10-27T18:13:00.000Z","end":"2023-10-27T18:14:00.000Z"},"country":"United Kingdom","OPM":11,"total_sales_volume":940.6099902689457,"rate_of_return":0.0}
{"window":{"start":"2023-10-25T01:46:00.000Z","end":"2023-10-25T01:47:00.000Z"},"country":"Germany","OPM":1,"total_sales_volume":18.30999982357025,"rate_of_return":0.0}
{"window":{"start":"2023-10-24T08:42:00.000Z","end":"2023-10-24T08:43:00.000Z"},"country":"United Kingdom","OPM":12,"total_sales_volume":699.4999997019768,"rate_of_return":0.0}
{"window":{"start":"2023-10-23T17:40:00.000Z","end":"2023-10-23T17:41:00.000Z"},"country":"Singapore","OPM":1,"total_sales_volume":-27.00000023841858,"rate_of_return":1.0}
{"window":{"start":"2023-10-24T12:53:00.000Z","end":"2023-10-24T12:54:00.000Z"},"country":"United Kingdom","OPM":7,"total_sales_volume":679.7199829816818,"rate_of_return":0.14285714285714285}
{"window":{"start":"2023-10-24T22:59:00.000Z","end":"2023-10-24T23:00:00.000Z"},"country":"Germany","OPM":2,"total_sales_volume":1.350001037120819,"rate_of_return":0.5}
{"window":{"start":"2023-10-25T18:07:00.000Z","end":"2023-10-25T18:08:00.000Z"},"country":"United Kingdom","OPM":13,"total_sales_volume":1330.4400177299976,"rate_of_return":0.07692307692307693}
{"window":{"start":"2023-10-26T01:01:00.000Z","end":"2023-10-26T01:02:00.000Z"},"country":"Singapore","OPM":1,"total_sales_volume":2.0799999833106995,"rate_of_return":0.0}
{"window":{"start":"2023-10-23T23:58:00.000Z","end":"2023-10-23T23:59:00.000Z"},"country":"United Kingdom","OPM":9,"total_sales_volume":300.7799981534481,"rate_of_return":0.0}
{"window":{"start":"2023-10-24T01:47:00.000Z","end":"2023-10-24T01:48:00.000Z"},"country":"United Kingdom","OPM":3,"total_sales_volume":78.34999948740005,"rate_of_return":0.0}
{"window":{"start":"2023-10-25T14:47:00.000Z","end":"2023-10-25T14:48:00.000Z"},"country":"United Kingdom","OPM":11,"total_sales_volume":480.3300022780895,"rate_of_return":0.2727272727272727}
{"window":{"start":"2023-10-28T02:35:00.000Z","end":"2023-10-28T02:36:00.000Z"},"country":"United Kingdom","OPM":8,"total_sales_volume":187.42000314593315,"rate_of_return":0.125}
{"window":{"start":"2023-10-24T05:07:00.000Z","end":"2023-10-24T05:08:00.000Z"},"country":"United Kingdom","OPM":6,"total_sales_volume":394.789997369051,"rate_of_return":0.0}
{"window":{"start":"2023-10-27T06:53:00.000Z","end":"2023-10-27T06:54:00.000Z"},"country":"United Kingdom","OPM":14,"total_sales_volume":883.5600214377046,"rate_of_return":0.2857142857142857}
{"window":{"start":"2023-10-27T05:00:00.000Z","end":"2023-10-27T05:01:00.000Z"},"country":"France","OPM":1,"total_sales_volume":-4.130000114440918,"rate_of_return":1.0}
{"window":{"start":"2023-10-24T13:16:00.000Z","end":"2023-10-24T13:17:00.000Z"},"country":"United Kingdom","OPM":12,"total_sales_volume":185.66000017523766,"rate_of_return":0.08333333333333333}
{"window":{"start":"2023-10-23T16:12:00.000Z","end":"2023-10-23T16:13:00.000Z"},"country":"Germany","OPM":1,"total_sales_volume":127.79999685287476,"rate_of_return":0.0}
{"window":{"start":"2023-10-23T17:24:00.000Z","end":"2023-10-23T17:25:00.000Z"},"country":"United Kingdom","OPM":6,"total_sales_volume":166.479998588562,"rate_of_return":0.0}
{"window":{"start":"2023-10-26T10:57:00.000Z","end":"2023-10-26T10:58:00.000Z"},"country":"France","OPM":1,"total_sales_volume":223.10000371932983,"rate_of_return":0.0}
{"window":{"start":"2023-10-24T14:53:00.000Z","end":"2023-10-24T14:54:00.000Z"},"country":"United Kingdom","OPM":9,"total_sales_volume":939.59000608325,"rate_of_return":0.0}
{"window":{"start":"2023-10-27T05:36:00.000Z","end":"2023-10-27T05:37:00.000Z"},"country":"Spain","OPM":1,"total_sales_volume":3.390000104904175,"rate_of_return":0.0}
{"window":{"start":"2023-10-23T16:28:00.000Z","end":"2023-10-23T16:29:00.000Z"},"country":"EIRE","OPM":2,"total_sales_volume":33.489999771118164,"rate_of_return":0.0}
{"window":{"start":"2023-10-24T09:13:00.000Z","end":"2023-10-24T09:14:00.000Z"},"country":"Belgium","OPM":1,"total_sales_volume":7.5,"rate_of_return":0.0}
{"window":{"start":"2023-10-25T12:13:00.000Z","end":"2023-10-25T12:14:00.000Z"},"country":"United Kingdom","OPM":9,"total_sales_volume":303.3799990415573,"rate_of_return":0.0}
{"window":{"start":"2023-10-25T01:29:00.000Z","end":"2023-10-25T01:30:00.000Z"},"country":"United Kingdom","OPM":6,"total_sales_volume":117.1200000345707,"rate_of_return":0.3333333333333333}
{"window":{"start":"2023-10-23T17:14:00.000Z","end":"2023-10-23T17:15:00.000Z"},"country":"United Kingdom","OPM":5,"total_sales_volume":481.69000458717346,"rate_of_return":0.0}
