{"window":{"start":"2023-10-27T16:12:00.000Z","end":"2023-10-27T16:13:00.000Z"},"country":"United Kingdom","OPM":8,"total_sales_volume":311.4499968290329,"rate_of_return":0.125}
{"window":{"start":"2023-10-25T06:23:00.000Z","end":"2023-10-25T06:24:00.000Z"},"country":"United Kingdom","OPM":10,"total_sales_volume":2340.049962937832,"rate_of_return":0.0}
{"window":{"start":"2023-10-24T10:28:00.000Z","end":"2023-10-24T10:29:00.000Z"},"country":"Iceland","OPM":1,"total_sales_volume":3.2899999618530273,"rate_of_return":0.0}
{"window":{"start":"2023-10-25T10:55:00.000Z","end":"2023-10-25T10:56:00.000Z"},"country":"United Kingdom","OPM":10,"total_sales_volume":331.1100001633167,"rate_of_return":0.1}
{"window":{"start":"2023-10-24T22:40:00.000Z","end":"2023-10-24T22:41:00.000Z"},"country":"Channel Islands","OPM":1,"total_sales_volume":0.8500000238418579,"rate_of_return":0.0}
{"window":{"start":"2023-10-24T16:40:00.000Z","end":"2023-10-24T16:41:00.000Z"},"country":"United Kingdom","OPM":9,"total_sales_volume":841.9600043445826,"rate_of_return":0.0}
{"window":{"start":"2023-10-24T16:50:00.000Z","end":"2023-10-24T16:51:00.000Z"},"country":"Switzerland","OPM":1,"total_sales_volume":11.489999949932098,"rate_of_return":0.0}
{"window":{"start":"2023-10-27T10:24:00.000Z","end":"2023-10-27T10:25:00.000Z"},"country":"United Kingdom","OPM":9,"total_sales_volume":804.1399939395487,"rate_of_return":0.0}
{"window":{"start":"2023-10-24T10:44:00.000Z","end":"2023-10-24T10:45:00.000Z"},"country":"Netherlands","OPM":1,"total_sales_volume":113.32999801635742,"rate_of_return":0.0}
{"window":{"start":"2023-10-24T10:41:00.000Z","end":"2023-10-24T10:42:00.000Z"},"country":"Channel Islands","OPM":1,"total_sales_volume":52.45000058412552,"rate_of_return":0.0}
{"window":{"start":"2023-10-26T04:20:00.000Z","end":"2023-10-26T04:21:00.000Z"},"country":"United Kingdom","OPM":5,"total_sales_volume":539.3499986231327,"rate_of_return":0.0}
{"window":{"start":"2023-10-27T03:29:00.000Z","end":"2023-10-27T03:30:00.000Z"},"country":"United Kingdom","OPM":10,"total_sales_volume":448.4200024008751,"rate_of_return":0.1}
{"window":{"start":"2023-10-27T15:34:00.000Z","end":"2023-10-27T15:35:00.000Z"},"country":"France","OPM":1,"total_sales_volume":18.739999771118164,"rate_of_return":0.0}
{"window":{"start":"2023-10-25T16:01:00.000Z","end":"2023-10-25T16:02:00.000Z"},"country":"United Kingdom","OPM":7,"total_sales_volume":278.3099976181984,"rate_of_return":0.14285714285714285}
{"window":{"start":"2023-10-24T01:27:00.000Z","end":"2023-10-24T01:28:00.000Z"},"country":"United Kingdom","OPM":8,"total_sales_volume":904.5299986302853,"rate_of_return":0.0}
{"window":{"start":"2023-10-25T12:55:00.000Z","end":"2023-10-25T12:56:00.000Z"},"country":"France","OPM":1,"total_sales_volume":182.1499999165535,"rate_of_return":0.0}
{"window":{"start":"2023-10-24T03:40:00.000Z","end":"2023-10-24T03:41:00.000Z"},"country":"Channel Islands","OPM":1,"total_sales_volume":35.529999405145645,"rate_of_return":0.0}
{"window":{"start":"2023-10-23T19:45:00.000Z","end":"2023-10-23T19:46:00.000Z"},"country":"United Kingdom","OPM":11,"total_sales_volume":560.5500006973743,"rate_of_return":0.09090909090909091}
{"window":{"start":"2023-10-27T13:21:00.000Z","end":"2023-10-27T13:22:00.000Z"},"country":"United Kingdom","OPM":9,"total_sales_volume":290.339997112751,"rate_of_return":0.1111111111111111}
{"window":{"start":"2023-10-26T17:08:00.000Z","end":"2023-10-26T17:09:00.000Z"},"country":"EIRE","OPM":1,"total_sales_volume":27.040000915527344,"rate_of_return":0.0}
{"window":{"start":"2023-10-26T04:54:00.000Z","end":"2023-10-26T04:55:00.000Z"},"country":"United Kingdom","OPM":16,"total_sales_volume":2216.220007121563,"rate_of_return":0.0}
{"window":{"start":"2023-10-26T06:25:00.000Z","end":"2023-10-26T06:26:00.000Z"},"country":"United Kingdom","OPM":7,"total_sales_volume":1023.5100099444389,"rate_of_return":0.0}
{"window":{"start":"2023-10-24T08:42:00.000Z","end":"2023-10-24T08:43:00.000Z"},"country":"Germany","OPM":1,"total_sales_volume":2.4299999475479126,"rate_of_return":0.0}
{"window":{"start":"2023-10-25T09:03:00.000Z","end":"2023-10-25T09:04:00.000Z"},"country":"Denmark","OPM":1,"total_sales_volume":147.34999918937683,"rate_of_return":0.0}
{"window":{"start":"2023-10-26T12:31:00.000Z","end":"2023-10-26T12:32:00.000Z"},"country":"United Kingdom","OPM":4,"total_sales_volume":201.44999960064888,"rate_of_return":0.0}
{"window":{"start":"2023-10-27T10:37:00.000Z","end":"2023-10-27T10:38:00.000Z"},"country":"United Kingdom","OPM":9,"total_sales_volume":315.1299972832203,"rate_of_return":0.1111111111111111}
{"window":{"start":"2023-10-24T22:57:00.000Z","end":"2023-10-24T22:58:00.000Z"},"country":"France","OPM":1,"total_sales_volume":187.6600006222725,"rate_of_return":0.0}
{"window":{"start":"2023-10-25T21:51:00.000Z","end":"2023-10-25T21:52:00.000Z"},"country":"United Kingdom","OPM":6,"total_sales_volume":50.41000038385391,"rate_of_return":0.3333333333333333}
{"window":{"start":"2023-10-27T14:13:00.000Z","end":"2023-10-27T14:14:00.000Z"},"country":"United Kingdom","OPM":8,"total_sales_volume":450.23999416828156,"rate_of_return":0.125}
{"window":{"start":"2023-10-28T01:49:00.000Z","end":"2023-10-28T01:50:00.000Z"},"country":"France","OPM":2,"total_sales_volume":53.290001183748245,"rate_of_return":0.0}
{"window":{"start":"2023-10-24T15:05:00.000Z","end":"2023-10-24T15:06:00.000Z"},"country":"United Kingdom","OPM":8,"total_sales_volume":610.8399874866009,"rate_of_return":0.0}
{"window":{"start":"2023-10-25T03:38:00.000Z","end":"2023-10-25T03:39:00.000Z"},"country":"United Kingdom","OPM":10,"total_sales_volume":419.6999963186681,"rate_of_return":0.0}
{"window":{"start":"2023-10-24T14:48:00.000Z","end":"2023-10-24T14:49:00.000Z"},"country":"Germany","OPM":1,"total_sales_volume":22.50000050663948,"rate_of_return":0.0}
{"window":{"start":"2023-10-28T04:28:00.000Z","end":"2023-10-28T04:29:00.000Z"},"country":"Portugal","OPM":1,"total_sales_volume":2.950000047683716,"rate_of_return":0.0}
{"window":{"start":"2023-10-26T17:37:00.000Z","end":"2023-10-26T17:38:00.000Z"},"country":"France","OPM":1,"total_sales_volume":19.309999227523804,"rate_of_return":0.0}
{"window":{"start":"2023-10-25T21:12:00.000Z","end":"2023-10-25T21:13:00.000Z"},"country":"Spain","OPM":1,"total_sales_volume":4.389999985694885,"rate_of_return":0.0}
{"window":{"start":"2023-10-26T22:40:00.000Z","end":"2023-10-26T22:41:00.000Z"},"country":"EIRE","OPM":2,"total_sales_volume":134.89999961853027,"rate_of_return":0.0}
{"window":{"start":"2023-10-24T11:03:00.000Z","end":"2023-10-24T11:04:00.000Z"},"country":"United Kingdom","OPM":14,"total_sales_volume":935.140001565218,"rate_of_return":0.07142857142857142}
{"window":{"start":"2023-10-27T18:57:00.000Z","end":"2023-10-27T18:58:00.000Z"},"country":"Canada","OPM":1,"total_sales_volume":71.52000045776367,"rate_of_return":0.0}
{"window":{"start":"2023-10-26T21:42:00.000Z","end":"2023-10-26T21:43:00.000Z"},"country":"Poland","OPM":1,"total_sales_volume":-198.95999908447266,"rate_of_return":1.0}
{"window":{"start":"2023-10-26T21:21:00.000Z","end":"2023-10-26T21:22:00.000Z"},"country":"United Kingdom","OPM":4,"total_sales_volume":130.2899997830391,"rate_of_return":0.0}
{"window":{"start":"2023-10-25T02:33:00.000Z","end":"2023-10-25T02:34:00.000Z"},"country":"Switzerland","OPM":1,"total_sales_volume":171.5900033712387,"rate_of_return":0.0}
{"window":{"start":"2023-10-26T16:42:00.000Z","end":"2023-10-26T16:43:00.000Z"},"country":"United Kingdom","OPM":12,"total_sales_volume":821.9299977123737,"rate_of_return":0.0}
{"window":{"start":"2023-10-26T00:53:00.000Z","end":"2023-10-26T00:54:00.000Z"},"country":"United Kingdom","OPM":7,"total_sales_volume":259.649994045496,"rate_of_return":0.0}
{"window":{"start":"2023-10-24T07:47:00.000Z","end":"2023-10-24T07:48:00.000Z"},"country":"United Kingdom","OPM":16,"total_sales_volume":541.5599984377623,"rate_of_return":0.125}
{"window":{"start":"2023-10-26T16:15:00.000Z","end":"2023-10-26T16:16:00.000Z"},"country":"United Kingdom","OPM":13,"total_sales_volume":766.8599956333637,"rate_of_return":0.07692307692307693}
{"window":{"start":"2023-10-24T23:00:00.000Z","end":"2023-10-24T23:01:00.000Z"},"country":"United Kingdom","OPM":8,"total_sales_volume":661.8599986433983,"rate_of_return":0.0}
{"window":{"start":"2023-10-24T07:53:00.000Z","end":"2023-10-24T07:54:00.000Z"},"country":"Channel Islands","OPM":1,"total_sales_volume":19.899999618530273,"rate_of_return":0.0}
{"window":{"start":"2023-10-25T08:15:00.000Z","end":"2023-10-25T08:16:00.000Z"},"country":"Belgium","OPM":1,"total_sales_volume":7.5,"rate_of_return":0.0}
{"window":{"start":"2023-10-25T19:26:00.000Z","end":"2023-10-25T19:27:00.000Z"},"country":"Switzerland","OPM":1,"total_sales_volume":1.649999976158142,"rate_of_return":0.0}
{"window":{"start":"2023-10-26T11:26:00.000Z","end":"2023-10-26T11:27:00.000Z"},"country":"United Kingdom","OPM":7,"total_sales_volume":145.35999888181686,"rate_of_return":0.0}
{"window":{"start":"2023-10-26T04:59:00.000Z","end":"2023-10-26T05:00:00.000Z"},"country":"United Kingdom","OPM":12,"total_sales_volume":298.3799982070923,"rate_of_return":0.08333333333333333}
{"window":{"start":"2023-10-27T16:30:00.000Z","end":"2023-10-27T16:31:00.000Z"},"country":"United Kingdom","OPM":6,"total_sales_volume":860.7399882078171,"rate_of_return":0.0}
{"window":{"start":"2023-10-24T10:17:00.000Z","end":"2023-10-24T10:18:00.000Z"},"country":"EIRE","OPM":2,"total_sales_volume":102.7400016784668,"rate_of_return":0.0}
{"window":{"start":"2023-10-23T19:51:00.000Z","end":"2023-10-23T19:52:00.000Z"},"country":"EIRE","OPM":1,"total_sales_volume":35.699998527765274,"rate_of_return":0.0}
