{"window":{"start":"2023-10-24T00:21:00.000Z","end":"2023-10-24T00:22:00.000Z"},"country":"United Kingdom","OPM":8,"total_sales_volume":482.95000636577606,"rate_of_return":0.0}
{"window":{"start":"2023-10-23T15:20:00.000Z","end":"2023-10-23T15:21:00.000Z"},"country":"United Kingdom","OPM":13,"total_sales_volume":896.4799979627132,"rate_of_return":0.0}
{"window":{"start":"2023-10-27T09:42:00.000Z","end":"2023-10-27T09:43:00.000Z"},"country":"United Kingdom","OPM":6,"total_sales_volume":228.20000076293945,"rate_of_return":0.0}
{"window":{"start":"2023-10-26T15:30:00.000Z","end":"2023-10-26T15:31:00.000Z"},"country":"Australia","OPM":1,"total_sales_volume":51.00000023841858,"rate_of_return":0.0}
{"window":{"start":"2023-10-26T18:27:00.000Z","end":"2023-10-26T18:28:00.000Z"},"country":"Switzerland","OPM":1,"total_sales_volume":7.5,"rate_of_return":0.0}
{"window":{"start":"2023-10-25T07:41:00.000Z","end":"2023-10-25T07:42:00.000Z"},"country":"United Kingdom","OPM":15,"total_sales_volume":862.4199976325035,"rate_of_return":0.0}
{"window":{"start":"2023-10-27T17:45:00.000Z","end":"2023-10-27T17:46:00.000Z"},"country":"Germany","OPM":1,"total_sales_volume":9.959999799728394,"rate_of_return":0.0}
{"window":{"start":"2023-10-25T18:59:00.000Z","end":"2023-10-25T19:00:00.000Z"},"country":"United Kingdom","OPM":9,"total_sales_volume":320.8300030827522,"rate_of_return":0.0}
{"window":{"start":"2023-10-23T19:53:00.000Z","end":"2023-10-23T19:54:00.000Z"},"country":"Germany","OPM":1,"total_sales_volume":20.179999828338623,"rate_of_return":0.0}
{"window":{"start":"2023-10-26T17:43:00.000Z","end":"2023-10-26T17:44:00.000Z"},"country":"United Kingdom","OPM":5,"total_sales_volume":516.1299866437912,"rate_of_return":0.0}
{"window":{"start":"2023-10-24T15:44:00.000Z","end":"2023-10-24T15:45:00.000Z"},"country":"Belgium","OPM":1,"total_sales_volume":3.359999895095825,"rate_of_return":0.0}
{"window":{"start":"2023-10-26T05:23:00.000Z","end":"2023-10-26T05:24:00.000Z"},"country":"United Kingdom","OPM":5,"total_sales_volume":268.4499990940094,"rate_of_return":0.0}
{"window":{"start":"2023-10-24T06:37:00.000Z","end":"2023-10-24T06:38:00.000Z"},"country":"United Kingdom","OPM":6,"total_sales_volume":438.34999940544367,"rate_of_return":0.0}
{"window":{"start":"2023-10-25T16:03:00.000Z","end":"2023-10-25T16:04:00.000Z"},"country":"United Kingdom","OPM":12,"total_sales_volume":1246.1399839520454,"rate_of_return":0.0}
{"window":{"start":"2023-10-23T20:21:00.000Z","end":"2023-10-23T20:22:00.000Z"},"country":"Belgium","OPM":1,"total_sales_volume":24.90000033378601,"rate_of_return":0.0}
{"window":{"start":"2023-10-25T09:43:00.000Z","end":"2023-10-25T09:44:00.000Z"},"country":"EIRE","OPM":1,"total_sales_volume":41.339999586343765,"rate_of_return":0.0}
{"window":{"start":"2023-10-23T22:10:00.000Z","end":"2023-10-23T22:11:00.000Z"},"country":"Japan","OPM":1,"total_sales_volume":20.019999980926514,"rate_of_return":0.0}
{"window":{"start":"2023-10-23T22:13:00.000Z","end":"2023-10-23T22:14:00.000Z"},"country":"Germany","OPM":1,"total_sales_volume":19.919999599456787,"rate_of_return":0.0}
{"window":{"start":"2023-10-27T17:25:00.000Z","end":"2023-10-27T17:26:00.000Z"},"country":"United Kingdom","OPM":16,"total_sales_volume":815.4199922084808,"rate_of_return":0.0}
{"window":{"start":"2023-10-25T15:27:00.000Z","end":"2023-10-25T15:28:00.000Z"},"country":"United Kingdom","OPM":4,"total_sales_volume":696.629977107048,"rate_of_return":0.25}
{"window":{"start":"2023-10-25T01:58:00.000Z","end":"2023-10-25T01:59:00.000Z"},"country":"Germany","OPM":1,"total_sales_volume":48.149999380111694,"rate_of_return":0.0}
{"window":{"start":"2023-10-24T19:00:00.000Z","end":"2023-10-24T19:01:00.000Z"},"country":"United Kingdom","OPM":10,"total_sales_volume":700.8099982440472,"rate_of_return":0.1}
{"window":{"start":"2023-10-24T14:06:00.000Z","end":"2023-10-24T14:07:00.000Z"},"country":"United Kingdom","OPM":9,"total_sales_volume":321.7000018954277,"rate_of_return":0.0}
{"window":{"start":"2023-10-24T12:32:00.000Z","end":"2023-10-24T12:33:00.000Z"},"country":"United Kingdom","OPM":16,"total_sales_volume":826.4699907004833,"rate_of_return":0.0}
{"window":{"start":"2023-10-26T16:08:00.000Z","end":"2023-10-26T16:09:00.000Z"},"country":"Germany","OPM":1,"total_sales_volume":-19.960000038146973,"rate_of_return":1.0}
{"window":{"start":"2023-10-23T22:49:00.000Z","end":"2023-10-23T22:50:00.000Z"},"country":"France","OPM":1,"total_sales_volume":23.46999967098236,"rate_of_return":0.0}
{"window":{"start":"2023-10-27T21:00:00.000Z","end":"2023-10-27T21:01:00.000Z"},"country":"United Kingdom","OPM":12,"total_sales_volume":420.5000003874302,"rate_of_return":0.0}
{"window":{"start":"2023-10-28T01:25:00.000Z","end":"2023-10-28T01:26:00.000Z"},"country":"Unspecified","OPM":1,"total_sales_volume":53.71999949216843,"rate_of_return":0.0}
{"window":{"start":"2023-10-27T19:42:00.000Z","end":"2023-10-27T19:43:00.000Z"},"country":"United Kingdom","OPM":13,"total_sales_volume":730.110001385212,"rate_of_return":0.0}
{"window":{"start":"2023-10-24T15:12:00.000Z","end":"2023-10-24T15:13:00.000Z"},"country":"United Kingdom","OPM":12,"total_sales_volume":234.80000007152557,"rate_of_return":0.0}
{"window":{"start":"2023-10-25T01:32:00.000Z","end":"2023-10-25T01:33:00.000Z"},"country":"United Kingdom","OPM":10,"total_sales_volume":855.9799979627132,"rate_of_return":0.0}
{"window":{"start":"2023-10-27T16:25:00.000Z","end":"2023-10-27T16:26:00.000Z"},"country":"EIRE","OPM":1,"total_sales_volume":107.90999984741211,"rate_of_return":0.0}
{"window":{"start":"2023-10-26T22:35:00.000Z","end":"2023-10-26T22:36:00.000Z"},"country":"Japan","OPM":1,"total_sales_volume":235.59999084472656,"rate_of_return":0.0}
{"window":{"start":"2023-10-25T04:43:00.000Z","end":"2023-10-25T04:44:00.000Z"},"country":"Spain","OPM":3,"total_sales_volume":133.58999943733215,"rate_of_return":0.3333333333333333}
{"window":{"start":"2023-10-23T20:12:00.000Z","end":"2023-10-23T20:13:00.000Z"},"country":"United Kingdom","OPM":11,"total_sales_volume":321.27000015974045,"rate_of_return":0.09090909090909091}
{"window":{"start":"2023-10-28T00:21:00.000Z","end":"2023-10-28T00:22:00.000Z"},"country":"United Kingdom","OPM":11,"total_sales_volume":292.53999999165535,"rate_of_return":0.0}
{"window":{"start":"2023-10-25T02:10:00.000Z","end":"2023-10-25T02:11:00.000Z"},"country":"Germany","OPM":1,"total_sales_volume":1033.1199996471405,"rate_of_return":0.0}
{"window":{"start":"2023-10-25T18:32:00.000Z","end":"2023-10-25T18:33:00.000Z"},"country":"United Kingdom","OPM":8,"total_sales_volume":703.6100003123283,"rate_of_return":0.0}
{"window":{"start":"2023-10-26T23:06:00.000Z","end":"2023-10-26T23:07:00.000Z"},"country":"United Kingdom","OPM":4,"total_sales_volume":149.3099990785122,"rate_of_return":0.0}
{"window":{"start":"2023-10-24T22:18:00.000Z","end":"2023-10-24T22:19:00.000Z"},"country":"Germany","OPM":1,"total_sales_volume":12.5,"rate_of_return":0.0}
{"window":{"start":"2023-10-25T03:29:00.000Z","end":"2023-10-25T03:30:00.000Z"},"country":"United Kingdom","OPM":6,"total_sales_volume":3270.879997730255,"rate_of_return":0.0}
{"window":{"start":"2023-10-23T12:20:00.000Z","end":"2023-10-23T12:21:00.000Z"},"country":"United Kingdom","OPM":8,"total_sales_volume":357.83999532461166,"rate_of_return":0.0}
{"window":{"start":"2023-10-23T23:39:00.000Z","end":"2023-10-23T23:40:00.000Z"},"country":"Israel","OPM":1,"total_sales_volume":1.649999976158142,"rate_of_return":0.0}
{"window":{"start":"2023-10-27T11:11:00.000Z","end":"2023-10-27T11:12:00.000Z"},"country":"United Kingdom","OPM":12,"total_sales_volume":662.0499945282936,"rate_of_return":0.08333333333333333}
{"window":{"start":"2023-10-25T07:26:00.000Z","end":"2023-10-25T07:27:00.000Z"},"country":"Spain","OPM":1,"total_sales_volume":1.649999976158142,"rate_of_return":0.0}
{"window":{"start":"2023-10-26T02:27:00.000Z","end":"2023-10-26T02:28:00.000Z"},"country":"Spain","OPM":1,"total_sales_volume":-34.54999899864197,"rate_of_return":1.0}
{"window":{"start":"2023-10-27T07:34:00.000Z","end":"2023-10-27T07:35:00.000Z"},"country":"United Kingdom","OPM":16,"total_sales_volume":1072.1399931907654,"rate_of_return":0.0}
{"window":{"start":"2023-10-26T01:11:00.000Z","end":"2023-10-26T01:12:00.000Z"},"country":"United Kingdom","OPM":3,"total_sales_volume":287.9199978709221,"rate_of_return":0.0}
{"window":{"start":"2023-10-24T17:48:00.000Z","end":"2023-10-24T17:49:00.000Z"},"country":"EIRE","OPM":1,"total_sales_volume":47.859999388456345,"rate_of_return":0.0}
{"window":{"start":"2023-10-24T10:33:00.000Z","end":"2023-10-24T10:34:00.000Z"},"country":"United Kingdom","OPM":17,"total_sales_volume":884.040000796318,"rate_of_return":0.17647058823529413}
{"window":{"start":"2023-10-27T20:36:00.000Z","end":"2023-10-27T20:37:00.000Z"},"country":"United Kingdom","OPM":9,"total_sales_volume":1402.7800042629242,"rate_of_return":0.0}
{"window":{"start":"2023-10-25T10:07:00.000Z","end":"2023-10-25T10:08:00.000Z"},"country":"United Kingdom","OPM":12,"total_sales_volume":1540.0099703669548,"rate_of_return":0.0}
{"window":{"start":"2023-10-23T12:15:00.000Z","end":"2023-10-23T12:16:00.000Z"},"country":"United Kingdom","OPM":15,"total_sales_volume":948.5600032806396,"rate_of_return":0.0}
{"window":{"start":"2023-10-27T00:52:00.000Z","end":"2023-10-27T00:53:00.000Z"},"country":"United Kingdom","OPM":5,"total_sales_volume":209.6899974346161,"rate_of_return":0.0}
{"window":{"start":"2023-10-27T10:50:00.000Z","end":"2023-10-27T10:51:00.000Z"},"country":"Germany","OPM":1,"total_sales_volume":71.71999898552895,"rate_of_return":0.0}
{"window":{"start":"2023-10-28T00:12:00.000Z","end":"2023-10-28T00:13:00.000Z"},"country":"Belgium","OPM":1,"total_sales_volume":36.11999988555908,"rate_of_return":0.0}
{"window":{"start":"2023-10-23T18:29:00.000Z","end":"2023-10-23T18:30:00.000Z"},"country":"United Kingdom","OPM":7,"total_sales_volume":144.20999997854233,"rate_of_return":0.0}
{"window":{"start":"2023-10-23T15:57:00.000Z","end":"2023-10-23T15:58:00.000Z"},"country":"Japan","OPM":1,"total_sales_volume":22.459999203681946,"rate_of_return":0.0}
{"window":{"start":"2023-10-24T13:11:00.000Z","end":"2023-10-24T13:12:00.000Z"},"country":"United Kingdom","OPM":5,"total_sales_volume":66.54999989271164,"rate_of_return":0.2}
{"window":{"start":"2023-10-26T23:47:00.000Z","end":"2023-10-26T23:48:00.000Z"},"country":"Belgium","OPM":1,"total_sales_volume":14.31000018119812,"rate_of_return":0.0}
{"window":{"start":"2023-10-23T22:30:00.000Z","end":"2023-10-23T22:31:00.000Z"},"country":"United Kingdom","OPM":4,"total_sales_volume":293.53000020980835,"rate_of_return":0.0}
{"window":{"start":"2023-10-27T04:40:00.000Z","end":"2023-10-27T04:41:00.000Z"},"country":"United Kingdom","OPM":7,"total_sales_volume":256.1900050640106,"rate_of_return":0.14285714285714285}
{"window":{"start":"2023-10-26T11:52:00.000Z","end":"2023-10-26T11:53:00.000Z"},"country":"United Kingdom","OPM":7,"total_sales_volume":426.54999765753746,"rate_of_return":0.0}
{"window":{"start":"2023-10-28T04:56:00.000Z","end":"2023-10-28T04:57:00.000Z"},"country":"United Kingdom","OPM":14,"total_sales_volume":1894.7999922037125,"rate_of_return":0.07142857142857142}
{"window":{"start":"2023-10-26T12:35:00.000Z","end":"2023-10-26T12:36:00.000Z"},"country":"Channel Islands","OPM":1,"total_sales_volume":12.720000267028809,"rate_of_return":0.0}
