{"window":{"start":"2023-10-25T09:58:00.000Z","end":"2023-10-25T09:59:00.000Z"},"country":"United Kingdom","OPM":10,"total_sales_volume":434.2799989283085,"rate_of_return":0.0}
{"window":{"start":"2023-10-24T11:28:00.000Z","end":"2023-10-24T11:29:00.000Z"},"country":"EIRE","OPM":1,"total_sales_volume":89.94000053405762,"rate_of_return":0.0}
{"window":{"start":"2023-10-25T21:20:00.000Z","end":"2023-10-25T21:21:00.000Z"},"country":"Finland","OPM":1,"total_sales_volume":82.55999979376793,"rate_of_return":0.0}
{"window":{"start":"2023-10-25T20:20:00.000Z","end":"2023-10-25T20:21:00.000Z"},"country":"Australia","OPM":1,"total_sales_volume":21.24999949336052,"rate_of_return":0.0}
{"window":{"start":"2023-10-24T09:31:00.000Z","end":"2023-10-24T09:32:00.000Z"},"country":"Spain","OPM":1,"total_sales_volume":3.259999990463257,"rate_of_return":0.0}
{"window":{"start":"2023-10-27T11:44:00.000Z","end":"2023-10-27T11:45:00.000Z"},"country":"Poland","OPM":1,"total_sales_volume":0.41999998688697815,"rate_of_return":0.0}
{"window":{"start":"2023-10-25T07:33:00.000Z","end":"2023-10-25T07:34:00.000Z"},"country":"Portugal","OPM":1,"total_sales_volume":26.03999923169613,"rate_of_return":0.0}
{"window":{"start":"2023-10-24T00:08:00.000Z","end":"2023-10-24T00:09:00.000Z"},"country":"United Kingdom","OPM":5,"total_sales_volume":252.43000029027462,"rate_of_return":0.0}
{"window":{"start":"2023-10-26T02:18:00.000Z","end":"2023-10-26T02:19:00.000Z"},"country":"France","OPM":1,"total_sales_volume":133.65999992191792,"rate_of_return":0.0}
{"window":{"start":"2023-10-24T05:33:00.000Z","end":"2023-10-24T05:34:00.000Z"},"country":"United Kingdom","OPM":12,"total_sales_volume":827.4699952304363,"rate_of_return":0.0}
{"window":{"start":"2023-10-28T00:49:00.000Z","end":"2023-10-28T00:50:00.000Z"},"country":"France","OPM":1,"total_sales_volume":21.31000018119812,"rate_of_return":0.0}
{"window":{"start":"2023-10-26T00:24:00.000Z","end":"2023-10-26T00:25:00.000Z"},"country":"EIRE","OPM":1,"total_sales_volume":109.26999831199646,"rate_of_return":0.0}
{"window":{"start":"2023-10-26T13:57:00.000Z","end":"2023-10-26T13:58:00.000Z"},"country":"United Kingdom","OPM":8,"total_sales_volume":361.7399991750717,"rate_of_return":0.0}
{"window":{"start":"2023-10-26T23:44:00.000Z","end":"2023-10-26T23:45:00.000Z"},"country":"France","OPM":1,"total_sales_volume":4.199999809265137,"rate_of_return":0.0}
{"window":{"start":"2023-10-27T05:08:00.000Z","end":"2023-10-27T05:09:00.000Z"},"country":"Spain","OPM":1,"total_sales_volume":54.389999866485596,"rate_of_return":0.0}
{"window":{"start":"2023-10-24T14:43:00.000Z","end":"2023-10-24T14:44:00.000Z"},"country":"United Kingdom","OPM":4,"total_sales_volume":175.86000049114227,"rate_of_return":0.0}
{"window":{"start":"2023-10-27T23:28:00.000Z","end":"2023-10-27T23:29:00.000Z"},"country":"France","OPM":1,"total_sales_volume":246.00000381469727,"rate_of_return":0.0}
{"window":{"start":"2023-10-24T06:56:00.000Z","end":"2023-10-24T06:57:00.000Z"},"country":"United Kingdom","OPM":7,"total_sales_volume":604.5300141572952,"rate_of_return":0.0}
{"window":{"start":"2023-10-25T20:22:00.000Z","end":"2023-10-25T20:23:00.000Z"},"country":"United Kingdom","OPM":6,"total_sales_volume":209.65999859571457,"rate_of_return":0.0}
{"window":{"start":"2023-10-27T17:47:00.000Z","end":"2023-10-27T17:48:00.000Z"},"country":"EIRE","OPM":1,"total_sales_volume":6.380000025033951,"rate_of_return":0.0}
{"window":{"start":"2023-10-24T20:48:00.000Z","end":"2023-10-24T20:49:00.000Z"},"country":"United Kingdom","OPM":13,"total_sales_volume":540.6900018453598,"rate_of_return":0.0}
{"window":{"start":"2023-10-25T15:55:00.000Z","end":"2023-10-25T15:56:00.000Z"},"country":"EIRE","OPM":1,"total_sales_volume":120.47999972105026,"rate_of_return":0.0}
{"window":{"start":"2023-10-24T01:43:00.000Z","end":"2023-10-24T01:44:00.000Z"},"country":"United Kingdom","OPM":4,"total_sales_volume":139.90999948978424,"rate_of_return":0.25}
{"window":{"start":"2023-10-23T17:33:00.000Z","end":"2023-10-23T17:34:00.000Z"},"country":"Germany","OPM":1,"total_sales_volume":54.59999907016754,"rate_of_return":0.0}
{"window":{"start":"2023-10-23T17:12:00.000Z","end":"2023-10-23T17:13:00.000Z"},"country":"United Kingdom","OPM":8,"total_sales_volume":620.7899877429008,"rate_of_return":0.0}
{"window":{"start":"2023-10-26T00:15:00.000Z","end":"2023-10-26T00:16:00.000Z"},"country":"Netherlands","OPM":1,"total_sales_volume":12.329999923706055,"rate_of_return":0.0}
{"window":{"start":"2023-10-25T13:41:00.000Z","end":"2023-10-25T13:42:00.000Z"},"country":"United Kingdom","OPM":5,"total_sales_volume":331.210003554821,"rate_of_return":0.2}
{"window":{"start":"2023-10-26T05:14:00.000Z","end":"2023-10-26T05:15:00.000Z"},"country":"Netherlands","OPM":1,"total_sales_volume":5.1000001430511475,"rate_of_return":0.0}
{"window":{"start":"2023-10-26T22:31:00.000Z","end":"2023-10-26T22:32:00.000Z"},"country":"EIRE","OPM":1,"total_sales_volume":20.65000057220459,"rate_of_return":0.0}
{"window":{"start":"2023-10-26T17:53:00.000Z","end":"2023-10-26T17:54:00.000Z"},"country":"United Kingdom","OPM":10,"total_sales_volume":280.60999739170074,"rate_of_return":0.1}
{"window":{"start":"2023-10-26T19:10:00.000Z","end":"2023-10-26T19:11:00.000Z"},"country":"United Kingdom","OPM":12,"total_sales_volume":661.7800033688545,"rate_of_return":0.0}
{"window":{"start":"2023-10-25T01:45:00.000Z","end":"2023-10-25T01:46:00.000Z"},"country":"France","OPM":1,"total_sales_volume":17.40000057220459,"rate_of_return":0.0}
{"window":{"start":"2023-10-26T05:17:00.000Z","end":"2023-10-26T05:18:00.000Z"},"country":"Belgium","OPM":1,"total_sales_volume":30.0,"rate_of_return":0.0}
{"window":{"start":"2023-10-24T22:32:00.000Z","end":"2023-10-24T22:33:00.000Z"},"country":"United Kingdom","OPM":5,"total_sales_volume":635.6799861192703,"rate_of_return":0.0}
{"window":{"start":"2023-10-27T05:13:00.000Z","end":"2023-10-27T05:14:00.000Z"},"country":"Spain","OPM":1,"total_sales_volume":64.57999920845032,"rate_of_return":0.0}
{"window":{"start":"2023-10-23T18:02:00.000Z","end":"2023-10-23T18:03:00.000Z"},"country":"United Kingdom","OPM":10,"total_sales_volume":1926.500047415495,"rate_of_return":0.0}
{"window":{"start":"2023-10-25T21:45:00.000Z","end":"2023-10-25T21:46:00.000Z"},"country":"United Kingdom","OPM":8,"total_sales_volume":375.3300029039383,"rate_of_return":0.125}
{"window":{"start":"2023-10-25T12:47:00.000Z","end":"2023-10-25T12:48:00.000Z"},"country":"United Kingdom","OPM":10,"total_sales_volume":90.04000386595726,"rate_of_return":0.2}
{"window":{"start":"2023-10-27T11:12:00.000Z","end":"2023-10-27T11:13:00.000Z"},"country":"Channel Islands","OPM":1,"total_sales_volume":37.59000015258789,"rate_of_return":0.0}
{"window":{"start":"2023-10-25T22:35:00.000Z","end":"2023-10-25T22:36:00.000Z"},"country":"Germany","OPM":1,"total_sales_volume":13.880000114440918,"rate_of_return":0.0}
{"window":{"start":"2023-10-25T12:21:00.000Z","end":"2023-10-25T12:22:00.000Z"},"country":"United Kingdom","OPM":10,"total_sales_volume":379.83000349998474,"rate_of_return":0.0}
{"window":{"start":"2023-10-28T02:54:00.000Z","end":"2023-10-28T02:55:00.000Z"},"country":"United Kingdom","OPM":7,"total_sales_volume":452.32999873161316,"rate_of_return":0.0}
{"window":{"start":"2023-10-24T10:52:00.000Z","end":"2023-10-24T10:53:00.000Z"},"country":"United Kingdom","OPM":9,"total_sales_volume":326.6299978494644,"rate_of_return":0.2222222222222222}
{"window":{"start":"2023-10-25T08:18:00.000Z","end":"2023-10-25T08:19:00.000Z"},"country":"United Kingdom","OPM":14,"total_sales_volume":1454.9599820673466,"rate_of_return":0.0}
{"window":{"start":"2023-10-27T18:28:00.000Z","end":"2023-10-27T18:29:00.000Z"},"country":"United Kingdom","OPM":8,"total_sales_volume":554.2299835085869,"rate_of_return":0.125}
{"window":{"start":"2023-10-27T18:51:00.000Z","end":"2023-10-27T18:52:00.000Z"},"country":"United Kingdom","OPM":13,"total_sales_volume":993.4199851751328,"rate_of_return":0.07692307692307693}
{"window":{"start":"2023-10-24T22:28:00.000Z","end":"2023-10-24T22:29:00.000Z"},"country":"EIRE","OPM":1,"total_sales_volume":68.16999816894531,"rate_of_return":0.0}
{"window":{"start":"2023-10-26T14:22:00.000Z","end":"2023-10-26T14:23:00.000Z"},"country":"Germany","OPM":1,"total_sales_volume":31.449999511241913,"rate_of_return":0.0}
{"window":{"start":"2023-10-27T21:01:00.000Z","end":"2023-10-27T21:02:00.000Z"},"country":"Netherlands","OPM":1,"total_sales_volume":-24.249999165534973,"rate_of_return":1.0}
{"window":{"start":"2023-10-27T21:14:00.000Z","end":"2023-10-27T21:15:00.000Z"},"country":"Norway","OPM":1,"total_sales_volume":-10.079999685287476,"rate_of_return":1.0}
{"window":{"start":"2023-10-25T03:42:00.000Z","end":"2023-10-25T03:43:00.000Z"},"country":"United Kingdom","OPM":15,"total_sales_volume":416.5999975204468,"rate_of_return":0.13333333333333333}
{"window":{"start":"2023-10-27T23:10:00.000Z","end":"2023-10-27T23:11:00.000Z"},"country":"United Kingdom","OPM":8,"total_sales_volume":435.1999990940094,"rate_of_return":0.0}
{"window":{"start":"2023-10-25T17:07:00.000Z","end":"2023-10-25T17:08:00.000Z"},"country":"United Kingdom","OPM":13,"total_sales_volume":1348.0699990689754,"rate_of_return":0.0}
{"window":{"start":"2023-10-24T17:42:00.000Z","end":"2023-10-24T17:43:00.000Z"},"country":"Austria","OPM":1,"total_sales_volume":202.2600008994341,"rate_of_return":0.0}
{"window":{"start":"2023-10-24T19:26:00.000Z","end":"2023-10-24T19:27:00.000Z"},"country":"United Kingdom","OPM":12,"total_sales_volume":883.0999953970313,"rate_of_return":0.0}
{"window":{"start":"2023-10-27T10:22:00.000Z","end":"2023-10-27T10:23:00.000Z"},"country":"Germany","OPM":1,"total_sales_volume":63.610000252723694,"rate_of_return":0.0}
