{"window":{"start":"2023-10-23T15:47:00.000Z","end":"2023-10-23T15:48:00.000Z"},"country":"United Kingdom","OPM":4,"total_sales_volume":381.52000147104263,"rate_of_return":0.0}
{"window":{"start":"2023-10-27T05:11:00.000Z","end":"2023-10-27T05:12:00.000Z"},"country":"United Kingdom","OPM":7,"total_sales_volume":502.5899932384491,"rate_of_return":0.0}
{"window":{"start":"2023-10-25T19:48:00.000Z","end":"2023-10-25T19:49:00.000Z"},"country":"EIRE","OPM":1,"total_sales_volume":7.559999763965607,"rate_of_return":0.0}
{"window":{"start":"2023-10-28T04:57:00.000Z","end":"2023-10-28T04:58:00.000Z"},"country":"France","OPM":1,"total_sales_volume":810.8500000238419,"rate_of_return":0.0}
{"window":{"start":"2023-10-25T20:09:00.000Z","end":"2023-10-25T20:10:00.000Z"},"country":"United Kingdom","OPM":5,"total_sales_volume":57.67999576404691,"rate_of_return":0.2}
{"window":{"start":"2023-10-24T04:58:00.000Z","end":"2023-10-24T04:59:00.000Z"},"country":"United Kingdom","OPM":12,"total_sales_volume":421.1599949300289,"rate_of_return":0.0}
{"window":{"start":"2023-10-27T11:13:00.000Z","end":"2023-10-27T11:14:00.000Z"},"country":"United Kingdom","OPM":8,"total_sales_volume":272.39999836683273,"rate_of_return":0.125}
{"window":{"start":"2023-10-25T10:07:00.000Z","end":"2023-10-25T10:08:00.000Z"},"country":"EIRE","OPM":1,"total_sales_volume":11.160000205039978,"rate_of_return":0.0}
{"window":{"start":"2023-10-24T23:20:00.000Z","end":"2023-10-24T23:21:00.000Z"},"country":"Belgium","OPM":1,"total_sales_volume":23.989999175071716,"rate_of_return":0.0}
{"window":{"start":"2023-10-27T17:59:00.000Z","end":"2023-10-27T18:00:00.000Z"},"country":"United Kingdom","OPM":15,"total_sales_volume":933.0099863111973,"rate_of_return":0.0}
{"window":{"start":"2023-10-25T05:29:00.000Z","end":"2023-10-25T05:30:00.000Z"},"country":"United Kingdom","OPM":8,"total_sales_volume":1040.8899964094162,"rate_of_return":0.0}
{"window":{"start":"2023-10-27T05:38:00.000Z","end":"2023-10-27T05:39:00.000Z"},"country":"France","OPM":1,"total_sales_volume":12.59999942779541,"rate_of_return":0.0}
{"window":{"start":"2023-10-26T07:52:00.000Z","end":"2023-10-26T07:53:00.000Z"},"country":"United Kingdom","OPM":6,"total_sales_volume":81.49000304937363,"rate_of_return":0.16666666666666666}
{"window":{"start":"2023-10-25T21:04:00.000Z","end":"2023-10-25T21:05:00.000Z"},"country":"United Kingdom","OPM":8,"total_sales_volume":732.0100002288818,"rate_of_return":0.0}
{"window":{"start":"2023-10-25T00:54:00.000Z","end":"2023-10-25T00:55:00.000Z"},"country":"United Kingdom","OPM":8,"total_sales_volume":205.26999861001968,"rate_of_return":0.125}
{"window":{"start":"2023-10-26T23:40:00.000Z","end":"2023-10-26T23:41:00.000Z"},"country":"EIRE","OPM":1,"total_sales_volume":25.180000066757202,"rate_of_return":0.0}
{"window":{"start":"2023-10-23T22:45:00.000Z","end":"2023-10-23T22:46:00.000Z"},"country":"United Kingdom","OPM":14,"total_sales_volume":665.9199966788292,"rate_of_return":0.07142857142857142}
{"window":{"start":"2023-10-26T11:08:00.000Z","end":"2023-10-26T11:09:00.000Z"},"country":"United Kingdom","OPM":6,"total_sales_volume":-72.85000109672546,"rate_of_return":0.16666666666666666}
{"window":{"start":"2023-10-23T13:01:00.000Z","end":"2023-10-23T13:02:00.000Z"},"country":"United Kingdom","OPM":12,"total_sales_volume":923.0999993681908,"rate_of_return":0.08333333333333333}
{"window":{"start":"2023-10-24T16:00:00.000Z","end":"2023-10-24T16:01:00.000Z"},"country":"Germany","OPM":1,"total_sales_volume":370.7900056838989,"rate_of_return":0.0}
{"window":{"start":"2023-10-23T12:23:00.000Z","end":"2023-10-23T12:24:00.000Z"},"country":"Channel Islands","OPM":1,"total_sales_volume":14.940000057220459,"rate_of_return":0.0}
{"window":{"start":"2023-10-27T12:14:00.000Z","end":"2023-10-27T12:15:00.000Z"},"country":"United Kingdom","OPM":4,"total_sales_volume":227.4299984574318,"rate_of_return":0.0}
{"window":{"start":"2023-10-27T13:35:00.000Z","end":"2023-10-27T13:36:00.000Z"},"country":"United Kingdom","OPM":6,"total_sales_volume":91.47000074386597,"rate_of_return":0.16666666666666666}
{"window":{"start":"2023-10-25T13:40:00.000Z","end":"2023-10-25T13:41:00.000Z"},"country":"Unspecified","OPM":1,"total_sales_volume":41.209999799728394,"rate_of_return":0.0}
{"window":{"start":"2023-10-27T18:31:00.000Z","end":"2023-10-27T18:32:00.000Z"},"country":"Norway","OPM":1,"total_sales_volume":91.879998087883,"rate_of_return":0.0}
{"window":{"start":"2023-10-28T04:39:00.000Z","end":"2023-10-28T04:40:00.000Z"},"country":"Germany","OPM":1,"total_sales_volume":81.99999833106995,"rate_of_return":0.0}
{"window":{"start":"2023-10-26T01:24:00.000Z","end":"2023-10-26T01:25:00.000Z"},"country":"United Kingdom","OPM":8,"total_sales_volume":395.5300035700202,"rate_of_return":0.0}
{"window":{"start":"2023-10-24T20:37:00.000Z","end":"2023-10-24T20:38:00.000Z"},"country":"United Kingdom","OPM":11,"total_sales_volume":722.8599969744682,"rate_of_return":0.09090909090909091}
{"window":{"start":"2023-10-24T17:08:00.000Z","end":"2023-10-24T17:09:00.000Z"},"country":"United Kingdom","OPM":16,"total_sales_volume":637.2700050771236,"rate_of_return":0.0625}
{"window":{"start":"2023-10-26T13:11:00.000Z","end":"2023-10-26T13:12:00.000Z"},"country":"EIRE","OPM":1,"total_sales_volume":93.81999897956848,"rate_of_return":0.0}
{"window":{"start":"2023-10-25T15:12:00.000Z","end":"2023-10-25T15:13:00.000Z"},"country":"United Kingdom","OPM":5,"total_sales_volume":1071.809977054596,"rate_of_return":0.0}
{"window":{"start":"2023-10-25T02:24:00.000Z","end":"2023-10-25T02:25:00.000Z"},"country":"Denmark","OPM":1,"total_sales_volume":1.25,"rate_of_return":0.0}
{"window":{"start":"2023-10-24T07:29:00.000Z","end":"2023-10-24T07:30:00.000Z"},"country":"United Kingdom","OPM":3,"total_sales_volume":190.25000089406967,"rate_of_return":0.0}
{"window":{"start":"2023-10-24T22:39:00.000Z","end":"2023-10-24T22:40:00.000Z"},"country":"Italy","OPM":1,"total_sales_volume":171.84999859333038,"rate_of_return":0.0}
{"window":{"start":"2023-10-25T12:52:00.000Z","end":"2023-10-25T12:53:00.000Z"},"country":"Portugal","OPM":1,"total_sales_volume":39.47999954223633,"rate_of_return":0.0}
{"window":{"start":"2023-10-23T18:07:00.000Z","end":"2023-10-23T18:08:00.000Z"},"country":"United Kingdom","OPM":10,"total_sales_volume":209.1199989914894,"rate_of_return":0.0}
{"window":{"start":"2023-10-25T23:48:00.000Z","end":"2023-10-25T23:49:00.000Z"},"country":"United Kingdom","OPM":9,"total_sales_volume":88.77999502420425,"rate_of_return":0.1111111111111111}
{"window":{"start":"2023-10-26T09:19:00.000Z","end":"2023-10-26T09:20:00.000Z"},"country":"EIRE","OPM":1,"total_sales_volume":298.439998626709,"rate_of_return":0.0}
{"window":{"start":"2023-10-26T11:14:00.000Z","end":"2023-10-26T11:15:00.000Z"},"country":"United Kingdom","OPM":13,"total_sales_volume":490.2299963235855,"rate_of_return":0.15384615384615385}
{"window":{"start":"2023-10-25T11:20:00.000Z","end":"2023-10-25T11:21:00.000Z"},"country":"United Kingdom","OPM":4,"total_sales_volume":161.68999776244164,"rate_of_return":0.0}
{"window":{"start":"2023-10-26T13:43:00.000Z","end":"2023-10-26T13:44:00.000Z"},"country":"United Kingdom","OPM":9,"total_sales_volume":161.94000327587128,"rate_of_return":0.1111111111111111}
{"window":{"start":"2023-10-26T11:50:00.000Z","end":"2023-10-26T11:51:00.000Z"},"country":"United Kingdom","OPM":7,"total_sales_volume":608.0600015819073,"rate_of_return":0.0}
{"window":{"start":"2023-10-26T00:36:00.000Z","end":"2023-10-26T00:37:00.000Z"},"country":"EIRE","OPM":1,"total_sales_volume":21.999999523162842,"rate_of_return":0.0}
{"window":{"start":"2023-10-23T15:15:00.000Z","end":"2023-10-23T15:16:00.000Z"},"country":"Greece","OPM":1,"total_sales_volume":92.19999861717224,"rate_of_return":0.0}
{"window":{"start":"2023-10-25T15:59:00.000Z","end":"2023-10-25T16:00:00.000Z"},"country":"United Kingdom","OPM":13,"total_sales_volume":-7717.430079519749,"rate_of_return":0.07692307692307693}
{"window":{"start":"2023-10-23T16:49:00.000Z","end":"2023-10-23T16:50:00.000Z"},"country":"United Kingdom","OPM":6,"total_sales_volume":1059.7999848723412,"rate_of_return":0.0}
{"window":{"start":"2023-10-26T10:44:00.000Z","end":"2023-10-26T10:45:00.000Z"},"country":"United Kingdom","OPM":10,"total_sales_volume":612.1700018197298,"rate_of_return":0.0}
{"window":{"start":"2023-10-27T17:08:00.000Z","end":"2023-10-27T17:09:00.000Z"},"country":"France","OPM":1,"total_sales_volume":23.199999809265137,"rate_of_return":0.0}
{"window":{"start":"2023-10-26T04:07:00.000Z","end":"2023-10-26T04:08:00.000Z"},"country":"United Kingdom","OPM":10,"total_sales_volume":646.4999879598618,"rate_of_return":0.1}
{"window":{"start":"2023-10-23T19:01:00.000Z","end":"2023-10-23T19:02:00.000Z"},"country":"France","OPM":2,"total_sales_volume":33.54999923706055,"rate_of_return":0.0}
{"window":{"start":"2023-10-25T04:55:00.000Z","end":"2023-10-25T04:56:00.000Z"},"country":"United Kingdom","OPM":12,"total_sales_volume":1050.9199943244457,"rate_of_return":0.08333333333333333}
{"window":{"start":"2023-10-26T08:55:00.000Z","end":"2023-10-26T08:56:00.000Z"},"country":"United Kingdom","OPM":7,"total_sales_volume":588.7200002968311,"rate_of_return":0.0}
{"window":{"start":"2023-10-26T18:39:00.000Z","end":"2023-10-26T18:40:00.000Z"},"country":"United Kingdom","OPM":12,"total_sales_volume":723.9499945342541,"rate_of_return":0.0}
{"window":{"start":"2023-10-27T18:23:00.000Z","end":"2023-10-27T18:24:00.000Z"},"country":"United Kingdom","OPM":10,"total_sales_volume":437.6599916815758,"rate_of_return":0.1}
{"window":{"start":"2023-10-23T22:29:00.000Z","end":"2023-10-23T22:30:00.000Z"},"country":"United Kingdom","OPM":4,"total_sales_volume":71.36999928951263,"rate_of_return":0.0}
{"window":{"start":"2023-10-26T05:00:00.000Z","end":"2023-10-26T05:01:00.000Z"},"country":"United Kingdom","OPM":8,"total_sales_volume":490.8299974501133,"rate_of_return":0.0}
{"window":{"start":"2023-10-26T19:59:00.000Z","end":"2023-10-26T20:00:00.000Z"},"country":"United Kingdom","OPM":12,"total_sales_volume":513.29999627918,"rate_of_return":0.08333333333333333}
{"window":{"start":"2023-10-24T04:46:00.000Z","end":"2023-10-24T04:47:00.000Z"},"country":"Hong Kong","OPM":1,"total_sales_volume":12.15999960899353,"rate_of_return":0.0}
{"window":{"start":"2023-10-24T14:44:00.000Z","end":"2023-10-24T14:45:00.000Z"},"country":"United Kingdom","OPM":9,"total_sales_volume":615.1900028586388,"rate_of_return":0.1111111111111111}
{"window":{"start":"2023-10-23T16:27:00.000Z","end":"2023-10-23T16:28:00.000Z"},"country":"United Kingdom","OPM":13,"total_sales_volume":1114.2100065350533,"rate_of_return":0.15384615384615385}
{"window":{"start":"2023-10-28T02:42:00.000Z","end":"2023-10-28T02:43:00.000Z"},"country":"Belgium","OPM":1,"total_sales_volume":33.35000038146973,"rate_of_return":0.0}
{"window":{"start":"2023-10-25T14:52:00.000Z","end":"2023-10-25T14:53:00.000Z"},"country":"EIRE","OPM":2,"total_sales_volume":85.46999883651733,"rate_of_return":0.0}
{"window":{"start":"2023-10-23T18:46:00.000Z","end":"2023-10-23T18:47:00.000Z"},"country":"United Kingdom","OPM":4,"total_sales_volume":120.36999756097794,"rate_of_return":0.0}
{"window":{"start":"2023-10-26T04:09:00.000Z","end":"2023-10-26T04:10:00.000Z"},"country":"France","OPM":2,"total_sales_volume":130.75999927520752,"rate_of_return":0.0}
{"window":{"start":"2023-10-26T12:10:00.000Z","end":"2023-10-26T12:11:00.000Z"},"country":"Germany","OPM":1,"total_sales_volume":33.2599983215332,"rate_of_return":0.0}
{"window":{"start":"2023-10-24T18:15:00.000Z","end":"2023-10-24T18:16:00.000Z"},"country":"United Kingdom","OPM":6,"total_sales_volume":137.3400042951107,"rate_of_return":0.16666666666666666}
