{"window":{"start":"2023-10-27T07:24:00.000Z","end":"2023-10-27T07:25:00.000Z"},"country":"United Kingdom","OPM":6,"total_sales_volume":604.5699923634529,"rate_of_return":0.16666666666666666}
{"window":{"start":"2023-10-25T10:53:00.000Z","end":"2023-10-25T10:54:00.000Z"},"country":"United Kingdom","OPM":8,"total_sales_volume":2117.23994076252,"rate_of_return":0.0}
{"window":{"start":"2023-10-27T00:39:00.000Z","end":"2023-10-27T00:40:00.000Z"},"country":"EIRE","OPM":1,"total_sales_volume":53.00000023841858,"rate_of_return":0.0}
{"window":{"start":"2023-10-27T08:11:00.000Z","end":"2023-10-27T08:12:00.000Z"},"country":"Austria","OPM":1,"total_sales_volume":24.000000476837158,"rate_of_return":0.0}
{"window":{"start":"2023-10-24T13:44:00.000Z","end":"2023-10-24T13:45:00.000Z"},"country":"United Kingdom","OPM":7,"total_sales_volume":801.6299988031387,"rate_of_return":0.0}
{"window":{"start":"2023-10-25T22:18:00.000Z","end":"2023-10-25T22:19:00.000Z"},"country":"Germany","OPM":1,"total_sales_volume":165.04999470710754,"rate_of_return":0.0}
{"window":{"start":"2023-10-27T01:05:00.000Z","end":"2023-10-27T01:06:00.000Z"},"country":"United Kingdom","OPM":8,"total_sales_volume":457.0900040566921,"rate_of_return":0.0}
{"window":{"start":"2023-10-28T03:40:00.000Z","end":"2023-10-28T03:41:00.000Z"},"country":"France","OPM":1,"total_sales_volume":19.55999994277954,"rate_of_return":0.0}
{"window":{"start":"2023-10-24T16:22:00.000Z","end":"2023-10-24T16:23:00.000Z"},"country":"United Kingdom","OPM":12,"total_sales_volume":782.7599734961987,"rate_of_return":0.08333333333333333}
{"window":{"start":"2023-10-25T09:59:00.000Z","end":"2023-10-25T10:00:00.000Z"},"country":"United Kingdom","OPM":9,"total_sales_volume":2315.1699988245964,"rate_of_return":0.1111111111111111}
{"window":{"start":"2023-10-25T19:11:00.000Z","end":"2023-10-25T19:12:00.000Z"},"country":"France","OPM":1,"total_sales_volume":92.66999888420105,"rate_of_return":0.0}
{"window":{"start":"2023-10-24T03:20:00.000Z","end":"2023-10-24T03:21:00.000Z"},"country":"Germany","OPM":1,"total_sales_volume":73.63000011444092,"rate_of_return":0.0}
{"window":{"start":"2023-10-23T19:47:00.000Z","end":"2023-10-23T19:48:00.000Z"},"country":"EIRE","OPM":1,"total_sales_volume":24.569999933242798,"rate_of_return":0.0}
{"window":{"start":"2023-10-27T23:53:00.000Z","end":"2023-10-27T23:54:00.000Z"},"country":"Switzerland","OPM":1,"total_sales_volume":28.349999576807022,"rate_of_return":0.0}
{"window":{"start":"2023-10-24T10:20:00.000Z","end":"2023-10-24T10:21:00.000Z"},"country":"United Kingdom","OPM":11,"total_sales_volume":1112.6299668848515,"rate_of_return":0.0}
{"window":{"start":"2023-10-23T22:08:00.000Z","end":"2023-10-23T22:09:00.000Z"},"country":"United Kingdom","OPM":5,"total_sales_volume":149.74999995529652,"rate_of_return":0.0}
{"window":{"start":"2023-10-27T02:30:00.000Z","end":"2023-10-27T02:31:00.000Z"},"country":"United Kingdom","OPM":7,"total_sales_volume":906.2699857354164,"rate_of_return":0.0}
{"window":{"start":"2023-10-26T07:30:00.000Z","end":"2023-10-26T07:31:00.000Z"},"country":"Cyprus","OPM":1,"total_sales_volume":55.720000982284546,"rate_of_return":0.0}
{"window":{"start":"2023-10-27T22:52:00.000Z","end":"2023-10-27T22:53:00.000Z"},"country":"United Kingdom","OPM":13,"total_sales_volume":998.6100006401539,"rate_of_return":0.15384615384615385}
{"window":{"start":"2023-10-26T14:19:00.000Z","end":"2023-10-26T14:20:00.000Z"},"country":"EIRE","OPM":1,"total_sales_volume":104.39999961853027,"rate_of_return":0.0}
{"window":{"start":"2023-10-24T08:35:00.000Z","end":"2023-10-24T08:36:00.000Z"},"country":"Australia","OPM":1,"total_sales_volume":20.300000190734863,"rate_of_return":0.0}
{"window":{"start":"2023-10-23T22:32:00.000Z","end":"2023-10-23T22:33:00.000Z"},"country":"Italy","OPM":1,"total_sales_volume":39.11999988555908,"rate_of_return":0.0}
{"window":{"start":"2023-10-25T12:55:00.000Z","end":"2023-10-25T12:56:00.000Z"},"country":"United Kingdom","OPM":16,"total_sales_volume":1893.1200079321861,"rate_of_return":0.0625}
{"window":{"start":"2023-10-25T22:45:00.000Z","end":"2023-10-25T22:46:00.000Z"},"country":"EIRE","OPM":1,"total_sales_volume":75.03999972343445,"rate_of_return":0.0}
{"window":{"start":"2023-10-25T20:49:00.000Z","end":"2023-10-25T20:50:00.000Z"},"country":"Hong Kong","OPM":1,"total_sales_volume":20.959999680519104,"rate_of_return":0.0}
{"window":{"start":"2023-10-27T02:32:00.000Z","end":"2023-10-27T02:33:00.000Z"},"country":"EIRE","OPM":1,"total_sales_volume":25.19999885559082,"rate_of_return":0.0}
{"window":{"start":"2023-10-27T20:22:00.000Z","end":"2023-10-27T20:23:00.000Z"},"country":"Australia","OPM":1,"total_sales_volume":7.0,"rate_of_return":0.0}
{"window":{"start":"2023-10-23T20:27:00.000Z","end":"2023-10-23T20:28:00.000Z"},"country":"United Kingdom","OPM":2,"total_sales_volume":133.2100007534027,"rate_of_return":0.0}
{"window":{"start":"2023-10-26T17:35:00.000Z","end":"2023-10-26T17:36:00.000Z"},"country":"United Kingdom","OPM":12,"total_sales_volume":1147.3499866724014,"rate_of_return":0.0}
{"window":{"start":"2023-10-26T23:11:00.000Z","end":"2023-10-26T23:12:00.000Z"},"country":"United Kingdom","OPM":10,"total_sales_volume":171.4100026190281,"rate_of_return":0.1}
{"window":{"start":"2023-10-26T10:41:00.000Z","end":"2023-10-26T10:42:00.000Z"},"country":"Italy","OPM":1,"total_sales_volume":3.2899999618530273,"rate_of_return":0.0}
{"window":{"start":"2023-10-25T13:15:00.000Z","end":"2023-10-25T13:16:00.000Z"},"country":"United Kingdom","OPM":6,"total_sales_volume":97.48999965190887,"rate_of_return":0.0}
{"window":{"start":"2023-10-24T14:46:00.000Z","end":"2023-10-24T14:47:00.000Z"},"country":"United Kingdom","OPM":8,"total_sales_volume":738.1299974620342,"rate_of_return":0.125}
{"window":{"start":"2023-10-27T13:43:00.000Z","end":"2023-10-27T13:44:00.000Z"},"country":"United Kingdom","OPM":7,"total_sales_volume":864.7000073641539,"rate_of_return":0.0}
{"window":{"start":"2023-10-23T20:39:00.000Z","end":"2023-10-23T20:40:00.000Z"},"country":"France","OPM":1,"total_sales_volume":45.750001072883606,"rate_of_return":0.0}
{"window":{"start":"2023-10-23T16:44:00.000Z","end":"2023-10-23T16:45:00.000Z"},"country":"United Kingdom","OPM":7,"total_sales_volume":141.30999809503555,"rate_of_return":0.0}
{"window":{"start":"2023-10-23T21:17:00.000Z","end":"2023-10-23T21:18:00.000Z"},"country":"Germany","OPM":1,"total_sales_volume":58.989999532699585,"rate_of_return":0.0}
{"window":{"start":"2023-10-26T03:25:00.000Z","end":"2023-10-26T03:26:00.000Z"},"country":"United Kingdom","OPM":8,"total_sales_volume":38.65000021457672,"rate_of_return":0.125}
{"window":{"start":"2023-10-24T08:11:00.000Z","end":"2023-10-24T08:12:00.000Z"},"country":"United Kingdom","OPM":8,"total_sales_volume":339.1800015568733,"rate_of_return":0.0}
{"window":{"start":"2023-10-25T10:57:00.000Z","end":"2023-10-25T10:58:00.000Z"},"country":"Switzerland","OPM":1,"total_sales_volume":27.499999284744263,"rate_of_return":0.0}
{"window":{"start":"2023-10-27T08:27:00.000Z","end":"2023-10-27T08:28:00.000Z"},"country":"Germany","OPM":1,"total_sales_volume":-56.850000858306885,"rate_of_return":1.0}
{"window":{"start":"2023-10-28T04:26:00.000Z","end":"2023-10-28T04:27:00.000Z"},"country":"United Kingdom","OPM":6,"total_sales_volume":621.2999986410141,"rate_of_return":0.0}
{"window":{"start":"2023-10-24T23:50:00.000Z","end":"2023-10-24T23:51:00.000Z"},"country":"United Kingdom","OPM":7,"total_sales_volume":308.08999954909086,"rate_of_return":0.0}
{"window":{"start":"2023-10-25T01:36:00.000Z","end":"2023-10-25T01:37:00.000Z"},"country":"EIRE","OPM":1,"total_sales_volume":30.380000114440918,"rate_of_return":0.0}
{"window":{"start":"2023-10-26T22:06:00.000Z","end":"2023-10-26T22:07:00.000Z"},"country":"United Kingdom","OPM":9,"total_sales_volume":398.58999943733215,"rate_of_return":0.1111111111111111}
{"window":{"start":"2023-10-27T07:19:00.000Z","end":"2023-10-27T07:20:00.000Z"},"country":"Spain","OPM":1,"total_sales_volume":1530.0,"rate_of_return":0.0}
{"window":{"start":"2023-10-24T18:14:00.000Z","end":"2023-10-24T18:15:00.000Z"},"country":"United Kingdom","OPM":8,"total_sales_volume":497.23999884724617,"rate_of_return":0.0}
{"window":{"start":"2023-10-25T21:25:00.000Z","end":"2023-10-25T21:26:00.000Z"},"country":"Cyprus","OPM":1,"total_sales_volume":61.96999979019165,"rate_of_return":0.0}
{"window":{"start":"2023-10-24T09:08:00.000Z","end":"2023-10-24T09:09:00.000Z"},"country":"United Kingdom","OPM":7,"total_sales_volume":464.5900038778782,"rate_of_return":0.0}
{"window":{"start":"2023-10-23T18:13:00.000Z","end":"2023-10-23T18:14:00.000Z"},"country":"United Kingdom","OPM":3,"total_sales_volume":-11.460000872612,"rate_of_return":0.3333333333333333}
{"window":{"start":"2023-10-28T04:43:00.000Z","end":"2023-10-28T04:44:00.000Z"},"country":"Switzerland","OPM":1,"total_sales_volume":91.67999923229218,"rate_of_return":0.0}
{"window":{"start":"2023-10-24T23:32:00.000Z","end":"2023-10-24T23:33:00.000Z"},"country":"United Kingdom","OPM":6,"total_sales_volume":170.1399989426136,"rate_of_return":0.0}
{"window":{"start":"2023-10-27T07:43:00.000Z","end":"2023-10-27T07:44:00.000Z"},"country":"United Kingdom","OPM":7,"total_sales_volume":277.47000432014465,"rate_of_return":0.0}
{"window":{"start":"2023-10-27T00:10:00.000Z","end":"2023-10-27T00:11:00.000Z"},"country":"United Kingdom","OPM":15,"total_sales_volume":597.0300040543079,"rate_of_return":0.06666666666666667}
{"window":{"start":"2023-10-23T20:33:00.000Z","end":"2023-10-23T20:34:00.000Z"},"country":"United Kingdom","OPM":14,"total_sales_volume":604.6399953216314,"rate_of_return":0.07142857142857142}
{"window":{"start":"2023-10-27T21:30:00.000Z","end":"2023-10-27T21:31:00.000Z"},"country":"Belgium","OPM":1,"total_sales_volume":43.950000286102295,"rate_of_return":0.0}
{"window":{"start":"2023-10-25T11:49:00.000Z","end":"2023-10-25T11:50:00.000Z"},"country":"Germany","OPM":1,"total_sales_volume":69.13999915122986,"rate_of_return":0.0}
{"window":{"start":"2023-10-24T02:34:00.000Z","end":"2023-10-24T02:35:00.000Z"},"country":"United Kingdom","OPM":7,"total_sales_volume":251.96999832987785,"rate_of_return":0.0}
{"window":{"start":"2023-10-24T04:23:00.000Z","end":"2023-10-24T04:24:00.000Z"},"country":"EIRE","OPM":1,"total_sales_volume":13.849999576807022,"rate_of_return":0.0}
{"window":{"start":"2023-10-23T15:42:00.000Z","end":"2023-10-23T15:43:00.000Z"},"country":"United Kingdom","OPM":10,"total_sales_volume":767.0399883985519,"rate_of_return":0.0}
{"window":{"start":"2023-10-26T14:28:00.000Z","end":"2023-10-26T14:29:00.000Z"},"country":"Belgium","OPM":1,"total_sales_volume":23.15000009536743,"rate_of_return":0.0}
{"window":{"start":"2023-10-26T01:37:00.000Z","end":"2023-10-26T01:38:00.000Z"},"country":"France","OPM":1,"total_sales_volume":45.0,"rate_of_return":0.0}
{"window":{"start":"2023-10-23T23:23:00.000Z","end":"2023-10-23T23:24:00.000Z"},"country":"United Kingdom","OPM":14,"total_sales_volume":509.9299956560135,"rate_of_return":0.07142857142857142}
{"window":{"start":"2023-10-25T08:47:00.000Z","end":"2023-10-25T08:48:00.000Z"},"country":"United Kingdom","OPM":13,"total_sales_volume":885.1500004827976,"rate_of_return":0.07692307692307693}
{"window":{"start":"2023-10-24T00:06:00.000Z","end":"2023-10-24T00:07:00.000Z"},"country":"United Kingdom","OPM":7,"total_sales_volume":840.6400116086006,"rate_of_return":0.0}
{"window":{"start":"2023-10-27T23:47:00.000Z","end":"2023-10-27T23:48:00.000Z"},"country":"United Kingdom","OPM":8,"total_sales_volume":226.40999987721443,"rate_of_return":0.0}
{"window":{"start":"2023-10-24T17:58:00.000Z","end":"2023-10-24T17:59:00.000Z"},"country":"United Kingdom","OPM":9,"total_sales_volume":10552.669533878565,"rate_of_return":0.0}
{"window":{"start":"2023-10-25T13:15:00.000Z","end":"2023-10-25T13:16:00.000Z"},"country":"Belgium","OPM":1,"total_sales_volume":201.3600001335144,"rate_of_return":0.0}
{"window":{"start":"2023-10-28T01:19:00.000Z","end":"2023-10-28T01:20:00.000Z"},"country":"United Kingdom","OPM":14,"total_sales_volume":759.8600035607815,"rate_of_return":0.0}
