{"window":{"start":"2023-10-24T17:54:00.000Z","end":"2023-10-24T17:55:00.000Z"},"country":"Australia","OPM":1,"total_sales_volume":91.00000095367432,"rate_of_return":0.0}
{"window":{"start":"2023-10-27T08:05:00.000Z","end":"2023-10-27T08:06:00.000Z"},"country":"United Kingdom","OPM":5,"total_sales_volume":1352.2700011134148,"rate_of_return":0.0}
{"window":{"start":"2023-10-23T22:17:00.000Z","end":"2023-10-23T22:18:00.000Z"},"country":"United Kingdom","OPM":6,"total_sales_volume":380.21999979019165,"rate_of_return":0.0}
{"window":{"start":"2023-10-26T14:48:00.000Z","end":"2023-10-26T14:49:00.000Z"},"country":"United Kingdom","OPM":14,"total_sales_volume":504.45000502467155,"rate_of_return":0.07142857142857142}
{"window":{"start":"2023-10-23T14:09:00.000Z","end":"2023-10-23T14:10:00.000Z"},"country":"France","OPM":1,"total_sales_volume":7.949999809265137,"rate_of_return":0.0}
{"window":{"start":"2023-10-25T21:37:00.000Z","end":"2023-10-25T21:38:00.000Z"},"country":"EIRE","OPM":1,"total_sales_volume":2.5500000715255737,"rate_of_return":0.0}
{"window":{"start":"2023-10-23T17:21:00.000Z","end":"2023-10-23T17:22:00.000Z"},"country":"United Kingdom","OPM":4,"total_sales_volume":-205.48000112175941,"rate_of_return":0.25}
{"window":{"start":"2023-10-27T15:55:00.000Z","end":"2023-10-27T15:56:00.000Z"},"country":"Belgium","OPM":1,"total_sales_volume":66.79999923706055,"rate_of_return":0.0}
{"window":{"start":"2023-10-26T15:10:00.000Z","end":"2023-10-26T15:11:00.000Z"},"country":"United Kingdom","OPM":13,"total_sales_volume":1002.8200097382069,"rate_of_return":0.0}
{"window":{"start":"2023-10-26T19:58:00.000Z","end":"2023-10-26T19:59:00.000Z"},"country":"United Kingdom","OPM":10,"total_sales_volume":-16.229995876550674,"rate_of_return":0.2}
{"window":{"start":"2023-10-24T04:17:00.000Z","end":"2023-10-24T04:18:00.000Z"},"country":"United Kingdom","OPM":4,"total_sales_volume":928.7900004386902,"rate_of_return":0.0}
{"window":{"start":"2023-10-25T19:39:00.000Z","end":"2023-10-25T19:40:00.000Z"},"country":"United Kingdom","OPM":7,"total_sales_volume":2612.2799987494946,"rate_of_return":0.14285714285714285}
{"window":{"start":"2023-10-24T17:38:00.000Z","end":"2023-10-24T17:39:00.000Z"},"country":"France","OPM":1,"total_sales_volume":13.399999976158142,"rate_of_return":0.0}
{"window":{"start":"2023-10-26T02:41:00.000Z","end":"2023-10-26T02:42:00.000Z"},"country":"EIRE","OPM":1,"total_sales_volume":59.09999942779541,"rate_of_return":0.0}
{"window":{"start":"2023-10-25T10:26:00.000Z","end":"2023-10-25T10:27:00.000Z"},"country":"France","OPM":1,"total_sales_volume":11.749999672174454,"rate_of_return":0.0}
{"window":{"start":"2023-10-26T23:29:00.000Z","end":"2023-10-26T23:30:00.000Z"},"country":"Netherlands","OPM":1,"total_sales_volume":-83.19999694824219,"rate_of_return":1.0}
{"window":{"start":"2023-10-28T00:15:00.000Z","end":"2023-10-28T00:16:00.000Z"},"country":"United Kingdom","OPM":13,"total_sales_volume":636.1799947619438,"rate_of_return":0.07692307692307693}
{"window":{"start":"2023-10-26T21:28:00.000Z","end":"2023-10-26T21:29:00.000Z"},"country":"United Kingdom","OPM":14,"total_sales_volume":506.9499972164631,"rate_of_return":0.07142857142857142}
{"window":{"start":"2023-10-27T15:27:00.000Z","end":"2023-10-27T15:28:00.000Z"},"country":"United Kingdom","OPM":10,"total_sales_volume":298.3899984359741,"rate_of_return":0.2}
{"window":{"start":"2023-10-27T03:18:00.000Z","end":"2023-10-27T03:19:00.000Z"},"country":"Sweden","OPM":1,"total_sales_volume":10.259999752044678,"rate_of_return":0.0}
{"window":{"start":"2023-10-26T00:59:00.000Z","end":"2023-10-26T01:00:00.000Z"},"country":"United Kingdom","OPM":9,"total_sales_volume":336.7199977338314,"rate_of_return":0.0}
{"window":{"start":"2023-10-27T20:04:00.000Z","end":"2023-10-27T20:05:00.000Z"},"country":"United Kingdom","OPM":11,"total_sales_volume":1141.989996612072,"rate_of_return":0.0}
{"window":{"start":"2023-10-26T16:51:00.000Z","end":"2023-10-26T16:52:00.000Z"},"country":"United Kingdom","OPM":16,"total_sales_volume":590.7499761283398,"rate_of_return":0.0625}
{"window":{"start":"2023-10-28T00:11:00.000Z","end":"2023-10-28T00:12:00.000Z"},"country":"France","OPM":2,"total_sales_volume":11.830000102519989,"rate_of_return":0.5}
{"window":{"start":"2023-10-27T18:35:00.000Z","end":"2023-10-27T18:36:00.000Z"},"country":"EIRE","OPM":1,"total_sales_volume":10.200000286102295,"rate_of_return":0.0}
{"window":{"start":"2023-10-25T18:52:00.000Z","end":"2023-10-25T18:53:00.000Z"},"country":"United Kingdom","OPM":12,"total_sales_volume":758.0099902153015,"rate_of_return":0.0}
{"window":{"start":"2023-10-24T02:16:00.000Z","end":"2023-10-24T02:17:00.000Z"},"country":"United Kingdom","OPM":20,"total_sales_volume":817.7199931144714,"rate_of_return":0.05}
{"window":{"start":"2023-10-26T15:05:00.000Z","end":"2023-10-26T15:06:00.000Z"},"country":"France","OPM":1,"total_sales_volume":19.75,"rate_of_return":0.0}
{"window":{"start":"2023-10-27T20:35:00.000Z","end":"2023-10-27T20:36:00.000Z"},"country":"Germany","OPM":1,"total_sales_volume":259.40000116825104,"rate_of_return":0.0}
{"window":{"start":"2023-10-27T06:26:00.000Z","end":"2023-10-27T06:27:00.000Z"},"country":"Germany","OPM":1,"total_sales_volume":2.890000104904175,"rate_of_return":0.0}
{"window":{"start":"2023-10-27T06:28:00.000Z","end":"2023-10-27T06:29:00.000Z"},"country":"United Kingdom","OPM":10,"total_sales_volume":359.93000012636185,"rate_of_return":0.0}
{"window":{"start":"2023-10-25T10:39:00.000Z","end":"2023-10-25T10:40:00.000Z"},"country":"Switzerland","OPM":1,"total_sales_volume":-7.699999928474426,"rate_of_return":1.0}
{"window":{"start":"2023-10-23T23:31:00.000Z","end":"2023-10-23T23:32:00.000Z"},"country":"United Kingdom","OPM":14,"total_sales_volume":639.7600009739399,"rate_of_return":0.0}
{"window":{"start":"2023-10-23T20:01:00.000Z","end":"2023-10-23T20:02:00.000Z"},"country":"United Kingdom","OPM":11,"total_sales_volume":933.1499902009964,"rate_of_return":0.0}
{"window":{"start":"2023-10-24T23:33:00.000Z","end":"2023-10-24T23:34:00.000Z"},"country":"Germany","OPM":1,"total_sales_volume":32.71000027656555,"rate_of_return":0.0}
{"window":{"start":"2023-10-26T07:54:00.000Z","end":"2023-10-26T07:55:00.000Z"},"country":"Germany","OPM":1,"total_sales_volume":8.349999725818634,"rate_of_return":0.0}
{"window":{"start":"2023-10-25T11:04:00.000Z","end":"2023-10-25T11:05:00.000Z"},"country":"United Kingdom","OPM":6,"total_sales_volume":335.10999912023544,"rate_of_return":0.0}
{"window":{"start":"2023-10-24T10:29:00.000Z","end":"2023-10-24T10:30:00.000Z"},"country":"United Kingdom","OPM":7,"total_sales_volume":235.2200017273426,"rate_of_return":0.0}
{"window":{"start":"2023-10-26T21:58:00.000Z","end":"2023-10-26T21:59:00.000Z"},"country":"United Kingdom","OPM":6,"total_sales_volume":769.0199961662292,"rate_of_return":0.0}
{"window":{"start":"2023-10-28T00:58:00.000Z","end":"2023-10-28T00:59:00.000Z"},"country":"United Kingdom","OPM":11,"total_sales_volume":314.9599986076355,"rate_of_return":0.0}
{"window":{"start":"2023-10-24T04:20:00.000Z","end":"2023-10-24T04:21:00.000Z"},"country":"United Kingdom","OPM":12,"total_sales_volume":781.8200014531612,"rate_of_return":0.08333333333333333}
{"window":{"start":"2023-10-26T04:34:00.000Z","end":"2023-10-26T04:35:00.000Z"},"country":"Sweden","OPM":1,"total_sales_volume":1.649999976158142,"rate_of_return":0.0}
{"window":{"start":"2023-10-27T04:10:00.000Z","end":"2023-10-27T04:11:00.000Z"},"country":"EIRE","OPM":1,"total_sales_volume":-140.6199972629547,"rate_of_return":1.0}
{"window":{"start":"2023-10-25T16:27:00.000Z","end":"2023-10-25T16:28:00.000Z"},"country":"Spain","OPM":1,"total_sales_volume":15.100000381469727,"rate_of_return":0.0}
{"window":{"start":"2023-10-25T14:22:00.000Z","end":"2023-10-25T14:23:00.000Z"},"country":"United Kingdom","OPM":5,"total_sales_volume":300.83999583125114,"rate_of_return":0.0}
{"window":{"start":"2023-10-26T05:36:00.000Z","end":"2023-10-26T05:37:00.000Z"},"country":"United Kingdom","OPM":5,"total_sales_volume":406.4399914741516,"rate_of_return":0.0}
{"window":{"start":"2023-10-25T10:36:00.000Z","end":"2023-10-25T10:37:00.000Z"},"country":"Germany","OPM":1,"total_sales_volume":19.799999713897705,"rate_of_return":0.0}
{"window":{"start":"2023-10-23T12:11:00.000Z","end":"2023-10-23T12:12:00.000Z"},"country":"United Kingdom","OPM":7,"total_sales_volume":164.0599984228611,"rate_of_return":0.0}
{"window":{"start":"2023-10-25T16:32:00.000Z","end":"2023-10-25T16:33:00.000Z"},"country":"United Kingdom","OPM":14,"total_sales_volume":454.48999431729317,"rate_of_return":0.07142857142857142}
{"window":{"start":"2023-10-25T09:35:00.000Z","end":"2023-10-25T09:36:00.000Z"},"country":"Channel Islands","OPM":1,"total_sales_volume":4.0299999713897705,"rate_of_return":0.0}
{"window":{"start":"2023-10-24T13:14:00.000Z","end":"2023-10-24T13:15:00.000Z"},"country":"Switzerland","OPM":1,"total_sales_volume":36.04999923706055,"rate_of_return":0.0}
{"window":{"start":"2023-10-27T09:48:00.000Z","end":"2023-10-27T09:49:00.000Z"},"country":"United Kingdom","OPM":13,"total_sales_volume":1020.459992647171,"rate_of_return":0.07692307692307693}
{"window":{"start":"2023-10-26T20:17:00.000Z","end":"2023-10-26T20:18:00.000Z"},"country":"Germany","OPM":1,"total_sales_volume":38.769999980926514,"rate_of_return":0.0}
{"window":{"start":"2023-10-24T11:40:00.000Z","end":"2023-10-24T11:41:00.000Z"},"country":"United Kingdom","OPM":14,"total_sales_volume":1175.499990388751,"rate_of_return":0.0}
{"window":{"start":"2023-10-26T11:26:00.000Z","end":"2023-10-26T11:27:00.000Z"},"country":"Germany","OPM":1,"total_sales_volume":22.02999973297119,"rate_of_return":0.0}
{"window":{"start":"2023-10-26T11:47:00.000Z","end":"2023-10-26T11:48:00.000Z"},"country":"United Kingdom","OPM":6,"total_sales_volume":262.0000007748604,"rate_of_return":0.0}
{"window":{"start":"2023-10-27T18:49:00.000Z","end":"2023-10-27T18:50:00.000Z"},"country":"France","OPM":1,"total_sales_volume":-36.10000014305115,"rate_of_return":1.0}
