{"window":{"start":"2023-10-24T23:27:00.000Z","end":"2023-10-24T23:28:00.000Z"},"country":"Israel","OPM":1,"total_sales_volume":9.949999809265137,"rate_of_return":0.0}
{"window":{"start":"2023-10-25T22:06:00.000Z","end":"2023-10-25T22:07:00.000Z"},"country":"Australia","OPM":1,"total_sales_volume":189.27999985218048,"rate_of_return":0.0}
{"window":{"start":"2023-10-24T22:09:00.000Z","end":"2023-10-24T22:10:00.000Z"},"country":"United Kingdom","OPM":8,"total_sales_volume":1375.5100175738335,"rate_of_return":0.125}
{"window":{"start":"2023-10-25T19:28:00.000Z","end":"2023-10-25T19:29:00.000Z"},"country":"Spain","OPM":1,"total_sales_volume":138.55000096559525,"rate_of_return":0.0}
{"window":{"start":"2023-10-27T03:12:00.000Z","end":"2023-10-27T03:13:00.000Z"},"country":"United Kingdom","OPM":5,"total_sales_volume":283.72000217437744,"rate_of_return":0.0}
{"window":{"start":"2023-10-23T15:32:00.000Z","end":"2023-10-23T15:33:00.000Z"},"country":"Germany","OPM":1,"total_sales_volume":52.599997997283936,"rate_of_return":0.0}
{"window":{"start":"2023-10-26T14:47:00.000Z","end":"2023-10-26T14:48:00.000Z"},"country":"Netherlands","OPM":1,"total_sales_volume":12.630000174045563,"rate_of_return":0.0}
{"window":{"start":"2023-10-24T00:22:00.000Z","end":"2023-10-24T00:23:00.000Z"},"country":"Switzerland","OPM":1,"total_sales_volume":7.500000059604645,"rate_of_return":0.0}
{"window":{"start":"2023-10-28T00:32:00.000Z","end":"2023-10-28T00:33:00.000Z"},"country":"United Kingdom","OPM":6,"total_sales_volume":190.67999863624573,"rate_of_return":0.0}
{"window":{"start":"2023-10-26T09:29:00.000Z","end":"2023-10-26T09:30:00.000Z"},"country":"United Kingdom","OPM":9,"total_sales_volume":534.8300005197525,"rate_of_return":0.0}
{"window":{"start":"2023-10-24T03:38:00.000Z","end":"2023-10-24T03:39:00.000Z"},"country":"Poland","OPM":1,"total_sales_volume":60.0,"rate_of_return":0.0}
{"window":{"start":"2023-10-26T16:34:00.000Z","end":"2023-10-26T16:35:00.000Z"},"country":"Belgium","OPM":1,"total_sales_volume":0.41999998688697815,"rate_of_return":0.0}
{"window":{"start":"2023-10-25T20:10:00.000Z","end":"2023-10-25T20:11:00.000Z"},"country":"United Kingdom","OPM":7,"total_sales_volume":39.819986045360565,"rate_of_return":0.14285714285714285}
{"window":{"start":"2023-10-27T04:02:00.000Z","end":"2023-10-27T04:03:00.000Z"},"country":"Germany","OPM":1,"total_sales_volume":36.70000076293945,"rate_of_return":0.0}
{"window":{"start":"2023-10-25T12:55:00.000Z","end":"2023-10-25T12:56:00.000Z"},"country":"Germany","OPM":1,"total_sales_volume":139.74000012874603,"rate_of_return":0.0}
{"window":{"start":"2023-10-26T23:36:00.000Z","end":"2023-10-26T23:37:00.000Z"},"country":"United Kingdom","OPM":17,"total_sales_volume":732.0799951255322,"rate_of_return":0.058823529411764705}
{"window":{"start":"2023-10-26T02:38:00.000Z","end":"2023-10-26T02:39:00.000Z"},"country":"United Kingdom","OPM":14,"total_sales_volume":1232.290014475584,"rate_of_return":0.07142857142857142}
{"window":{"start":"2023-10-26T08:44:00.000Z","end":"2023-10-26T08:45:00.000Z"},"country":"United Kingdom","OPM":11,"total_sales_volume":473.610001206398,"rate_of_return":0.09090909090909091}
{"window":{"start":"2023-10-25T13:26:00.000Z","end":"2023-10-25T13:27:00.000Z"},"country":"United Kingdom","OPM":9,"total_sales_volume":843.819982290268,"rate_of_return":0.1111111111111111}
{"window":{"start":"2023-10-24T08:22:00.000Z","end":"2023-10-24T08:23:00.000Z"},"country":"United Kingdom","OPM":7,"total_sales_volume":32.41999934613705,"rate_of_return":0.2857142857142857}
{"window":{"start":"2023-10-23T16:20:00.000Z","end":"2023-10-23T16:21:00.000Z"},"country":"Cyprus","OPM":1,"total_sales_volume":181.74999737739563,"rate_of_return":0.0}
{"window":{"start":"2023-10-28T02:23:00.000Z","end":"2023-10-28T02:24:00.000Z"},"country":"United Kingdom","OPM":9,"total_sales_volume":98.42000117897987,"rate_of_return":0.2222222222222222}
{"window":{"start":"2023-10-24T12:20:00.000Z","end":"2023-10-24T12:21:00.000Z"},"country":"United Kingdom","OPM":12,"total_sales_volume":291.6899982467294,"rate_of_return":0.16666666666666666}
{"window":{"start":"2023-10-26T03:09:00.000Z","end":"2023-10-26T03:10:00.000Z"},"country":"EIRE","OPM":1,"total_sales_volume":3.200000047683716,"rate_of_return":0.0}
{"window":{"start":"2023-10-26T07:20:00.000Z","end":"2023-10-26T07:21:00.000Z"},"country":"United Kingdom","OPM":6,"total_sales_volume":510.6500046849251,"rate_of_return":0.16666666666666666}
{"window":{"start":"2023-10-26T20:41:00.000Z","end":"2023-10-26T20:42:00.000Z"},"country":"United Kingdom","OPM":14,"total_sales_volume":837.3099965155125,"rate_of_return":0.0}
{"window":{"start":"2023-10-25T02:28:00.000Z","end":"2023-10-25T02:29:00.000Z"},"country":"Spain","OPM":1,"total_sales_volume":52.49999952316284,"rate_of_return":0.0}
{"window":{"start":"2023-10-24T10:25:00.000Z","end":"2023-10-24T10:26:00.000Z"},"country":"United Kingdom","OPM":10,"total_sales_volume":539.9199927151203,"rate_of_return":0.2}
{"window":{"start":"2023-10-26T04:44:00.000Z","end":"2023-10-26T04:45:00.000Z"},"country":"Portugal","OPM":1,"total_sales_volume":-136.64999997615814,"rate_of_return":1.0}
{"window":{"start":"2023-10-23T14:29:00.000Z","end":"2023-10-23T14:30:00.000Z"},"country":"United Kingdom","OPM":11,"total_sales_volume":445.16999888420105,"rate_of_return":0.0}
{"window":{"start":"2023-10-27T17:42:00.000Z","end":"2023-10-27T17:43:00.000Z"},"country":"United Kingdom","OPM":10,"total_sales_volume":811.4700002074242,"rate_of_return":0.0}
{"window":{"start":"2023-10-25T21:44:00.000Z","end":"2023-10-25T21:45:00.000Z"},"country":"United Kingdom","OPM":9,"total_sales_volume":1065.4999896883965,"rate_of_return":0.1111111111111111}
{"window":{"start":"2023-10-27T14:03:00.000Z","end":"2023-10-27T14:04:00.000Z"},"country":"United Kingdom","OPM":10,"total_sales_volume":2651.9399748146534,"rate_of_return":0.0}
{"window":{"start":"2023-10-24T04:34:00.000Z","end":"2023-10-24T04:35:00.000Z"},"country":"United Kingdom","OPM":4,"total_sales_volume":244.79999914765358,"rate_of_return":0.0}
{"window":{"start":"2023-10-23T14:51:00.000Z","end":"2023-10-23T14:52:00.000Z"},"country":"France","OPM":1,"total_sales_volume":10.949999868869781,"rate_of_return":0.0}
{"window":{"start":"2023-10-26T12:47:00.000Z","end":"2023-10-26T12:48:00.000Z"},"country":"Spain","OPM":1,"total_sales_volume":85.77000093460083,"rate_of_return":0.0}
{"window":{"start":"2023-10-24T06:37:00.000Z","end":"2023-10-24T06:38:00.000Z"},"country":"France","OPM":1,"total_sales_volume":-1174.2200000286102,"rate_of_return":1.0}
{"window":{"start":"2023-10-25T11:57:00.000Z","end":"2023-10-25T11:58:00.000Z"},"country":"United Kingdom","OPM":7,"total_sales_volume":174.34999710321426,"rate_of_return":0.0}
{"window":{"start":"2023-10-27T06:36:00.000Z","end":"2023-10-27T06:37:00.000Z"},"country":"France","OPM":1,"total_sales_volume":8.260000228881836,"rate_of_return":0.0}
{"window":{"start":"2023-10-25T12:30:00.000Z","end":"2023-10-25T12:31:00.000Z"},"country":"United Kingdom","OPM":9,"total_sales_volume":248.4299976825714,"rate_of_return":0.1111111111111111}
{"window":{"start":"2023-10-28T00:28:00.000Z","end":"2023-10-28T00:29:00.000Z"},"country":"Germany","OPM":2,"total_sales_volume":3.420000046491623,"rate_of_return":0.0}
{"window":{"start":"2023-10-24T06:53:00.000Z","end":"2023-10-24T06:54:00.000Z"},"country":"Spain","OPM":1,"total_sales_volume":16.40000009536743,"rate_of_return":0.0}
{"window":{"start":"2023-10-24T12:50:00.000Z","end":"2023-10-24T12:51:00.000Z"},"country":"United Kingdom","OPM":7,"total_sales_volume":455.22999358177185,"rate_of_return":0.0}
{"window":{"start":"2023-10-25T11:40:00.000Z","end":"2023-10-25T11:41:00.000Z"},"country":"United Kingdom","OPM":9,"total_sales_volume":1046.7799841165543,"rate_of_return":0.0}
{"window":{"start":"2023-10-23T12:41:00.000Z","end":"2023-10-23T12:42:00.000Z"},"country":"United Kingdom","OPM":7,"total_sales_volume":925.6499824523926,"rate_of_return":0.0}
{"window":{"start":"2023-10-27T15:32:00.000Z","end":"2023-10-27T15:33:00.000Z"},"country":"United Kingdom","OPM":6,"total_sales_volume":252.45999878644943,"rate_of_return":0.0}
{"window":{"start":"2023-10-24T06:21:00.000Z","end":"2023-10-24T06:22:00.000Z"},"country":"United Kingdom","OPM":5,"total_sales_volume":255.3999993801117,"rate_of_return":0.0}
{"window":{"start":"2023-10-27T08:25:00.000Z","end":"2023-10-27T08:26:00.000Z"},"country":"EIRE","OPM":2,"total_sales_volume":26.489999532699585,"rate_of_return":0.0}
{"window":{"start":"2023-10-23T18:02:00.000Z","end":"2023-10-23T18:03:00.000Z"},"country":"Channel Islands","OPM":1,"total_sales_volume":109.7900013923645,"rate_of_return":0.0}
{"window":{"start":"2023-10-24T08:06:00.000Z","end":"2023-10-24T08:07:00.000Z"},"country":"United Kingdom","OPM":12,"total_sales_volume":864.1499951779842,"rate_of_return":0.08333333333333333}
{"window":{"start":"2023-10-27T17:39:00.000Z","end":"2023-10-27T17:40:00.000Z"},"country":"Germany","OPM":1,"total_sales_volume":31.88999903202057,"rate_of_return":0.0}
{"window":{"start":"2023-10-25T14:04:00.000Z","end":"2023-10-25T14:05:00.000Z"},"country":"United Kingdom","OPM":4,"total_sales_volume":123.74000039696693,"rate_of_return":0.0}
{"window":{"start":"2023-10-23T22:24:00.000Z","end":"2023-10-23T22:25:00.000Z"},"country":"United Kingdom","OPM":5,"total_sales_volume":185.32999885082245,"rate_of_return":0.0}
{"window":{"start":"2023-10-24T22:33:00.000Z","end":"2023-10-24T22:34:00.000Z"},"country":"United Kingdom","OPM":6,"total_sales_volume":122.13999772071838,"rate_of_return":0.16666666666666666}
{"window":{"start":"2023-10-23T16:44:00.000Z","end":"2023-10-23T16:45:00.000Z"},"country":"Channel Islands","OPM":1,"total_sales_volume":10.079999685287476,"rate_of_return":0.0}
{"window":{"start":"2023-10-26T01:35:00.000Z","end":"2023-10-26T01:36:00.000Z"},"country":"France","OPM":1,"total_sales_volume":39.68000030517578,"rate_of_return":0.0}
{"window":{"start":"2023-10-26T09:00:00.000Z","end":"2023-10-26T09:01:00.000Z"},"country":"United Kingdom","OPM":7,"total_sales_volume":693.4000064432621,"rate_of_return":0.14285714285714285}
