{"window":{"start":"2023-10-24T03:49:00.000Z","end":"2023-10-24T03:50:00.000Z"},"country":"Germany","OPM":2,"total_sales_volume":969.0299861431122,"rate_of_return":0.0}
{"window":{"start":"2023-10-25T05:59:00.000Z","end":"2023-10-25T06:00:00.000Z"},"country":"Switzerland","OPM":1,"total_sales_volume":85.23999857902527,"rate_of_return":0.0}
{"window":{"start":"2023-10-27T05:55:00.000Z","end":"2023-10-27T05:56:00.000Z"},"country":"United Kingdom","OPM":13,"total_sales_volume":1274.529992699623,"rate_of_return":0.0}
{"window":{"start":"2023-10-23T16:02:00.000Z","end":"2023-10-23T16:03:00.000Z"},"country":"Hong Kong","OPM":1,"total_sales_volume":106.87999844551086,"rate_of_return":0.0}
{"window":{"start":"2023-10-25T22:33:00.000Z","end":"2023-10-25T22:34:00.000Z"},"country":"United Kingdom","OPM":8,"total_sales_volume":382.00000393390656,"rate_of_return":0.125}
{"window":{"start":"2023-10-26T23:35:00.000Z","end":"2023-10-26T23:36:00.000Z"},"country":"Italy","OPM":1,"total_sales_volume":674.8899779319763,"rate_of_return":0.0}
{"window":{"start":"2023-10-27T11:45:00.000Z","end":"2023-10-27T11:46:00.000Z"},"country":"United Kingdom","OPM":5,"total_sales_volume":653.8599931001663,"rate_of_return":0.0}
{"window":{"start":"2023-10-26T23:25:00.000Z","end":"2023-10-26T23:26:00.000Z"},"country":"Germany","OPM":1,"total_sales_volume":67.22000020742416,"rate_of_return":0.0}
{"window":{"start":"2023-10-27T05:22:00.000Z","end":"2023-10-27T05:23:00.000Z"},"country":"Spain","OPM":1,"total_sales_volume":53.399999380111694,"rate_of_return":0.0}
{"window":{"start":"2023-10-25T14:12:00.000Z","end":"2023-10-25T14:13:00.000Z"},"country":"EIRE","OPM":1,"total_sales_volume":71.34999933838844,"rate_of_return":0.0}
{"window":{"start":"2023-10-25T08:25:00.000Z","end":"2023-10-25T08:26:00.000Z"},"country":"France","OPM":1,"total_sales_volume":11.899999618530273,"rate_of_return":0.0}
{"window":{"start":"2023-10-25T16:58:00.000Z","end":"2023-10-25T16:59:00.000Z"},"country":"United Kingdom","OPM":7,"total_sales_volume":325.0299981236458,"rate_of_return":0.0}
{"window":{"start":"2023-10-27T20:48:00.000Z","end":"2023-10-27T20:49:00.000Z"},"country":"United Kingdom","OPM":7,"total_sales_volume":325.2099987268448,"rate_of_return":0.0}
{"window":{"start":"2023-10-24T11:32:00.000Z","end":"2023-10-24T11:33:00.000Z"},"country":"Cyprus","OPM":1,"total_sales_volume":108.46000111103058,"rate_of_return":0.0}
{"window":{"start":"2023-10-27T06:59:00.000Z","end":"2023-10-27T07:00:00.000Z"},"country":"Germany","OPM":1,"total_sales_volume":10.989999651908875,"rate_of_return":0.0}
{"window":{"start":"2023-10-23T21:46:00.000Z","end":"2023-10-23T21:47:00.000Z"},"country":"United Kingdom","OPM":8,"total_sales_volume":655.6300116181374,"rate_of_return":0.0}
{"window":{"start":"2023-10-25T10:22:00.000Z","end":"2023-10-25T10:23:00.000Z"},"country":"United Kingdom","OPM":6,"total_sales_volume":220.25999933481216,"rate_of_return":0.16666666666666666}
{"window":{"start":"2023-10-24T00:50:00.000Z","end":"2023-10-24T00:51:00.000Z"},"country":"Portugal","OPM":1,"total_sales_volume":9.110000252723694,"rate_of_return":0.0}
{"window":{"start":"2023-10-27T18:11:00.000Z","end":"2023-10-27T18:12:00.000Z"},"country":"United Kingdom","OPM":6,"total_sales_volume":330.52999913692474,"rate_of_return":0.0}
{"window":{"start":"2023-10-27T05:43:00.000Z","end":"2023-10-27T05:44:00.000Z"},"country":"United Kingdom","OPM":5,"total_sales_volume":280.3199999332428,"rate_of_return":0.0}
{"window":{"start":"2023-10-23T20:28:00.000Z","end":"2023-10-23T20:29:00.000Z"},"country":"United Kingdom","OPM":12,"total_sales_volume":668.3799795210361,"rate_of_return":0.08333333333333333}
{"window":{"start":"2023-10-27T16:59:00.000Z","end":"2023-10-27T17:00:00.000Z"},"country":"United Kingdom","OPM":11,"total_sales_volume":1675.519961297512,"rate_of_return":0.0}
{"window":{"start":"2023-10-24T11:28:00.000Z","end":"2023-10-24T11:29:00.000Z"},"country":"United Kingdom","OPM":6,"total_sales_volume":1113.9499864578247,"rate_of_return":0.0}
{"window":{"start":"2023-10-26T12:32:00.000Z","end":"2023-10-26T12:33:00.000Z"},"country":"United Kingdom","OPM":7,"total_sales_volume":280.6799982190132,"rate_of_return":0.14285714285714285}
{"window":{"start":"2023-10-24T15:58:00.000Z","end":"2023-10-24T15:59:00.000Z"},"country":"France","OPM":1,"total_sales_volume":826.0000228881836,"rate_of_return":0.0}
{"window":{"start":"2023-10-26T15:58:00.000Z","end":"2023-10-26T15:59:00.000Z"},"country":"EIRE","OPM":1,"total_sales_volume":63.63999938964844,"rate_of_return":0.0}
{"window":{"start":"2023-10-25T15:05:00.000Z","end":"2023-10-25T15:06:00.000Z"},"country":"France","OPM":1,"total_sales_volume":122.39999771118164,"rate_of_return":0.0}
{"window":{"start":"2023-10-27T17:39:00.000Z","end":"2023-10-27T17:40:00.000Z"},"country":"Israel","OPM":1,"total_sales_volume":26.600000381469727,"rate_of_return":0.0}
{"window":{"start":"2023-10-27T01:39:00.000Z","end":"2023-10-27T01:40:00.000Z"},"country":"United Kingdom","OPM":11,"total_sales_volume":552.7300010025501,"rate_of_return":0.18181818181818182}
{"window":{"start":"2023-10-25T13:21:00.000Z","end":"2023-10-25T13:22:00.000Z"},"country":"Norway","OPM":1,"total_sales_volume":51.42000102996826,"rate_of_return":0.0}
{"window":{"start":"2023-10-27T16:05:00.000Z","end":"2023-10-27T16:06:00.000Z"},"country":"United Kingdom","OPM":10,"total_sales_volume":762.859999269247,"rate_of_return":0.0}
{"window":{"start":"2023-10-26T03:39:00.000Z","end":"2023-10-26T03:40:00.000Z"},"country":"Belgium","OPM":1,"total_sales_volume":-151.83999758958817,"rate_of_return":1.0}
{"window":{"start":"2023-10-25T17:51:00.000Z","end":"2023-10-25T17:52:00.000Z"},"country":"United Kingdom","OPM":13,"total_sales_volume":1010.6799960434437,"rate_of_return":0.15384615384615385}
{"window":{"start":"2023-10-25T00:31:00.000Z","end":"2023-10-25T00:32:00.000Z"},"country":"United Kingdom","OPM":9,"total_sales_volume":946.1199997961521,"rate_of_return":0.0}
{"window":{"start":"2023-10-26T01:11:00.000Z","end":"2023-10-26T01:12:00.000Z"},"country":"Germany","OPM":1,"total_sales_volume":58.50000047683716,"rate_of_return":0.0}
{"window":{"start":"2023-10-26T06:03:00.000Z","end":"2023-10-26T06:04:00.000Z"},"country":"United Kingdom","OPM":4,"total_sales_volume":118.81000047922134,"rate_of_return":0.0}
{"window":{"start":"2023-10-24T21:42:00.000Z","end":"2023-10-24T21:43:00.000Z"},"country":"United Kingdom","OPM":9,"total_sales_volume":518.1199947297573,"rate_of_return":0.0}
{"window":{"start":"2023-10-27T22:08:00.000Z","end":"2023-10-27T22:09:00.000Z"},"country":"Norway","OPM":1,"total_sales_volume":16.49999976158142,"rate_of_return":0.0}
{"window":{"start":"2023-10-24T23:41:00.000Z","end":"2023-10-24T23:42:00.000Z"},"country":"France","OPM":1,"total_sales_volume":27.8499995470047,"rate_of_return":0.0}
{"window":{"start":"2023-10-25T11:33:00.000Z","end":"2023-10-25T11:34:00.000Z"},"country":"Germany","OPM":1,"total_sales_volume":10.829999923706055,"rate_of_return":0.0}
{"window":{"start":"2023-10-25T07:46:00.000Z","end":"2023-10-25T07:47:00.000Z"},"country":"United Kingdom","OPM":11,"total_sales_volume":303.66999849677086,"rate_of_return":0.09090909090909091}
{"window":{"start":"2023-10-24T12:34:00.000Z","end":"2023-10-24T12:35:00.000Z"},"country":"Germany","OPM":1,"total_sales_volume":-0.8299999833106995,"rate_of_return":1.0}
{"window":{"start":"2023-10-28T00:57:00.000Z","end":"2023-10-28T00:58:00.000Z"},"country":"United Kingdom","OPM":11,"total_sales_volume":2222.039978981018,"rate_of_return":0.09090909090909091}
{"window":{"start":"2023-10-25T02:57:00.000Z","end":"2023-10-25T02:58:00.000Z"},"country":"United Kingdom","OPM":8,"total_sales_volume":533.7900074124336,"rate_of_return":0.0}
{"window":{"start":"2023-10-25T01:16:00.000Z","end":"2023-10-25T01:17:00.000Z"},"country":"United Kingdom","OPM":13,"total_sales_volume":530.5499981567264,"rate_of_return":0.07692307692307693}
{"window":{"start":"2023-10-27T05:19:00.000Z","end":"2023-10-27T05:20:00.000Z"},"country":"United Kingdom","OPM":11,"total_sales_volume":747.7799908816814,"rate_of_return":0.09090909090909091}
{"window":{"start":"2023-10-27T16:07:00.000Z","end":"2023-10-27T16:08:00.000Z"},"country":"United Kingdom","OPM":5,"total_sales_volume":126.03999876976013,"rate_of_return":0.0}
{"window":{"start":"2023-10-26T01:18:00.000Z","end":"2023-10-26T01:19:00.000Z"},"country":"Germany","OPM":1,"total_sales_volume":8.289999961853027,"rate_of_return":0.0}
{"window":{"start":"2023-10-23T23:08:00.000Z","end":"2023-10-23T23:09:00.000Z"},"country":"EIRE","OPM":1,"total_sales_volume":35.55000078678131,"rate_of_return":0.0}
{"window":{"start":"2023-10-27T01:15:00.000Z","end":"2023-10-27T01:16:00.000Z"},"country":"United Kingdom","OPM":12,"total_sales_volume":1062.1399834007025,"rate_of_return":0.0}
{"window":{"start":"2023-10-28T00:31:00.000Z","end":"2023-10-28T00:32:00.000Z"},"country":"Germany","OPM":1,"total_sales_volume":26.049998879432678,"rate_of_return":0.0}
{"window":{"start":"2023-10-23T16:01:00.000Z","end":"2023-10-23T16:02:00.000Z"},"country":"United Kingdom","OPM":11,"total_sales_volume":405.8799965083599,"rate_of_return":0.0}
{"window":{"start":"2023-10-27T14:49:00.000Z","end":"2023-10-27T14:50:00.000Z"},"country":"United Kingdom","OPM":6,"total_sales_volume":244.6499997973442,"rate_of_return":0.0}
{"window":{"start":"2023-10-26T05:51:00.000Z","end":"2023-10-26T05:52:00.000Z"},"country":"France","OPM":1,"total_sales_volume":6.9599997997283936,"rate_of_return":0.0}
{"window":{"start":"2023-10-23T20:23:00.000Z","end":"2023-10-23T20:24:00.000Z"},"country":"Italy","OPM":1,"total_sales_volume":199.0200003683567,"rate_of_return":0.0}
{"window":{"start":"2023-10-24T19:52:00.000Z","end":"2023-10-24T19:53:00.000Z"},"country":"Germany","OPM":1,"total_sales_volume":61.529998779296875,"rate_of_return":0.0}
{"window":{"start":"2023-10-27T17:45:00.000Z","end":"2023-10-27T17:46:00.000Z"},"country":"United Kingdom","OPM":7,"total_sales_volume":336.83999383449554,"rate_of_return":0.14285714285714285}
