{"window":{"start":"2023-10-27T12:28:00.000Z","end":"2023-10-27T12:29:00.000Z"},"country":"United Kingdom","OPM":4,"total_sales_volume":748.0399857759476,"rate_of_return":0.0}
{"window":{"start":"2023-10-27T00:35:00.000Z","end":"2023-10-27T00:36:00.000Z"},"country":"Poland","OPM":1,"total_sales_volume":126.7699990272522,"rate_of_return":0.0}
{"window":{"start":"2023-10-23T17:19:00.000Z","end":"2023-10-23T17:20:00.000Z"},"country":"United Kingdom","OPM":8,"total_sales_volume":825.3699948787689,"rate_of_return":0.0}
{"window":{"start":"2023-10-27T23:44:00.000Z","end":"2023-10-27T23:45:00.000Z"},"country":"Denmark","OPM":1,"total_sales_volume":113.9499979019165,"rate_of_return":0.0}
{"window":{"start":"2023-10-24T05:07:00.000Z","end":"2023-10-24T05:08:00.000Z"},"country":"France","OPM":1,"total_sales_volume":37.3799991607666,"rate_of_return":0.0}
{"window":{"start":"2023-10-27T14:53:00.000Z","end":"2023-10-27T14:54:00.000Z"},"country":"United Kingdom","OPM":10,"total_sales_volume":436.5000092983246,"rate_of_return":0.1}
{"window":{"start":"2023-10-24T05:39:00.000Z","end":"2023-10-24T05:40:00.000Z"},"country":"United Kingdom","OPM":14,"total_sales_volume":1486.1899941265583,"rate_of_return":0.07142857142857142}
{"window":{"start":"2023-10-26T10:53:00.000Z","end":"2023-10-26T10:54:00.000Z"},"country":"United Kingdom","OPM":12,"total_sales_volume":1458.6100090444088,"rate_of_return":0.08333333333333333}
{"window":{"start":"2023-10-23T20:05:00.000Z","end":"2023-10-23T20:06:00.000Z"},"country":"United Kingdom","OPM":10,"total_sales_volume":1103.1699999570847,"rate_of_return":0.0}
{"window":{"start":"2023-10-25T15:18:00.000Z","end":"2023-10-25T15:19:00.000Z"},"country":"United Kingdom","OPM":13,"total_sales_volume":241.3399964272976,"rate_of_return":0.15384615384615385}
{"window":{"start":"2023-10-25T18:54:00.000Z","end":"2023-10-25T18:55:00.000Z"},"country":"United Kingdom","OPM":8,"total_sales_volume":720.5699976980686,"rate_of_return":0.0}
{"window":{"start":"2023-10-26T13:32:00.000Z","end":"2023-10-26T13:33:00.000Z"},"country":"Germany","OPM":2,"total_sales_volume":31.929999470710754,"rate_of_return":0.0}
{"window":{"start":"2023-10-25T02:00:00.000Z","end":"2023-10-25T02:01:00.000Z"},"country":"Belgium","OPM":1,"total_sales_volume":133.99999698996544,"rate_of_return":0.0}
{"window":{"start":"2023-10-24T17:52:00.000Z","end":"2023-10-24T17:53:00.000Z"},"country":"Spain","OPM":1,"total_sales_volume":16.1299991607666,"rate_of_return":0.0}
{"window":{"start":"2023-10-26T09:07:00.000Z","end":"2023-10-26T09:08:00.000Z"},"country":"United Kingdom","OPM":9,"total_sales_volume":470.570001155138,"rate_of_return":0.0}
{"window":{"start":"2023-10-27T14:07:00.000Z","end":"2023-10-27T14:08:00.000Z"},"country":"Spain","OPM":1,"total_sales_volume":-104.89999902248383,"rate_of_return":1.0}
{"window":{"start":"2023-10-24T03:17:00.000Z","end":"2023-10-24T03:18:00.000Z"},"country":"United Kingdom","OPM":8,"total_sales_volume":1293.5199870467186,"rate_of_return":0.0}
{"window":{"start":"2023-10-26T10:31:00.000Z","end":"2023-10-26T10:32:00.000Z"},"country":"United Kingdom","OPM":4,"total_sales_volume":78.0700024664402,"rate_of_return":0.5}
{"window":{"start":"2023-10-25T13:04:00.000Z","end":"2023-10-25T13:05:00.000Z"},"country":"Germany","OPM":1,"total_sales_volume":102.85000050067902,"rate_of_return":0.0}
{"window":{"start":"2023-10-24T09:11:00.000Z","end":"2023-10-24T09:12:00.000Z"},"country":"United Kingdom","OPM":11,"total_sales_volume":637.1699966788292,"rate_of_return":0.09090909090909091}
{"window":{"start":"2023-10-27T05:56:00.000Z","end":"2023-10-27T05:57:00.000Z"},"country":"Channel Islands","OPM":1,"total_sales_volume":40.30999970436096,"rate_of_return":0.0}
{"window":{"start":"2023-10-27T10:11:00.000Z","end":"2023-10-27T10:12:00.000Z"},"country":"Japan","OPM":1,"total_sales_volume":3.0,"rate_of_return":0.0}
{"window":{"start":"2023-10-24T23:54:00.000Z","end":"2023-10-24T23:55:00.000Z"},"country":"Portugal","OPM":1,"total_sales_volume":19.899999618530273,"rate_of_return":0.0}
{"window":{"start":"2023-10-25T12:52:00.000Z","end":"2023-10-25T12:53:00.000Z"},"country":"Germany","OPM":2,"total_sales_volume":-1.25,"rate_of_return":0.5}
{"window":{"start":"2023-10-26T11:38:00.000Z","end":"2023-10-26T11:39:00.000Z"},"country":"United Kingdom","OPM":12,"total_sales_volume":1188.5599888265133,"rate_of_return":0.08333333333333333}
{"window":{"start":"2023-10-26T22:08:00.000Z","end":"2023-10-26T22:09:00.000Z"},"country":"EIRE","OPM":1,"total_sales_volume":50.059998989105225,"rate_of_return":0.0}
{"window":{"start":"2023-10-25T16:12:00.000Z","end":"2023-10-25T16:13:00.000Z"},"country":"Finland","OPM":1,"total_sales_volume":138.22999954223633,"rate_of_return":0.0}
{"window":{"start":"2023-10-26T15:45:00.000Z","end":"2023-10-26T15:46:00.000Z"},"country":"United Kingdom","OPM":5,"total_sales_volume":312.039999961853,"rate_of_return":0.0}
{"window":{"start":"2023-10-27T05:20:00.000Z","end":"2023-10-27T05:21:00.000Z"},"country":"United Kingdom","OPM":7,"total_sales_volume":431.31999614834785,"rate_of_return":0.14285714285714285}
{"window":{"start":"2023-10-25T04:16:00.000Z","end":"2023-10-25T04:17:00.000Z"},"country":"United Kingdom","OPM":14,"total_sales_volume":698.4999920129776,"rate_of_return":0.07142857142857142}
{"window":{"start":"2023-10-26T23:39:00.000Z","end":"2023-10-26T23:40:00.000Z"},"country":"United Kingdom","OPM":8,"total_sales_volume":779.3199848234653,"rate_of_return":0.0}
{"window":{"start":"2023-10-24T09:25:00.000Z","end":"2023-10-24T09:26:00.000Z"},"country":"United Kingdom","OPM":8,"total_sales_volume":401.4800004065037,"rate_of_return":0.125}
{"window":{"start":"2023-10-25T21:03:00.000Z","end":"2023-10-25T21:04:00.000Z"},"country":"United Kingdom","OPM":17,"total_sales_volume":832.639994084835,"rate_of_return":0.0}
{"window":{"start":"2023-10-24T02:40:00.000Z","end":"2023-10-24T02:41:00.000Z"},"country":"United Kingdom","OPM":6,"total_sales_volume":153.82999897003174,"rate_of_return":0.0}
{"window":{"start":"2023-10-27T23:10:00.000Z","end":"2023-10-27T23:11:00.000Z"},"country":"Iceland","OPM":1,"total_sales_volume":5.0,"rate_of_return":0.0}
{"window":{"start":"2023-10-23T20:15:00.000Z","end":"2023-10-23T20:16:00.000Z"},"country":"Germany","OPM":1,"total_sales_volume":99.54999929666519,"rate_of_return":0.0}
{"window":{"start":"2023-10-24T17:51:00.000Z","end":"2023-10-24T17:52:00.000Z"},"country":"Australia","OPM":1,"total_sales_volume":22.989999890327454,"rate_of_return":0.0}
{"window":{"start":"2023-10-27T18:45:00.000Z","end":"2023-10-27T18:46:00.000Z"},"country":"Sweden","OPM":1,"total_sales_volume":153.06999683380127,"rate_of_return":0.0}
{"window":{"start":"2023-10-25T11:20:00.000Z","end":"2023-10-25T11:21:00.000Z"},"country":"Germany","OPM":1,"total_sales_volume":44.74000120162964,"rate_of_return":0.0}
{"window":{"start":"2023-10-28T02:47:00.000Z","end":"2023-10-28T02:48:00.000Z"},"country":"Germany","OPM":1,"total_sales_volume":54.09000006318092,"rate_of_return":0.0}
{"window":{"start":"2023-10-26T02:41:00.000Z","end":"2023-10-26T02:42:00.000Z"},"country":"United Kingdom","OPM":7,"total_sales_volume":455.42999801039696,"rate_of_return":0.14285714285714285}
{"window":{"start":"2023-10-26T01:31:00.000Z","end":"2023-10-26T01:32:00.000Z"},"country":"Australia","OPM":1,"total_sales_volume":-5.1000001430511475,"rate_of_return":1.0}
{"window":{"start":"2023-10-27T19:47:00.000Z","end":"2023-10-27T19:48:00.000Z"},"country":"Switzerland","OPM":1,"total_sales_volume":71.21999895572662,"rate_of_return":0.0}
{"window":{"start":"2023-10-26T12:37:00.000Z","end":"2023-10-26T12:38:00.000Z"},"country":"United Kingdom","OPM":9,"total_sales_volume":2369.56995947659,"rate_of_return":0.0}
{"window":{"start":"2023-10-27T06:01:00.000Z","end":"2023-10-27T06:02:00.000Z"},"country":"United Kingdom","OPM":9,"total_sales_volume":850.7999966144562,"rate_of_return":0.0}
{"window":{"start":"2023-10-27T14:27:00.000Z","end":"2023-10-27T14:28:00.000Z"},"country":"Belgium","OPM":1,"total_sales_volume":-99.59999752044678,"rate_of_return":1.0}
{"window":{"start":"2023-10-27T06:54:00.000Z","end":"2023-10-27T06:55:00.000Z"},"country":"France","OPM":2,"total_sales_volume":27.420000076293945,"rate_of_return":0.0}
{"window":{"start":"2023-10-25T01:22:00.000Z","end":"2023-10-25T01:23:00.000Z"},"country":"Poland","OPM":1,"total_sales_volume":92.83999827504158,"rate_of_return":0.0}
{"window":{"start":"2023-10-26T18:22:00.000Z","end":"2023-10-26T18:23:00.000Z"},"country":"United Kingdom","OPM":12,"total_sales_volume":1219.76998847723,"rate_of_return":0.0}
{"window":{"start":"2023-10-24T17:17:00.000Z","end":"2023-10-24T17:18:00.000Z"},"country":"United Kingdom","OPM":13,"total_sales_volume":650.3199906945229,"rate_of_return":0.07692307692307693}
{"window":{"start":"2023-10-27T02:18:00.000Z","end":"2023-10-27T02:19:00.000Z"},"country":"Switzerland","OPM":1,"total_sales_volume":-9.619999676942825,"rate_of_return":1.0}
{"window":{"start":"2023-10-24T03:08:00.000Z","end":"2023-10-24T03:09:00.000Z"},"country":"Belgium","OPM":1,"total_sales_volume":38.959999799728394,"rate_of_return":0.0}
{"window":{"start":"2023-10-24T10:02:00.000Z","end":"2023-10-24T10:03:00.000Z"},"country":"United Kingdom","OPM":13,"total_sales_volume":4284.389998830855,"rate_of_return":0.0}
{"window":{"start":"2023-10-27T03:41:00.000Z","end":"2023-10-27T03:42:00.000Z"},"country":"Germany","OPM":1,"total_sales_volume":4.979999899864197,"rate_of_return":0.0}
{"window":{"start":"2023-10-27T13:26:00.000Z","end":"2023-10-27T13:27:00.000Z"},"country":"EIRE","OPM":1,"total_sales_volume":5.789999961853027,"rate_of_return":0.0}
{"window":{"start":"2023-10-25T08:44:00.000Z","end":"2023-10-25T08:45:00.000Z"},"country":"Cyprus","OPM":1,"total_sales_volume":24.729999780654907,"rate_of_return":0.0}
{"window":{"start":"2023-10-23T17:51:00.000Z","end":"2023-10-23T17:52:00.000Z"},"country":"United Kingdom","OPM":6,"total_sales_volume":866.2199945151806,"rate_of_return":0.0}
{"window":{"start":"2023-10-23T13:23:00.000Z","end":"2023-10-23T13:24:00.000Z"},"country":"United Kingdom","OPM":7,"total_sales_volume":918.3500108122826,"rate_of_return":0.0}
{"window":{"start":"2023-10-24T21:21:00.000Z","end":"2023-10-24T21:22:00.000Z"},"country":"United Kingdom","OPM":9,"total_sales_volume":1729.6299872249365,"rate_of_return":0.1111111111111111}
