{"window":{"start":"2023-10-25T00:44:00.000Z","end":"2023-10-25T00:45:00.000Z"},"country":"United Kingdom","OPM":6,"total_sales_volume":443.0199974179268,"rate_of_return":0.0}
{"window":{"start":"2023-10-28T01:33:00.000Z","end":"2023-10-28T01:34:00.000Z"},"country":"France","OPM":1,"total_sales_volume":-4.199999809265137,"rate_of_return":1.0}
{"window":{"start":"2023-10-27T12:03:00.000Z","end":"2023-10-27T12:04:00.000Z"},"country":"United Kingdom","OPM":8,"total_sales_volume":265.5099986195564,"rate_of_return":0.125}
{"window":{"start":"2023-10-24T12:16:00.000Z","end":"2023-10-24T12:17:00.000Z"},"country":"United Kingdom","OPM":5,"total_sales_volume":944.1599931120872,"rate_of_return":0.0}
{"window":{"start":"2023-10-23T18:09:00.000Z","end":"2023-10-23T18:10:00.000Z"},"country":"Germany","OPM":1,"total_sales_volume":23.549999713897705,"rate_of_return":0.0}
{"window":{"start":"2023-10-24T07:55:00.000Z","end":"2023-10-24T07:56:00.000Z"},"country":"EIRE","OPM":1,"total_sales_volume":55.150001764297485,"rate_of_return":0.0}
{"window":{"start":"2023-10-26T01:13:00.000Z","end":"2023-10-26T01:14:00.000Z"},"country":"United Kingdom","OPM":6,"total_sales_volume":-71.39999768137932,"rate_of_return":0.3333333333333333}
{"window":{"start":"2023-10-23T16:38:00.000Z","end":"2023-10-23T16:39:00.000Z"},"country":"Sweden","OPM":1,"total_sales_volume":104.0300008058548,"rate_of_return":0.0}
{"window":{"start":"2023-10-23T19:14:00.000Z","end":"2023-10-23T19:15:00.000Z"},"country":"Germany","OPM":1,"total_sales_volume":274.09999203681946,"rate_of_return":0.0}
{"window":{"start":"2023-10-27T22:20:00.000Z","end":"2023-10-27T22:21:00.000Z"},"country":"United Kingdom","OPM":9,"total_sales_volume":940.7899973988533,"rate_of_return":0.0}
{"window":{"start":"2023-10-26T22:15:00.000Z","end":"2023-10-26T22:16:00.000Z"},"country":"Belgium","OPM":1,"total_sales_volume":3.75,"rate_of_return":0.0}
{"window":{"start":"2023-10-28T01:06:00.000Z","end":"2023-10-28T01:07:00.000Z"},"country":"United Kingdom","OPM":13,"total_sales_volume":856.0399881601334,"rate_of_return":0.0}
{"window":{"start":"2023-10-26T08:50:00.000Z","end":"2023-10-26T08:51:00.000Z"},"country":"France","OPM":2,"total_sales_volume":154.19999933242798,"rate_of_return":0.0}
{"window":{"start":"2023-10-28T04:34:00.000Z","end":"2023-10-28T04:35:00.000Z"},"country":"United Kingdom","OPM":9,"total_sales_volume":1034.5500046610832,"rate_of_return":0.1111111111111111}
{"window":{"start":"2023-10-27T19:40:00.000Z","end":"2023-10-27T19:41:00.000Z"},"country":"France","OPM":1,"total_sales_volume":49.970001220703125,"rate_of_return":0.0}
{"window":{"start":"2023-10-25T05:20:00.000Z","end":"2023-10-25T05:21:00.000Z"},"country":"Germany","OPM":1,"total_sales_volume":123.29999995231628,"rate_of_return":0.0}
{"window":{"start":"2023-10-23T19:52:00.000Z","end":"2023-10-23T19:53:00.000Z"},"country":"United Kingdom","OPM":13,"total_sales_volume":1195.5299829021096,"rate_of_return":0.0}
{"window":{"start":"2023-10-24T21:49:00.000Z","end":"2023-10-24T21:50:00.000Z"},"country":"Norway","OPM":1,"total_sales_volume":4.130000114440918,"rate_of_return":0.0}
{"window":{"start":"2023-10-26T07:34:00.000Z","end":"2023-10-26T07:35:00.000Z"},"country":"United Kingdom","OPM":11,"total_sales_volume":1769.5800216794014,"rate_of_return":0.09090909090909091}
{"window":{"start":"2023-10-27T16:33:00.000Z","end":"2023-10-27T16:34:00.000Z"},"country":"France","OPM":1,"total_sales_volume":39.59999942779541,"rate_of_return":0.0}
{"window":{"start":"2023-10-24T04:43:00.000Z","end":"2023-10-24T04:44:00.000Z"},"country":"United Kingdom","OPM":13,"total_sales_volume":744.0000046491623,"rate_of_return":0.0}
{"window":{"start":"2023-10-24T20:35:00.000Z","end":"2023-10-24T20:36:00.000Z"},"country":"EIRE","OPM":1,"total_sales_volume":89.53999772667885,"rate_of_return":0.0}
{"window":{"start":"2023-10-23T15:08:00.000Z","end":"2023-10-23T15:09:00.000Z"},"country":"France","OPM":1,"total_sales_volume":26.159999758005142,"rate_of_return":0.0}
{"window":{"start":"2023-10-24T23:23:00.000Z","end":"2023-10-24T23:24:00.000Z"},"country":"United Kingdom","OPM":12,"total_sales_volume":913.9900267422199,"rate_of_return":0.0}
{"window":{"start":"2023-10-25T12:58:00.000Z","end":"2023-10-25T12:59:00.000Z"},"country":"United Kingdom","OPM":14,"total_sales_volume":1372.81997564435,"rate_of_return":0.0}
{"window":{"start":"2023-10-25T12:39:00.000Z","end":"2023-10-25T12:40:00.000Z"},"country":"Portugal","OPM":1,"total_sales_volume":21.519999980926514,"rate_of_return":0.0}
{"window":{"start":"2023-10-26T19:35:00.000Z","end":"2023-10-26T19:36:00.000Z"},"country":"United Kingdom","OPM":10,"total_sales_volume":1251.4699654579163,"rate_of_return":0.1}
{"window":{"start":"2023-10-26T17:10:00.000Z","end":"2023-10-26T17:11:00.000Z"},"country":"Belgium","OPM":1,"total_sales_volume":35.330000042915344,"rate_of_return":0.0}
{"window":{"start":"2023-10-28T02:50:00.000Z","end":"2023-10-28T02:51:00.000Z"},"country":"United Kingdom","OPM":7,"total_sales_volume":519.3099977970123,"rate_of_return":0.0}
{"window":{"start":"2023-10-25T06:41:00.000Z","end":"2023-10-25T06:42:00.000Z"},"country":"United Kingdom","OPM":12,"total_sales_volume":-30.299993336200714,"rate_of_return":0.08333333333333333}
{"window":{"start":"2023-10-26T08:30:00.000Z","end":"2023-10-26T08:31:00.000Z"},"country":"United Kingdom","OPM":15,"total_sales_volume":1328.6799986362457,"rate_of_return":0.0}
{"window":{"start":"2023-10-25T00:51:00.000Z","end":"2023-10-25T00:52:00.000Z"},"country":"United Kingdom","OPM":13,"total_sales_volume":796.119998216629,"rate_of_return":0.0}
{"window":{"start":"2023-10-26T03:45:00.000Z","end":"2023-10-26T03:46:00.000Z"},"country":"EIRE","OPM":1,"total_sales_volume":69.66000008583069,"rate_of_return":0.0}
{"window":{"start":"2023-10-27T04:46:00.000Z","end":"2023-10-27T04:47:00.000Z"},"country":"Spain","OPM":1,"total_sales_volume":59.52000045776367,"rate_of_return":0.0}
{"window":{"start":"2023-10-27T20:09:00.000Z","end":"2023-10-27T20:10:00.000Z"},"country":"United Kingdom","OPM":12,"total_sales_volume":1169.230000168085,"rate_of_return":0.0}
{"window":{"start":"2023-10-25T20:27:00.000Z","end":"2023-10-25T20:28:00.000Z"},"country":"United Kingdom","OPM":8,"total_sales_volume":129.76000022888184,"rate_of_return":0.125}
{"window":{"start":"2023-10-26T00:32:00.000Z","end":"2023-10-26T00:33:00.000Z"},"country":"United Kingdom","OPM":5,"total_sales_volume":142.6699986755848,"rate_of_return":0.0}
{"window":{"start":"2023-10-28T02:08:00.000Z","end":"2023-10-28T02:09:00.000Z"},"country":"United Kingdom","OPM":11,"total_sales_volume":791.9399891793728,"rate_of_return":0.0}
{"window":{"start":"2023-10-26T12:18:00.000Z","end":"2023-10-26T12:19:00.000Z"},"country":"United Kingdom","OPM":5,"total_sales_volume":36.05000042915344,"rate_of_return":0.2}
{"window":{"start":"2023-10-27T02:13:00.000Z","end":"2023-10-27T02:14:00.000Z"},"country":"France","OPM":1,"total_sales_volume":68.31999921798706,"rate_of_return":0.0}
{"window":{"start":"2023-10-23T22:23:00.000Z","end":"2023-10-23T22:24:00.000Z"},"country":"United Kingdom","OPM":9,"total_sales_volume":277.2999994158745,"rate_of_return":0.0}
{"window":{"start":"2023-10-24T20:12:00.000Z","end":"2023-10-24T20:13:00.000Z"},"country":"United Kingdom","OPM":14,"total_sales_volume":507.8600050210953,"rate_of_return":0.07142857142857142}
{"window":{"start":"2023-10-27T12:33:00.000Z","end":"2023-10-27T12:34:00.000Z"},"country":"France","OPM":1,"total_sales_volume":20.749999582767487,"rate_of_return":0.0}
{"window":{"start":"2023-10-27T04:59:00.000Z","end":"2023-10-27T05:00:00.000Z"},"country":"Germany","OPM":1,"total_sales_volume":55.499999046325684,"rate_of_return":0.0}
{"window":{"start":"2023-10-25T01:30:00.000Z","end":"2023-10-25T01:31:00.000Z"},"country":"United Kingdom","OPM":13,"total_sales_volume":722.51999604702,"rate_of_return":0.07692307692307693}
{"window":{"start":"2023-10-24T02:14:00.000Z","end":"2023-10-24T02:15:00.000Z"},"country":"United Kingdom","OPM":13,"total_sales_volume":720.539998114109,"rate_of_return":0.07692307692307693}
{"window":{"start":"2023-10-23T16:24:00.000Z","end":"2023-10-23T16:25:00.000Z"},"country":"Spain","OPM":1,"total_sales_volume":140.04999965429306,"rate_of_return":0.0}
{"window":{"start":"2023-10-27T18:18:00.000Z","end":"2023-10-27T18:19:00.000Z"},"country":"United Kingdom","OPM":9,"total_sales_volume":943.0700074136257,"rate_of_return":0.1111111111111111}
{"window":{"start":"2023-10-26T06:32:00.000Z","end":"2023-10-26T06:33:00.000Z"},"country":"United Kingdom","OPM":6,"total_sales_volume":280.5899985432625,"rate_of_return":0.0}
{"window":{"start":"2023-10-25T23:27:00.000Z","end":"2023-10-25T23:28:00.000Z"},"country":"United Kingdom","OPM":11,"total_sales_volume":290.4599958062172,"rate_of_return":0.0}
{"window":{"start":"2023-10-27T03:48:00.000Z","end":"2023-10-27T03:49:00.000Z"},"country":"EIRE","OPM":1,"total_sales_volume":7.039999961853027,"rate_of_return":0.0}
{"window":{"start":"2023-10-25T05:59:00.000Z","end":"2023-10-25T06:00:00.000Z"},"country":"United Kingdom","OPM":9,"total_sales_volume":238.39000046253204,"rate_of_return":0.1111111111111111}
{"window":{"start":"2023-10-24T20:46:00.000Z","end":"2023-10-24T20:47:00.000Z"},"country":"United Kingdom","OPM":12,"total_sales_volume":923.8499990105629,"rate_of_return":0.0}
{"window":{"start":"2023-10-25T20:15:00.000Z","end":"2023-10-25T20:16:00.000Z"},"country":"United Kingdom","OPM":7,"total_sales_volume":1210.6300212740898,"rate_of_return":0.14285714285714285}
{"window":{"start":"2023-10-26T00:21:00.000Z","end":"2023-10-26T00:22:00.000Z"},"country":"Netherlands","OPM":1,"total_sales_volume":158.39999771118164,"rate_of_return":0.0}
{"window":{"start":"2023-10-23T14:52:00.000Z","end":"2023-10-23T14:53:00.000Z"},"country":"France","OPM":1,"total_sales_volume":5.339999794960022,"rate_of_return":0.0}
{"window":{"start":"2023-10-24T21:06:00.000Z","end":"2023-10-24T21:07:00.000Z"},"country":"United Kingdom","OPM":10,"total_sales_volume":164.07999885082245,"rate_of_return":0.0}
{"window":{"start":"2023-10-27T19:14:00.000Z","end":"2023-10-27T19:15:00.000Z"},"country":"United Kingdom","OPM":11,"total_sales_volume":363.02999287843704,"rate_of_return":0.0}
{"window":{"start":"2023-10-27T14:34:00.000Z","end":"2023-10-27T14:35:00.000Z"},"country":"France","OPM":1,"total_sales_volume":291.8900029063225,"rate_of_return":0.0}
{"window":{"start":"2023-10-25T08:05:00.000Z","end":"2023-10-25T08:06:00.000Z"},"country":"Italy","OPM":1,"total_sales_volume":103.74999797344208,"rate_of_return":0.0}
{"window":{"start":"2023-10-24T04:36:00.000Z","end":"2023-10-24T04:37:00.000Z"},"country":"United Kingdom","OPM":9,"total_sales_volume":396.4299971163273,"rate_of_return":0.1111111111111111}
{"window":{"start":"2023-10-25T14:50:00.000Z","end":"2023-10-25T14:51:00.000Z"},"country":"United Kingdom","OPM":9,"total_sales_volume":396.2999995946884,"rate_of_return":0.0}
{"window":{"start":"2023-10-26T04:21:00.000Z","end":"2023-10-26T04:22:00.000Z"},"country":"United Kingdom","OPM":4,"total_sales_volume":105.26999890804291,"rate_of_return":0.25}
{"window":{"start":"2023-10-24T17:38:00.000Z","end":"2023-10-24T17:39:00.000Z"},"country":"Germany","OPM":1,"total_sales_volume":4.949999809265137,"rate_of_return":0.0}
{"window":{"start":"2023-10-27T20:52:00.000Z","end":"2023-10-27T20:53:00.000Z"},"country":"United Kingdom","OPM":11,"total_sales_volume":492.1700022518635,"rate_of_return":0.09090909090909091}
{"window":{"start":"2023-10-24T06:09:00.000Z","end":"2023-10-24T06:10:00.000Z"},"country":"United Kingdom","OPM":7,"total_sales_volume":865.280015707016,"rate_of_return":0.0}
{"window":{"start":"2023-10-24T19:51:00.000Z","end":"2023-10-24T19:52:00.000Z"},"country":"United Kingdom","OPM":8,"total_sales_volume":466.7999960780144,"rate_of_return":0.125}
{"window":{"start":"2023-10-26T07:09:00.000Z","end":"2023-10-26T07:10:00.000Z"},"country":"Germany","OPM":1,"total_sales_volume":46.730000257492065,"rate_of_return":0.0}
{"window":{"start":"2023-10-25T11:23:00.000Z","end":"2023-10-25T11:24:00.000Z"},"country":"Germany","OPM":1,"total_sales_volume":-35.029999017715454,"rate_of_return":1.0}
{"window":{"start":"2023-10-25T17:12:00.000Z","end":"2023-10-25T17:13:00.000Z"},"country":"Singapore","OPM":1,"total_sales_volume":2.549999952316284,"rate_of_return":0.0}
{"window":{"start":"2023-10-25T03:42:00.000Z","end":"2023-10-25T03:43:00.000Z"},"country":"EIRE","OPM":1,"total_sales_volume":-105.51000106334686,"rate_of_return":1.0}
{"window":{"start":"2023-10-27T23:31:00.000Z","end":"2023-10-27T23:32:00.000Z"},"country":"United Kingdom","OPM":10,"total_sales_volume":408.7099964618683,"rate_of_return":0.0}
{"window":{"start":"2023-10-26T10:05:00.000Z","end":"2023-10-26T10:06:00.000Z"},"country":"United Kingdom","OPM":16,"total_sales_volume":1217.9900069534779,"rate_of_return":0.0}
{"window":{"start":"2023-10-27T05:24:00.000Z","end":"2023-10-27T05:25:00.000Z"},"country":"Germany","OPM":1,"total_sales_volume":52.32000005245209,"rate_of_return":0.0}
{"window":{"start":"2023-10-24T01:13:00.000Z","end":"2023-10-24T01:14:00.000Z"},"country":"France","OPM":1,"total_sales_volume":42.900000631809235,"rate_of_return":0.0}
{"window":{"start":"2023-10-24T11:05:00.000Z","end":"2023-10-24T11:06:00.000Z"},"country":"Germany","OPM":1,"total_sales_volume":12.25,"rate_of_return":0.0}
{"window":{"start":"2023-10-24T14:59:00.000Z","end":"2023-10-24T15:00:00.000Z"},"country":"EIRE","OPM":1,"total_sales_volume":107.40000009536743,"rate_of_return":0.0}
{"window":{"start":"2023-10-23T19:27:00.000Z","end":"2023-10-23T19:28:00.000Z"},"country":"United Kingdom","OPM":7,"total_sales_volume":506.6299991309643,"rate_of_return":0.0}
