{"window":{"start":"2023-10-23T16:37:00.000Z","end":"2023-10-23T16:38:00.000Z"},"country":"United Kingdom","OPM":7,"total_sales_volume":606.0599936842918,"rate_of_return":0.14285714285714285}
{"window":{"start":"2023-10-23T16:19:00.000Z","end":"2023-10-23T16:20:00.000Z"},"country":"Germany","OPM":1,"total_sales_volume":31.160000443458557,"rate_of_return":0.0}
{"window":{"start":"2023-10-27T11:58:00.000Z","end":"2023-10-27T11:59:00.000Z"},"country":"Germany","OPM":1,"total_sales_volume":13.25,"rate_of_return":0.0}
{"window":{"start":"2023-10-24T09:32:00.000Z","end":"2023-10-24T09:33:00.000Z"},"country":"United Kingdom","OPM":7,"total_sales_volume":420.4599969983101,"rate_of_return":0.0}
{"window":{"start":"2023-10-26T09:32:00.000Z","end":"2023-10-26T09:33:00.000Z"},"country":"United Kingdom","OPM":8,"total_sales_volume":323.87000143527985,"rate_of_return":0.0}
{"window":{"start":"2023-10-26T08:05:00.000Z","end":"2023-10-26T08:06:00.000Z"},"country":"Germany","OPM":1,"total_sales_volume":36.61999994516373,"rate_of_return":0.0}
{"window":{"start":"2023-10-27T00:00:00.000Z","end":"2023-10-27T00:01:00.000Z"},"country":"United Kingdom","OPM":11,"total_sales_volume":835.8699910640717,"rate_of_return":0.0}
{"window":{"start":"2023-10-27T05:04:00.000Z","end":"2023-10-27T05:05:00.000Z"},"country":"Cyprus","OPM":1,"total_sales_volume":73.04999923706055,"rate_of_return":0.0}
{"window":{"start":"2023-10-26T23:15:00.000Z","end":"2023-10-26T23:16:00.000Z"},"country":"United Kingdom","OPM":11,"total_sales_volume":529.1000006198883,"rate_of_return":0.18181818181818182}
{"window":{"start":"2023-10-27T05:00:00.000Z","end":"2023-10-27T05:01:00.000Z"},"country":"United Kingdom","OPM":7,"total_sales_volume":393.88000243902206,"rate_of_return":0.0}
{"window":{"start":"2023-10-26T23:21:00.000Z","end":"2023-10-26T23:22:00.000Z"},"country":"Italy","OPM":1,"total_sales_volume":0.6499999761581421,"rate_of_return":0.0}
{"window":{"start":"2023-10-27T12:26:00.000Z","end":"2023-10-27T12:27:00.000Z"},"country":"Germany","OPM":1,"total_sales_volume":86.95000004768372,"rate_of_return":0.0}
{"window":{"start":"2023-10-23T21:26:00.000Z","end":"2023-10-23T21:27:00.000Z"},"country":"United Kingdom","OPM":8,"total_sales_volume":381.74000039696693,"rate_of_return":0.0}
{"window":{"start":"2023-10-26T21:09:00.000Z","end":"2023-10-26T21:10:00.000Z"},"country":"United Kingdom","OPM":7,"total_sales_volume":63.46999940276146,"rate_of_return":0.14285714285714285}
{"window":{"start":"2023-10-24T04:20:00.000Z","end":"2023-10-24T04:21:00.000Z"},"country":"Germany","OPM":1,"total_sales_volume":60.47999906539917,"rate_of_return":0.0}
{"window":{"start":"2023-10-27T08:08:00.000Z","end":"2023-10-27T08:09:00.000Z"},"country":"Cyprus","OPM":1,"total_sales_volume":325.88000240921974,"rate_of_return":0.0}
{"window":{"start":"2023-10-25T21:40:00.000Z","end":"2023-10-25T21:41:00.000Z"},"country":"United Kingdom","OPM":10,"total_sales_volume":382.599992364645,"rate_of_return":0.1}
{"window":{"start":"2023-10-26T08:52:00.000Z","end":"2023-10-26T08:53:00.000Z"},"country":"Germany","OPM":1,"total_sales_volume":17.5,"rate_of_return":0.0}
{"window":{"start":"2023-10-27T01:07:00.000Z","end":"2023-10-27T01:08:00.000Z"},"country":"United Kingdom","OPM":9,"total_sales_volume":285.80999940633774,"rate_of_return":0.1111111111111111}
{"window":{"start":"2023-10-25T03:05:00.000Z","end":"2023-10-25T03:06:00.000Z"},"country":"Sweden","OPM":1,"total_sales_volume":50.40000057220459,"rate_of_return":0.0}
{"window":{"start":"2023-10-28T01:50:00.000Z","end":"2023-10-28T01:51:00.000Z"},"country":"United Kingdom","OPM":3,"total_sales_volume":64.98999869823456,"rate_of_return":0.0}
{"window":{"start":"2023-10-26T19:25:00.000Z","end":"2023-10-26T19:26:00.000Z"},"country":"Switzerland","OPM":1,"total_sales_volume":-2.0799999237060547,"rate_of_return":1.0}
{"window":{"start":"2023-10-25T20:02:00.000Z","end":"2023-10-25T20:03:00.000Z"},"country":"EIRE","OPM":1,"total_sales_volume":10.200000286102295,"rate_of_return":0.0}
{"window":{"start":"2023-10-24T14:22:00.000Z","end":"2023-10-24T14:23:00.000Z"},"country":"United Kingdom","OPM":8,"total_sales_volume":193.80999967455864,"rate_of_return":0.0}
{"window":{"start":"2023-10-25T21:09:00.000Z","end":"2023-10-25T21:10:00.000Z"},"country":"United Kingdom","OPM":13,"total_sales_volume":-44.27999824285507,"rate_of_return":0.15384615384615385}
{"window":{"start":"2023-10-24T00:04:00.000Z","end":"2023-10-24T00:05:00.000Z"},"country":"United Kingdom","OPM":6,"total_sales_volume":244.35999768972397,"rate_of_return":0.0}
{"window":{"start":"2023-10-25T07:57:00.000Z","end":"2023-10-25T07:58:00.000Z"},"country":"Germany","OPM":1,"total_sales_volume":61.98999845981598,"rate_of_return":0.0}
{"window":{"start":"2023-10-26T23:32:00.000Z","end":"2023-10-26T23:33:00.000Z"},"country":"United Kingdom","OPM":5,"total_sales_volume":300.09999692440033,"rate_of_return":0.0}
{"window":{"start":"2023-10-26T00:37:00.000Z","end":"2023-10-26T00:38:00.000Z"},"country":"United Kingdom","OPM":13,"total_sales_volume":291.2399991452694,"rate_of_return":0.07692307692307693}
{"window":{"start":"2023-10-28T02:30:00.000Z","end":"2023-10-28T02:31:00.000Z"},"country":"United Kingdom","OPM":7,"total_sales_volume":402.2499941289425,"rate_of_return":0.14285714285714285}
{"window":{"start":"2023-10-25T09:33:00.000Z","end":"2023-10-25T09:34:00.000Z"},"country":"Germany","OPM":1,"total_sales_volume":0.949999988079071,"rate_of_return":0.0}
{"window":{"start":"2023-10-24T03:48:00.000Z","end":"2023-10-24T03:49:00.000Z"},"country":"United Kingdom","OPM":5,"total_sales_volume":328.8300017118454,"rate_of_return":0.0}
{"window":{"start":"2023-10-28T01:22:00.000Z","end":"2023-10-28T01:23:00.000Z"},"country":"EIRE","OPM":1,"total_sales_volume":7.949999809265137,"rate_of_return":0.0}
{"window":{"start":"2023-10-24T21:50:00.000Z","end":"2023-10-24T21:51:00.000Z"},"country":"Switzerland","OPM":1,"total_sales_volume":-139.34000024199486,"rate_of_return":1.0}
{"window":{"start":"2023-10-27T17:20:00.000Z","end":"2023-10-27T17:21:00.000Z"},"country":"Spain","OPM":1,"total_sales_volume":30.0,"rate_of_return":0.0}
{"window":{"start":"2023-10-23T12:33:00.000Z","end":"2023-10-23T12:34:00.000Z"},"country":"EIRE","OPM":1,"total_sales_volume":70.45000171661377,"rate_of_return":0.0}
{"window":{"start":"2023-10-24T20:20:00.000Z","end":"2023-10-24T20:21:00.000Z"},"country":"France","OPM":1,"total_sales_volume":1.25,"rate_of_return":0.0}
{"window":{"start":"2023-10-25T00:45:00.000Z","end":"2023-10-25T00:46:00.000Z"},"country":"Greece","OPM":1,"total_sales_volume":140.50000309944153,"rate_of_return":0.0}
{"window":{"start":"2023-10-27T13:28:00.000Z","end":"2023-10-27T13:29:00.000Z"},"country":"United Kingdom","OPM":13,"total_sales_volume":910.6799935698509,"rate_of_return":0.0}
{"window":{"start":"2023-10-23T16:58:00.000Z","end":"2023-10-23T16:59:00.000Z"},"country":"France","OPM":1,"total_sales_volume":62.39999771118164,"rate_of_return":0.0}
{"window":{"start":"2023-10-24T23:48:00.000Z","end":"2023-10-24T23:49:00.000Z"},"country":"United Kingdom","OPM":11,"total_sales_volume":710.8599899709225,"rate_of_return":0.0}
{"window":{"start":"2023-10-26T00:41:00.000Z","end":"2023-10-26T00:42:00.000Z"},"country":"United Kingdom","OPM":5,"total_sales_volume":190.66000020503998,"rate_of_return":0.0}
{"window":{"start":"2023-10-26T17:18:00.000Z","end":"2023-10-26T17:19:00.000Z"},"country":"United Kingdom","OPM":16,"total_sales_volume":648.8899939656258,"rate_of_return":0.125}
{"window":{"start":"2023-10-25T23:45:00.000Z","end":"2023-10-25T23:46:00.000Z"},"country":"Germany","OPM":1,"total_sales_volume":16.99999976158142,"rate_of_return":0.0}
{"window":{"start":"2023-10-26T15:51:00.000Z","end":"2023-10-26T15:52:00.000Z"},"country":"France","OPM":1,"total_sales_volume":58.58999955654144,"rate_of_return":0.0}
{"window":{"start":"2023-10-27T17:13:00.000Z","end":"2023-10-27T17:14:00.000Z"},"country":"United Kingdom","OPM":8,"total_sales_volume":389.689999461174,"rate_of_return":0.0}
{"window":{"start":"2023-10-24T16:37:00.000Z","end":"2023-10-24T16:38:00.000Z"},"country":"France","OPM":1,"total_sales_volume":74.99999967217445,"rate_of_return":0.0}
{"window":{"start":"2023-10-23T17:32:00.000Z","end":"2023-10-23T17:33:00.000Z"},"country":"United Kingdom","OPM":6,"total_sales_volume":144.64000083506107,"rate_of_return":0.0}
{"window":{"start":"2023-10-27T12:23:00.000Z","end":"2023-10-27T12:24:00.000Z"},"country":"Germany","OPM":1,"total_sales_volume":40.670000076293945,"rate_of_return":0.0}
{"window":{"start":"2023-10-24T05:28:00.000Z","end":"2023-10-24T05:29:00.000Z"},"country":"United Kingdom","OPM":11,"total_sales_volume":430.0199975669384,"rate_of_return":0.0}
{"window":{"start":"2023-10-28T00:23:00.000Z","end":"2023-10-28T00:24:00.000Z"},"country":"Finland","OPM":1,"total_sales_volume":7.159999847412109,"rate_of_return":0.0}
{"window":{"start":"2023-10-26T08:13:00.000Z","end":"2023-10-26T08:14:00.000Z"},"country":"EIRE","OPM":1,"total_sales_volume":45.02999985218048,"rate_of_return":0.0}
{"window":{"start":"2023-10-24T14:24:00.000Z","end":"2023-10-24T14:25:00.000Z"},"country":"EIRE","OPM":1,"total_sales_volume":86.29999732971191,"rate_of_return":0.0}
{"window":{"start":"2023-10-23T20:32:00.000Z","end":"2023-10-23T20:33:00.000Z"},"country":"United Kingdom","OPM":11,"total_sales_volume":308.249999076128,"rate_of_return":0.09090909090909091}
{"window":{"start":"2023-10-28T05:13:00.000Z","end":"2023-10-28T05:14:00.000Z"},"country":"United Kingdom","OPM":6,"total_sales_volume":127.93000066280365,"rate_of_return":0.16666666666666666}
{"window":{"start":"2023-10-26T15:38:00.000Z","end":"2023-10-26T15:39:00.000Z"},"country":"Switzerland","OPM":1,"total_sales_volume":103.42999911308289,"rate_of_return":0.0}
{"window":{"start":"2023-10-24T12:33:00.000Z","end":"2023-10-24T12:34:00.000Z"},"country":"United Kingdom","OPM":5,"total_sales_volume":1630.69002109766,"rate_of_return":0.0}
