{"window":{"start":"2023-10-26T20:43:00.000Z","end":"2023-10-26T20:44:00.000Z"},"country":"EIRE","OPM":1,"total_sales_volume":91.32000088691711,"rate_of_return":0.0}
{"window":{"start":"2023-10-27T05:52:00.000Z","end":"2023-10-27T05:53:00.000Z"},"country":"Germany","OPM":1,"total_sales_volume":37.6199996471405,"rate_of_return":0.0}
{"window":{"start":"2023-10-23T15:37:00.000Z","end":"2023-10-23T15:38:00.000Z"},"country":"United Kingdom","OPM":3,"total_sales_volume":714.8699892163277,"rate_of_return":0.0}
{"window":{"start":"2023-10-25T21:15:00.000Z","end":"2023-10-25T21:16:00.000Z"},"country":"United Kingdom","OPM":6,"total_sales_volume":280.9600008428097,"rate_of_return":0.0}
{"window":{"start":"2023-10-24T13:09:00.000Z","end":"2023-10-24T13:10:00.000Z"},"country":"United Kingdom","OPM":9,"total_sales_volume":350.07999858260155,"rate_of_return":0.1111111111111111}
{"window":{"start":"2023-10-26T01:51:00.000Z","end":"2023-10-26T01:52:00.000Z"},"country":"Italy","OPM":1,"total_sales_volume":654.090017080307,"rate_of_return":0.0}
{"window":{"start":"2023-10-26T23:20:00.000Z","end":"2023-10-26T23:21:00.000Z"},"country":"EIRE","OPM":1,"total_sales_volume":2.9000000953674316,"rate_of_return":0.0}
{"window":{"start":"2023-10-27T21:47:00.000Z","end":"2023-10-27T21:48:00.000Z"},"country":"United Kingdom","OPM":16,"total_sales_volume":873.9899908900261,"rate_of_return":0.0}
{"window":{"start":"2023-10-25T13:29:00.000Z","end":"2023-10-25T13:30:00.000Z"},"country":"United Kingdom","OPM":11,"total_sales_volume":426.1899964213371,"rate_of_return":0.0}
{"window":{"start":"2023-10-23T22:14:00.000Z","end":"2023-10-23T22:15:00.000Z"},"country":"EIRE","OPM":1,"total_sales_volume":53.28000009059906,"rate_of_return":0.0}
{"window":{"start":"2023-10-24T02:34:00.000Z","end":"2023-10-24T02:35:00.000Z"},"country":"Germany","OPM":1,"total_sales_volume":-56.84999990463257,"rate_of_return":1.0}
{"window":{"start":"2023-10-24T18:50:00.000Z","end":"2023-10-24T18:51:00.000Z"},"country":"United Kingdom","OPM":11,"total_sales_volume":328.96999418735504,"rate_of_return":0.0}
{"window":{"start":"2023-10-27T00:27:00.000Z","end":"2023-10-27T00:28:00.000Z"},"country":"United Kingdom","OPM":5,"total_sales_volume":46.89999979734421,"rate_of_return":0.0}
{"window":{"start":"2023-10-28T05:17:00.000Z","end":"2023-10-28T05:18:00.000Z"},"country":"United Kingdom","OPM":10,"total_sales_volume":359.47999942302704,"rate_of_return":0.0}
{"window":{"start":"2023-10-27T10:51:00.000Z","end":"2023-10-27T10:52:00.000Z"},"country":"EIRE","OPM":1,"total_sales_volume":-69.31999969482422,"rate_of_return":1.0}
{"window":{"start":"2023-10-26T04:25:00.000Z","end":"2023-10-26T04:26:00.000Z"},"country":"United Kingdom","OPM":7,"total_sales_volume":1048.1000023186207,"rate_of_return":0.0}
{"window":{"start":"2023-10-27T18:22:00.000Z","end":"2023-10-27T18:23:00.000Z"},"country":"United Kingdom","OPM":11,"total_sales_volume":424.7500067651272,"rate_of_return":0.09090909090909091}
{"window":{"start":"2023-10-25T16:22:00.000Z","end":"2023-10-25T16:23:00.000Z"},"country":"Germany","OPM":1,"total_sales_volume":15.419999986886978,"rate_of_return":0.0}
{"window":{"start":"2023-10-25T09:48:00.000Z","end":"2023-10-25T09:49:00.000Z"},"country":"Germany","OPM":1,"total_sales_volume":8.730000019073486,"rate_of_return":0.0}
{"window":{"start":"2023-10-26T03:11:00.000Z","end":"2023-10-26T03:12:00.000Z"},"country":"EIRE","OPM":2,"total_sales_volume":238.30000138282776,"rate_of_return":0.0}
{"window":{"start":"2023-10-26T05:12:00.000Z","end":"2023-10-26T05:13:00.000Z"},"country":"Austria","OPM":1,"total_sales_volume":30.24999964237213,"rate_of_return":0.0}
{"window":{"start":"2023-10-27T08:25:00.000Z","end":"2023-10-27T08:26:00.000Z"},"country":"United Kingdom","OPM":9,"total_sales_volume":510.36999464035034,"rate_of_return":0.0}
{"window":{"start":"2023-10-26T23:47:00.000Z","end":"2023-10-26T23:48:00.000Z"},"country":"United Kingdom","OPM":10,"total_sales_volume":573.0899976491928,"rate_of_return":0.1}
{"window":{"start":"2023-10-26T21:55:00.000Z","end":"2023-10-26T21:56:00.000Z"},"country":"United Kingdom","OPM":9,"total_sales_volume":246.5999993979931,"rate_of_return":0.1111111111111111}
{"window":{"start":"2023-10-27T17:36:00.000Z","end":"2023-10-27T17:37:00.000Z"},"country":"France","OPM":2,"total_sales_volume":23.999999821186066,"rate_of_return":0.5}
{"window":{"start":"2023-10-26T12:11:00.000Z","end":"2023-10-26T12:12:00.000Z"},"country":"Unspecified","OPM":1,"total_sales_volume":13.200000286102295,"rate_of_return":0.0}
{"window":{"start":"2023-10-26T13:48:00.000Z","end":"2023-10-26T13:49:00.000Z"},"country":"Switzerland","OPM":1,"total_sales_volume":45.03999936580658,"rate_of_return":0.0}
{"window":{"start":"2023-10-28T04:50:00.000Z","end":"2023-10-28T04:51:00.000Z"},"country":"United Kingdom","OPM":10,"total_sales_volume":661.1899827122688,"rate_of_return":0.0}
{"window":{"start":"2023-10-24T09:44:00.000Z","end":"2023-10-24T09:45:00.000Z"},"country":"United Kingdom","OPM":6,"total_sales_volume":483.1500023007393,"rate_of_return":0.0}
{"window":{"start":"2023-10-25T04:29:00.000Z","end":"2023-10-25T04:30:00.000Z"},"country":"United Kingdom","OPM":13,"total_sales_volume":915.7099826037884,"rate_of_return":0.0}
{"window":{"start":"2023-10-27T10:55:00.000Z","end":"2023-10-27T10:56:00.000Z"},"country":"United Kingdom","OPM":7,"total_sales_volume":1108.6699930727482,"rate_of_return":0.0}
{"window":{"start":"2023-10-25T14:39:00.000Z","end":"2023-10-25T14:40:00.000Z"},"country":"United Kingdom","OPM":11,"total_sales_volume":449.35999378561974,"rate_of_return":0.0}
{"window":{"start":"2023-10-27T15:04:00.000Z","end":"2023-10-27T15:05:00.000Z"},"country":"Australia","OPM":1,"total_sales_volume":55.200000286102295,"rate_of_return":0.0}
{"window":{"start":"2023-10-27T23:56:00.000Z","end":"2023-10-27T23:57:00.000Z"},"country":"United Kingdom","OPM":13,"total_sales_volume":705.4399897456169,"rate_of_return":0.0}
{"window":{"start":"2023-10-27T22:23:00.000Z","end":"2023-10-27T22:24:00.000Z"},"country":"United Kingdom","OPM":9,"total_sales_volume":1033.200006365776,"rate_of_return":0.0}
{"window":{"start":"2023-10-24T15:10:00.000Z","end":"2023-10-24T15:11:00.000Z"},"country":"France","OPM":2,"total_sales_volume":50.23999971151352,"rate_of_return":0.0}
{"window":{"start":"2023-10-23T20:11:00.000Z","end":"2023-10-23T20:12:00.000Z"},"country":"United Kingdom","OPM":11,"total_sales_volume":1216.699971228838,"rate_of_return":0.0}
{"window":{"start":"2023-10-27T08:57:00.000Z","end":"2023-10-27T08:58:00.000Z"},"country":"United Kingdom","OPM":8,"total_sales_volume":911.9799960255623,"rate_of_return":0.0}
{"window":{"start":"2023-10-27T15:00:00.000Z","end":"2023-10-27T15:01:00.000Z"},"country":"France","OPM":1,"total_sales_volume":79.5999984741211,"rate_of_return":0.0}
{"window":{"start":"2023-10-24T10:33:00.000Z","end":"2023-10-24T10:34:00.000Z"},"country":"Germany","OPM":1,"total_sales_volume":31.450000047683716,"rate_of_return":0.0}
{"window":{"start":"2023-10-27T18:19:00.000Z","end":"2023-10-27T18:20:00.000Z"},"country":"United Kingdom","OPM":5,"total_sales_volume":61.849999755620956,"rate_of_return":0.0}
{"window":{"start":"2023-10-24T13:21:00.000Z","end":"2023-10-24T13:22:00.000Z"},"country":"United Kingdom","OPM":3,"total_sales_volume":38.46000039577484,"rate_of_return":0.0}
{"window":{"start":"2023-10-25T11:34:00.000Z","end":"2023-10-25T11:35:00.000Z"},"country":"EIRE","OPM":1,"total_sales_volume":4.25,"rate_of_return":0.0}
{"window":{"start":"2023-10-27T06:24:00.000Z","end":"2023-10-27T06:25:00.000Z"},"country":"France","OPM":1,"total_sales_volume":11.46999979019165,"rate_of_return":0.0}
{"window":{"start":"2023-10-25T23:25:00.000Z","end":"2023-10-25T23:26:00.000Z"},"country":"United Kingdom","OPM":5,"total_sales_volume":227.4400008916855,"rate_of_return":0.0}
{"window":{"start":"2023-10-24T20:51:00.000Z","end":"2023-10-24T20:52:00.000Z"},"country":"United Kingdom","OPM":4,"total_sales_volume":58.14000105857849,"rate_of_return":0.0}
{"window":{"start":"2023-10-28T02:03:00.000Z","end":"2023-10-28T02:04:00.000Z"},"country":"European Community","OPM":1,"total_sales_volume":53.85999912023544,"rate_of_return":0.0}
{"window":{"start":"2023-10-24T13:14:00.000Z","end":"2023-10-24T13:15:00.000Z"},"country":"United Kingdom","OPM":7,"total_sales_volume":214.71999734640121,"rate_of_return":0.14285714285714285}
{"window":{"start":"2023-10-24T04:39:00.000Z","end":"2023-10-24T04:40:00.000Z"},"country":"United Kingdom","OPM":15,"total_sales_volume":583.2400035560131,"rate_of_return":0.13333333333333333}
{"window":{"start":"2023-10-27T13:40:00.000Z","end":"2023-10-27T13:41:00.000Z"},"country":"United Kingdom","OPM":12,"total_sales_volume":1007.920003414154,"rate_of_return":0.0}
{"window":{"start":"2023-10-26T15:32:00.000Z","end":"2023-10-26T15:33:00.000Z"},"country":"United Kingdom","OPM":14,"total_sales_volume":603.8599875569344,"rate_of_return":0.0}
{"window":{"start":"2023-10-27T15:02:00.000Z","end":"2023-10-27T15:03:00.000Z"},"country":"United Kingdom","OPM":5,"total_sales_volume":964.2600066959858,"rate_of_return":0.0}
{"window":{"start":"2023-10-27T11:15:00.000Z","end":"2023-10-27T11:16:00.000Z"},"country":"Netherlands","OPM":1,"total_sales_volume":26.940000236034393,"rate_of_return":0.0}
{"window":{"start":"2023-10-25T05:11:00.000Z","end":"2023-10-25T05:12:00.000Z"},"country":"United Kingdom","OPM":17,"total_sales_volume":1120.7799979448318,"rate_of_return":0.058823529411764705}
{"window":{"start":"2023-10-28T01:24:00.000Z","end":"2023-10-28T01:25:00.000Z"},"country":"Iceland","OPM":1,"total_sales_volume":40.67999982833862,"rate_of_return":0.0}
{"window":{"start":"2023-10-24T07:38:00.000Z","end":"2023-10-24T07:39:00.000Z"},"country":"United Kingdom","OPM":11,"total_sales_volume":104.7199991196394,"rate_of_return":0.09090909090909091}
{"window":{"start":"2023-10-25T02:04:00.000Z","end":"2023-10-25T02:05:00.000Z"},"country":"Cyprus","OPM":1,"total_sales_volume":42.179999589920044,"rate_of_return":0.0}
{"window":{"start":"2023-10-27T07:11:00.000Z","end":"2023-10-27T07:12:00.000Z"},"country":"Cyprus","OPM":1,"total_sales_volume":16.49999976158142,"rate_of_return":0.0}
{"window":{"start":"2023-10-26T16:22:00.000Z","end":"2023-10-26T16:23:00.000Z"},"country":"United Kingdom","OPM":7,"total_sales_volume":182.27999764680862,"rate_of_return":0.0}
{"window":{"start":"2023-10-26T10:01:00.000Z","end":"2023-10-26T10:02:00.000Z"},"country":"United Kingdom","OPM":14,"total_sales_volume":1057.3799946308136,"rate_of_return":0.0}
{"window":{"start":"2023-10-25T12:43:00.000Z","end":"2023-10-25T12:44:00.000Z"},"country":"United Kingdom","OPM":6,"total_sales_volume":219.27999514341354,"rate_of_return":0.0}
{"window":{"start":"2023-10-28T01:07:00.000Z","end":"2023-10-28T01:08:00.000Z"},"country":"United Kingdom","OPM":9,"total_sales_volume":647.3599914610386,"rate_of_return":0.1111111111111111}
{"window":{"start":"2023-10-26T22:13:00.000Z","end":"2023-10-26T22:14:00.000Z"},"country":"United Kingdom","OPM":12,"total_sales_volume":1124.4699966013432,"rate_of_return":0.0}
{"window":{"start":"2023-10-24T08:58:00.000Z","end":"2023-10-24T08:59:00.000Z"},"country":"United Kingdom","OPM":6,"total_sales_volume":641.5599904470146,"rate_of_return":0.0}
{"window":{"start":"2023-10-27T22:06:00.000Z","end":"2023-10-27T22:07:00.000Z"},"country":"United Kingdom","OPM":12,"total_sales_volume":309.69999980926514,"rate_of_return":0.08333333333333333}
