{"window":{"start":"2023-10-26T16:07:00.000Z","end":"2023-10-26T16:08:00.000Z"},"country":"Portugal","OPM":1,"total_sales_volume":15.600000381469727,"rate_of_return":0.0}
{"window":{"start":"2023-10-26T06:13:00.000Z","end":"2023-10-26T06:14:00.000Z"},"country":"United Kingdom","OPM":16,"total_sales_volume":656.5199982225895,"rate_of_return":0.0625}
{"window":{"start":"2023-10-25T22:07:00.000Z","end":"2023-10-25T22:08:00.000Z"},"country":"Germany","OPM":2,"total_sales_volume":26.550000190734863,"rate_of_return":0.0}
{"window":{"start":"2023-10-25T06:15:00.000Z","end":"2023-10-25T06:16:00.000Z"},"country":"EIRE","OPM":1,"total_sales_volume":8.190000176429749,"rate_of_return":0.0}
{"window":{"start":"2023-10-27T19:19:00.000Z","end":"2023-10-27T19:20:00.000Z"},"country":"Germany","OPM":1,"total_sales_volume":385.84999656677246,"rate_of_return":0.0}
{"window":{"start":"2023-10-27T15:35:00.000Z","end":"2023-10-27T15:36:00.000Z"},"country":"Germany","OPM":1,"total_sales_volume":16.579999923706055,"rate_of_return":0.0}
{"window":{"start":"2023-10-24T10:44:00.000Z","end":"2023-10-24T10:45:00.000Z"},"country":"Germany","OPM":1,"total_sales_volume":22.200000047683716,"rate_of_return":0.0}
{"window":{"start":"2023-10-25T07:05:00.000Z","end":"2023-10-25T07:06:00.000Z"},"country":"Germany","OPM":1,"total_sales_volume":-2.0799999237060547,"rate_of_return":1.0}
{"window":{"start":"2023-10-27T18:00:00.000Z","end":"2023-10-27T18:01:00.000Z"},"country":"United Kingdom","OPM":7,"total_sales_volume":24.719999313354492,"rate_of_return":0.2857142857142857}
{"window":{"start":"2023-10-27T10:03:00.000Z","end":"2023-10-27T10:04:00.000Z"},"country":"Belgium","OPM":1,"total_sales_volume":-98.84999871253967,"rate_of_return":1.0}
{"window":{"start":"2023-10-24T01:46:00.000Z","end":"2023-10-24T01:47:00.000Z"},"country":"United Kingdom","OPM":10,"total_sales_volume":555.5500199794769,"rate_of_return":0.1}
{"window":{"start":"2023-10-28T00:01:00.000Z","end":"2023-10-28T00:02:00.000Z"},"country":"France","OPM":1,"total_sales_volume":6.25,"rate_of_return":0.0}
{"window":{"start":"2023-10-27T22:36:00.000Z","end":"2023-10-27T22:37:00.000Z"},"country":"United Kingdom","OPM":5,"total_sales_volume":433.27999436855316,"rate_of_return":0.0}
{"window":{"start":"2023-10-25T16:17:00.000Z","end":"2023-10-25T16:18:00.000Z"},"country":"Germany","OPM":1,"total_sales_volume":19.170000076293945,"rate_of_return":0.0}
{"window":{"start":"2023-10-24T19:46:00.000Z","end":"2023-10-24T19:47:00.000Z"},"country":"United Kingdom","OPM":12,"total_sales_volume":1418.3499937355518,"rate_of_return":0.08333333333333333}
{"window":{"start":"2023-10-26T23:41:00.000Z","end":"2023-10-26T23:42:00.000Z"},"country":"EIRE","OPM":1,"total_sales_volume":19.649999618530273,"rate_of_return":0.0}
{"window":{"start":"2023-10-28T03:57:00.000Z","end":"2023-10-28T03:58:00.000Z"},"country":"United Kingdom","OPM":10,"total_sales_volume":951.1699922978878,"rate_of_return":0.0}
{"window":{"start":"2023-10-28T01:44:00.000Z","end":"2023-10-28T01:45:00.000Z"},"country":"United Kingdom","OPM":6,"total_sales_volume":674.2099963724613,"rate_of_return":0.0}
{"window":{"start":"2023-10-26T17:33:00.000Z","end":"2023-10-26T17:34:00.000Z"},"country":"United Kingdom","OPM":15,"total_sales_volume":1028.8700051605701,"rate_of_return":0.06666666666666667}
{"window":{"start":"2023-10-26T02:04:00.000Z","end":"2023-10-26T02:05:00.000Z"},"country":"United Kingdom","OPM":7,"total_sales_volume":434.10000121593475,"rate_of_return":0.0}
{"window":{"start":"2023-10-23T14:13:00.000Z","end":"2023-10-23T14:14:00.000Z"},"country":"Hong Kong","OPM":1,"total_sales_volume":5.1000001430511475,"rate_of_return":0.0}
{"window":{"start":"2023-10-26T05:46:00.000Z","end":"2023-10-26T05:47:00.000Z"},"country":"United Kingdom","OPM":9,"total_sales_volume":-131.00000989437103,"rate_of_return":0.1111111111111111}
{"window":{"start":"2023-10-26T06:08:00.000Z","end":"2023-10-26T06:09:00.000Z"},"country":"United Kingdom","OPM":6,"total_sales_volume":299.70999974012375,"rate_of_return":0.0}
{"window":{"start":"2023-10-25T05:36:00.000Z","end":"2023-10-25T05:37:00.000Z"},"country":"United Kingdom","OPM":5,"total_sales_volume":167.59999924898148,"rate_of_return":0.0}
{"window":{"start":"2023-10-26T12:20:00.000Z","end":"2023-10-26T12:21:00.000Z"},"country":"Germany","OPM":1,"total_sales_volume":15.660000085830688,"rate_of_return":0.0}
{"window":{"start":"2023-10-25T02:57:00.000Z","end":"2023-10-25T02:58:00.000Z"},"country":"EIRE","OPM":1,"total_sales_volume":0.38999998569488525,"rate_of_return":0.0}
{"window":{"start":"2023-10-24T11:23:00.000Z","end":"2023-10-24T11:24:00.000Z"},"country":"Norway","OPM":1,"total_sales_volume":192.88000082969666,"rate_of_return":0.0}
{"window":{"start":"2023-10-27T05:30:00.000Z","end":"2023-10-27T05:31:00.000Z"},"country":"France","OPM":1,"total_sales_volume":4.949999928474426,"rate_of_return":0.0}
{"window":{"start":"2023-10-26T17:57:00.000Z","end":"2023-10-26T17:58:00.000Z"},"country":"Belgium","OPM":1,"total_sales_volume":69.6799988746643,"rate_of_return":0.0}
{"window":{"start":"2023-10-26T10:59:00.000Z","end":"2023-10-26T11:00:00.000Z"},"country":"United Kingdom","OPM":7,"total_sales_volume":1285.1499873697758,"rate_of_return":0.0}
{"window":{"start":"2023-10-27T15:29:00.000Z","end":"2023-10-27T15:30:00.000Z"},"country":"Switzerland","OPM":1,"total_sales_volume":135.30999970436096,"rate_of_return":0.0}
{"window":{"start":"2023-10-27T17:28:00.000Z","end":"2023-10-27T17:29:00.000Z"},"country":"United Kingdom","OPM":6,"total_sales_volume":671.239998281002,"rate_of_return":0.0}
{"window":{"start":"2023-10-27T17:04:00.000Z","end":"2023-10-27T17:05:00.000Z"},"country":"Finland","OPM":1,"total_sales_volume":145.04999959468842,"rate_of_return":0.0}
{"window":{"start":"2023-10-24T23:04:00.000Z","end":"2023-10-24T23:05:00.000Z"},"country":"Germany","OPM":1,"total_sales_volume":140.12000197172165,"rate_of_return":0.0}
{"window":{"start":"2023-10-24T15:44:00.000Z","end":"2023-10-24T15:45:00.000Z"},"country":"United Kingdom","OPM":9,"total_sales_volume":249.9600004851818,"rate_of_return":0.0}
{"window":{"start":"2023-10-23T14:39:00.000Z","end":"2023-10-23T14:40:00.000Z"},"country":"Germany","OPM":1,"total_sales_volume":53.700000524520874,"rate_of_return":0.0}
{"window":{"start":"2023-10-24T17:33:00.000Z","end":"2023-10-24T17:34:00.000Z"},"country":"United Kingdom","OPM":8,"total_sales_volume":393.16999527812004,"rate_of_return":0.125}
{"window":{"start":"2023-10-24T19:07:00.000Z","end":"2023-10-24T19:08:00.000Z"},"country":"United Kingdom","OPM":3,"total_sales_volume":128.510000705719,"rate_of_return":0.0}
{"window":{"start":"2023-10-27T13:40:00.000Z","end":"2023-10-27T13:41:00.000Z"},"country":"Germany","OPM":2,"total_sales_volume":20.220000088214874,"rate_of_return":0.0}
{"window":{"start":"2023-10-26T18:21:00.000Z","end":"2023-10-26T18:22:00.000Z"},"country":"United Kingdom","OPM":9,"total_sales_volume":424.3399961590767,"rate_of_return":0.1111111111111111}
{"window":{"start":"2023-10-24T19:33:00.000Z","end":"2023-10-24T19:34:00.000Z"},"country":"United Kingdom","OPM":9,"total_sales_volume":457.60000091791153,"rate_of_return":0.0}
{"window":{"start":"2023-10-26T13:39:00.000Z","end":"2023-10-26T13:40:00.000Z"},"country":"United Kingdom","OPM":9,"total_sales_volume":390.0999966263771,"rate_of_return":0.0}
{"window":{"start":"2023-10-25T06:11:00.000Z","end":"2023-10-25T06:12:00.000Z"},"country":"United Kingdom","OPM":10,"total_sales_volume":558.5699949264526,"rate_of_return":0.0}
{"window":{"start":"2023-10-27T01:50:00.000Z","end":"2023-10-27T01:51:00.000Z"},"country":"EIRE","OPM":1,"total_sales_volume":97.08999890089035,"rate_of_return":0.0}
{"window":{"start":"2023-10-26T17:00:00.000Z","end":"2023-10-26T17:01:00.000Z"},"country":"France","OPM":1,"total_sales_volume":1.4500000476837158,"rate_of_return":0.0}
{"window":{"start":"2023-10-27T16:28:00.000Z","end":"2023-10-27T16:29:00.000Z"},"country":"Germany","OPM":1,"total_sales_volume":4.949999928474426,"rate_of_return":0.0}
